date,market_hour,segment,segment_count,is_actual,score,probability,is_predicted,hit_at_2,hit_segment_2plus2,month,load_history_last_month,model_version,input_mode,forecast_status,generated_at_utc,as_of_date,forecast_issued_at,weather_issued_at,fact_available
2026-01-12,8,1.0,1,False,0.4616081859563756,0.0440857757898644,False,1.0,1.0,2026-01,2025-11,E-PERM-025,,,,,,,True
2026-01-12,9,1.0,1,False,0.4679032703730603,0.0445870258955382,False,1.0,1.0,2026-01,2025-11,E-PERM-025,,,,,,,True
2026-01-12,10,1.0,1,False,0.5443914161932792,0.0511525687075319,False,1.0,1.0,2026-01,2025-11,E-PERM-025,,,,,,,True
2026-01-12,11,1.0,1,False,0.4396571239607994,0.0423815834724459,False,1.0,1.0,2026-01,2025-11,E-PERM-025,,,,,,,True
2026-01-12,12,1.0,1,False,0.7768916514952617,0.0776626359275864,False,1.0,1.0,2026-01,2025-11,E-PERM-025,,,,,,,True
2026-01-12,13,1.0,1,False,0.472022975293595,0.0449181412735999,False,1.0,1.0,2026-01,2025-11,E-PERM-025,,,,,,,True
2026-01-12,14,1.0,1,False,-0.1536160598387232,0.0146028673651393,False,1.0,1.0,2026-01,2025-11,E-PERM-025,,,,,,,True
2026-01-12,15,1.0,1,False,-0.3169615333702012,0.0108901168139526,False,1.0,1.0,2026-01,2025-11,E-PERM-025,,,,,,,True
2026-01-12,16,1.0,1,False,0.6927938693773671,0.0667756074758038,False,1.0,1.0,2026-01,2025-11,E-PERM-025,,,,,,,True
2026-01-12,17,1.0,1,True,1.7444732894150534,0.4414717294963962,True,1.0,1.0,2026-01,2025-11,E-PERM-025,,,,,,,True
2026-01-12,18,1.0,1,False,1.0423479998098355,0.125101291738775,True,1.0,1.0,2026-01,2025-11,E-PERM-025,,,,,,,True
2026-01-12,19,1.0,1,False,0.3024094433204249,0.0331228148658135,False,1.0,1.0,2026-01,2025-11,E-PERM-025,,,,,,,True
2026-01-12,20,1.0,1,False,-0.995307202395906,0.0032206162175948,False,1.0,1.0,2026-01,2025-11,E-PERM-025,,,,,,,True
2026-01-12,21,1.0,1,False,-3.6530439264601,2.722495995757401e-05,False,1.0,1.0,2026-01,2025-11,E-PERM-025,,,,,,,True
2026-01-13,8,1.0,1,False,0.1722981523958663,0.02901239738459,False,1.0,1.0,2026-01,2025-11,E-PERM-025,,,,,,,True
2026-01-13,9,1.0,1,False,0.2279652014727115,0.0320628850346414,False,1.0,1.0,2026-01,2025-11,E-PERM-025,,,,,,,True
2026-01-13,10,1.0,1,False,0.279743533458219,0.035187504761957,False,1.0,1.0,2026-01,2025-11,E-PERM-025,,,,,,,True
2026-01-13,11,1.0,1,False,0.1233743985112583,0.0265720002327408,False,1.0,1.0,2026-01,2025-11,E-PERM-025,,,,,,,True
2026-01-13,12,1.0,1,False,0.5471270436867298,0.0568776021308368,False,1.0,1.0,2026-01,2025-11,E-PERM-025,,,,,,,True
2026-01-13,13,1.0,1,False,0.3171624480653021,0.0376334764258355,False,1.0,1.0,2026-01,2025-11,E-PERM-025,,,,,,,True
2026-01-13,14,1.0,1,False,-0.276303014663369,0.0129623972605536,False,1.0,1.0,2026-01,2025-11,E-PERM-025,,,,,,,True
2026-01-13,15,1.0,1,False,-0.4250352508903784,0.009923793165838,False,1.0,1.0,2026-01,2025-11,E-PERM-025,,,,,,,True
2026-01-13,16,1.0,1,False,0.5973747638984624,0.0622491335952523,False,1.0,1.0,2026-01,2025-11,E-PERM-025,,,,,,,True
2026-01-13,17,1.0,1,False,1.722535326456913,0.4696041357485079,True,1.0,1.0,2026-01,2025-11,E-PERM-025,,,,,,,True
2026-01-13,18,1.0,1,True,1.1162616600659094,0.158071220324187,True,1.0,1.0,2026-01,2025-11,E-PERM-025,,,,,,,True
2026-01-13,19,1.0,1,False,0.596510083582426,0.0621525398907493,False,1.0,1.0,2026-01,2025-11,E-PERM-025,,,,,,,True
2026-01-13,20,1.0,1,False,-0.5728055426762728,0.0076106258997277,False,1.0,1.0,2026-01,2025-11,E-PERM-025,,,,,,,True
2026-01-13,21,1.0,1,False,-3.1072016349691243,8.028814458207709e-05,False,1.0,1.0,2026-01,2025-11,E-PERM-025,,,,,,,True
2026-01-14,8,1.0,1,False,0.3725904599667879,0.0505083182287266,False,1.0,1.0,2026-01,2025-11,E-PERM-025,,,,,,,True
2026-01-14,9,1.0,1,False,0.3119027965079939,0.0452926746128125,False,1.0,1.0,2026-01,2025-11,E-PERM-025,,,,,,,True
2026-01-14,10,1.0,1,False,0.3174934534498096,0.0457497312658676,False,1.0,1.0,2026-01,2025-11,E-PERM-025,,,,,,,True
2026-01-14,11,1.0,1,False,0.1812374911902547,0.0358188899371866,False,1.0,1.0,2026-01,2025-11,E-PERM-025,,,,,,,True
2026-01-14,12,1.0,1,False,0.4920577369682423,0.0625957079903131,False,1.0,1.0,2026-01,2025-11,E-PERM-025,,,,,,,True
2026-01-14,13,1.0,1,False,0.2340942912598621,0.0393857550181135,False,1.0,1.0,2026-01,2025-11,E-PERM-025,,,,,,,True
2026-01-14,14,1.0,1,False,-0.3990725243431754,0.0126323470496278,False,1.0,1.0,2026-01,2025-11,E-PERM-025,,,,,,,True
2026-01-14,15,1.0,1,False,-0.5499233786151586,0.0096343840302453,False,1.0,1.0,2026-01,2025-11,E-PERM-025,,,,,,,True
2026-01-14,16,1.0,1,False,0.468519958943006,0.0600047521547217,False,1.0,1.0,2026-01,2025-11,E-PERM-025,,,,,,,True
2026-01-14,17,1.0,1,True,1.579030094629488,0.4409174245891942,True,1.0,1.0,2026-01,2025-11,E-PERM-025,,,,,,,True
2026-01-14,18,1.0,1,False,0.9359273702552524,0.1389160294804961,True,1.0,1.0,2026-01,2025-11,E-PERM-025,,,,,,,True
2026-01-14,19,1.0,1,False,0.3614447105219054,0.049507328008694,False,1.0,1.0,2026-01,2025-11,E-PERM-025,,,,,,,True
2026-01-14,20,1.0,1,False,-0.5911530414618791,0.0089467601054143,False,1.0,1.0,2026-01,2025-11,E-PERM-025,,,,,,,True
2026-01-14,21,1.0,1,False,-3.152664170814587,8.989752858608609e-05,False,1.0,1.0,2026-01,2025-11,E-PERM-025,,,,,,,True
2026-01-15,8,1.0,1,False,0.3857189327237774,0.0520643283524777,False,1.0,1.0,2026-01,2025-11,E-PERM-025,,,,,,,True
2026-01-15,9,1.0,1,False,0.3478426177010095,0.0486404563832449,False,1.0,1.0,2026-01,2025-11,E-PERM-025,,,,,,,True
2026-01-15,10,1.0,1,False,0.3996209496865173,0.0533806077887255,False,1.0,1.0,2026-01,2025-11,E-PERM-025,,,,,,,True
2026-01-15,11,1.0,1,False,0.1882741883894718,0.0365206117675346,False,1.0,1.0,2026-01,2025-11,E-PERM-025,,,,,,,True
2026-01-15,12,1.0,1,False,0.4314169323881326,0.0565175891597146,False,1.0,1.0,2026-01,2025-11,E-PERM-025,,,,,,,True
2026-01-15,13,1.0,1,False,0.0636131304603608,0.0291947909581446,False,1.0,1.0,2026-01,2025-11,E-PERM-025,,,,,,,True
2026-01-15,14,1.0,1,False,-0.6172980665665102,0.008594304880007,False,1.0,1.0,2026-01,2025-11,E-PERM-025,,,,,,,True
2026-01-15,15,1.0,1,False,-0.6855791614155953,0.0076024420529244,False,1.0,1.0,2026-01,2025-11,E-PERM-025,,,,,,,True
2026-01-15,16,1.0,1,False,0.5236620174931252,0.0667010408013918,False,1.0,1.0,2026-01,2025-11,E-PERM-025,,,,,,,True
2026-01-15,17,1.0,1,True,1.5895562630119078,0.4523815542374993,True,1.0,1.0,2026-01,2025-11,E-PERM-025,,,,,,,True
2026-01-15,18,1.0,1,False,0.9058590811991716,0.1325065273171389,True,1.0,1.0,2026-01,2025-11,E-PERM-025,,,,,,,True
2026-01-15,19,1.0,1,False,0.3330839628168364,0.0473681299763457,False,1.0,1.0,2026-01,2025-11,E-PERM-025,,,,,,,True
2026-01-15,20,1.0,1,False,-0.6290150905934419,0.008415341695599,False,1.0,1.0,2026-01,2025-11,E-PERM-025,,,,,,,True
2026-01-15,21,1.0,1,False,-3.0326651275100023,0.0001122746292513,False,1.0,1.0,2026-01,2025-11,E-PERM-025,,,,,,,True
2026-01-16,8,1.0,1,False,0.8462545957270834,0.1020506780941475,False,0.0,0.0,2026-01,2025-11,E-PERM-025,,,,,,,True
2026-01-16,9,1.0,1,False,0.8208156485311268,0.0974931534974864,False,0.0,0.0,2026-01,2025-11,E-PERM-025,,,,,,,True
2026-01-16,10,1.0,1,False,0.8049605137098,0.0947561678184132,False,0.0,0.0,2026-01,2025-11,E-PERM-025,,,,,,,True
2026-01-16,11,1.0,1,False,0.4690397668012398,0.0518319154359274,False,0.0,0.0,2026-01,2025-11,E-PERM-025,,,,,,,True
2026-01-16,12,1.0,1,True,0.5117484266487023,0.0559640327395529,False,0.0,0.0,2026-01,2025-11,E-PERM-025,,,,,,,True
2026-01-16,13,1.0,1,False,0.0683689422494137,0.0252396600217321,False,0.0,0.0,2026-01,2025-11,E-PERM-025,,,,,,,True
2026-01-16,14,1.0,1,False,-0.7002745940456452,0.0063468719900428,False,0.0,0.0,2026-01,2025-11,E-PERM-025,,,,,,,True
2026-01-16,15,1.0,1,False,-0.7514988908052793,0.0057890326679318,False,0.0,0.0,2026-01,2025-11,E-PERM-025,,,,,,,True
2026-01-16,16,1.0,1,False,0.4767772606655381,0.052557212152259,False,0.0,0.0,2026-01,2025-11,E-PERM-025,,,,,,,True
2026-01-16,17,1.0,1,False,1.5428901098556798,0.3565948804087869,True,0.0,0.0,2026-01,2025-11,E-PERM-025,,,,,,,True
2026-01-16,18,1.0,1,False,0.8887541919223012,0.1101449458394415,True,0.0,0.0,2026-01,2025-11,E-PERM-025,,,,,,,True
2026-01-16,19,1.0,1,False,0.290932576684643,0.0376424486456101,False,0.0,0.0,2026-01,2025-11,E-PERM-025,,,,,,,True
2026-01-16,20,1.0,1,False,-1.0237954903901083,0.0035499407043045,False,0.0,0.0,2026-01,2025-11,E-PERM-025,,,,,,,True
2026-01-16,21,1.0,1,False,-3.534755077591242,3.90599843632207e-05,False,0.0,0.0,2026-01,2025-11,E-PERM-025,,,,,,,True
2026-01-19,8,1.0,1,False,0.2662714832688422,0.0351339174359913,False,1.0,1.0,2026-01,2025-11,E-PERM-025,,,,,,,True
2026-01-19,9,1.0,1,False,0.3052195199505907,0.0376794992875031,False,1.0,1.0,2026-01,2025-11,E-PERM-025,,,,,,,True
2026-01-19,10,1.0,1,False,0.3593109086639713,0.0415236121220361,False,1.0,1.0,2026-01,2025-11,E-PERM-025,,,,,,,True
2026-01-19,11,1.0,1,False,0.2217721827546805,0.0324353191413803,False,1.0,1.0,2026-01,2025-11,E-PERM-025,,,,,,,True
2026-01-19,12,1.0,1,False,0.5747135076629953,0.0611369900555434,False,1.0,1.0,2026-01,2025-11,E-PERM-025,,,,,,,True
2026-01-19,13,1.0,1,False,0.3099040504992928,0.03799784316409,False,1.0,1.0,2026-01,2025-11,E-PERM-025,,,,,,,True
2026-01-19,14,1.0,1,False,-0.2543341212046096,0.0137932475181759,False,1.0,1.0,2026-01,2025-11,E-PERM-025,,,,,,,True
2026-01-19,15,1.0,1,False,-0.397441186106569,0.0106671009937865,False,1.0,1.0,2026-01,2025-11,E-PERM-025,,,,,,,True
2026-01-19,16,1.0,1,False,0.578457223778637,0.0615494339654165,False,1.0,1.0,2026-01,2025-11,E-PERM-025,,,,,,,True
2026-01-19,17,1.0,1,True,1.713091574833391,0.4722935297737354,True,1.0,1.0,2026-01,2025-11,E-PERM-025,,,,,,,True
2026-01-19,18,1.0,1,False,1.0529490475910823,0.1443166545657941,True,1.0,1.0,2026-01,2025-11,E-PERM-025,,,,,,,True
2026-01-19,19,1.0,1,False,0.4262974138573813,0.0468320332900956,False,1.0,1.0,2026-01,2025-11,E-PERM-025,,,,,,,True
2026-01-19,20,1.0,1,False,-0.8656640513183592,0.0046009091391009,False,1.0,1.0,2026-01,2025-11,E-PERM-025,,,,,,,True
2026-01-19,21,1.0,1,False,-3.5090351198323093,3.990954735032637e-05,False,1.0,1.0,2026-01,2025-11,E-PERM-025,,,,,,,True
2026-01-20,8,1.0,1,False,0.1975150219481593,0.0271651912682777,False,1.0,1.0,2026-01,2025-11,E-PERM-025,,,,,,,True
2026-01-20,9,1.0,1,False,0.2451261439688255,0.0295902282545148,False,1.0,1.0,2026-01,2025-11,E-PERM-025,,,,,,,True
2026-01-20,10,1.0,1,False,0.3169073091729569,0.033661690669891,False,1.0,1.0,2026-01,2025-11,E-PERM-025,,,,,,,True
2026-01-20,11,1.0,1,False,0.1466654008693244,0.024794266596916,False,1.0,1.0,2026-01,2025-11,E-PERM-025,,,,,,,True
2026-01-20,12,1.0,1,False,0.5662695910797829,0.0526784031075885,False,1.0,1.0,2026-01,2025-11,E-PERM-025,,,,,,,True
2026-01-20,13,1.0,1,False,0.3894464498130002,0.0383455293256365,False,1.0,1.0,2026-01,2025-11,E-PERM-025,,,,,,,True
2026-01-20,14,1.0,1,False,-0.194447976950336,0.0134366469871756,False,1.0,1.0,2026-01,2025-11,E-PERM-025,,,,,,,True
2026-01-20,15,1.0,1,False,-0.3395011380889729,0.0103550661035999,False,1.0,1.0,2026-01,2025-11,E-PERM-025,,,,,,,True
2026-01-20,16,1.0,1,False,0.6903922890750397,0.0658332608779688,False,1.0,1.0,2026-01,2025-11,E-PERM-025,,,,,,,True
2026-01-20,17,1.0,1,True,1.809427821464685,0.4912093112775898,True,1.0,1.0,2026-01,2025-11,E-PERM-025,,,,,,,True
2026-01-20,18,1.0,1,False,1.1497352697151515,0.1502180146110042,True,1.0,1.0,2026-01,2025-11,E-PERM-025,,,,,,,True
2026-01-20,19,1.0,1,False,0.607789286116716,0.0567566796280616,False,1.0,1.0,2026-01,2025-11,E-PERM-025,,,,,,,True
2026-01-20,20,1.0,1,False,-0.6526745442792842,0.005900448618375,False,1.0,1.0,2026-01,2025-11,E-PERM-025,,,,,,,True
2026-01-20,21,1.0,1,False,-3.2533344287865567,5.526267340002742e-05,False,1.0,1.0,2026-01,2025-11,E-PERM-025,,,,,,,True
2026-01-21,8,1.0,1,False,0.2490758228661103,0.0360747858814556,False,1.0,1.0,2026-01,2025-11,E-PERM-025,,,,,,,True
2026-01-21,9,1.0,1,False,0.2515242947775478,0.036233769077404,False,1.0,1.0,2026-01,2025-11,E-PERM-025,,,,,,,True
2026-01-21,10,1.0,1,False,0.3505226440211373,0.0432842484213659,False,1.0,1.0,2026-01,2025-11,E-PERM-025,,,,,,,True
2026-01-21,11,1.0,1,False,0.1874608959261579,0.0322957651069103,False,1.0,1.0,2026-01,2025-11,E-PERM-025,,,,,,,True
2026-01-21,12,1.0,1,False,0.5546540337232785,0.0624521698680104,False,1.0,1.0,2026-01,2025-11,E-PERM-025,,,,,,,True
2026-01-21,13,1.0,1,False,0.2575445789584034,0.0366276614482401,False,1.0,1.0,2026-01,2025-11,E-PERM-025,,,,,,,True
2026-01-21,14,1.0,1,False,-0.3596505316908457,0.0120895912175858,False,1.0,1.0,2026-01,2025-11,E-PERM-025,,,,,,,True
2026-01-21,15,1.0,1,False,-0.4989999063893884,0.0094128774200408,False,1.0,1.0,2026-01,2025-11,E-PERM-025,,,,,,,True
2026-01-21,16,1.0,1,False,0.5242296204372744,0.0591312704750345,False,1.0,1.0,2026-01,2025-11,E-PERM-025,,,,,,,True
2026-01-21,17,1.0,1,True,1.671869044822222,0.464460507262417,True,1.0,1.0,2026-01,2025-11,E-PERM-025,,,,,,,True
2026-01-21,18,1.0,1,False,1.01648503297295,0.1431412410891595,True,1.0,1.0,2026-01,2025-11,E-PERM-025,,,,,,,True
2026-01-21,19,1.0,1,False,0.5012860802840252,0.0567442410917879,False,1.0,1.0,2026-01,2025-11,E-PERM-025,,,,,,,True
2026-01-21,20,1.0,1,False,-0.591840470212441,0.0079672594722947,False,1.0,1.0,2026-01,2025-11,E-PERM-025,,,,,,,True
2026-01-21,21,1.0,1,False,-3.122527711035188,8.461216829265871e-05,False,1.0,1.0,2026-01,2025-11,E-PERM-025,,,,,,,True
2026-01-22,8,1.0,1,False,0.3558448091291026,0.0448542779770313,False,1.0,1.0,2026-01,2025-11,E-PERM-025,,,,,,,True
2026-01-22,9,1.0,1,False,0.2676433090131566,0.0382832490053294,False,1.0,1.0,2026-01,2025-11,E-PERM-025,,,,,,,True
2026-01-22,10,1.0,1,False,0.2940541114178344,0.0401428856965018,False,1.0,1.0,2026-01,2025-11,E-PERM-025,,,,,,,True
2026-01-22,11,1.0,1,False,0.1691852171135957,0.0320784819054751,False,1.0,1.0,2026-01,2025-11,E-PERM-025,,,,,,,True
2026-01-22,12,1.0,1,False,0.425395957981843,0.0508220430520835,False,1.0,1.0,2026-01,2025-11,E-PERM-025,,,,,,,True
2026-01-22,13,1.0,1,False,0.0890520644296605,0.0277786953803731,False,1.0,1.0,2026-01,2025-11,E-PERM-025,,,,,,,True
2026-01-22,14,1.0,1,False,-0.6165227811527086,0.0078231231969736,False,1.0,1.0,2026-01,2025-11,E-PERM-025,,,,,,,True
2026-01-22,15,1.0,1,False,-0.7682194115156721,0.005957449766552,False,1.0,1.0,2026-01,2025-11,E-PERM-025,,,,,,,True
2026-01-22,16,1.0,1,False,0.3540222690818193,0.0447077004180645,False,1.0,1.0,2026-01,2025-11,E-PERM-025,,,,,,,True
2026-01-22,17,1.0,1,True,1.6417128534876435,0.4515964334030561,True,1.0,1.0,2026-01,2025-11,E-PERM-025,,,,,,,True
2026-01-22,18,1.0,1,False,1.0978220352972914,0.1700311691702255,True,1.0,1.0,2026-01,2025-11,E-PERM-025,,,,,,,True
2026-01-22,19,1.0,1,False,0.6510993583648544,0.0762246482243414,False,1.0,1.0,2026-01,2025-11,E-PERM-025,,,,,,,True
2026-01-22,20,1.0,1,False,-0.503168104756286,0.0095894595933434,False,1.0,1.0,2026-01,2025-11,E-PERM-025,,,,,,,True
2026-01-22,21,1.0,1,False,-2.989001387911591,0.0001103832106485,False,1.0,1.0,2026-01,2025-11,E-PERM-025,,,,,,,True
2026-01-23,8,1.0,1,False,0.8157189653031168,0.1186119274808745,False,0.0,0.0,2026-01,2025-11,E-PERM-025,,,,,,,True
2026-01-23,9,1.0,1,False,0.6350419597301283,0.0857441651848885,False,0.0,0.0,2026-01,2025-11,E-PERM-025,,,,,,,True
2026-01-23,10,1.0,1,False,0.5428602697894331,0.0726616140138852,False,0.0,0.0,2026-01,2025-11,E-PERM-025,,,,,,,True
2026-01-23,11,1.0,1,False,0.1965725326202688,0.039012951110083,False,0.0,0.0,2026-01,2025-11,E-PERM-025,,,,,,,True
2026-01-23,12,1.0,1,False,0.3194719788003282,0.0486482768595272,False,0.0,0.0,2026-01,2025-11,E-PERM-025,,,,,,,True
2026-01-23,13,1.0,1,True,0.048785293709534,0.0299183925299557,False,0.0,0.0,2026-01,2025-11,E-PERM-025,,,,,,,True
2026-01-23,14,1.0,1,False,-0.7675791825827165,0.006905470762727,False,0.0,0.0,2026-01,2025-11,E-PERM-025,,,,,,,True
2026-01-23,15,1.0,1,False,-0.9364054638238924,0.0050993261283305,False,0.0,0.0,2026-01,2025-11,E-PERM-025,,,,,,,True
2026-01-23,16,1.0,1,False,0.1698057654988189,0.0371818811902125,False,0.0,0.0,2026-01,2025-11,E-PERM-025,,,,,,,True
2026-01-23,17,1.0,1,False,1.4332330603579535,0.3595627874608912,True,0.0,0.0,2026-01,2025-11,E-PERM-025,,,,,,,True
2026-01-23,18,1.0,1,False,0.9022379125785354,0.1385514559982915,True,0.0,0.0,2026-01,2025-11,E-PERM-025,,,,,,,True
2026-01-23,19,1.0,1,False,0.3565054577363324,0.051993936428803,False,0.0,0.0,2026-01,2025-11,E-PERM-025,,,,,,,True
2026-01-23,20,1.0,1,False,-0.8432581082485409,0.0060278928028713,False,0.0,0.0,2026-01,2025-11,E-PERM-025,,,,,,,True
2026-01-23,21,1.0,1,False,-3.250381055214849,7.992204865818477e-05,False,0.0,0.0,2026-01,2025-11,E-PERM-025,,,,,,,True
2026-01-26,8,1.0,1,False,0.27690518428326,0.0374527545552735,False,1.0,1.0,2026-01,2025-11,E-PERM-025,,,,,,,True
2026-01-26,9,1.0,1,False,0.3120527192051553,0.0398931205756114,False,1.0,1.0,2026-01,2025-11,E-PERM-025,,,,,,,True
2026-01-26,10,1.0,1,False,0.3661441079185359,0.0439630700100282,False,1.0,1.0,2026-01,2025-11,E-PERM-025,,,,,,,True
2026-01-26,11,1.0,1,False,0.250420300001503,0.0357129874969846,False,1.0,1.0,2026-01,2025-11,E-PERM-025,,,,,,,True
2026-01-26,12,1.0,1,False,0.5693527756349037,0.0633265695157658,False,1.0,1.0,2026-01,2025-11,E-PERM-025,,,,,,,True
2026-01-26,13,1.0,1,False,0.3086724794844902,0.0396516717854008,False,1.0,1.0,2026-01,2025-11,E-PERM-025,,,,,,,True
2026-01-26,14,1.0,1,False,-0.2456474498467284,0.0146522756614278,False,1.0,1.0,2026-01,2025-11,E-PERM-025,,,,,,,True
2026-01-26,15,1.0,1,False,-0.392214513817597,0.0112612406828334,False,1.0,1.0,2026-01,2025-11,E-PERM-025,,,,,,,True
2026-01-26,16,1.0,1,False,0.6125909367175051,0.0684401108666094,False,1.0,1.0,2026-01,2025-11,E-PERM-025,,,,,,,True
2026-01-26,17,1.0,1,True,1.681011276856161,0.4662869661547964,True,1.0,1.0,2026-01,2025-11,E-PERM-025,,,,,,,True
2026-01-26,18,1.0,1,False,0.9879367303287234,0.1342986161229276,True,1.0,1.0,2026-01,2025-11,E-PERM-025,,,,,,,True
2026-01-26,19,1.0,1,False,0.3143465329367468,0.0400578033348957,False,1.0,1.0,2026-01,2025-11,E-PERM-025,,,,,,,True
2026-01-26,20,1.0,1,False,-0.8498549069169341,0.0049503689510242,False,1.0,1.0,2026-01,2025-11,E-PERM-025,,,,,,,True
2026-01-26,21,1.0,1,False,-3.38190533122584,5.244428642061551e-05,False,1.0,1.0,2026-01,2025-11,E-PERM-025,,,,,,,True
2026-01-27,8,1.0,1,False,0.560148227594021,0.0907424055549484,False,1.0,1.0,2026-01,2025-11,E-PERM-025,,,,,,,True
2026-01-27,9,1.0,1,False,0.5876037463162799,0.0953289792407662,False,1.0,1.0,2026-01,2025-11,E-PERM-025,,,,,,,True
2026-01-27,10,1.0,1,False,0.5997010853287928,0.0974227940380574,False,1.0,1.0,2026-01,2025-11,E-PERM-025,,,,,,,True
2026-01-27,11,1.0,1,False,0.4180454901422702,0.0703029448312406,False,1.0,1.0,2026-01,2025-11,E-PERM-025,,,,,,,True
2026-01-27,12,1.0,1,False,0.6348469913996684,0.1037704154514638,True,1.0,1.0,2026-01,2025-11,E-PERM-025,,,,,,,True
2026-01-27,13,1.0,1,False,0.3584609550371406,0.0631682710569942,False,1.0,1.0,2026-01,2025-11,E-PERM-025,,,,,,,True
2026-01-27,14,1.0,1,False,-0.3888002816422113,0.0165064209427353,False,1.0,1.0,2026-01,2025-11,E-PERM-025,,,,,,,True
2026-01-27,15,1.0,1,False,-0.7617764527213642,0.0084477359856225,False,1.0,1.0,2026-01,2025-11,E-PERM-025,,,,,,,True
2026-01-27,16,1.0,1,False,0.175134667608987,0.045447377329322,False,1.0,1.0,2026-01,2025-11,E-PERM-025,,,,,,,True
2026-01-27,17,1.0,1,True,1.2062540179474923,0.2895726287962469,True,1.0,1.0,2026-01,2025-11,E-PERM-025,,,,,,,True
2026-01-27,18,1.0,1,False,0.5160772041661694,0.0838370393646668,False,1.0,1.0,2026-01,2025-11,E-PERM-025,,,,,,,True
2026-01-27,19,1.0,1,False,-0.0162211875821291,0.0322296648330112,False,1.0,1.0,2026-01,2025-11,E-PERM-025,,,,,,,True
2026-01-27,20,1.0,1,False,-1.304797011685469,0.0031856433454033,False,1.0,1.0,2026-01,2025-11,E-PERM-025,,,,,,,True
2026-01-27,21,1.0,1,False,-3.7755067932551833,3.767922952067108e-05,False,1.0,1.0,2026-01,2025-11,E-PERM-025,,,,,,,True
2026-01-28,8,1.0,1,True,0.2366390327338562,0.0361505391960575,False,0.0,0.0,2026-01,2025-11,E-PERM-025,,,,,,,True
2026-01-28,9,1.0,1,False,0.2325487586449551,0.0358859512114688,False,0.0,0.0,2026-01,2025-11,E-PERM-025,,,,,,,True
2026-01-28,10,1.0,1,False,0.2790404759056388,0.0390109836613011,False,0.0,0.0,2026-01,2025-11,E-PERM-025,,,,,,,True
2026-01-28,11,1.0,1,False,0.1409291380717965,0.0304413092661361,False,0.0,0.0,2026-01,2025-11,E-PERM-025,,,,,,,True
2026-01-28,12,1.0,1,False,0.5399431792942078,0.0623282356389338,False,0.0,0.0,2026-01,2025-11,E-PERM-025,,,,,,,True
2026-01-28,13,1.0,1,False,0.3099785836727797,0.0412399274706769,False,0.0,0.0,2026-01,2025-11,E-PERM-025,,,,,,,True
2026-01-28,14,1.0,1,False,-0.2399357782389181,0.0153602296593795,False,0.0,0.0,2026-01,2025-11,E-PERM-025,,,,,,,True
2026-01-28,15,1.0,1,False,-0.403281251770396,0.0114549212217806,False,0.0,0.0,2026-01,2025-11,E-PERM-025,,,,,,,True
2026-01-28,16,1.0,1,False,0.5672320383787295,0.0654590197263778,False,0.0,0.0,2026-01,2025-11,E-PERM-025,,,,,,,True
2026-01-28,17,1.0,1,False,1.6660481401664935,0.4709990633334809,True,0.0,0.0,2026-01,2025-11,E-PERM-025,,,,,,,True
2026-01-28,18,1.0,1,False,0.9754985184829748,0.1362723315465706,True,0.0,0.0,2026-01,2025-11,E-PERM-025,,,,,,,True
2026-01-28,19,1.0,1,False,0.4048991241124335,0.0489050454908345,False,0.0,0.0,2026-01,2025-11,E-PERM-025,,,,,,,True
2026-01-28,20,1.0,1,False,-0.7240624916025361,0.0064385835230807,False,0.0,0.0,2026-01,2025-11,E-PERM-025,,,,,,,True
2026-01-28,21,1.0,1,False,-3.387645402864153,5.38590539206577e-05,False,0.0,0.0,2026-01,2025-11,E-PERM-025,,,,,,,True
2026-01-29,8,1.0,1,False,0.3768581570118671,0.0482918784244478,False,1.0,1.0,2026-01,2025-11,E-PERM-025,,,,,,,True
2026-01-29,9,1.0,1,False,0.3473427767395455,0.0457986630965861,False,1.0,1.0,2026-01,2025-11,E-PERM-025,,,,,,,True
2026-01-29,10,1.0,1,False,0.2983346703619889,0.0419399238888101,False,1.0,1.0,2026-01,2025-11,E-PERM-025,,,,,,,True
2026-01-29,11,1.0,1,False,0.1554415540767592,0.0324469881453744,False,1.0,1.0,2026-01,2025-11,E-PERM-025,,,,,,,True
2026-01-29,12,1.0,1,False,0.5674413404852874,0.0680024359212131,False,1.0,1.0,2026-01,2025-11,E-PERM-025,,,,,,,True
2026-01-29,13,1.0,1,False,0.3111127417293393,0.0429135290868293,False,1.0,1.0,2026-01,2025-11,E-PERM-025,,,,,,,True
2026-01-29,14,1.0,1,False,-0.2837813102120911,0.0147431727418376,False,1.0,1.0,2026-01,2025-11,E-PERM-025,,,,,,,True
2026-01-29,15,1.0,1,False,-0.4613173099534115,0.0107180820469509,False,1.0,1.0,2026-01,2025-11,E-PERM-025,,,,,,,True
2026-01-29,16,1.0,1,False,0.5283260092702405,0.0633892243361756,False,1.0,1.0,2026-01,2025-11,E-PERM-025,,,,,,,True
2026-01-29,17,1.0,1,True,1.619026011313527,0.4495061293615875,True,1.0,1.0,2026-01,2025-11,E-PERM-025,,,,,,,True
2026-01-29,18,1.0,1,False,0.9353288295007908,0.1316642901363798,True,1.0,1.0,2026-01,2025-11,E-PERM-025,,,,,,,True
2026-01-29,19,1.0,1,False,0.3439072580815015,0.0455169525544507,False,1.0,1.0,2026-01,2025-11,E-PERM-025,,,,,,,True
2026-01-29,20,1.0,1,False,-0.8835845488314124,0.0050206347490812,False,1.0,1.0,2026-01,2025-11,E-PERM-025,,,,,,,True
2026-01-29,21,1.0,1,False,-3.4716811656233286,4.80955102754247e-05,False,1.0,1.0,2026-01,2025-11,E-PERM-025,,,,,,,True
2026-01-30,8,1.0,1,False,0.3859147234277586,0.0499030274509904,False,1.0,1.0,2026-01,2025-11,E-PERM-025,,,,,,,True
2026-01-30,9,1.0,1,False,0.4291860287084516,0.0539358450293756,False,1.0,1.0,2026-01,2025-11,E-PERM-025,,,,,,,True
2026-01-30,10,1.0,1,False,0.4247457492397219,0.0535074401617077,False,1.0,1.0,2026-01,2025-11,E-PERM-025,,,,,,,True
2026-01-30,11,1.0,1,False,0.1969266297401425,0.0355402644194548,False,1.0,1.0,2026-01,2025-11,E-PERM-025,,,,,,,True
2026-01-30,12,1.0,1,False,0.447548307748136,0.0557441927000938,False,1.0,1.0,2026-01,2025-11,E-PERM-025,,,,,,,True
2026-01-30,13,1.0,1,False,0.2124470511415121,0.0365448527140353,False,1.0,1.0,2026-01,2025-11,E-PERM-025,,,,,,,True
2026-01-30,14,1.0,1,False,-0.5876275675018592,0.0086853426003862,False,1.0,1.0,2026-01,2025-11,E-PERM-025,,,,,,,True
2026-01-30,15,1.0,1,False,-0.7772344424167743,0.0061787138212511,False,1.0,1.0,2026-01,2025-11,E-PERM-025,,,,,,,True
2026-01-30,16,1.0,1,False,0.284222593916775,0.0415728157064533,False,1.0,1.0,2026-01,2025-11,E-PERM-025,,,,,,,True
2026-01-30,17,1.0,1,True,1.6132072806723785,0.4522577663867361,True,1.0,1.0,2026-01,2025-11,E-PERM-025,,,,,,,True
2026-01-30,18,1.0,1,False,0.9790419246693997,0.1447945011405906,True,1.0,1.0,2026-01,2025-11,E-PERM-025,,,,,,,True
2026-01-30,19,1.0,1,False,0.4424690732857025,0.0552380002476146,False,1.0,1.0,2026-01,2025-11,E-PERM-025,,,,,,,True
2026-01-30,20,1.0,1,False,-0.7917748583643252,0.0060194512325384,False,1.0,1.0,2026-01,2025-11,E-PERM-025,,,,,,,True
2026-01-30,21,1.0,1,False,-3.213198723652924,7.77863887715806e-05,False,1.0,1.0,2026-01,2025-11,E-PERM-025,,,,,,,True
2026-02-02,8,1.0,2,False,0.394232706516968,0.0887302446308583,False,0.0,1.0,2026-02,2025-12,E-PERM-025,,,,,,,True
2026-02-02,9,1.0,2,False,0.4692993448342301,0.1015364276655859,False,0.0,1.0,2026-02,2025-12,E-PERM-025,,,,,,,True
2026-02-02,10,1.0,2,False,0.4937929558403673,0.1061026708833744,True,0.0,1.0,2026-02,2025-12,E-PERM-025,,,,,,,True
2026-02-02,11,1.0,2,False,0.433909344000743,0.0952836788825327,False,0.0,1.0,2026-02,2025-12,E-PERM-025,,,,,,,True
2026-02-02,12,1.0,2,True,0.604453150137148,0.1294311017967708,True,0.0,1.0,2026-02,2025-12,E-PERM-025,,,,,,,True
2026-02-02,13,1.0,2,False,0.1067290828017779,0.0529450860765704,False,0.0,1.0,2026-02,2025-12,E-PERM-025,,,,,,,True
2026-02-02,17,2.0,2,False,0.6415667475742935,0.1383522975155189,True,0.0,1.0,2026-02,2025-12,E-PERM-025,,,,,,,True
2026-02-02,18,2.0,2,False,0.8609725960486198,0.2051718352324843,True,0.0,1.0,2026-02,2025-12,E-PERM-025,,,,,,,True
2026-02-02,19,2.0,2,False,0.2634135705565345,0.0701513204031298,False,0.0,1.0,2026-02,2025-12,E-PERM-025,,,,,,,True
2026-02-02,20,2.0,2,False,-0.7094762200391134,0.0122237608670896,False,0.0,1.0,2026-02,2025-12,E-PERM-025,,,,,,,True
2026-02-02,21,2.0,2,False,-3.5716619896515165,7.157604608453181e-05,False,0.0,1.0,2026-02,2025-12,E-PERM-025,,,,,,,True
2026-02-03,8,1.0,2,False,0.4125633384447733,0.1026870934292714,False,0.0,1.0,2026-02,2025-12,E-PERM-025,,,,,,,True
2026-02-03,9,1.0,2,False,0.5515567636880387,0.1318036515888369,True,0.0,1.0,2026-02,2025-12,E-PERM-025,,,,,,,True
2026-02-03,10,1.0,2,True,0.4296994387339517,0.1058965018052745,True,0.0,1.0,2026-02,2025-12,E-PERM-025,,,,,,,True
2026-02-03,11,1.0,2,False,0.2578379479690943,0.077773871758634,False,0.0,1.0,2026-02,2025-12,E-PERM-025,,,,,,,True
2026-02-03,12,1.0,2,False,0.4160775943746563,0.1033372494617535,False,0.0,1.0,2026-02,2025-12,E-PERM-025,,,,,,,True
2026-02-03,13,1.0,2,False,-0.1337963949763377,0.038491798500723,False,0.0,1.0,2026-02,2025-12,E-PERM-025,,,,,,,True
2026-02-03,17,2.0,2,False,0.6126336853619785,0.1470841907691267,True,0.0,1.0,2026-02,2025-12,E-PERM-025,,,,,,,True
2026-02-03,18,2.0,2,False,0.8094721875605271,0.2094572354851635,True,0.0,1.0,2026-02,2025-12,E-PERM-025,,,,,,,True
2026-02-03,19,2.0,2,False,0.2090942718894829,0.0712549117044285,False,0.0,1.0,2026-02,2025-12,E-PERM-025,,,,,,,True
2026-02-03,20,2.0,2,False,-0.7765695369975466,0.0121344576364445,False,0.0,1.0,2026-02,2025-12,E-PERM-025,,,,,,,True
2026-02-03,21,2.0,2,False,-3.5794561397764504,7.903786034304992e-05,False,0.0,1.0,2026-02,2025-12,E-PERM-025,,,,,,,True
2026-02-04,8,1.0,2,False,-0.1643740417418336,0.0246369237828362,False,1.0,1.0,2026-02,2025-12,E-PERM-025,,,,,,,True
2026-02-04,9,1.0,2,False,-0.0251061897530613,0.0316382247987151,False,1.0,1.0,2026-02,2025-12,E-PERM-025,,,,,,,True
2026-02-04,10,1.0,2,False,0.0201939280490817,0.0343198299228958,False,1.0,1.0,2026-02,2025-12,E-PERM-025,,,,,,,True
2026-02-04,11,1.0,2,False,0.026562730319759,0.0347146380895677,False,1.0,1.0,2026-02,2025-12,E-PERM-025,,,,,,,True
2026-02-04,12,1.0,2,False,0.5061921115186656,0.0821508770981705,True,1.0,1.0,2026-02,2025-12,E-PERM-025,,,,,,,True
2026-02-04,13,1.0,2,False,0.1324026670717776,0.0419822090621728,True,1.0,1.0,2026-02,2025-12,E-PERM-025,,,,,,,True
2026-02-04,17,2.0,2,False,0.9474099122445364,0.1814477736660113,True,1.0,1.0,2026-02,2025-12,E-PERM-025,,,,,,,True
2026-02-04,18,2.0,2,True,1.332451347047902,0.362305433807243,True,1.0,1.0,2026-02,2025-12,E-PERM-025,,,,,,,True
2026-02-04,19,2.0,2,False,0.9305403510348506,0.1760328764049759,False,1.0,1.0,2026-02,2025-12,E-PERM-025,,,,,,,True
2026-02-04,20,2.0,2,False,-0.0447113658720839,0.0305436218526676,False,1.0,1.0,2026-02,2025-12,E-PERM-025,,,,,,,True
2026-02-04,21,2.0,2,False,-2.772697327372532,0.0002275915147437,False,1.0,1.0,2026-02,2025-12,E-PERM-025,,,,,,,True
2026-02-05,8,1.0,2,False,0.541797308840862,0.1175510582636374,False,0.0,1.0,2026-02,2025-12,E-PERM-025,,,,,,,True
2026-02-05,9,1.0,2,True,0.6458072666624276,0.1416941264262073,True,0.0,1.0,2026-02,2025-12,E-PERM-025,,,,,,,True
2026-02-05,10,1.0,2,False,0.6168825970097517,0.1345213727361363,False,0.0,1.0,2026-02,2025-12,E-PERM-025,,,,,,,True
2026-02-05,11,1.0,2,False,0.4651176894897811,0.102427896853239,False,0.0,1.0,2026-02,2025-12,E-PERM-025,,,,,,,True
2026-02-05,12,1.0,2,False,0.6513436715929565,0.1431100431979916,True,0.0,1.0,2026-02,2025-12,E-PERM-025,,,,,,,True
2026-02-05,13,1.0,2,False,0.0772121501559987,0.0510341772905614,False,0.0,1.0,2026-02,2025-12,E-PERM-025,,,,,,,True
2026-02-05,17,2.0,2,False,0.4575771571770821,0.1010501165523861,True,0.0,1.0,2026-02,2025-12,E-PERM-025,,,,,,,True
2026-02-05,18,2.0,2,False,0.6604962910519098,0.1454818916212413,True,0.0,1.0,2026-02,2025-12,E-PERM-025,,,,,,,True
2026-02-05,19,2.0,2,False,0.1192450376687356,0.0550358622761,False,0.0,1.0,2026-02,2025-12,E-PERM-025,,,,,,,True
2026-02-05,20,2.0,2,False,-0.9518996758701846,0.0080385599829026,False,0.0,1.0,2026-02,2025-12,E-PERM-025,,,,,,,True
2026-02-05,21,2.0,2,False,-3.728454527963101,5.489479959649268e-05,False,0.0,1.0,2026-02,2025-12,E-PERM-025,,,,,,,True
2026-02-06,8,1.0,2,False,0.525414304543164,0.1175983086235761,False,1.0,1.0,2026-02,2025-12,E-PERM-025,,,,,,,True
2026-02-06,9,1.0,2,True,0.6021635438780152,0.134978210221896,True,1.0,1.0,2026-02,2025-12,E-PERM-025,,,,,,,True
2026-02-06,10,1.0,2,False,0.5703472555534468,0.1274816610363631,True,1.0,1.0,2026-02,2025-12,E-PERM-025,,,,,,,True
2026-02-06,11,1.0,2,False,0.4005750513353703,0.0939786957230061,False,1.0,1.0,2026-02,2025-12,E-PERM-025,,,,,,,True
2026-02-06,12,1.0,2,False,0.4137889488481439,0.0962356403926482,False,1.0,1.0,2026-02,2025-12,E-PERM-025,,,,,,,True
2026-02-06,13,1.0,2,False,-0.1331652079914994,0.0360350099926205,False,1.0,1.0,2026-02,2025-12,E-PERM-025,,,,,,,True
2026-02-06,17,2.0,2,False,0.5403375336198677,0.1207927422736423,True,1.0,1.0,2026-02,2025-12,E-PERM-025,,,,,,,True
2026-02-06,18,2.0,2,False,0.8005492334936616,0.1927524054591421,True,1.0,1.0,2026-02,2025-12,E-PERM-025,,,,,,,True
2026-02-06,19,2.0,2,False,0.2121656835713281,0.0669999636262297,False,1.0,1.0,2026-02,2025-12,E-PERM-025,,,,,,,True
2026-02-06,20,2.0,2,False,-0.6993259403089221,0.0130356496234264,False,1.0,1.0,2026-02,2025-12,E-PERM-025,,,,,,,True
2026-02-06,21,2.0,2,False,-3.349443370986955,0.0001117130274491,False,1.0,1.0,2026-02,2025-12,E-PERM-025,,,,,,,True
2026-02-09,8,1.0,2,False,0.2728273204410065,0.0627650674691879,False,0.0,1.0,2026-02,2025-12,E-PERM-025,,,,,,,True
2026-02-09,9,1.0,2,False,0.4064989985861456,0.0797955632165771,False,0.0,1.0,2026-02,2025-12,E-PERM-025,,,,,,,True
2026-02-09,10,1.0,2,True,0.4409054891087623,0.0848818805014749,True,0.0,1.0,2026-02,2025-12,E-PERM-025,,,,,,,True
2026-02-09,11,1.0,2,False,0.3533152480741237,0.0725264930545926,False,0.0,1.0,2026-02,2025-12,E-PERM-025,,,,,,,True
2026-02-09,12,1.0,2,False,0.5136310901693082,0.096725111635411,True,0.0,1.0,2026-02,2025-12,E-PERM-025,,,,,,,True
2026-02-09,13,1.0,2,False,0.0507522368016176,0.0421215837570917,False,0.0,1.0,2026-02,2025-12,E-PERM-025,,,,,,,True
2026-02-09,17,2.0,2,False,0.8100549588726994,0.1647186748373287,True,0.0,1.0,2026-02,2025-12,E-PERM-025,,,,,,,True
2026-02-09,18,2.0,2,False,1.0936389468818408,0.2741142649225045,True,0.0,1.0,2026-02,2025-12,E-PERM-025,,,,,,,True
2026-02-09,19,2.0,2,False,0.5683509679623134,0.1067135208145485,False,0.0,1.0,2026-02,2025-12,E-PERM-025,,,,,,,True
2026-02-09,20,2.0,2,False,-0.503990676644962,0.015553149715772,False,0.0,1.0,2026-02,2025-12,E-PERM-025,,,,,,,True
2026-02-09,21,2.0,2,False,-3.406624713916964,8.469007551075954e-05,False,0.0,1.0,2026-02,2025-12,E-PERM-025,,,,,,,True
2026-02-10,8,1.0,2,False,0.205227621642315,0.0666152609431068,False,1.0,1.0,2026-02,2025-12,E-PERM-025,,,,,,,True
2026-02-10,9,1.0,2,False,0.2942948796558774,0.0781707153251278,False,1.0,1.0,2026-02,2025-12,E-PERM-025,,,,,,,True
2026-02-10,10,1.0,2,False,0.2965516123601358,0.0784881846109224,True,1.0,1.0,2026-02,2025-12,E-PERM-025,,,,,,,True
2026-02-10,11,1.0,2,False,0.2254218402572051,0.0690756127139299,False,1.0,1.0,2026-02,2025-12,E-PERM-025,,,,,,,True
2026-02-10,12,1.0,2,False,0.4018816716702214,0.0948329448430991,True,1.0,1.0,2026-02,2025-12,E-PERM-025,,,,,,,True
2026-02-10,13,1.0,2,False,-0.1059686084028398,0.0380932512541631,False,1.0,1.0,2026-02,2025-12,E-PERM-025,,,,,,,True
2026-02-10,17,2.0,2,False,0.6576927351887064,0.150136335126923,True,1.0,1.0,2026-02,2025-12,E-PERM-025,,,,,,,True
2026-02-10,18,2.0,2,True,0.9758161732816985,0.2658364697045601,True,1.0,1.0,2026-02,2025-12,E-PERM-025,,,,,,,True
2026-02-10,19,2.0,2,False,0.5491678483031651,0.1235489241121954,False,1.0,1.0,2026-02,2025-12,E-PERM-025,,,,,,,True
2026-02-10,20,2.0,2,False,-0.1542004932750375,0.0349323910211992,False,1.0,1.0,2026-02,2025-12,E-PERM-025,,,,,,,True
2026-02-10,21,2.0,2,False,-2.8619862454363574,0.0002699103447726,False,1.0,1.0,2026-02,2025-12,E-PERM-025,,,,,,,True
2026-02-11,8,1.0,2,False,0.4555509022813256,0.1115256666070801,False,1.0,1.0,2026-02,2025-12,E-PERM-025,,,,,,,True
2026-02-11,9,1.0,2,False,0.5005560748908227,0.1209143364644358,True,1.0,1.0,2026-02,2025-12,E-PERM-025,,,,,,,True
2026-02-11,10,1.0,2,False,0.4719954886399621,0.1148685703328391,False,1.0,1.0,2026-02,2025-12,E-PERM-025,,,,,,,True
2026-02-11,11,1.0,2,False,0.4233564691279927,0.105260137277641,False,1.0,1.0,2026-02,2025-12,E-PERM-025,,,,,,,True
2026-02-11,12,1.0,2,True,0.5796349086959425,0.1393661860802671,True,1.0,1.0,2026-02,2025-12,E-PERM-025,,,,,,,True
2026-02-11,13,1.0,2,False,0.0542313530054646,0.0542444212727554,False,1.0,1.0,2026-02,2025-12,E-PERM-025,,,,,,,True
2026-02-11,17,2.0,2,False,0.4462968973771378,0.1096874456675786,True,1.0,1.0,2026-02,2025-12,E-PERM-025,,,,,,,True
2026-02-11,18,2.0,2,False,0.6686992031706627,0.1635405509158935,True,1.0,1.0,2026-02,2025-12,E-PERM-025,,,,,,,True
2026-02-11,19,2.0,2,False,0.1795235690653968,0.0679328824550191,False,1.0,1.0,2026-02,2025-12,E-PERM-025,,,,,,,True
2026-02-11,20,2.0,2,False,-0.7594854292080582,0.0125798439501011,False,1.0,1.0,2026-02,2025-12,E-PERM-025,,,,,,,True
2026-02-11,21,2.0,2,False,-3.575991462108908,7.995897638869117e-05,False,1.0,1.0,2026-02,2025-12,E-PERM-025,,,,,,,True
2026-02-12,8,1.0,2,False,0.2956607551168413,0.0845850319046758,False,1.0,1.0,2026-02,2025-12,E-PERM-025,,,,,,,True
2026-02-12,9,1.0,2,False,0.3279302861264262,0.0896319794760237,True,1.0,1.0,2026-02,2025-12,E-PERM-025,,,,,,,True
2026-02-12,10,1.0,2,False,0.3165790559407945,0.0878232079888246,False,1.0,1.0,2026-02,2025-12,E-PERM-025,,,,,,,True
2026-02-12,11,1.0,2,False,0.191448363480042,0.0701471965604941,False,1.0,1.0,2026-02,2025-12,E-PERM-025,,,,,,,True
2026-02-12,12,1.0,2,False,0.4084100418279831,0.1035703137505993,True,1.0,1.0,2026-02,2025-12,E-PERM-025,,,,,,,True
2026-02-12,13,1.0,2,False,-0.096945495152865,0.0417897657516632,False,1.0,1.0,2026-02,2025-12,E-PERM-025,,,,,,,True
2026-02-12,17,2.0,2,True,0.5777781008758435,0.1403907093312525,True,1.0,1.0,2026-02,2025-12,E-PERM-025,,,,,,,True
2026-02-12,18,2.0,2,False,0.8856677823472142,0.2440534947390137,True,1.0,1.0,2026-02,2025-12,E-PERM-025,,,,,,,True
2026-02-12,19,2.0,2,False,0.4701987203049368,0.1157254820013363,False,1.0,1.0,2026-02,2025-12,E-PERM-025,,,,,,,True
2026-02-12,20,2.0,2,False,-0.4510485173569976,0.0221247291316446,False,1.0,1.0,2026-02,2025-12,E-PERM-025,,,,,,,True
2026-02-12,21,2.0,2,False,-3.2023824193917174,0.0001580893644719,False,1.0,1.0,2026-02,2025-12,E-PERM-025,,,,,,,True
2026-02-13,8,1.0,2,False,0.723229050183901,0.1460631989429865,False,0.0,1.0,2026-02,2025-12,E-PERM-025,,,,,,,True
2026-02-13,9,1.0,2,False,0.768515835796047,0.1584394873764752,True,0.0,1.0,2026-02,2025-12,E-PERM-025,,,,,,,True
2026-02-13,10,1.0,2,False,0.7272141822635179,0.1471123444350632,True,0.0,1.0,2026-02,2025-12,E-PERM-025,,,,,,,True
2026-02-13,11,1.0,2,False,0.6342420257587766,0.1244895896936941,False,0.0,1.0,2026-02,2025-12,E-PERM-025,,,,,,,True
2026-02-13,12,1.0,2,False,0.6124679706958577,0.1197153358049814,False,0.0,1.0,2026-02,2025-12,E-PERM-025,,,,,,,True
2026-02-13,13,1.0,2,False,0.0109030392168596,0.0406390346347202,False,0.0,1.0,2026-02,2025-12,E-PERM-025,,,,,,,True
2026-02-13,17,2.0,2,False,0.4443142952272665,0.0885103181982643,True,0.0,1.0,2026-02,2025-12,E-PERM-025,,,,,,,True
2026-02-13,18,2.0,2,True,0.6293419119742313,0.1233988359172144,True,0.0,1.0,2026-02,2025-12,E-PERM-025,,,,,,,True
2026-02-13,19,2.0,2,False,0.0616099376934652,0.0445136865451304,False,0.0,1.0,2026-02,2025-12,E-PERM-025,,,,,,,True
2026-02-13,20,2.0,2,False,-0.963705359804736,0.0070594668697399,False,0.0,1.0,2026-02,2025-12,E-PERM-025,,,,,,,True
2026-02-13,21,2.0,2,False,-3.630609509521324,5.8701581729810325e-05,False,0.0,1.0,2026-02,2025-12,E-PERM-025,,,,,,,True
2026-02-16,8,1.0,2,False,0.0881959405806852,0.0466128198752963,False,1.0,1.0,2026-02,2025-12,E-PERM-025,,,,,,,True
2026-02-16,9,1.0,2,False,0.2218403232262087,0.0592577054970533,False,1.0,1.0,2026-02,2025-12,E-PERM-025,,,,,,,True
2026-02-16,10,1.0,2,False,0.2238257208962612,0.0594693777638431,True,1.0,1.0,2026-02,2025-12,E-PERM-025,,,,,,,True
2026-02-16,11,1.0,2,False,0.1601901826282706,0.0530467988376849,False,1.0,1.0,2026-02,2025-12,E-PERM-025,,,,,,,True
2026-02-16,12,1.0,2,False,0.4674310815172379,0.0921085209603281,True,1.0,1.0,2026-02,2025-12,E-PERM-025,,,,,,,True
2026-02-16,13,1.0,2,False,0.0340896086815774,0.0422964305937326,False,1.0,1.0,2026-02,2025-12,E-PERM-025,,,,,,,True
2026-02-16,17,2.0,2,False,0.7980239177823824,0.1667840035162457,True,1.0,1.0,2026-02,2025-12,E-PERM-025,,,,,,,True
2026-02-16,18,2.0,2,True,1.1727895926892102,0.3269360029953452,True,1.0,1.0,2026-02,2025-12,E-PERM-025,,,,,,,True
2026-02-16,19,2.0,2,False,0.6869480287946474,0.1366211166674865,False,1.0,1.0,2026-02,2025-12,E-PERM-025,,,,,,,True
2026-02-16,20,2.0,2,False,-0.4808189261621567,0.0167759549575581,False,1.0,1.0,2026-02,2025-12,E-PERM-025,,,,,,,True
2026-02-16,21,2.0,2,False,-3.3839418104380057,9.12683354258708e-05,False,1.0,1.0,2026-02,2025-12,E-PERM-025,,,,,,,True
2026-02-17,8,1.0,2,False,0.0921826813883858,0.0504657001923388,False,0.0,0.0,2026-02,2025-12,E-PERM-025,,,,,,,True
2026-02-17,9,1.0,2,False,0.2047115667746434,0.0617683741213611,True,0.0,0.0,2026-02,2025-12,E-PERM-025,,,,,,,True
2026-02-17,10,1.0,2,False,0.1284430940908473,0.0538615152278179,True,0.0,0.0,2026-02,2025-12,E-PERM-025,,,,,,,True
2026-02-17,11,1.0,2,False,-0.0760863733872363,0.0373035723890981,False,0.0,0.0,2026-02,2025-12,E-PERM-025,,,,,,,True
2026-02-17,12,1.0,2,False,0.1087052703773648,0.0519856563486572,False,0.0,0.0,2026-02,2025-12,E-PERM-025,,,,,,,True
2026-02-17,13,1.0,2,False,-0.4017126214103982,0.0207859395310194,False,0.0,0.0,2026-02,2025-12,E-PERM-025,,,,,,,True
2026-02-17,17,2.0,2,False,0.6920577821072219,0.1482124479969386,False,0.0,0.0,2026-02,2025-12,E-PERM-025,,,,,,,True
2026-02-17,18,2.0,2,False,1.1621167838447006,0.3447621447163245,True,0.0,0.0,2026-02,2025-12,E-PERM-025,,,,,,,True
2026-02-17,19,2.0,2,False,0.8515487996584145,0.1973712530887125,True,0.0,0.0,2026-02,2025-12,E-PERM-025,,,,,,,True
2026-02-17,20,2.0,2,True,-0.1403060561140061,0.0332399676127187,False,0.0,0.0,2026-02,2025-12,E-PERM-025,,,,,,,True
2026-02-17,21,2.0,2,False,-2.877938733939136,0.0002434287750128,False,0.0,0.0,2026-02,2025-12,E-PERM-025,,,,,,,True
2026-02-18,8,1.0,2,False,0.381763405406599,0.0760408628007545,False,0.0,1.0,2026-02,2025-12,E-PERM-025,,,,,,,True
2026-02-18,9,1.0,2,False,0.4684795771683904,0.0888553530963479,True,0.0,1.0,2026-02,2025-12,E-PERM-025,,,,,,,True
2026-02-18,10,1.0,2,True,0.4718915243496066,0.0894015060727725,True,0.0,1.0,2026-02,2025-12,E-PERM-025,,,,,,,True
2026-02-18,11,1.0,2,False,0.2997097857081676,0.0656216513560915,False,0.0,1.0,2026-02,2025-12,E-PERM-025,,,,,,,True
2026-02-18,12,1.0,2,False,0.4575340712228418,0.0871257162719963,False,0.0,1.0,2026-02,2025-12,E-PERM-025,,,,,,,True
2026-02-18,13,1.0,2,False,-0.1092673644597029,0.0314814451291665,False,0.0,1.0,2026-02,2025-12,E-PERM-025,,,,,,,True
2026-02-18,17,2.0,2,False,0.6196462668287209,0.1165708696031769,False,0.0,1.0,2026-02,2025-12,E-PERM-025,,,,,,,True
2026-02-18,18,2.0,2,False,1.0993469114539998,0.2758958593933606,True,0.0,1.0,2026-02,2025-12,E-PERM-025,,,,,,,True
2026-02-18,19,2.0,2,False,0.7475673268095171,0.1466781536950323,True,0.0,1.0,2026-02,2025-12,E-PERM-025,,,,,,,True
2026-02-18,20,2.0,2,False,-0.3045189111170515,0.0221698664028622,False,0.0,1.0,2026-02,2025-12,E-PERM-025,,,,,,,True
2026-02-18,21,2.0,2,False,-3.054784279653069,0.0001587161784384,False,0.0,1.0,2026-02,2025-12,E-PERM-025,,,,,,,True
2026-02-19,8,1.0,2,False,0.4466580682136056,0.0915808096701823,True,0.0,0.0,2026-02,2025-12,E-PERM-025,,,,,,,True
2026-02-19,9,1.0,2,False,0.5293153304577997,0.1062368503649974,True,0.0,0.0,2026-02,2025-12,E-PERM-025,,,,,,,True
2026-02-19,10,1.0,2,True,0.3570834188732978,0.0779719459236805,False,0.0,0.0,2026-02,2025-12,E-PERM-025,,,,,,,True
2026-02-19,11,1.0,2,False,0.1356357197768568,0.0523859000692959,False,0.0,0.0,2026-02,2025-12,E-PERM-025,,,,,,,True
2026-02-19,12,1.0,2,False,0.2527145638703986,0.0646447316291731,False,0.0,0.0,2026-02,2025-12,E-PERM-025,,,,,,,True
2026-02-19,13,1.0,2,False,-0.3769874284299576,0.020863179294457,False,0.0,0.0,2026-02,2025-12,E-PERM-025,,,,,,,True
2026-02-19,17,2.0,2,False,0.4560509835369928,0.0931388197791758,False,0.0,0.0,2026-02,2025-12,E-PERM-025,,,,,,,True
2026-02-19,18,2.0,2,False,1.0888325878809333,0.2901919771159119,True,0.0,0.0,2026-02,2025-12,E-PERM-025,,,,,,,True
2026-02-19,19,2.0,2,False,0.7927339660071137,0.1705043589200669,True,0.0,0.0,2026-02,2025-12,E-PERM-025,,,,,,,True
2026-02-19,20,2.0,2,False,-0.1348713498038121,0.0322274022516449,False,0.0,0.0,2026-02,2025-12,E-PERM-025,,,,,,,True
2026-02-19,21,2.0,2,False,-2.8315543145459823,0.0002540249814137,False,0.0,0.0,2026-02,2025-12,E-PERM-025,,,,,,,True
2026-02-20,8,1.0,2,True,0.9053980548562388,0.207566026379192,True,1.0,1.0,2026-02,2025-12,E-PERM-025,,,,,,,True
2026-02-20,9,1.0,2,False,0.9672964288623578,0.2319719843988586,True,1.0,1.0,2026-02,2025-12,E-PERM-025,,,,,,,True
2026-02-20,10,1.0,2,False,0.8891319270284613,0.20159004263019,False,1.0,1.0,2026-02,2025-12,E-PERM-025,,,,,,,True
2026-02-20,11,1.0,2,False,0.505376986738821,0.1011927289920936,False,1.0,1.0,2026-02,2025-12,E-PERM-025,,,,,,,True
2026-02-20,12,1.0,2,False,0.3292485949196721,0.0737519202335779,False,1.0,1.0,2026-02,2025-12,E-PERM-025,,,,,,,True
2026-02-20,13,1.0,2,False,-0.4320026028979866,0.0187938354355697,False,1.0,1.0,2026-02,2025-12,E-PERM-025,,,,,,,True
2026-02-20,17,2.0,2,False,-0.0339596371402219,0.0384131135275903,False,1.0,1.0,2026-02,2025-12,E-PERM-025,,,,,,,True
2026-02-20,18,2.0,2,False,0.3328492616076529,0.0742303942265038,True,1.0,1.0,2026-02,2025-12,E-PERM-025,,,,,,,True
2026-02-20,19,2.0,2,False,0.0459956224149716,0.0443448019274669,True,1.0,1.0,2026-02,2025-12,E-PERM-025,,,,,,,True
2026-02-20,20,2.0,2,False,-0.9023850555990568,0.0080747343308696,False,1.0,1.0,2026-02,2025-12,E-PERM-025,,,,,,,True
2026-02-20,21,2.0,2,False,-3.5427793758439448,7.041791808702948e-05,False,1.0,1.0,2026-02,2025-12,E-PERM-025,,,,,,,True
2026-02-24,8,1.0,2,False,0.238904094804158,0.0749969649542959,False,1.0,1.0,2026-02,2025-12,E-PERM-025,,,,,,,True
2026-02-24,9,1.0,2,False,0.3062441244614886,0.0846383751259359,False,1.0,1.0,2026-02,2025-12,E-PERM-025,,,,,,,True
2026-02-24,10,1.0,2,False,0.3183105635687305,0.0864925804308605,True,1.0,1.0,2026-02,2025-12,E-PERM-025,,,,,,,True
2026-02-24,11,1.0,2,False,0.2274743776910162,0.0734731702832602,False,1.0,1.0,2026-02,2025-12,E-PERM-025,,,,,,,True
2026-02-24,12,1.0,2,False,0.4376502034837238,0.1071669690621969,True,1.0,1.0,2026-02,2025-12,E-PERM-025,,,,,,,True
2026-02-24,13,1.0,2,False,-0.0066735390008557,0.0482501810981904,False,1.0,1.0,2026-02,2025-12,E-PERM-025,,,,,,,True
2026-02-24,17,2.0,2,False,0.5302358754470319,0.1265539136833389,True,1.0,1.0,2026-02,2025-12,E-PERM-025,,,,,,,True
2026-02-24,18,2.0,2,True,0.922540139266945,0.2560139431415125,True,1.0,1.0,2026-02,2025-12,E-PERM-025,,,,,,,True
2026-02-24,19,2.0,2,False,0.492794278097864,0.1183237760330236,False,1.0,1.0,2026-02,2025-12,E-PERM-025,,,,,,,True
2026-02-24,20,2.0,2,False,-0.39712539720502,0.0239307187036016,False,1.0,1.0,2026-02,2025-12,E-PERM-025,,,,,,,True
2026-02-24,21,2.0,2,False,-3.1875268008809226,0.0001594074837832,False,1.0,1.0,2026-02,2025-12,E-PERM-025,,,,,,,True
2026-02-25,8,1.0,2,False,0.3974636631522488,0.0957375723176254,False,0.0,0.0,2026-02,2025-12,E-PERM-025,,,,,,,True
2026-02-25,9,1.0,2,False,0.4386522951575076,0.1030881078732963,True,0.0,0.0,2026-02,2025-12,E-PERM-025,,,,,,,True
2026-02-25,10,1.0,2,False,0.4376917515776655,0.1029104239212914,False,0.0,0.0,2026-02,2025-12,E-PERM-025,,,,,,,True
2026-02-25,11,1.0,2,True,0.2854883676010557,0.0782968573657896,False,0.0,0.0,2026-02,2025-12,E-PERM-025,,,,,,,True
2026-02-25,12,1.0,2,False,0.4538433646785569,0.105939335143089,True,0.0,0.0,2026-02,2025-12,E-PERM-025,,,,,,,True
2026-02-25,13,1.0,2,False,-0.0147336145801164,0.0456644564196241,False,0.0,0.0,2026-02,2025-12,E-PERM-025,,,,,,,True
2026-02-25,17,2.0,2,False,0.441349287848064,0.1035886465804268,False,0.0,0.0,2026-02,2025-12,E-PERM-025,,,,,,,True
2026-02-25,18,2.0,2,False,0.875096675601723,0.2257484893830812,True,0.0,0.0,2026-02,2025-12,E-PERM-025,,,,,,,True
2026-02-25,19,2.0,2,False,0.4811854255012373,0.1112713617962501,True,0.0,0.0,2026-02,2025-12,E-PERM-025,,,,,,,True
2026-02-25,20,2.0,2,False,-0.2965209604941216,0.0275290252066581,False,0.0,0.0,2026-02,2025-12,E-PERM-025,,,,,,,True
2026-02-25,21,2.0,2,False,-2.971234332679212,0.0002257239928673,False,0.0,0.0,2026-02,2025-12,E-PERM-025,,,,,,,True
2026-02-26,8,1.0,2,False,0.3212882028109587,0.0862571253233762,False,1.0,1.0,2026-02,2025-12,E-PERM-025,,,,,,,True
2026-02-26,9,1.0,2,False,0.4005333222479144,0.0994498878062569,False,1.0,1.0,2026-02,2025-12,E-PERM-025,,,,,,,True
2026-02-26,10,1.0,2,False,0.4120507539394172,0.1015284185712409,True,1.0,1.0,2026-02,2025-12,E-PERM-025,,,,,,,True
2026-02-26,11,1.0,2,False,0.2067600441074965,0.0702207927259973,False,1.0,1.0,2026-02,2025-12,E-PERM-025,,,,,,,True
2026-02-26,12,1.0,2,False,0.4206999144352228,0.1031178292405877,True,1.0,1.0,2026-02,2025-12,E-PERM-025,,,,,,,True
2026-02-26,13,1.0,2,False,-0.0795130852350903,0.0419932477542528,False,1.0,1.0,2026-02,2025-12,E-PERM-025,,,,,,,True
2026-02-26,17,2.0,2,False,0.5799050358581378,0.1372492524603208,True,1.0,1.0,2026-02,2025-12,E-PERM-025,,,,,,,True
2026-02-26,18,2.0,2,True,0.8775378717012206,0.2342375697560093,True,1.0,1.0,2026-02,2025-12,E-PERM-025,,,,,,,True
2026-02-26,19,2.0,2,False,0.4188365727509504,0.1027733231590584,False,1.0,1.0,2026-02,2025-12,E-PERM-025,,,,,,,True
2026-02-26,20,2.0,2,False,-0.4145483312547337,0.0230069953081205,False,1.0,1.0,2026-02,2025-12,E-PERM-025,,,,,,,True
2026-02-26,21,2.0,2,False,-3.161952241904827,0.0001655578947787,False,1.0,1.0,2026-02,2025-12,E-PERM-025,,,,,,,True
2026-02-27,8,1.0,2,True,0.7032695726679108,0.1515839873154819,False,0.0,0.0,2026-02,2025-12,E-PERM-025,,,,,,,True
2026-02-27,9,1.0,2,False,0.7870448101508851,0.1761959934356581,True,0.0,0.0,2026-02,2025-12,E-PERM-025,,,,,,,True
2026-02-27,10,1.0,2,False,0.7079754373283026,0.1528705364987716,True,0.0,0.0,2026-02,2025-12,E-PERM-025,,,,,,,True
2026-02-27,11,1.0,2,False,0.4338011534238009,0.0934274163631861,False,0.0,0.0,2026-02,2025-12,E-PERM-025,,,,,,,True
2026-02-27,12,1.0,2,False,0.4298631339282867,0.0927689790487258,False,0.0,0.0,2026-02,2025-12,E-PERM-025,,,,,,,True
2026-02-27,13,1.0,2,False,-0.2177954966248825,0.0289897438392931,False,0.0,0.0,2026-02,2025-12,E-PERM-025,,,,,,,True
2026-02-27,17,2.0,2,False,0.3582692922275468,0.0815757875883934,True,0.0,0.0,2026-02,2025-12,E-PERM-025,,,,,,,True
2026-02-27,18,2.0,2,False,0.6938615031474199,0.1490442600294345,True,0.0,0.0,2026-02,2025-12,E-PERM-025,,,,,,,True
2026-02-27,19,2.0,2,False,0.1595955955896359,0.0570953179072959,False,0.0,0.0,2026-02,2025-12,E-PERM-025,,,,,,,True
2026-02-27,20,2.0,2,False,-0.5385476699011486,0.0162954094049019,False,0.0,0.0,2026-02,2025-12,E-PERM-025,,,,,,,True
2026-02-27,21,2.0,2,False,-3.1393961004877418,0.0001525685688572,False,0.0,0.0,2026-02,2025-12,E-PERM-025,,,,,,,True
2026-03-02,8,1.0,1,False,0.5585853915832073,0.0795687836933191,False,0.0,0.0,2026-03,2026-01,E-PERM-025,,,,,,,True
2026-03-02,9,1.0,1,False,0.6775813375108946,0.0985273359319175,False,0.0,0.0,2026-03,2026-01,E-PERM-025,,,,,,,True
2026-03-02,10,1.0,1,False,0.6995638733698927,0.1024949806229824,False,0.0,0.0,2026-03,2026-01,E-PERM-025,,,,,,,True
2026-03-02,11,1.0,1,False,0.464302568904761,0.0671744856468375,False,0.0,0.0,2026-03,2026-01,E-PERM-025,,,,,,,True
2026-03-02,12,1.0,1,False,0.7995769371466276,0.1226621068062727,True,0.0,0.0,2026-03,2026-01,E-PERM-025,,,,,,,True
2026-03-02,13,1.0,1,False,0.4942072093585107,0.0708809062063478,False,0.0,0.0,2026-03,2026-01,E-PERM-025,,,,,,,True
2026-03-02,14,1.0,1,False,-0.4503632984318046,0.0129953094897525,False,0.0,0.0,2026-03,2026-01,E-PERM-025,,,,,,,True
2026-03-02,15,1.0,1,False,-0.6809884654790741,0.0085882456164942,False,0.0,0.0,2026-03,2026-01,E-PERM-025,,,,,,,True
2026-03-02,16,1.0,1,False,-0.7334199016922384,0.0078164432192592,False,0.0,0.0,2026-03,2026-01,E-PERM-025,,,,,,,True
2026-03-02,17,1.0,1,False,-0.4232311681542643,0.013644230456136,False,0.0,0.0,2026-03,2026-01,E-PERM-025,,,,,,,True
2026-03-02,18,1.0,1,True,0.5256395277557099,0.0749973167590972,False,0.0,0.0,2026-03,2026-01,E-PERM-025,,,,,,,True
2026-03-02,19,1.0,1,False,1.2351913698495527,0.2682127163630981,True,0.0,0.0,2026-03,2026-01,E-PERM-025,,,,,,,True
2026-03-02,20,1.0,1,False,0.5018778185145104,0.071864127117794,False,0.0,0.0,2026-03,2026-01,E-PERM-025,,,,,,,True
2026-03-02,21,1.0,1,False,-2.188394070480338,0.0005730120706912,False,0.0,0.0,2026-03,2026-01,E-PERM-025,,,,,,,True
2026-03-03,8,1.0,1,False,0.5057498495702821,0.0611916349008156,False,0.0,0.0,2026-03,2026-01,E-PERM-025,,,,,,,True
2026-03-03,9,1.0,1,False,0.5482995088259827,0.0660510587781285,False,0.0,0.0,2026-03,2026-01,E-PERM-025,,,,,,,True
2026-03-03,10,1.0,1,False,0.5476223186484231,0.0659707758000323,False,0.0,0.0,2026-03,2026-01,E-PERM-025,,,,,,,True
2026-03-03,11,1.0,1,True,0.3558070097642788,0.0467455411101671,False,0.0,0.0,2026-03,2026-01,E-PERM-025,,,,,,,True
2026-03-03,12,1.0,1,False,0.6699026430939616,0.0821726607258288,False,0.0,0.0,2026-03,2026-01,E-PERM-025,,,,,,,True
2026-03-03,13,1.0,1,False,0.3354381601014978,0.045066410768365,False,0.0,0.0,2026-03,2026-01,E-PERM-025,,,,,,,True
2026-03-03,14,1.0,1,False,-0.6162245344589732,0.0081579041558085,False,0.0,0.0,2026-03,2026-01,E-PERM-025,,,,,,,True
2026-03-03,15,1.0,1,False,-0.8641647619146738,0.0052262609553953,False,0.0,0.0,2026-03,2026-01,E-PERM-025,,,,,,,True
2026-03-03,16,1.0,1,False,-0.9349645042336756,0.004602236876993,False,0.0,0.0,2026-03,2026-01,E-PERM-025,,,,,,,True
2026-03-03,17,1.0,1,False,-0.4818377946630008,0.010384774589396,False,0.0,0.0,2026-03,2026-01,E-PERM-025,,,,,,,True
2026-03-03,18,1.0,1,False,0.6216972134598259,0.0753578077159904,False,0.0,0.0,2026-03,2026-01,E-PERM-025,,,,,,,True
2026-03-03,19,1.0,1,False,1.5448292860369544,0.3955026685375271,True,0.0,0.0,2026-03,2026-01,E-PERM-025,,,,,,,True
2026-03-03,20,1.0,1,False,0.9358039438609868,0.1324719927014591,True,0.0,0.0,2026-03,2026-01,E-PERM-025,,,,,,,True
2026-03-03,21,1.0,1,False,-1.7327565444850916,0.0010982723840928,False,0.0,0.0,2026-03,2026-01,E-PERM-025,,,,,,,True
2026-03-04,8,1.0,1,False,0.7560733852886133,0.101190138975856,False,1.0,1.0,2026-03,2026-01,E-PERM-025,,,,,,,True
2026-03-04,9,1.0,1,True,0.7955984810230224,0.1086342652471271,True,1.0,1.0,2026-03,2026-01,E-PERM-025,,,,,,,True
2026-03-04,10,1.0,1,False,0.7870362852324255,0.1069765336335847,False,1.0,1.0,2026-03,2026-01,E-PERM-025,,,,,,,True
2026-03-04,11,1.0,1,False,0.420785620004965,0.0554142772199838,False,1.0,1.0,2026-03,2026-01,E-PERM-025,,,,,,,True
2026-03-04,12,1.0,1,False,0.6376611459401446,0.0818049246514681,False,1.0,1.0,2026-03,2026-01,E-PERM-025,,,,,,,True
2026-03-04,13,1.0,1,False,0.2478306622815055,0.0406182212134007,False,1.0,1.0,2026-03,2026-01,E-PERM-025,,,,,,,True
2026-03-04,14,1.0,1,False,-0.8470865642369884,0.0056847501886191,False,1.0,1.0,2026-03,2026-01,E-PERM-025,,,,,,,True
2026-03-04,15,1.0,1,False,-1.1747140595480243,0.0031562376390976,False,1.0,1.0,2026-03,2026-01,E-PERM-025,,,,,,,True
2026-03-04,16,1.0,1,False,-1.2552189777212432,0.0027313525744302,False,1.0,1.0,2026-03,2026-01,E-PERM-025,,,,,,,True
2026-03-04,17,1.0,1,False,-0.8617361878961164,0.0055371338908453,False,1.0,1.0,2026-03,2026-01,E-PERM-025,,,,,,,True
2026-03-04,18,1.0,1,False,0.4161358563388803,0.0549534505861476,False,1.0,1.0,2026-03,2026-01,E-PERM-025,,,,,,,True
2026-03-04,19,1.0,1,False,1.4260100956027455,0.3370334192835723,True,1.0,1.0,2026-03,2026-01,E-PERM-025,,,,,,,True
2026-03-04,20,1.0,1,False,0.723301005466426,0.0954061810166954,False,1.0,1.0,2026-03,2026-01,E-PERM-025,,,,,,,True
2026-03-04,21,1.0,1,False,-1.8992475363698111,0.0008591138791715,False,1.0,1.0,2026-03,2026-01,E-PERM-025,,,,,,,True
2026-03-05,8,1.0,1,False,0.7933889044171254,0.0977261864637522,False,1.0,1.0,2026-03,2026-01,E-PERM-025,,,,,,,True
2026-03-05,9,1.0,1,False,0.8126923665770601,0.101173598080125,False,1.0,1.0,2026-03,2026-01,E-PERM-025,,,,,,,True
2026-03-05,10,1.0,1,False,0.6215663245221202,0.0717783394825247,False,1.0,1.0,2026-03,2026-01,E-PERM-025,,,,,,,True
2026-03-05,11,1.0,1,False,0.2722977385307396,0.0383329443475674,False,1.0,1.0,2026-03,2026-01,E-PERM-025,,,,,,,True
2026-03-05,12,1.0,1,False,0.5352648967800242,0.0614724237049722,False,1.0,1.0,2026-03,2026-01,E-PERM-025,,,,,,,True
2026-03-05,13,1.0,1,False,0.1180196861372595,0.0290562089603516,False,1.0,1.0,2026-03,2026-01,E-PERM-025,,,,,,,True
2026-03-05,14,1.0,1,False,-0.9528540743365378,0.0042460271682917,False,1.0,1.0,2026-03,2026-01,E-PERM-025,,,,,,,True
2026-03-05,15,1.0,1,False,-1.2650395551151845,0.0024237369531774,False,1.0,1.0,2026-03,2026-01,E-PERM-025,,,,,,,True
2026-03-05,16,1.0,1,False,-1.3374926380280008,0.0021280106390029,False,1.0,1.0,2026-03,2026-01,E-PERM-025,,,,,,,True
2026-03-05,17,1.0,1,False,-0.9892900245991676,0.0039770732512079,False,1.0,1.0,2026-03,2026-01,E-PERM-025,,,,,,,True
2026-03-05,18,1.0,1,False,0.4320872308409413,0.0510745089433562,False,1.0,1.0,2026-03,2026-01,E-PERM-025,,,,,,,True
2026-03-05,19,1.0,1,True,1.5712131142251784,0.3950894394100899,True,1.0,1.0,2026-03,2026-01,E-PERM-025,,,,,,,True
2026-03-05,20,1.0,1,False,0.994144745839926,0.1401508562476505,True,1.0,1.0,2026-03,2026-01,E-PERM-025,,,,,,,True
2026-03-05,21,1.0,1,False,-1.582433894884865,0.0013706463479296,False,1.0,1.0,2026-03,2026-01,E-PERM-025,,,,,,,True
2026-03-06,8,1.0,1,True,1.2352567235847285,0.2069791193822517,True,1.0,1.0,2026-03,2026-01,E-PERM-025,,,,,,,True
2026-03-06,9,1.0,1,False,1.3196304838291055,0.2408441324971821,True,1.0,1.0,2026-03,2026-01,E-PERM-025,,,,,,,True
2026-03-06,10,1.0,1,False,1.0475512515055343,0.1477476936857754,False,1.0,1.0,2026-03,2026-01,E-PERM-025,,,,,,,True
2026-03-06,11,1.0,1,False,0.671380272653512,0.0751824115922735,False,1.0,1.0,2026-03,2026-01,E-PERM-025,,,,,,,True
2026-03-06,12,1.0,1,False,0.6982561008611258,0.0789003195300492,False,1.0,1.0,2026-03,2026-01,E-PERM-025,,,,,,,True
2026-03-06,13,1.0,1,False,0.2334619177283212,0.034241304570951,False,1.0,1.0,2026-03,2026-01,E-PERM-025,,,,,,,True
2026-03-06,14,1.0,1,False,-1.0044245159424547,0.0037070478336445,False,1.0,1.0,2026-03,2026-01,E-PERM-025,,,,,,,True
2026-03-06,15,1.0,1,False,-1.3894354701521212,0.0018566445212625,False,1.0,1.0,2026-03,2026-01,E-PERM-025,,,,,,,True
2026-03-06,16,1.0,1,False,-1.5092744234731297,0.0014971220742163,False,1.0,1.0,2026-03,2026-01,E-PERM-025,,,,,,,True
2026-03-06,17,1.0,1,False,-1.270751756720361,0.0022977313362178,False,1.0,1.0,2026-03,2026-01,E-PERM-025,,,,,,,True
2026-03-06,18,1.0,1,False,-0.0605139345364471,0.0201955691732308,False,1.0,1.0,2026-03,2026-01,E-PERM-025,,,,,,,True
2026-03-06,19,1.0,1,False,1.031262879109588,0.1434881927009505,False,1.0,1.0,2026-03,2026-01,E-PERM-025,,,,,,,True
2026-03-06,20,1.0,1,False,0.3558639921250322,0.0426600168791829,False,1.0,1.0,2026-03,2026-01,E-PERM-025,,,,,,,True
2026-03-06,21,1.0,1,False,-2.240427146468979,0.0004026942228112,False,1.0,1.0,2026-03,2026-01,E-PERM-025,,,,,,,True
2026-03-10,8,1.0,1,False,0.9157714094202424,0.1707746001524353,False,0.0,0.0,2026-03,2026-01,E-PERM-025,,,,,,,True
2026-03-10,9,1.0,1,False,0.9310778505707362,0.1755342786514987,True,0.0,0.0,2026-03,2026-01,E-PERM-025,,,,,,,True
2026-03-10,10,1.0,1,False,0.7335310020544109,0.1231062419208918,False,0.0,0.0,2026-03,2026-01,E-PERM-025,,,,,,,True
2026-03-10,11,1.0,1,False,0.4253123880451852,0.0707745067894673,False,0.0,0.0,2026-03,2026-01,E-PERM-025,,,,,,,True
2026-03-10,12,1.0,1,False,0.6168859067651862,0.0998388709080122,False,0.0,0.0,2026-03,2026-01,E-PERM-025,,,,,,,True
2026-03-10,13,1.0,1,True,0.1748444349883771,0.0451354501025855,False,0.0,0.0,2026-03,2026-01,E-PERM-025,,,,,,,True
2026-03-10,14,1.0,1,False,-0.9913335580027444,0.0055581024943333,False,0.0,0.0,2026-03,2026-01,E-PERM-025,,,,,,,True
2026-03-10,15,1.0,1,False,-1.267988356245274,0.003381756691154,False,0.0,0.0,2026-03,2026-01,E-PERM-025,,,,,,,True
2026-03-10,16,1.0,1,False,-1.3921597313061238,0.002705774658989,False,0.0,0.0,2026-03,2026-01,E-PERM-025,,,,,,,True
2026-03-10,17,1.0,1,False,-1.1006530406155477,0.0045673042469128,False,0.0,0.0,2026-03,2026-01,E-PERM-025,,,,,,,True
2026-03-10,18,1.0,1,False,-0.0110616152140464,0.0323232826323723,False,0.0,0.0,2026-03,2026-01,E-PERM-025,,,,,,,True
2026-03-10,19,1.0,1,False,0.9526524051430348,0.1824692053495672,True,0.0,0.0,2026-03,2026-01,E-PERM-025,,,,,,,True
2026-03-10,20,1.0,1,False,0.5135468706554899,0.0829273255033729,False,0.0,0.0,2026-03,2026-01,E-PERM-025,,,,,,,True
2026-03-10,21,1.0,1,False,-2.003023994384514,0.000903299898407,False,0.0,0.0,2026-03,2026-01,E-PERM-025,,,,,,,True
2026-03-11,8,1.0,1,True,0.8997546058034426,0.1452325279812614,False,0.0,0.0,2026-03,2026-01,E-PERM-025,,,,,,,True
2026-03-11,9,1.0,1,False,0.9294732289226456,0.1531946925699714,True,0.0,0.0,2026-03,2026-01,E-PERM-025,,,,,,,True
2026-03-11,10,1.0,1,False,0.9287960387450862,0.1530084892543007,False,0.0,0.0,2026-03,2026-01,E-PERM-025,,,,,,,True
2026-03-11,11,1.0,1,False,0.47358084133258,0.0675551480110727,False,0.0,0.0,2026-03,2026-01,E-PERM-025,,,,,,,True
2026-03-11,12,1.0,1,False,0.7400558728059091,0.109019118445304,False,0.0,0.0,2026-03,2026-01,E-PERM-025,,,,,,,True
2026-03-11,13,1.0,1,False,0.3121364687456405,0.0505516879182787,False,0.0,0.0,2026-03,2026-01,E-PERM-025,,,,,,,True
2026-03-11,14,1.0,1,False,-0.7238278570026097,0.0078651681603787,False,0.0,0.0,2026-03,2026-01,E-PERM-025,,,,,,,True
2026-03-11,15,1.0,1,False,-1.0343106631434364,0.0045033818586746,False,0.0,0.0,2026-03,2026-01,E-PERM-025,,,,,,,True
2026-03-11,16,1.0,1,False,-1.1957726148442154,0.0033697856309511,False,0.0,0.0,2026-03,2026-01,E-PERM-025,,,,,,,True
2026-03-11,17,1.0,1,False,-0.8889233498067388,0.0058470584665954,False,0.0,0.0,2026-03,2026-01,E-PERM-025,,,,,,,True
2026-03-11,18,1.0,1,False,0.1296477976435587,0.0364249377296914,False,0.0,0.0,2026-03,2026-01,E-PERM-025,,,,,,,True
2026-03-11,19,1.0,1,False,1.1128992346965263,0.2129666804521472,True,0.0,0.0,2026-03,2026-01,E-PERM-025,,,,,,,True
2026-03-11,20,1.0,1,False,0.3069173650546776,0.0500800650039444,False,0.0,0.0,2026-03,2026-01,E-PERM-025,,,,,,,True
2026-03-11,21,1.0,1,False,-2.4091206199809743,0.0003812585174277,False,0.0,0.0,2026-03,2026-01,E-PERM-025,,,,,,,True
2026-03-12,8,1.0,1,False,0.5738279684442202,0.083373854165159,False,0.0,0.0,2026-03,2026-01,E-PERM-025,,,,,,,True
2026-03-12,9,1.0,1,False,0.6709994117962608,0.0992707501537837,False,0.0,0.0,2026-03,2026-01,E-PERM-025,,,,,,,True
2026-03-12,10,1.0,1,False,0.6749235567096048,0.099972843277088,False,0.0,0.0,2026-03,2026-01,E-PERM-025,,,,,,,True
2026-03-12,11,1.0,1,False,0.3525142389533378,0.0560286822931025,False,0.0,0.0,2026-03,2026-01,E-PERM-025,,,,,,,True
2026-03-12,12,1.0,1,False,0.7056906686512825,0.1056524719694409,True,0.0,0.0,2026-03,2026-01,E-PERM-025,,,,,,,True
2026-03-12,13,1.0,1,True,0.3390665155970108,0.0546917100621448,False,0.0,0.0,2026-03,2026-01,E-PERM-025,,,,,,,True
2026-03-12,14,1.0,1,False,-0.6496445236121253,0.0092629708816718,False,0.0,0.0,2026-03,2026-01,E-PERM-025,,,,,,,True
2026-03-12,15,1.0,1,False,-0.9543903682606556,0.0053586544726152,False,0.0,0.0,2026-03,2026-01,E-PERM-025,,,,,,,True
2026-03-12,16,1.0,1,False,-1.052018964848829,0.0044968433654503,False,0.0,0.0,2026-03,2026-01,E-PERM-025,,,,,,,True
2026-03-12,17,1.0,1,False,-0.6272290072127316,0.0096434819285536,False,0.0,0.0,2026-03,2026-01,E-PERM-025,,,,,,,True
2026-03-12,18,1.0,1,False,0.4469005916208435,0.0663788202226363,False,0.0,0.0,2026-03,2026-01,E-PERM-025,,,,,,,True
2026-03-12,19,1.0,1,False,1.3397392550097982,0.329930564231926,True,0.0,0.0,2026-03,2026-01,E-PERM-025,,,,,,,True
2026-03-12,20,1.0,1,False,0.5176161423928761,0.0753678254101641,False,0.0,0.0,2026-03,2026-01,E-PERM-025,,,,,,,True
2026-03-12,21,1.0,1,False,-2.2015809416334884,0.0005705275662633,False,0.0,0.0,2026-03,2026-01,E-PERM-025,,,,,,,True
2026-03-13,8,1.0,1,True,0.99251596153065,0.1545934929431962,False,0.0,0.0,2026-03,2026-01,E-PERM-025,,,,,,,True
2026-03-13,9,1.0,1,False,1.0595611355199133,0.1743752560767225,True,0.0,0.0,2026-03,2026-01,E-PERM-025,,,,,,,True
2026-03-13,10,1.0,1,False,0.9133235350229424,0.1340982134818436,False,0.0,0.0,2026-03,2026-01,E-PERM-025,,,,,,,True
2026-03-13,11,1.0,1,False,0.5962681186570061,0.0758799914329349,False,0.0,0.0,2026-03,2026-01,E-PERM-025,,,,,,,True
2026-03-13,12,1.0,1,False,0.6747270927515626,0.0873621705148052,False,0.0,0.0,2026-03,2026-01,E-PERM-025,,,,,,,True
2026-03-13,13,1.0,1,False,0.3108349880074075,0.0454460548797235,False,0.0,0.0,2026-03,2026-01,E-PERM-025,,,,,,,True
2026-03-13,14,1.0,1,False,-0.8533227926146518,0.0056166929118369,False,0.0,0.0,2026-03,2026-01,E-PERM-025,,,,,,,True
2026-03-13,15,1.0,1,False,-1.24117697709626,0.0027987467220935,False,0.0,0.0,2026-03,2026-01,E-PERM-025,,,,,,,True
2026-03-13,16,1.0,1,False,-1.356961580868555,0.0022732874170643,False,0.0,0.0,2026-03,2026-01,E-PERM-025,,,,,,,True
2026-03-13,17,1.0,1,False,-0.962423294473432,0.004617265747967,False,0.0,0.0,2026-03,2026-01,E-PERM-025,,,,,,,True
2026-03-13,18,1.0,1,False,0.2544861471846635,0.0410719598458887,False,0.0,0.0,2026-03,2026-01,E-PERM-025,,,,,,,True
2026-03-13,19,1.0,1,False,1.17910389628379,0.2161351400130365,True,0.0,0.0,2026-03,2026-01,E-PERM-025,,,,,,,True
2026-03-13,20,1.0,1,False,0.4186111868064331,0.0551517213930876,False,0.0,0.0,2026-03,2026-01,E-PERM-025,,,,,,,True
2026-03-13,21,1.0,1,False,-2.1175249183251394,0.000580006619799,False,0.0,0.0,2026-03,2026-01,E-PERM-025,,,,,,,True
2026-03-16,8,1.0,1,False,0.8138703889553182,0.1178817384743814,False,0.0,0.0,2026-03,2026-01,E-PERM-025,,,,,,,True
2026-03-16,9,1.0,1,False,0.8884665632609373,0.1347813437815491,True,0.0,0.0,2026-03,2026-01,E-PERM-025,,,,,,,True
2026-03-16,10,1.0,1,True,0.6888123713908133,0.0941681934655932,False,0.0,0.0,2026-03,2026-01,E-PERM-025,,,,,,,True
2026-03-16,11,1.0,1,False,0.3848871810746362,0.0545569126194001,False,0.0,0.0,2026-03,2026-01,E-PERM-025,,,,,,,True
2026-03-16,12,1.0,1,False,0.6072820190200898,0.0813415594406452,False,0.0,0.0,2026-03,2026-01,E-PERM-025,,,,,,,True
2026-03-16,13,1.0,1,False,0.1901542153263815,0.0384558736648766,False,0.0,0.0,2026-03,2026-01,E-PERM-025,,,,,,,True
2026-03-16,14,1.0,1,False,-0.9026109659014356,0.0054029594860716,False,0.0,0.0,2026-03,2026-01,E-PERM-025,,,,,,,True
2026-03-16,15,1.0,1,False,-1.1681498768667522,0.0033536493113527,False,0.0,0.0,2026-03,2026-01,E-PERM-025,,,,,,,True
2026-03-16,16,1.0,1,False,-1.2186112115869048,0.0030630846597859,False,0.0,0.0,2026-03,2026-01,E-PERM-025,,,,,,,True
2026-03-16,17,1.0,1,False,-0.882163907977283,0.0056050556921524,False,0.0,0.0,2026-03,2026-01,E-PERM-025,,,,,,,True
2026-03-16,18,1.0,1,False,0.4336001931491246,0.0595449290025917,False,0.0,0.0,2026-03,2026-01,E-PERM-025,,,,,,,True
2026-03-16,19,1.0,1,False,1.3646232567065988,0.3169718761414111,True,0.0,0.0,2026-03,2026-01,E-PERM-025,,,,,,,True
2026-03-16,20,1.0,1,False,0.6255064015032307,0.0840479414900514,False,0.0,0.0,2026-03,2026-01,E-PERM-025,,,,,,,True
2026-03-16,21,1.0,1,False,-1.949103598253478,0.0008248827701371,False,0.0,0.0,2026-03,2026-01,E-PERM-025,,,,,,,True
2026-03-17,8,1.0,1,False,0.7975835079772297,0.1188111877622152,False,1.0,1.0,2026-03,2026-01,E-PERM-025,,,,,,,True
2026-03-17,9,1.0,1,False,0.8563034261119871,0.1320253974566138,True,1.0,1.0,2026-03,2026-01,E-PERM-025,,,,,,,True
2026-03-17,10,1.0,1,False,0.6818722818968591,0.0965173347181838,False,1.0,1.0,2026-03,2026-01,E-PERM-025,,,,,,,True
2026-03-17,11,1.0,1,False,0.3348635943612541,0.0517543381801664,False,1.0,1.0,2026-03,2026-01,E-PERM-025,,,,,,,True
2026-03-17,12,1.0,1,False,0.5815554081333423,0.0806047311773879,False,1.0,1.0,2026-03,2026-01,E-PERM-025,,,,,,,True
2026-03-17,13,1.0,1,False,0.1323197377879312,0.0359722287278352,False,1.0,1.0,2026-03,2026-01,E-PERM-025,,,,,,,True
2026-03-17,14,1.0,1,False,-0.968892261706309,0.0049779216476259,False,1.0,1.0,2026-03,2026-01,E-PERM-025,,,,,,,True
2026-03-17,15,1.0,1,False,-1.294782970998992,0.0027724327371011,False,1.0,1.0,2026-03,2026-01,E-PERM-025,,,,,,,True
2026-03-17,16,1.0,1,False,-1.3829871095948512,0.0023662677155402,False,1.0,1.0,2026-03,2026-01,E-PERM-025,,,,,,,True
2026-03-17,17,1.0,1,False,-1.1032650275519733,0.003910573746309,False,1.0,1.0,2026-03,2026-01,E-PERM-025,,,,,,,True
2026-03-17,18,1.0,1,False,0.1078222233909612,0.0344238836276454,False,1.0,1.0,2026-03,2026-01,E-PERM-025,,,,,,,True
2026-03-17,19,1.0,1,True,1.3312517826276684,0.3098175090027744,True,1.0,1.0,2026-03,2026-01,E-PERM-025,,,,,,,True
2026-03-17,20,1.0,1,False,0.8223158015859512,0.1242075344668904,False,1.0,1.0,2026-03,2026-01,E-PERM-025,,,,,,,True
2026-03-17,21,1.0,1,False,-1.5234563454895325,0.0018386590337106,False,1.0,1.0,2026-03,2026-01,E-PERM-025,,,,,,,True
2026-03-18,8,1.0,1,False,0.8111652657416,0.1351992367205468,False,1.0,1.0,2026-03,2026-01,E-PERM-025,,,,,,,True
2026-03-18,9,1.0,1,True,0.8600934275799073,0.1476172286530444,True,1.0,1.0,2026-03,2026-01,E-PERM-025,,,,,,,True
2026-03-18,10,1.0,1,False,0.5477945828616596,0.0842463981310344,False,1.0,1.0,2026-03,2026-01,E-PERM-025,,,,,,,True
2026-03-18,11,1.0,1,False,0.2507273627166144,0.0494135371734023,False,1.0,1.0,2026-03,2026-01,E-PERM-025,,,,,,,True
2026-03-18,12,1.0,1,False,0.4207584663329872,0.0670604060372838,False,1.0,1.0,2026-03,2026-01,E-PERM-025,,,,,,,True
2026-03-18,13,1.0,1,False,0.0801034113676292,0.036371674885674,False,1.0,1.0,2026-03,2026-01,E-PERM-025,,,,,,,True
2026-03-18,14,1.0,1,False,-1.016820148632099,0.0050721126678254,False,1.0,1.0,2026-03,2026-01,E-PERM-025,,,,,,,True
2026-03-18,15,1.0,1,False,-1.2953200867703565,0.0030758526988914,False,1.0,1.0,2026-03,2026-01,E-PERM-025,,,,,,,True
2026-03-18,16,1.0,1,False,-1.385101882281324,0.0026178084091901,False,1.0,1.0,2026-03,2026-01,E-PERM-025,,,,,,,True
2026-03-18,17,1.0,1,False,-1.1070438473431432,0.0043133683072313,False,1.0,1.0,2026-03,2026-01,E-PERM-025,,,,,,,True
2026-03-18,18,1.0,1,False,0.0877696733032148,0.0368759148296402,False,1.0,1.0,2026-03,2026-01,E-PERM-025,,,,,,,True
2026-03-18,19,1.0,1,False,1.2585458974076231,0.3019399238834179,True,1.0,1.0,2026-03,2026-01,E-PERM-025,,,,,,,True
2026-03-18,20,1.0,1,False,0.7655516385020886,0.1245651887327967,False,1.0,1.0,2026-03,2026-01,E-PERM-025,,,,,,,True
2026-03-18,21,1.0,1,False,-1.6484316848864575,0.0016313488700206,False,1.0,1.0,2026-03,2026-01,E-PERM-025,,,,,,,True
2026-03-19,8,1.0,1,False,0.7687874674174453,0.111956854192213,False,1.0,1.0,2026-03,2026-01,E-PERM-025,,,,,,,True
2026-03-19,9,1.0,1,False,0.8226022516025434,0.1233175661320942,False,1.0,1.0,2026-03,2026-01,E-PERM-025,,,,,,,True
2026-03-19,10,1.0,1,False,0.5912952136071086,0.0813974746121257,False,1.0,1.0,2026-03,2026-01,E-PERM-025,,,,,,,True
2026-03-19,11,1.0,1,False,0.2809752220710795,0.0466196151470422,False,1.0,1.0,2026-03,2026-01,E-PERM-025,,,,,,,True
2026-03-19,12,1.0,1,False,0.5316698680080327,0.0731315154267508,False,1.0,1.0,2026-03,2026-01,E-PERM-025,,,,,,,True
2026-03-19,13,1.0,1,False,0.1224898641600848,0.0350714609033529,False,1.0,1.0,2026-03,2026-01,E-PERM-025,,,,,,,True
2026-03-19,14,1.0,1,False,-0.9920611029666008,0.0047383865643369,False,1.0,1.0,2026-03,2026-01,E-PERM-025,,,,,,,True
2026-03-19,15,1.0,1,False,-1.3122635732001389,0.0026661227568258,False,1.0,1.0,2026-03,2026-01,E-PERM-025,,,,,,,True
2026-03-19,16,1.0,1,False,-1.4168322743449553,0.0022096273178726,False,1.0,1.0,2026-03,2026-01,E-PERM-025,,,,,,,True
2026-03-19,17,1.0,1,False,-1.0414095167852453,0.0043365054215341,False,1.0,1.0,2026-03,2026-01,E-PERM-025,,,,,,,True
2026-03-19,18,1.0,1,False,0.1617951272963845,0.0376366561693688,False,1.0,1.0,2026-03,2026-01,E-PERM-025,,,,,,,True
2026-03-19,19,1.0,1,True,1.405056375135268,0.3510147546143433,True,1.0,1.0,2026-03,2026-01,E-PERM-025,,,,,,,True
2026-03-19,20,1.0,1,False,0.8273822114024137,0.1243807582786901,True,1.0,1.0,2026-03,2026-01,E-PERM-025,,,,,,,True
2026-03-19,21,1.0,1,False,-1.6241513617821854,0.0015227024634489,False,1.0,1.0,2026-03,2026-01,E-PERM-025,,,,,,,True
2026-03-20,8,1.0,1,False,0.9277481249987032,0.1489101604109654,True,0.0,0.0,2026-03,2026-01,E-PERM-025,,,,,,,True
2026-03-20,9,1.0,1,False,0.8912592045846538,0.1394645524133549,False,0.0,0.0,2026-03,2026-01,E-PERM-025,,,,,,,True
2026-03-20,10,1.0,1,False,0.7902971469515937,0.1163364541230953,False,0.0,0.0,2026-03,2026-01,E-PERM-025,,,,,,,True
2026-03-20,11,1.0,1,False,0.4961424832038615,0.0685933713145958,False,0.0,0.0,2026-03,2026-01,E-PERM-025,,,,,,,True
2026-03-20,12,1.0,1,False,0.6284779579012305,0.0869962807261081,False,0.0,0.0,2026-03,2026-01,E-PERM-025,,,,,,,True
2026-03-20,13,1.0,1,False,0.1839667249790598,0.0391554705660302,False,0.0,0.0,2026-03,2026-01,E-PERM-025,,,,,,,True
2026-03-20,14,1.0,1,False,-0.9614369958457588,0.005005006680969,False,0.0,0.0,2026-03,2026-01,E-PERM-025,,,,,,,True
2026-03-20,15,1.0,1,False,-1.3259313358436384,0.0026008044845002,False,0.0,0.0,2026-03,2026-01,E-PERM-025,,,,,,,True
2026-03-20,16,1.0,1,False,-1.393555713456009,0.0023033624985027,False,0.0,0.0,2026-03,2026-01,E-PERM-025,,,,,,,True
2026-03-20,17,1.0,1,False,-1.006919011195606,0.0046124297674246,False,0.0,0.0,2026-03,2026-01,E-PERM-025,,,,,,,True
2026-03-20,18,1.0,1,False,0.242886737346985,0.0435259904485704,False,0.0,0.0,2026-03,2026-01,E-PERM-025,,,,,,,True
2026-03-20,19,1.0,1,False,1.2082483380912008,0.246438103041702,True,0.0,0.0,2026-03,2026-01,E-PERM-025,,,,,,,True
2026-03-20,20,1.0,1,True,0.6766491202379948,0.0948578009234957,False,0.0,0.0,2026-03,2026-01,E-PERM-025,,,,,,,True
2026-03-20,21,1.0,1,False,-1.756520716694915,0.0012002126006851,False,0.0,0.0,2026-03,2026-01,E-PERM-025,,,,,,,True
2026-03-23,8,1.0,1,True,0.7891298325224744,0.1248593197626656,False,0.0,0.0,2026-03,2026-01,E-PERM-025,,,,,,,True
2026-03-23,9,1.0,1,False,0.8696416106213882,0.1442840238008445,True,0.0,0.0,2026-03,2026-01,E-PERM-025,,,,,,,True
2026-03-23,10,1.0,1,False,0.7396291761495499,0.1142382717978586,False,0.0,0.0,2026-03,2026-01,E-PERM-025,,,,,,,True
2026-03-23,11,1.0,1,False,0.457748157220071,0.0688574765537385,False,0.0,0.0,2026-03,2026-01,E-PERM-025,,,,,,,True
2026-03-23,12,1.0,1,False,0.634395406512065,0.0945652936355163,False,0.0,0.0,2026-03,2026-01,E-PERM-025,,,,,,,True
2026-03-23,13,1.0,1,False,0.2950660745591713,0.0514118142464869,False,0.0,0.0,2026-03,2026-01,E-PERM-025,,,,,,,True
2026-03-23,14,1.0,1,False,-0.8395933368890495,0.0066997014555694,False,0.0,0.0,2026-03,2026-01,E-PERM-025,,,,,,,True
2026-03-23,15,1.0,1,False,-1.148140562138509,0.0038494255044308,False,0.0,0.0,2026-03,2026-01,E-PERM-025,,,,,,,True
2026-03-23,16,1.0,1,False,-1.219971222315647,0.003383527456157,False,0.0,0.0,2026-03,2026-01,E-PERM-025,,,,,,,True
2026-03-23,17,1.0,1,False,-0.9599241463070832,0.0053975946657353,False,0.0,0.0,2026-03,2026-01,E-PERM-025,,,,,,,True
2026-03-23,18,1.0,1,False,0.2548137492081624,0.0478263314049739,False,0.0,0.0,2026-03,2026-01,E-PERM-025,,,,,,,True
2026-03-23,19,1.0,1,False,1.147234397064607,0.2375385205087038,True,0.0,0.0,2026-03,2026-01,E-PERM-025,,,,,,,True
2026-03-23,20,1.0,1,False,0.642155862349015,0.0958925234167929,False,0.0,0.0,2026-03,2026-01,E-PERM-025,,,,,,,True
2026-03-23,21,1.0,1,False,-1.7989307130140089,0.0011961757905259,False,0.0,0.0,2026-03,2026-01,E-PERM-025,,,,,,,True
2026-03-24,8,1.0,1,False,0.6982459551899397,0.0987934154627315,False,1.0,1.0,2026-03,2026-01,E-PERM-025,,,,,,,True
2026-03-24,9,1.0,1,False,0.7103229961780232,0.1009596429696713,False,1.0,1.0,2026-03,2026-01,E-PERM-025,,,,,,,True
2026-03-24,10,1.0,1,False,0.6009217865740479,0.0829502028754819,False,1.0,1.0,2026-03,2026-01,E-PERM-025,,,,,,,True
2026-03-24,11,1.0,1,False,0.2805375735951221,0.0466579175305674,False,1.0,1.0,2026-03,2026-01,E-PERM-025,,,,,,,True
2026-03-24,12,1.0,1,False,0.5437282507417014,0.0748527651933895,False,1.0,1.0,2026-03,2026-01,E-PERM-025,,,,,,,True
2026-03-24,13,1.0,1,False,0.1355983695619003,0.0359646802325798,False,1.0,1.0,2026-03,2026-01,E-PERM-025,,,,,,,True
2026-03-24,14,1.0,1,False,-0.9528041050578931,0.0050926993691126,False,1.0,1.0,2026-03,2026-01,E-PERM-025,,,,,,,True
2026-03-24,15,1.0,1,False,-1.2116564286204847,0.00319925866906,False,1.0,1.0,2026-03,2026-01,E-PERM-025,,,,,,,True
2026-03-24,16,1.0,1,False,-1.295403575713945,0.0027525078315629,False,1.0,1.0,2026-03,2026-01,E-PERM-025,,,,,,,True
2026-03-24,17,1.0,1,False,-0.9916139890031322,0.0047498210635063,False,1.0,1.0,2026-03,2026-01,E-PERM-025,,,,,,,True
2026-03-24,18,1.0,1,False,0.3235814793852394,0.0504078969360408,False,1.0,1.0,2026-03,2026-01,E-PERM-025,,,,,,,True
2026-03-24,19,1.0,1,True,1.4075443553919949,0.3531538623158456,True,1.0,1.0,2026-03,2026-01,E-PERM-025,,,,,,,True
2026-03-24,20,1.0,1,False,0.8867554909090609,0.1385992802977783,True,1.0,1.0,2026-03,2026-01,E-PERM-025,,,,,,,True
2026-03-24,21,1.0,1,False,-1.5118274020490698,0.0018660492526716,False,1.0,1.0,2026-03,2026-01,E-PERM-025,,,,,,,True
2026-03-25,8,1.0,1,False,0.8062786433948091,0.1123487823056067,False,1.0,1.0,2026-03,2026-01,E-PERM-025,,,,,,,True
2026-03-25,9,1.0,1,False,0.6355385290270545,0.0826789823591295,False,1.0,1.0,2026-03,2026-01,E-PERM-025,,,,,,,True
2026-03-25,10,1.0,1,False,0.505360452564465,0.0654424130617766,False,1.0,1.0,2026-03,2026-01,E-PERM-025,,,,,,,True
2026-03-25,11,1.0,1,False,0.2270224843965871,0.0396974196998213,False,1.0,1.0,2026-03,2026-01,E-PERM-025,,,,,,,True
2026-03-25,12,1.0,1,False,0.4272574531192011,0.0568775412597967,False,1.0,1.0,2026-03,2026-01,E-PERM-025,,,,,,,True
2026-03-25,13,1.0,1,False,0.0881337767752528,0.0309337360143149,False,1.0,1.0,2026-03,2026-01,E-PERM-025,,,,,,,True
2026-03-25,14,1.0,1,False,-0.9670026104661904,0.0046499787916563,False,1.0,1.0,2026-03,2026-01,E-PERM-025,,,,,,,True
2026-03-25,15,1.0,1,False,-1.2192815348621624,0.0029558295291794,False,1.0,1.0,2026-03,2026-01,E-PERM-025,,,,,,,True
2026-03-25,16,1.0,1,False,-1.2625660679765425,0.002734755298083,False,1.0,1.0,2026-03,2026-01,E-PERM-025,,,,,,,True
2026-03-25,17,1.0,1,False,-0.8385809984052317,0.005856211987758,False,1.0,1.0,2026-03,2026-01,E-PERM-025,,,,,,,True
2026-03-25,18,1.0,1,False,0.4479858095082908,0.0590348469182899,False,1.0,1.0,2026-03,2026-01,E-PERM-025,,,,,,,True
2026-03-25,19,1.0,1,True,1.4936308646426382,0.3860884679940925,True,1.0,1.0,2026-03,2026-01,E-PERM-025,,,,,,,True
2026-03-25,20,1.0,1,False,0.962605627153746,0.1487646401730478,True,1.0,1.0,2026-03,2026-01,E-PERM-025,,,,,,,True
2026-03-25,21,1.0,1,False,-1.4547829376685562,0.0019363946074469,False,1.0,1.0,2026-03,2026-01,E-PERM-025,,,,,,,True
2026-03-26,8,1.0,1,False,0.7424440895091604,0.1052291464341522,False,1.0,1.0,2026-03,2026-01,E-PERM-025,,,,,,,True
2026-03-26,9,1.0,1,False,0.5274214043189873,0.071519331039442,False,1.0,1.0,2026-03,2026-01,E-PERM-025,,,,,,,True
2026-03-26,10,1.0,1,False,0.4379047659637491,0.0608979376065578,False,1.0,1.0,2026-03,2026-01,E-PERM-025,,,,,,,True
2026-03-26,11,1.0,1,False,0.0871323836337841,0.0324345913710629,False,1.0,1.0,2026-03,2026-01,E-PERM-025,,,,,,,True
2026-03-26,12,1.0,1,False,0.3952623537080852,0.0564082352438456,False,1.0,1.0,2026-03,2026-01,E-PERM-025,,,,,,,True
2026-03-26,13,1.0,1,False,0.0305918781147417,0.0293027361802049,False,1.0,1.0,2026-03,2026-01,E-PERM-025,,,,,,,True
2026-03-26,14,1.0,1,False,-1.0491646147901972,0.0042142827705143,False,1.0,1.0,2026-03,2026-01,E-PERM-025,,,,,,,True
2026-03-26,15,1.0,1,False,-1.328644059657217,0.0025511519231418,False,1.0,1.0,2026-03,2026-01,E-PERM-025,,,,,,,True
2026-03-26,16,1.0,1,False,-1.4030580019307637,0.0022320052338981,False,1.0,1.0,2026-03,2026-01,E-PERM-025,,,,,,,True
2026-03-26,17,1.0,1,False,-1.1517385540413487,0.0035052454020886,False,1.0,1.0,2026-03,2026-01,E-PERM-025,,,,,,,True
2026-03-26,18,1.0,1,False,0.1687495191657441,0.0375550084764307,False,1.0,1.0,2026-03,2026-01,E-PERM-025,,,,,,,True
2026-03-26,19,1.0,1,True,1.503388884513499,0.4127194852688939,True,1.0,1.0,2026-03,2026-01,E-PERM-025,,,,,,,True
2026-03-26,20,1.0,1,False,1.038357959895497,0.1790366162129392,True,1.0,1.0,2026-03,2026-01,E-PERM-025,,,,,,,True
2026-03-26,21,1.0,1,False,-1.3639926036467167,0.0023942268368273,False,1.0,1.0,2026-03,2026-01,E-PERM-025,,,,,,,True
2026-03-27,8,1.0,1,False,1.0873741495362197,0.1914323484967025,True,0.0,0.0,2026-03,2026-01,E-PERM-025,,,,,,,True
2026-03-27,9,1.0,1,True,0.8691428386909364,0.1293600191623406,False,0.0,0.0,2026-03,2026-01,E-PERM-025,,,,,,,True
2026-03-27,10,1.0,1,False,0.6040731812760559,0.0803622362984807,False,0.0,0.0,2026-03,2026-01,E-PERM-025,,,,,,,True
2026-03-27,11,1.0,1,False,0.3213068629276632,0.0483616355080175,False,0.0,0.0,2026-03,2026-01,E-PERM-025,,,,,,,True
2026-03-27,12,1.0,1,False,0.4663300354677805,0.0627502731830862,False,0.0,0.0,2026-03,2026-01,E-PERM-025,,,,,,,True
2026-03-27,13,1.0,1,False,0.1427523456207893,0.0350939847571061,False,0.0,0.0,2026-03,2026-01,E-PERM-025,,,,,,,True
2026-03-27,14,1.0,1,False,-1.0240233796839358,0.0043169323155202,False,0.0,0.0,2026-03,2026-01,E-PERM-025,,,,,,,True
2026-03-27,15,1.0,1,False,-1.3668837832227627,0.0023321272393072,False,0.0,0.0,2026-03,2026-01,E-PERM-025,,,,,,,True
2026-03-27,16,1.0,1,False,-1.4799297209645783,0.0019036148600766,False,0.0,0.0,2026-03,2026-01,E-PERM-025,,,,,,,True
2026-03-27,17,1.0,1,False,-1.2331302883228992,0.0029653557398989,False,0.0,0.0,2026-03,2026-01,E-PERM-025,,,,,,,True
2026-03-27,18,1.0,1,False,0.1677708459629115,0.0367067996251478,False,0.0,0.0,2026-03,2026-01,E-PERM-025,,,,,,,True
2026-03-27,19,1.0,1,False,1.3288759569317623,0.2953799548652471,True,0.0,0.0,2026-03,2026-01,E-PERM-025,,,,,,,True
2026-03-27,20,1.0,1,False,0.7686679373041754,0.1080020569179616,False,0.0,0.0,2026-03,2026-01,E-PERM-025,,,,,,,True
2026-03-27,21,1.0,1,False,-1.8204801823356325,0.0010326610311064,False,0.0,0.0,2026-03,2026-01,E-PERM-025,,,,,,,True
2026-03-30,8,1.0,1,False,0.8484668642554204,0.1286076408925645,False,1.0,1.0,2026-03,2026-01,E-PERM-025,,,,,,,True
2026-03-30,9,1.0,1,False,0.6951574886800225,0.0976537866615414,False,1.0,1.0,2026-03,2026-01,E-PERM-025,,,,,,,True
2026-03-30,10,1.0,1,False,0.584598480815625,0.0800673914276052,False,1.0,1.0,2026-03,2026-01,E-PERM-025,,,,,,,True
2026-03-30,11,1.0,1,False,0.2268876122817718,0.0421162476262249,False,1.0,1.0,2026-03,2026-01,E-PERM-025,,,,,,,True
2026-03-30,12,1.0,1,False,0.4926219129628667,0.0678759832879949,False,1.0,1.0,2026-03,2026-01,E-PERM-025,,,,,,,True
2026-03-30,13,1.0,1,False,0.1509588807867027,0.0367474372910011,False,1.0,1.0,2026-03,2026-01,E-PERM-025,,,,,,,True
2026-03-30,14,1.0,1,False,-0.933738728687335,0.0052382786992269,False,1.0,1.0,2026-03,2026-01,E-PERM-025,,,,,,,True
2026-03-30,15,1.0,1,False,-1.2080705384392345,0.0032004885952406,False,1.0,1.0,2026-03,2026-01,E-PERM-025,,,,,,,True
2026-03-30,16,1.0,1,False,-1.3042590458432617,0.0026927220416158,False,1.0,1.0,2026-03,2026-01,E-PERM-025,,,,,,,True
2026-03-30,17,1.0,1,False,-1.0473735214056883,0.0042712614194282,False,1.0,1.0,2026-03,2026-01,E-PERM-025,,,,,,,True
2026-03-30,18,1.0,1,False,0.3078472562204645,0.0487075490042216,False,1.0,1.0,2026-03,2026-01,E-PERM-025,,,,,,,True
2026-03-30,19,1.0,1,False,1.3886607977174723,0.3393167131355484,True,1.0,1.0,2026-03,2026-01,E-PERM-025,,,,,,,True
2026-03-30,20,1.0,1,True,0.9041897736326564,0.1421442583862676,True,1.0,1.0,2026-03,2026-01,E-PERM-025,,,,,,,True
2026-03-30,21,1.0,1,False,-1.6844955794473429,0.0013602415315181,False,1.0,1.0,2026-03,2026-01,E-PERM-025,,,,,,,True
2026-03-31,8,1.0,1,False,0.7902631096557704,0.1348597895603697,False,1.0,1.0,2026-03,2026-01,E-PERM-025,,,,,,,True
2026-03-31,9,1.0,1,False,0.7576658553986958,0.1271912955612169,False,1.0,1.0,2026-03,2026-01,E-PERM-025,,,,,,,True
2026-03-31,10,1.0,1,False,0.503984753897807,0.0806477280900935,False,1.0,1.0,2026-03,2026-01,E-PERM-025,,,,,,,True
2026-03-31,11,1.0,1,False,0.1536332213955883,0.0429859210103092,False,1.0,1.0,2026-03,2026-01,E-PERM-025,,,,,,,True
2026-03-31,12,1.0,1,False,0.4194477160641996,0.0692875570658157,False,1.0,1.0,2026-03,2026-01,E-PERM-025,,,,,,,True
2026-03-31,13,1.0,1,False,0.1029711829718485,0.0392474139284462,False,1.0,1.0,2026-03,2026-01,E-PERM-025,,,,,,,True
2026-03-31,14,1.0,1,False,-0.9880152622761594,0.0055318124356495,False,1.0,1.0,2026-03,2026-01,E-PERM-025,,,,,,,True
2026-03-31,15,1.0,1,False,-1.2642335065898158,0.0033684007460832,False,1.0,1.0,2026-03,2026-01,E-PERM-025,,,,,,,True
2026-03-31,16,1.0,1,False,-1.3473328929820372,0.0029014039687625,False,1.0,1.0,2026-03,2026-01,E-PERM-025,,,,,,,True
2026-03-31,17,1.0,1,False,-1.1204037063401244,0.0043612159733753,False,1.0,1.0,2026-03,2026-01,E-PERM-025,,,,,,,True
2026-03-31,18,1.0,1,False,0.0283680021700684,0.0343259314479188,False,1.0,1.0,2026-03,2026-01,E-PERM-025,,,,,,,True
2026-03-31,19,1.0,1,False,1.2108065598604791,0.2870095930651705,True,1.0,1.0,2026-03,2026-01,E-PERM-025,,,,,,,True
2026-03-31,20,1.0,1,True,0.9052905431740944,0.1658063475739486,True,1.0,1.0,2026-03,2026-01,E-PERM-025,,,,,,,True
2026-03-31,21,1.0,1,False,-1.435706800862696,0.0024755895728399,False,1.0,1.0,2026-03,2026-01,E-PERM-025,,,,,,,True
2026-04-01,8,1.0,2,False,0.5436328231473629,0.1046307831378449,True,0.0,0.0,2026-04,2026-02,E-PERM-025,,,,,,,True
2026-04-01,9,1.0,2,False,0.5093567746336294,0.0983841118718756,True,0.0,0.0,2026-04,2026-02,E-PERM-025,,,,,,,True
2026-04-01,10,1.0,2,False,0.3405844980033866,0.0726585270090943,False,0.0,0.0,2026-04,2026-02,E-PERM-025,,,,,,,True
2026-04-01,11,1.0,2,False,-0.1174985479360781,0.031914839009318,False,0.0,0.0,2026-04,2026-02,E-PERM-025,,,,,,,True
2026-04-01,12,1.0,2,False,0.3973810999623786,0.0804612164570605,False,0.0,0.0,2026-04,2026-02,E-PERM-025,,,,,,,True
2026-04-01,13,1.0,2,True,0.2217869007256018,0.0586985368289666,False,0.0,0.0,2026-04,2026-02,E-PERM-025,,,,,,,True
2026-04-01,14,1.0,2,False,-0.7280036060550671,0.0106613736829096,False,0.0,0.0,2026-04,2026-02,E-PERM-025,,,,,,,True
2026-04-01,15,1.0,2,False,-1.1973854850662122,0.0045888769484709,False,0.0,0.0,2026-04,2026-02,E-PERM-025,,,,,,,True
2026-04-01,18,2.0,2,False,-1.5354125835690402,0.0025006521142494,False,0.0,0.0,2026-04,2026-02,E-PERM-025,,,,,,,True
2026-04-01,19,2.0,2,False,-0.0554991917076881,0.0356739080118724,True,0.0,0.0,2026-04,2026-02,E-PERM-025,,,,,,,True
2026-04-01,20,2.0,2,False,1.4071549053784465,0.4933853582204068,True,0.0,0.0,2026-04,2026-02,E-PERM-025,,,,,,,True
2026-04-01,21,2.0,2,False,-1.0085310976070352,0.0064418167079304,False,0.0,0.0,2026-04,2026-02,E-PERM-025,,,,,,,True
2026-04-02,8,1.0,2,False,0.4905799193026374,0.0837065949762554,True,0.0,0.0,2026-04,2026-02,E-PERM-025,,,,,,,True
2026-04-02,9,1.0,2,False,0.4701630922796918,0.0806928462198695,True,0.0,0.0,2026-04,2026-02,E-PERM-025,,,,,,,True
2026-04-02,10,1.0,2,False,0.2403911555046127,0.0534094816652407,False,0.0,0.0,2026-04,2026-02,E-PERM-025,,,,,,,True
2026-04-02,11,1.0,2,False,-0.1929353134900139,0.0245264095453817,False,0.0,0.0,2026-04,2026-02,E-PERM-025,,,,,,,True
2026-04-02,12,1.0,2,False,0.4037244834149797,0.0716167308031797,False,0.0,0.0,2026-04,2026-02,E-PERM-025,,,,,,,True
2026-04-02,13,1.0,2,True,0.3052926260211738,0.0600122588354345,False,0.0,0.0,2026-04,2026-02,E-PERM-025,,,,,,,True
2026-04-02,14,1.0,2,False,-0.659880160731964,0.0106029826178585,False,0.0,0.0,2026-04,2026-02,E-PERM-025,,,,,,,True
2026-04-02,15,1.0,2,False,-1.1977517085407376,0.0040355336747272,False,0.0,0.0,2026-04,2026-02,E-PERM-025,,,,,,,True
2026-04-02,18,2.0,2,False,-1.48810300972188,0.0023957077316577,False,0.0,0.0,2026-04,2026-02,E-PERM-025,,,,,,,True
2026-04-02,19,2.0,2,False,0.1033068496555332,0.0417537849375049,True,0.0,0.0,2026-04,2026-02,E-PERM-025,,,,,,,True
2026-04-02,20,2.0,2,False,1.5491837072706576,0.5603321858999393,True,0.0,0.0,2026-04,2026-02,E-PERM-025,,,,,,,True
2026-04-02,21,2.0,2,False,-0.8978431851625938,0.0069154830929505,False,0.0,0.0,2026-04,2026-02,E-PERM-025,,,,,,,True
2026-04-03,8,1.0,2,False,0.7749366425995547,0.1587044003900649,True,0.0,1.0,2026-04,2026-02,E-PERM-025,,,,,,,True
2026-04-03,9,1.0,2,False,0.7920121182435969,0.1636467690815747,True,0.0,1.0,2026-04,2026-02,E-PERM-025,,,,,,,True
2026-04-03,10,1.0,2,False,0.6385120748522224,0.1242169997638272,False,0.0,1.0,2026-04,2026-02,E-PERM-025,,,,,,,True
2026-04-03,11,1.0,2,False,0.2079220512100866,0.0573232771300081,False,0.0,1.0,2026-04,2026-02,E-PERM-025,,,,,,,True
2026-04-03,12,1.0,2,False,0.5957632948520344,0.115037119637193,False,0.0,1.0,2026-04,2026-02,E-PERM-025,,,,,,,True
2026-04-03,13,1.0,2,False,0.2894722594628729,0.0663648691682449,False,0.0,1.0,2026-04,2026-02,E-PERM-025,,,,,,,True
2026-04-03,14,1.0,2,False,-0.8396022287624535,0.0087354819628263,False,0.0,1.0,2026-04,2026-02,E-PERM-025,,,,,,,True
2026-04-03,15,1.0,2,False,-1.395041039848422,0.0032214971246654,False,0.0,1.0,2026-04,2026-02,E-PERM-025,,,,,,,True
2026-04-03,18,2.0,2,False,-1.247988838269964,0.0041952223526613,False,0.0,1.0,2026-04,2026-02,E-PERM-025,,,,,,,True
2026-04-03,19,2.0,2,True,-0.0180279296755773,0.0382028158255,True,0.0,1.0,2026-04,2026-02,E-PERM-025,,,,,,,True
2026-04-03,20,2.0,2,False,1.0449408896007932,0.2577424124707657,True,0.0,1.0,2026-04,2026-02,E-PERM-025,,,,,,,True
2026-04-03,21,2.0,2,False,-1.5124307335179776,0.002609135092668,False,0.0,1.0,2026-04,2026-02,E-PERM-025,,,,,,,True
2026-04-06,8,1.0,2,False,0.4427160454943656,0.0970059532124405,False,0.0,1.0,2026-04,2026-02,E-PERM-025,,,,,,,True
2026-04-06,9,1.0,2,False,0.5295029504545816,0.1133679044083072,True,0.0,1.0,2026-04,2026-02,E-PERM-025,,,,,,,True
2026-04-06,10,1.0,2,False,0.4718622500225565,0.1022190256785702,False,0.0,1.0,2026-04,2026-02,E-PERM-025,,,,,,,True
2026-04-06,11,1.0,2,False,0.0751597773379911,0.0501317886267863,False,0.0,1.0,2026-04,2026-02,E-PERM-025,,,,,,,True
2026-04-06,12,1.0,2,True,0.5217955362986219,0.1118094518293859,True,0.0,1.0,2026-04,2026-02,E-PERM-025,,,,,,,True
2026-04-06,13,1.0,2,False,0.2761222794948768,0.0719215757624854,False,0.0,1.0,2026-04,2026-02,E-PERM-025,,,,,,,True
2026-04-06,14,1.0,2,False,-0.6001279987104743,0.0149074966774421,False,0.0,1.0,2026-04,2026-02,E-PERM-025,,,,,,,True
2026-04-06,15,1.0,2,False,-1.016351264334408,0.0070592803172175,False,0.0,1.0,2026-04,2026-02,E-PERM-025,,,,,,,True
2026-04-06,18,2.0,2,False,-1.0011583701131532,0.007254550787847,False,0.0,1.0,2026-04,2026-02,E-PERM-025,,,,,,,True
2026-04-06,19,2.0,2,False,-0.1082049713352776,0.0360655896352699,True,0.0,1.0,2026-04,2026-02,E-PERM-025,,,,,,,True
2026-04-06,20,2.0,2,False,1.2100096344435436,0.3848302670271883,True,0.0,1.0,2026-04,2026-02,E-PERM-025,,,,,,,True
2026-04-06,21,2.0,2,False,-1.4187117051533202,0.0034271160370591,False,0.0,1.0,2026-04,2026-02,E-PERM-025,,,,,,,True
2026-04-07,8,1.0,2,False,0.2065035791031874,0.0537662133613145,False,0.0,1.0,2026-04,2026-02,E-PERM-025,,,,,,,True
2026-04-07,9,1.0,2,False,0.3728622907898392,0.0724878648853425,False,0.0,1.0,2026-04,2026-02,E-PERM-025,,,,,,,True
2026-04-07,10,1.0,2,False,0.4067195170127183,0.077032349267812,False,0.0,1.0,2026-04,2026-02,E-PERM-025,,,,,,,True
2026-04-07,11,1.0,2,False,0.163579638868807,0.0497771232427302,False,0.0,1.0,2026-04,2026-02,E-PERM-025,,,,,,,True
2026-04-07,12,1.0,2,False,0.7106283549435959,0.1329581126669533,True,0.0,1.0,2026-04,2026-02,E-PERM-025,,,,,,,True
2026-04-07,13,1.0,2,True,0.4306968897256397,0.0804220104808599,True,0.0,1.0,2026-04,2026-02,E-PERM-025,,,,,,,True
2026-04-07,14,1.0,2,False,-0.4757412068340571,0.0157897287535946,False,0.0,1.0,2026-04,2026-02,E-PERM-025,,,,,,,True
2026-04-07,15,1.0,2,False,-1.0208207631288853,0.0059323329780174,False,0.0,1.0,2026-04,2026-02,E-PERM-025,,,,,,,True
2026-04-07,18,2.0,2,False,-0.9824569337935816,0.0063554806144633,False,0.0,1.0,2026-04,2026-02,E-PERM-025,,,,,,,True
2026-04-07,19,2.0,2,False,0.0121291721372928,0.0379229414288893,True,0.0,1.0,2026-04,2026-02,E-PERM-025,,,,,,,True
2026-04-07,20,2.0,2,False,1.405807607554564,0.4633809772685922,True,0.0,1.0,2026-04,2026-02,E-PERM-025,,,,,,,True
2026-04-07,21,2.0,2,False,-1.216446031115458,0.0041748650514305,False,0.0,1.0,2026-04,2026-02,E-PERM-025,,,,,,,True
2026-04-08,8,1.0,2,False,0.376542381830399,0.0791087081115275,False,1.0,1.0,2026-04,2026-02,E-PERM-025,,,,,,,True
2026-04-08,9,1.0,2,False,0.571247714813325,0.1122250590534089,True,1.0,1.0,2026-04,2026-02,E-PERM-025,,,,,,,True
2026-04-08,10,1.0,2,False,0.5131625314170624,0.1011078265300798,False,1.0,1.0,2026-04,2026-02,E-PERM-025,,,,,,,True
2026-04-08,11,1.0,2,False,0.1985798254100941,0.0574668922217888,False,1.0,1.0,2026-04,2026-02,E-PERM-025,,,,,,,True
2026-04-08,12,1.0,2,True,0.632247786870406,0.1252184877916712,True,1.0,1.0,2026-04,2026-02,E-PERM-025,,,,,,,True
2026-04-08,13,1.0,2,False,0.3757061147282077,0.0789899836192026,False,1.0,1.0,2026-04,2026-02,E-PERM-025,,,,,,,True
2026-04-08,14,1.0,2,False,-0.6413926512274734,0.0127133225312496,False,1.0,1.0,2026-04,2026-02,E-PERM-025,,,,,,,True
2026-04-08,15,1.0,2,False,-1.2617327852183085,0.0041726162621761,False,1.0,1.0,2026-04,2026-02,E-PERM-025,,,,,,,True
2026-04-08,18,2.0,2,False,-1.0556634762703356,0.0060414005231369,False,1.0,1.0,2026-04,2026-02,E-PERM-025,,,,,,,True
2026-04-08,19,2.0,2,False,0.151861962764613,0.0528419559253987,True,1.0,1.0,2026-04,2026-02,E-PERM-025,,,,,,,True
2026-04-08,20,2.0,2,False,1.2306491679079905,0.3667814519864935,True,1.0,1.0,2026-04,2026-02,E-PERM-025,,,,,,,True
2026-04-08,21,2.0,2,False,-1.386948056158906,0.0033322954438659,False,1.0,1.0,2026-04,2026-02,E-PERM-025,,,,,,,True
2026-04-09,8,1.0,2,False,-0.0993722168232143,0.0293691759559917,False,1.0,1.0,2026-04,2026-02,E-PERM-025,,,,,,,True
2026-04-09,9,1.0,2,False,0.1650174772026838,0.0472182039197717,False,1.0,1.0,2026-04,2026-02,E-PERM-025,,,,,,,True
2026-04-09,10,1.0,2,False,0.2136691371170114,0.0515295804374897,False,1.0,1.0,2026-04,2026-02,E-PERM-025,,,,,,,True
2026-04-09,11,1.0,2,False,-0.0079117392882491,0.0346121652455362,False,1.0,1.0,2026-04,2026-02,E-PERM-025,,,,,,,True
2026-04-09,12,1.0,2,True,0.7062225734502396,0.1248063338404315,True,1.0,1.0,2026-04,2026-02,E-PERM-025,,,,,,,True
2026-04-09,13,1.0,2,False,0.5185762328858973,0.0890998397099124,True,1.0,1.0,2026-04,2026-02,E-PERM-025,,,,,,,True
2026-04-09,14,1.0,2,False,-0.2790768632893262,0.0212679872490486,False,1.0,1.0,2026-04,2026-02,E-PERM-025,,,,,,,True
2026-04-09,15,1.0,2,False,-0.7856303110314512,0.0085630147895305,False,1.0,1.0,2026-04,2026-02,E-PERM-025,,,,,,,True
2026-04-09,18,2.0,2,False,-0.7379276417277093,0.0093289689341558,False,1.0,1.0,2026-04,2026-02,E-PERM-025,,,,,,,True
2026-04-09,19,2.0,2,False,0.346015309786424,0.0653557026084282,True,1.0,1.0,2026-04,2026-02,E-PERM-025,,,,,,,True
2026-04-09,20,2.0,2,False,1.495960340302432,0.5154818613750015,True,1.0,1.0,2026-04,2026-02,E-PERM-025,,,,,,,True
2026-04-09,21,2.0,2,False,-1.3053411810744269,0.0033671659347017,False,1.0,1.0,2026-04,2026-02,E-PERM-025,,,,,,,True
2026-04-10,8,1.0,2,False,0.5215987273108076,0.1059293498992548,False,1.0,1.0,2026-04,2026-02,E-PERM-025,,,,,,,True
2026-04-10,9,1.0,2,False,0.6655643853129214,0.1371848371298118,True,1.0,1.0,2026-04,2026-02,E-PERM-025,,,,,,,True
2026-04-10,10,1.0,2,False,0.6547901107142378,0.1345558031591547,False,1.0,1.0,2026-04,2026-02,E-PERM-025,,,,,,,True
2026-04-10,11,1.0,2,False,0.3056631104091476,0.071877280623782,False,1.0,1.0,2026-04,2026-02,E-PERM-025,,,,,,,True
2026-04-10,12,1.0,2,True,0.7744035048457659,0.1668007690207257,True,1.0,1.0,2026-04,2026-02,E-PERM-025,,,,,,,True
2026-04-10,13,1.0,2,False,0.556601285725854,0.1128021750771225,False,1.0,1.0,2026-04,2026-02,E-PERM-025,,,,,,,True
2026-04-10,14,1.0,2,False,-0.3943435255536744,0.0204457494105058,False,1.0,1.0,2026-04,2026-02,E-PERM-025,,,,,,,True
2026-04-10,15,1.0,2,False,-0.9060026286928884,0.0081568231458351,False,1.0,1.0,2026-04,2026-02,E-PERM-025,,,,,,,True
2026-04-10,18,2.0,2,False,-0.9990392603407964,0.0069016777253761,False,1.0,1.0,2026-04,2026-02,E-PERM-025,,,,,,,True
2026-04-10,19,2.0,2,False,-0.1513472023497533,0.0316325652881933,True,1.0,1.0,2026-04,2026-02,E-PERM-025,,,,,,,True
2026-04-10,20,2.0,2,False,0.8816252303358287,0.2022220255231629,True,1.0,1.0,2026-04,2026-02,E-PERM-025,,,,,,,True
2026-04-10,21,2.0,2,False,-1.8522617530533003,0.0014909439970749,False,1.0,1.0,2026-04,2026-02,E-PERM-025,,,,,,,True
2026-04-13,8,1.0,2,True,0.5845528709452751,0.1385161699058635,True,1.0,1.0,2026-04,2026-02,E-PERM-025,,,,,,,True
2026-04-13,9,1.0,2,False,0.5445513205182244,0.1289140379905213,True,1.0,1.0,2026-04,2026-02,E-PERM-025,,,,,,,True
2026-04-13,10,1.0,2,False,0.2951884563942772,0.0823764517589229,False,1.0,1.0,2026-04,2026-02,E-PERM-025,,,,,,,True
2026-04-13,11,1.0,2,False,-0.0791439118220849,0.0420564582495855,False,1.0,1.0,2026-04,2026-02,E-PERM-025,,,,,,,True
2026-04-13,12,1.0,2,False,0.4636915041378007,0.1114888586771266,False,1.0,1.0,2026-04,2026-02,E-PERM-025,,,,,,,True
2026-04-13,13,1.0,2,False,0.2322009772771482,0.073565525039418,False,1.0,1.0,2026-04,2026-02,E-PERM-025,,,,,,,True
2026-04-13,14,1.0,2,False,-0.7592136635401913,0.0123992206823529,False,1.0,1.0,2026-04,2026-02,E-PERM-025,,,,,,,True
2026-04-13,15,1.0,2,False,-1.295390179738598,0.0047335765023426,False,1.0,1.0,2026-04,2026-02,E-PERM-025,,,,,,,True
2026-04-13,18,2.0,2,False,-1.4992754294397796,0.0032821901091701,False,1.0,1.0,2026-04,2026-02,E-PERM-025,,,,,,,True
2026-04-13,19,2.0,2,False,-0.3622533158678223,0.0252937990121177,True,1.0,1.0,2026-04,2026-02,E-PERM-025,,,,,,,True
2026-04-13,20,2.0,2,False,1.1363320676700532,0.37314290227097,True,1.0,1.0,2026-04,2026-02,E-PERM-025,,,,,,,True
2026-04-13,21,2.0,2,False,-1.3579124601775767,0.0042308098016085,False,1.0,1.0,2026-04,2026-02,E-PERM-025,,,,,,,True
2026-04-14,8,1.0,2,False,0.4571972365800105,0.0810684984225609,True,0.0,0.0,2026-04,2026-02,E-PERM-025,,,,,,,True
2026-04-14,9,1.0,2,False,0.4339267627747081,0.0777502349865652,True,0.0,0.0,2026-04,2026-02,E-PERM-025,,,,,,,True
2026-04-14,10,1.0,2,True,0.2365280165443323,0.0545425403278046,False,0.0,0.0,2026-04,2026-02,E-PERM-025,,,,,,,True
2026-04-14,11,1.0,2,False,-0.2084843613683586,0.0245265375111639,False,0.0,0.0,2026-04,2026-02,E-PERM-025,,,,,,,True
2026-04-14,12,1.0,2,False,0.3380052167644163,0.0654463115193449,False,0.0,0.0,2026-04,2026-02,E-PERM-025,,,,,,,True
2026-04-14,13,1.0,2,False,0.1485318251383588,0.04656937563818,False,0.0,0.0,2026-04,2026-02,E-PERM-025,,,,,,,True
2026-04-14,14,1.0,2,False,-0.8169475835098516,0.0082233605703189,False,0.0,0.0,2026-04,2026-02,E-PERM-025,,,,,,,True
2026-04-14,15,1.0,2,False,-1.3494413814156077,0.003160216069046,False,0.0,0.0,2026-04,2026-02,E-PERM-025,,,,,,,True
2026-04-14,18,2.0,2,False,-1.4368875599593582,0.0027009144475557,False,0.0,0.0,2026-04,2026-02,E-PERM-025,,,,,,,True
2026-04-14,19,2.0,2,False,0.0593121652726523,0.0396744753861132,True,0.0,0.0,2026-04,2026-02,E-PERM-025,,,,,,,True
2026-04-14,20,2.0,2,False,1.561271010357003,0.5888484480634648,True,0.0,0.0,2026-04,2026-02,E-PERM-025,,,,,,,True
2026-04-14,21,2.0,2,False,-0.8690266694127923,0.0074890870578812,False,0.0,0.0,2026-04,2026-02,E-PERM-025,,,,,,,True
2026-04-15,8,1.0,2,False,0.4366481753578742,0.0766134619656298,True,1.0,1.0,2026-04,2026-02,E-PERM-025,,,,,,,True
2026-04-15,9,1.0,2,False,0.4571577263974103,0.0794880881977946,True,1.0,1.0,2026-04,2026-02,E-PERM-025,,,,,,,True
2026-04-15,10,1.0,2,False,0.3521872184460315,0.0658305586429286,False,1.0,1.0,2026-04,2026-02,E-PERM-025,,,,,,,True
2026-04-15,11,1.0,2,False,-0.018090812160201,0.0338547368650122,False,1.0,1.0,2026-04,2026-02,E-PERM-025,,,,,,,True
2026-04-15,12,1.0,2,False,0.4302231749969857,0.0757344959394532,False,1.0,1.0,2026-04,2026-02,E-PERM-025,,,,,,,True
2026-04-15,13,1.0,2,False,0.2023719896368453,0.0503008366609918,False,1.0,1.0,2026-04,2026-02,E-PERM-025,,,,,,,True
2026-04-15,14,1.0,2,False,-0.8095039131873201,0.0081721430395501,False,1.0,1.0,2026-04,2026-02,E-PERM-025,,,,,,,True
2026-04-15,15,1.0,2,False,-1.364599660158214,0.0030156047467485,False,1.0,1.0,2026-04,2026-02,E-PERM-025,,,,,,,True
2026-04-15,18,2.0,2,False,-1.4167604992678755,0.0027459346579824,False,1.0,1.0,2026-04,2026-02,E-PERM-025,,,,,,,True
2026-04-15,19,2.0,2,False,0.0102364527960679,0.035621650531349,True,1.0,1.0,2026-04,2026-02,E-PERM-025,,,,,,,True
2026-04-15,20,2.0,2,True,1.545492082292033,0.5612767908160939,True,1.0,1.0,2026-04,2026-02,E-PERM-025,,,,,,,True
2026-04-15,21,2.0,2,False,-0.868868399490481,0.0073456979364653,False,1.0,1.0,2026-04,2026-02,E-PERM-025,,,,,,,True
2026-04-16,8,1.0,2,False,0.3971177819276668,0.0761290990494798,True,1.0,1.0,2026-04,2026-02,E-PERM-025,,,,,,,True
2026-04-16,9,1.0,2,False,0.4046416476773345,0.0771647808874451,True,1.0,1.0,2026-04,2026-02,E-PERM-025,,,,,,,True
2026-04-16,10,1.0,2,False,0.2613468903029317,0.0596557910485224,False,1.0,1.0,2026-04,2026-02,E-PERM-025,,,,,,,True
2026-04-16,11,1.0,2,False,-0.1650354212512073,0.0277385975788465,False,1.0,1.0,2026-04,2026-02,E-PERM-025,,,,,,,True
2026-04-16,12,1.0,2,False,0.3646722812029712,0.0718197630090867,False,1.0,1.0,2026-04,2026-02,E-PERM-025,,,,,,,True
2026-04-16,13,1.0,2,False,0.1344101844728806,0.0474946819176044,False,1.0,1.0,2026-04,2026-02,E-PERM-025,,,,,,,True
2026-04-16,14,1.0,2,False,-0.8587612470086575,0.0079798509420351,False,1.0,1.0,2026-04,2026-02,E-PERM-025,,,,,,,True
2026-04-16,15,1.0,2,False,-1.396179830225183,0.0030396319933328,False,1.0,1.0,2026-04,2026-02,E-PERM-025,,,,,,,True
2026-04-16,18,2.0,2,False,-1.464937560290641,0.0026865294474336,False,1.0,1.0,2026-04,2026-02,E-PERM-025,,,,,,,True
2026-04-16,19,2.0,2,False,-0.2491596304653011,0.0238489689625934,True,1.0,1.0,2026-04,2026-02,E-PERM-025,,,,,,,True
2026-04-16,20,2.0,2,True,1.5416084697293757,0.5946019540754673,True,1.0,1.0,2026-04,2026-02,E-PERM-025,,,,,,,True
2026-04-16,21,2.0,2,False,-0.8685811199755137,0.0078403510881526,False,1.0,1.0,2026-04,2026-02,E-PERM-025,,,,,,,True
2026-04-17,8,1.0,2,True,0.6242197337366465,0.1462691138932039,True,0.0,1.0,2026-04,2026-02,E-PERM-025,,,,,,,True
2026-04-17,9,1.0,2,False,0.6422360527239797,0.1510792891399794,True,0.0,1.0,2026-04,2026-02,E-PERM-025,,,,,,,True
2026-04-17,10,1.0,2,False,0.449205156501102,0.1068182364205139,False,0.0,1.0,2026-04,2026-02,E-PERM-025,,,,,,,True
2026-04-17,11,1.0,2,False,0.0434635940136328,0.0515438186319921,False,0.0,1.0,2026-04,2026-02,E-PERM-025,,,,,,,True
2026-04-17,12,1.0,2,False,0.4919749617192048,0.1153466109887064,False,0.0,1.0,2026-04,2026-02,E-PERM-025,,,,,,,True
2026-04-17,13,1.0,2,False,0.2786072692129097,0.0786290611427735,False,0.0,1.0,2026-04,2026-02,E-PERM-025,,,,,,,True
2026-04-17,14,1.0,2,False,-0.8443671563145411,0.0104638046538213,False,0.0,1.0,2026-04,2026-02,E-PERM-025,,,,,,,True
2026-04-17,15,1.0,2,False,-1.342835610265956,0.0042746053986361,False,0.0,1.0,2026-04,2026-02,E-PERM-025,,,,,,,True
2026-04-17,18,2.0,2,False,-1.1638003974576765,0.0058957526849957,False,0.0,1.0,2026-04,2026-02,E-PERM-025,,,,,,,True
2026-04-17,19,2.0,2,False,-0.0310932565591323,0.0450841630515831,True,0.0,1.0,2026-04,2026-02,E-PERM-025,,,,,,,True
2026-04-17,20,2.0,2,False,0.9905182046685352,0.2823948459455855,True,0.0,1.0,2026-04,2026-02,E-PERM-025,,,,,,,True
2026-04-17,21,2.0,2,False,-1.712507819513961,0.0022006980482085,False,0.0,1.0,2026-04,2026-02,E-PERM-025,,,,,,,True
2026-04-20,8,1.0,2,False,0.1555737069897255,0.0587972353003408,False,0.0,0.0,2026-04,2026-02,E-PERM-025,,,,,,,True
2026-04-20,9,1.0,2,False,0.3750626359728252,0.0872073468782197,False,0.0,0.0,2026-04,2026-02,E-PERM-025,,,,,,,True
2026-04-20,10,1.0,2,False,0.4375823890440132,0.0975701564573485,False,0.0,0.0,2026-04,2026-02,E-PERM-025,,,,,,,True
2026-04-20,11,1.0,2,False,0.208333035679527,0.0646409801467229,False,0.0,0.0,2026-04,2026-02,E-PERM-025,,,,,,,True
2026-04-20,12,1.0,2,False,0.7645583870162805,0.175529671083382,True,0.0,0.0,2026-04,2026-02,E-PERM-025,,,,,,,True
2026-04-20,13,1.0,2,False,0.5626501468387745,0.1221425244103023,True,0.0,0.0,2026-04,2026-02,E-PERM-025,,,,,,,True
2026-04-20,14,1.0,2,False,-0.2730786851533928,0.0272281533325612,False,0.0,0.0,2026-04,2026-02,E-PERM-025,,,,,,,True
2026-04-20,15,1.0,2,False,-0.7716970517594376,0.011120073707449,False,0.0,0.0,2026-04,2026-02,E-PERM-025,,,,,,,True
2026-04-20,18,2.0,2,True,-0.8024550448406965,0.0105224569946056,False,0.0,0.0,2026-04,2026-02,E-PERM-025,,,,,,,True
2026-04-20,19,2.0,2,False,0.0168424128253207,0.0458299919005046,True,0.0,0.0,2026-04,2026-02,E-PERM-025,,,,,,,True
2026-04-20,20,2.0,2,False,1.057862501490043,0.2972492754366013,True,0.0,0.0,2026-04,2026-02,E-PERM-025,,,,,,,True
2026-04-20,21,2.0,2,False,-1.6835516365435763,0.0021621343519616,False,0.0,0.0,2026-04,2026-02,E-PERM-025,,,,,,,True
2026-04-21,8,1.0,2,False,0.257699495596433,0.0681247520559584,False,0.0,1.0,2026-04,2026-02,E-PERM-025,,,,,,,True
2026-04-21,9,1.0,2,False,0.4166174950830029,0.0906269182278765,False,0.0,1.0,2026-04,2026-02,E-PERM-025,,,,,,,True
2026-04-21,10,1.0,2,False,0.4278230327952158,0.0924692353115502,False,0.0,1.0,2026-04,2026-02,E-PERM-025,,,,,,,True
2026-04-21,11,1.0,2,False,0.1924497339282251,0.0605914945950577,False,0.0,1.0,2026-04,2026-02,E-PERM-025,,,,,,,True
2026-04-21,12,1.0,2,False,0.7279017182180956,0.1585081279457852,True,0.0,1.0,2026-04,2026-02,E-PERM-025,,,,,,,True
2026-04-21,13,1.0,2,True,0.5035633425814354,0.1059431580764594,True,0.0,1.0,2026-04,2026-02,E-PERM-025,,,,,,,True
2026-04-21,14,1.0,2,False,-0.3369178986495468,0.0234162552787643,False,0.0,1.0,2026-04,2026-02,E-PERM-025,,,,,,,True
2026-04-21,15,1.0,2,False,-0.8296649493931244,0.0096646562036891,False,0.0,1.0,2026-04,2026-02,E-PERM-025,,,,,,,True
2026-04-21,18,2.0,2,False,-0.8539390129321958,0.0092523747510769,False,0.0,1.0,2026-04,2026-02,E-PERM-025,,,,,,,True
2026-04-21,19,2.0,2,False,0.0541638779154667,0.047266339639395,True,0.0,1.0,2026-04,2026-02,E-PERM-025,,,,,,,True
2026-04-21,20,2.0,2,False,1.1392230729403383,0.331797000718265,True,0.0,1.0,2026-04,2026-02,E-PERM-025,,,,,,,True
2026-04-21,21,2.0,2,False,-1.6194691917112385,0.0023396871961218,False,0.0,1.0,2026-04,2026-02,E-PERM-025,,,,,,,True
2026-04-22,8,1.0,2,False,0.0522050925298132,0.0453254718942519,False,0.0,0.0,2026-04,2026-02,E-PERM-025,,,,,,,True
2026-04-22,9,1.0,2,False,0.2741600931327065,0.0675245937903741,False,0.0,0.0,2026-04,2026-02,E-PERM-025,,,,,,,True
2026-04-22,10,1.0,2,False,0.300112499853066,0.0707463833614184,False,0.0,0.0,2026-04,2026-02,E-PERM-025,,,,,,,True
2026-04-22,11,1.0,2,False,0.0030285528889681,0.0414940472944638,False,0.0,0.0,2026-04,2026-02,E-PERM-025,,,,,,,True
2026-04-22,12,1.0,2,False,0.6210995470421597,0.1259118314246409,True,0.0,0.0,2026-04,2026-02,E-PERM-025,,,,,,,True
2026-04-22,13,1.0,2,False,0.4553119726260833,0.0934880621556994,True,0.0,0.0,2026-04,2026-02,E-PERM-025,,,,,,,True
2026-04-22,14,1.0,2,True,-0.3155532561502966,0.0234152893373487,False,0.0,0.0,2026-04,2026-02,E-PERM-025,,,,,,,True
2026-04-22,15,1.0,2,False,-0.799217111824274,0.0098232041854405,False,0.0,0.0,2026-04,2026-02,E-PERM-025,,,,,,,True
2026-04-22,18,2.0,2,False,-0.76174614791267,0.0105070218685639,False,0.0,0.0,2026-04,2026-02,E-PERM-025,,,,,,,True
2026-04-22,19,2.0,2,False,0.2163290953953251,0.0608632544632163,True,0.0,0.0,2026-04,2026-02,E-PERM-025,,,,,,,True
2026-04-22,20,2.0,2,False,1.3274722605349552,0.4477344740266522,True,0.0,0.0,2026-04,2026-02,E-PERM-025,,,,,,,True
2026-04-22,21,2.0,2,False,-1.4296106433828233,0.0031663661979296,False,0.0,0.0,2026-04,2026-02,E-PERM-025,,,,,,,True
2026-04-23,8,1.0,2,False,0.2503319553104842,0.0709368912616454,False,1.0,1.0,2026-04,2026-02,E-PERM-025,,,,,,,True
2026-04-23,9,1.0,2,False,0.3507466270305003,0.0849558361740707,False,1.0,1.0,2026-04,2026-02,E-PERM-025,,,,,,,True
2026-04-23,10,1.0,2,False,0.3665921535954413,0.0874082357198999,True,1.0,1.0,2026-04,2026-02,E-PERM-025,,,,,,,True
2026-04-23,11,1.0,2,False,0.0734037677525954,0.0516264609027948,False,1.0,1.0,2026-04,2026-02,E-PERM-025,,,,,,,True
2026-04-23,12,1.0,2,False,0.5949172188528374,0.1317165964161254,True,1.0,1.0,2026-04,2026-02,E-PERM-025,,,,,,,True
2026-04-23,13,1.0,2,False,0.3657497078075071,0.0872760870108163,False,1.0,1.0,2026-04,2026-02,E-PERM-025,,,,,,,True
2026-04-23,14,1.0,2,False,-0.5474743830213115,0.0169278614310288,False,1.0,1.0,2026-04,2026-02,E-PERM-025,,,,,,,True
2026-04-23,15,1.0,2,False,-1.0190756044035858,0.0072571200474234,False,1.0,1.0,2026-04,2026-02,E-PERM-025,,,,,,,True
2026-04-23,18,2.0,2,False,-0.9564047919112209,0.0081216834288792,False,1.0,1.0,2026-04,2026-02,E-PERM-025,,,,,,,True
2026-04-23,19,2.0,2,False,0.0543468725103418,0.049889416805014,True,1.0,1.0,2026-04,2026-02,E-PERM-025,,,,,,,True
2026-04-23,20,2.0,2,True,1.2135554474168708,0.4000955054198643,True,1.0,1.0,2026-04,2026-02,E-PERM-025,,,,,,,True
2026-04-23,21,2.0,2,False,-1.3810344443748812,0.0037883053824375,False,1.0,1.0,2026-04,2026-02,E-PERM-025,,,,,,,True
2026-04-24,8,1.0,2,False,0.7653848731217201,0.1629067653200861,True,1.0,1.0,2026-04,2026-02,E-PERM-025,,,,,,,True
2026-04-24,9,1.0,2,False,0.7666330663617096,0.1632723642601595,True,1.0,1.0,2026-04,2026-02,E-PERM-025,,,,,,,True
2026-04-24,10,1.0,2,False,0.609869008471489,0.123208431159877,False,1.0,1.0,2026-04,2026-02,E-PERM-025,,,,,,,True
2026-04-24,11,1.0,2,False,0.1410449152478921,0.0530846225608479,False,1.0,1.0,2026-04,2026-02,E-PERM-025,,,,,,,True
2026-04-24,12,1.0,2,False,0.5274919252371552,0.1062645121854819,False,1.0,1.0,2026-04,2026-02,E-PERM-025,,,,,,,True
2026-04-24,13,1.0,2,False,0.25578629894644,0.0652325411227394,False,1.0,1.0,2026-04,2026-02,E-PERM-025,,,,,,,True
2026-04-24,14,1.0,2,False,-0.8502424529693462,0.0089492791336619,False,1.0,1.0,2026-04,2026-02,E-PERM-025,,,,,,,True
2026-04-24,15,1.0,2,False,-1.37536955089911,0.0034849885023844,False,1.0,1.0,2026-04,2026-02,E-PERM-025,,,,,,,True
2026-04-24,18,2.0,2,False,-1.4310385350532702,0.0031534130450381,False,1.0,1.0,2026-04,2026-02,E-PERM-025,,,,,,,True
2026-04-24,19,2.0,2,False,-0.333538692528766,0.0226362642416334,True,1.0,1.0,2026-04,2026-02,E-PERM-025,,,,,,,True
2026-04-24,20,2.0,2,True,1.0751490543849078,0.2841501230645853,True,1.0,1.0,2026-04,2026-02,E-PERM-025,,,,,,,True
2026-04-24,21,2.0,2,False,-1.348589973704917,0.0036566954035048,False,1.0,1.0,2026-04,2026-02,E-PERM-025,,,,,,,True
2026-04-27,8,1.0,2,False,0.5896121339847147,0.1124953408809764,False,0.0,0.0,2026-04,2026-02,E-PERM-025,,,,,,,True
2026-04-27,9,1.0,2,False,0.8346214928363574,0.1746771251346706,True,0.0,0.0,2026-04,2026-02,E-PERM-025,,,,,,,True
2026-04-27,10,1.0,2,False,0.8049739381933139,0.1656195669964493,True,0.0,0.0,2026-04,2026-02,E-PERM-025,,,,,,,True
2026-04-27,11,1.0,2,False,0.2976385141231228,0.0665889282065526,False,0.0,0.0,2026-04,2026-02,E-PERM-025,,,,,,,True
2026-04-27,12,1.0,2,False,0.6643656627687131,0.1286591028718456,False,0.0,0.0,2026-04,2026-02,E-PERM-025,,,,,,,True
2026-04-27,13,1.0,2,False,0.315823598399576,0.0687996073904526,False,0.0,0.0,2026-04,2026-02,E-PERM-025,,,,,,,True
2026-04-27,14,1.0,2,True,-0.7389211960863105,0.0103492765007035,False,0.0,0.0,2026-04,2026-02,E-PERM-025,,,,,,,True
2026-04-27,15,1.0,2,False,-1.2750334637371636,0.0039514374646398,False,0.0,0.0,2026-04,2026-02,E-PERM-025,,,,,,,True
2026-04-27,18,2.0,2,False,-1.5092942378267376,0.0025944019092368,False,0.0,0.0,2026-04,2026-02,E-PERM-025,,,,,,,True
2026-04-27,19,2.0,2,False,-0.527200286107585,0.0151372605972354,True,0.0,0.0,2026-04,2026-02,E-PERM-025,,,,,,,True
2026-04-27,20,2.0,2,False,1.0316213320365144,0.2488234150803869,True,0.0,0.0,2026-04,2026-02,E-PERM-025,,,,,,,True
2026-04-27,21,2.0,2,False,-1.5752623634611695,0.00230453696685,False,0.0,0.0,2026-04,2026-02,E-PERM-025,,,,,,,True
2026-04-28,8,1.0,2,False,0.2796766619224583,0.0642708137704111,False,1.0,1.0,2026-04,2026-02,E-PERM-025,,,,,,,True
2026-04-28,9,1.0,2,False,0.3878974471113889,0.0780590837456391,False,1.0,1.0,2026-04,2026-02,E-PERM-025,,,,,,,True
2026-04-28,10,1.0,2,False,0.3990607644096468,0.0796398755053018,False,1.0,1.0,2026-04,2026-02,E-PERM-025,,,,,,,True
2026-04-28,11,1.0,2,False,0.1187096276118725,0.0481352600861575,False,1.0,1.0,2026-04,2026-02,E-PERM-025,,,,,,,True
2026-04-28,12,1.0,2,False,0.663161346474582,0.1279743033830394,True,1.0,1.0,2026-04,2026-02,E-PERM-025,,,,,,,True
2026-04-28,13,1.0,2,False,0.4537080429106098,0.0878525063401973,True,1.0,1.0,2026-04,2026-02,E-PERM-025,,,,,,,True
2026-04-28,14,1.0,2,False,-0.423697880980628,0.0181718150063424,False,1.0,1.0,2026-04,2026-02,E-PERM-025,,,,,,,True
2026-04-28,15,1.0,2,False,-0.924001589026926,0.0073990039434622,False,1.0,1.0,2026-04,2026-02,E-PERM-025,,,,,,,True
2026-04-28,18,2.0,2,False,-1.0102004736653254,0.0063378239222773,False,1.0,1.0,2026-04,2026-02,E-PERM-025,,,,,,,True
2026-04-28,19,2.0,2,False,0.0515555635271823,0.0426662764089475,True,1.0,1.0,2026-04,2026-02,E-PERM-025,,,,,,,True
2026-04-28,20,2.0,2,True,1.3452013577722115,0.4356099954550665,True,1.0,1.0,2026-04,2026-02,E-PERM-025,,,,,,,True
2026-04-28,21,2.0,2,False,-1.2829596044853655,0.0038832424331573,False,1.0,1.0,2026-04,2026-02,E-PERM-025,,,,,,,True
2026-04-29,8,1.0,2,False,0.1405866405620225,0.0575807792458768,False,1.0,1.0,2026-04,2026-02,E-PERM-025,,,,,,,True
2026-04-29,9,1.0,2,False,0.266357141743877,0.0721731318632103,True,1.0,1.0,2026-04,2026-02,E-PERM-025,,,,,,,True
2026-04-29,10,1.0,2,False,0.210861995139062,0.0653266895600592,False,1.0,1.0,2026-04,2026-02,E-PERM-025,,,,,,,True
2026-04-29,11,1.0,2,False,-0.1216883057684149,0.0359508604153654,False,1.0,1.0,2026-04,2026-02,E-PERM-025,,,,,,,True
2026-04-29,12,1.0,2,False,0.4601422767338234,0.1022170561262212,True,1.0,1.0,2026-04,2026-02,E-PERM-025,,,,,,,True
2026-04-29,13,1.0,2,False,0.2636581794278239,0.0718241383587412,False,1.0,1.0,2026-04,2026-02,E-PERM-025,,,,,,,True
2026-04-29,14,1.0,2,False,-0.6178646043077898,0.0147469946403439,False,1.0,1.0,2026-04,2026-02,E-PERM-025,,,,,,,True
2026-04-29,15,1.0,2,False,-1.11523779787222,0.0060362081332294,False,1.0,1.0,2026-04,2026-02,E-PERM-025,,,,,,,True
2026-04-29,18,2.0,2,False,-0.8946115562582335,0.0089711362282008,False,1.0,1.0,2026-04,2026-02,E-PERM-025,,,,,,,True
2026-04-29,19,2.0,2,False,0.1182428093251606,0.0553158867142645,True,1.0,1.0,2026-04,2026-02,E-PERM-025,,,,,,,True
2026-04-29,20,2.0,2,True,1.3493656152887408,0.5047734707523576,True,1.0,1.0,2026-04,2026-02,E-PERM-025,,,,,,,True
2026-04-29,21,2.0,2,False,-1.210867287183936,0.0050836479621291,False,1.0,1.0,2026-04,2026-02,E-PERM-025,,,,,,,True
2026-04-30,8,1.0,2,False,0.0413196305036319,0.038730129076068,False,0.0,1.0,2026-04,2026-02,E-PERM-025,,,,,,,True
2026-04-30,9,1.0,2,False,0.2765042311676464,0.0590863775434164,False,0.0,1.0,2026-04,2026-02,E-PERM-025,,,,,,,True
2026-04-30,10,1.0,2,False,0.2840841827999635,0.0598962382990203,False,0.0,1.0,2026-04,2026-02,E-PERM-025,,,,,,,True
2026-04-30,11,1.0,2,False,-0.0117959517806471,0.035206272621629,False,0.0,1.0,2026-04,2026-02,E-PERM-025,,,,,,,True
2026-04-30,12,1.0,2,False,0.557113141133407,0.0978037871492751,True,0.0,1.0,2026-04,2026-02,E-PERM-025,,,,,,,True
2026-04-30,13,1.0,2,True,0.312813159610425,0.0630677692195438,True,0.0,1.0,2026-04,2026-02,E-PERM-025,,,,,,,True
2026-04-30,14,1.0,2,False,-0.6245889067985719,0.0117126738438262,False,0.0,1.0,2026-04,2026-02,E-PERM-025,,,,,,,True
2026-04-30,15,1.0,2,False,-1.1529888948658873,0.0045343659621209,False,0.0,1.0,2026-04,2026-02,E-PERM-025,,,,,,,True
2026-04-30,18,2.0,2,False,-0.9750212334424816,0.0062420483914904,False,0.0,1.0,2026-04,2026-02,E-PERM-025,,,,,,,True
2026-04-30,19,2.0,2,False,0.2601750829384706,0.057378741178172,True,0.0,1.0,2026-04,2026-02,E-PERM-025,,,,,,,True
2026-04-30,20,2.0,2,False,1.5297855464120391,0.5610700944385614,True,0.0,1.0,2026-04,2026-02,E-PERM-025,,,,,,,True
2026-04-30,21,2.0,2,False,-1.0691173365131004,0.0052715022768759,False,0.0,1.0,2026-04,2026-02,E-PERM-025,,,,,,,True
2026-05-04,8,1.0,2,False,-0.1437974215179286,0.0458416045403035,False,0.0,0.0,2026-05,2026-03,E-PERM-025,,,,,,,True
2026-05-04,9,1.0,2,True,0.2649843006275253,0.0955212234119192,False,0.0,0.0,2026-05,2026-03,E-PERM-025,,,,,,,True
2026-05-04,10,1.0,2,False,0.4155269588364231,0.1251755722915069,False,0.0,0.0,2026-05,2026-03,E-PERM-025,,,,,,,True
2026-05-04,11,1.0,2,False,0.3251132388931265,0.1064140628023594,False,0.0,0.0,2026-05,2026-03,E-PERM-025,,,,,,,True
2026-05-04,12,1.0,2,False,1.0261463822434542,0.3747902463533654,True,0.0,0.0,2026-05,2026-03,E-PERM-025,,,,,,,True
2026-05-04,13,1.0,2,False,0.6272992135137125,0.1831036201361178,True,0.0,0.0,2026-05,2026-03,E-PERM-025,,,,,,,True
2026-05-04,14,1.0,2,False,-0.1754407675148949,0.0433090591892373,False,0.0,0.0,2026-05,2026-03,E-PERM-025,,,,,,,True
2026-05-04,15,1.0,2,False,-0.8091087597403581,0.0138781864238058,False,0.0,0.0,2026-05,2026-03,E-PERM-025,,,,,,,True
2026-05-04,20,2.0,2,False,-1.2460948225554136,0.0063313151718622,True,0.0,0.0,2026-05,2026-03,E-PERM-025,,,,,,,True
2026-05-04,21,2.0,2,False,-1.310957765284103,0.0056351096795221,True,0.0,0.0,2026-05,2026-03,E-PERM-025,,,,,,,True
2026-05-05,8,1.0,2,False,-0.3538086929909459,0.0195471151176225,False,0.0,0.0,2026-05,2026-03,E-PERM-025,,,,,,,True
2026-05-05,9,1.0,2,False,0.0019355330970521,0.0370300880862479,False,0.0,0.0,2026-05,2026-03,E-PERM-025,,,,,,,True
2026-05-05,10,1.0,2,True,0.3685334056902913,0.0715306887828909,False,0.0,0.0,2026-05,2026-03,E-PERM-025,,,,,,,True
2026-05-05,11,1.0,2,False,0.4060084854752191,0.0765106835559942,False,0.0,0.0,2026-05,2026-03,E-PERM-025,,,,,,,True
2026-05-05,12,1.0,2,False,1.4295449040851569,0.4809016392606249,True,0.0,0.0,2026-05,2026-03,E-PERM-025,,,,,,,True
2026-05-05,13,1.0,2,False,1.0393789510074365,0.2386360494552749,True,0.0,0.0,2026-05,2026-03,E-PERM-025,,,,,,,True
2026-05-05,14,1.0,2,False,0.1764597524657181,0.0506616703389606,False,0.0,0.0,2026-05,2026-03,E-PERM-025,,,,,,,True
2026-05-05,15,1.0,2,False,-0.3613099309120889,0.0192855435042139,False,0.0,0.0,2026-05,2026-03,E-PERM-025,,,,,,,True
2026-05-05,20,2.0,2,False,-1.2128097877956503,0.0041790941228727,True,0.0,0.0,2026-05,2026-03,E-PERM-025,,,,,,,True
2026-05-05,21,2.0,2,False,-1.7079577266981174,0.0017174277752971,True,0.0,0.0,2026-05,2026-03,E-PERM-025,,,,,,,True
2026-05-06,8,1.0,2,False,-0.6473498486801275,0.0107933379934824,False,1.0,1.0,2026-05,2026-03,E-PERM-025,,,,,,,True
2026-05-06,9,1.0,2,False,0.0043917727268074,0.0347935556407203,False,1.0,1.0,2026-05,2026-03,E-PERM-025,,,,,,,True
2026-05-06,10,1.0,2,False,0.4271738457569756,0.0743462077147299,False,1.0,1.0,2026-05,2026-03,E-PERM-025,,,,,,,True
2026-05-06,11,1.0,2,False,0.5690209013411764,0.0959171279120281,False,1.0,1.0,2026-05,2026-03,E-PERM-025,,,,,,,True
2026-05-06,12,1.0,2,False,1.419749971775391,0.4420228301391382,True,1.0,1.0,2026-05,2026-03,E-PERM-025,,,,,,,True
2026-05-06,13,1.0,2,True,1.1062056680241417,0.2517025218191773,True,1.0,1.0,2026-05,2026-03,E-PERM-025,,,,,,,True
2026-05-06,14,1.0,2,False,0.3509904273448835,0.0648391865835616,False,1.0,1.0,2026-05,2026-03,E-PERM-025,,,,,,,True
2026-05-06,15,1.0,2,False,-0.2491070331872288,0.0220686489002158,False,1.0,1.0,2026-05,2026-03,E-PERM-025,,,,,,,True
2026-05-06,20,2.0,2,False,-1.4771213004820567,0.0024319446631511,True,1.0,1.0,2026-05,2026-03,E-PERM-025,,,,,,,True
2026-05-06,21,2.0,2,False,-1.9267100987979888,0.0010846386337949,True,1.0,1.0,2026-05,2026-03,E-PERM-025,,,,,,,True
2026-05-07,8,1.0,2,False,-0.3140391073242689,0.0307698524305922,False,0.0,1.0,2026-05,2026-03,E-PERM-025,,,,,,,True
2026-05-07,9,1.0,2,False,0.1814304497229284,0.0749169241337797,False,0.0,1.0,2026-05,2026-03,E-PERM-025,,,,,,,True
2026-05-07,10,1.0,2,False,0.3635925259368818,0.1039111246245411,False,0.0,1.0,2026-05,2026-03,E-PERM-025,,,,,,,True
2026-05-07,11,1.0,2,False,0.3308958246616589,0.0979849538151579,False,0.0,1.0,2026-05,2026-03,E-PERM-025,,,,,,,True
2026-05-07,12,1.0,2,False,1.1178102627975066,0.4026558607104283,True,0.0,1.0,2026-05,2026-03,E-PERM-025,,,,,,,True
2026-05-07,13,1.0,2,False,0.7268811624276603,0.1995347683714741,True,0.0,1.0,2026-05,2026-03,E-PERM-025,,,,,,,True
2026-05-07,14,1.0,2,False,-0.1436097284279474,0.0417884530272372,False,0.0,1.0,2026-05,2026-03,E-PERM-025,,,,,,,True
2026-05-07,15,1.0,2,False,-0.8067045051389861,0.0127015893146031,False,0.0,1.0,2026-05,2026-03,E-PERM-025,,,,,,,True
2026-05-07,20,2.0,2,True,-0.45661492080654,0.0238187877389475,True,0.0,1.0,2026-05,2026-03,E-PERM-025,,,,,,,True
2026-05-07,21,2.0,2,False,-0.8421749839964271,0.0119176858332385,True,0.0,1.0,2026-05,2026-03,E-PERM-025,,,,,,,True
2026-05-08,8,1.0,2,False,0.1119494261466099,0.0417061325370004,False,1.0,1.0,2026-05,2026-03,E-PERM-025,,,,,,,True
2026-05-08,9,1.0,2,False,0.529867740733035,0.0883418135725447,False,1.0,1.0,2026-05,2026-03,E-PERM-025,,,,,,,True
2026-05-08,10,1.0,2,False,0.5892373085641286,0.0982818149848925,False,1.0,1.0,2026-05,2026-03,E-PERM-025,,,,,,,True
2026-05-08,11,1.0,2,False,0.6083836385085203,0.101720117261327,False,1.0,1.0,2026-05,2026-03,E-PERM-025,,,,,,,True
2026-05-08,12,1.0,2,False,1.3772609041056734,0.4046810955233073,True,1.0,1.0,2026-05,2026-03,E-PERM-025,,,,,,,True
2026-05-08,13,1.0,2,True,1.0240398005776172,0.2145896731996629,True,1.0,1.0,2026-05,2026-03,E-PERM-025,,,,,,,True
2026-05-08,14,1.0,2,False,0.0098257234594525,0.0347172925102408,False,1.0,1.0,2026-05,2026-03,E-PERM-025,,,,,,,True
2026-05-08,15,1.0,2,False,-0.5805093791670499,0.012025369898122,False,1.0,1.0,2026-05,2026-03,E-PERM-025,,,,,,,True
2026-05-08,20,2.0,2,False,-1.5550518048972954,0.0020891923321151,True,1.0,1.0,2026-05,2026-03,E-PERM-025,,,,,,,True
2026-05-08,21,2.0,2,False,-1.6235082464363737,0.0018474981807872,True,1.0,1.0,2026-05,2026-03,E-PERM-025,,,,,,,True
2026-05-12,8,1.0,2,False,-0.1093932912291996,0.0482851577694176,False,1.0,1.0,2026-05,2026-03,E-PERM-025,,,,,,,True
2026-05-12,9,1.0,2,False,0.2693820688639137,0.0953343628911632,False,1.0,1.0,2026-05,2026-03,E-PERM-025,,,,,,,True
2026-05-12,10,1.0,2,False,0.3660907784679861,0.1134174745256042,False,1.0,1.0,2026-05,2026-03,E-PERM-025,,,,,,,True
2026-05-12,11,1.0,2,False,0.300138431120293,0.1007485264848961,False,1.0,1.0,2026-05,2026-03,E-PERM-025,,,,,,,True
2026-05-12,12,1.0,2,False,1.0224448968781177,0.3686554396871851,True,1.0,1.0,2026-05,2026-03,E-PERM-025,,,,,,,True
2026-05-12,13,1.0,2,True,0.6256921335936105,0.1807852040762596,True,1.0,1.0,2026-05,2026-03,E-PERM-025,,,,,,,True
2026-05-12,14,1.0,2,False,-0.1587567184918762,0.0441887127207502,False,1.0,1.0,2026-05,2026-03,E-PERM-025,,,,,,,True
2026-05-12,15,1.0,2,False,-0.8150335174438698,0.0135966207378126,False,1.0,1.0,2026-05,2026-03,E-PERM-025,,,,,,,True
2026-05-12,20,2.0,2,False,-0.4160146637653508,0.0278391674415621,True,1.0,1.0,2026-05,2026-03,E-PERM-025,,,,,,,True
2026-05-12,21,2.0,2,False,-1.1729487615292868,0.0071493336653488,True,1.0,1.0,2026-05,2026-03,E-PERM-025,,,,,,,True
2026-05-13,8,1.0,2,False,0.0600659131751795,0.0540068730829765,False,1.0,1.0,2026-05,2026-03,E-PERM-025,,,,,,,True
2026-05-13,9,1.0,2,False,0.464891651721131,0.1117386770845138,False,1.0,1.0,2026-05,2026-03,E-PERM-025,,,,,,,True
2026-05-13,10,1.0,2,False,0.5461885970100694,0.1293043745701106,False,1.0,1.0,2026-05,2026-03,E-PERM-025,,,,,,,True
2026-05-13,11,1.0,2,False,0.4561447285289394,0.1099970738718478,False,1.0,1.0,2026-05,2026-03,E-PERM-025,,,,,,,True
2026-05-13,12,1.0,2,False,1.131516984373688,0.3699606238826128,True,1.0,1.0,2026-05,2026-03,E-PERM-025,,,,,,,True
2026-05-13,13,1.0,2,True,0.6628827742673178,0.1594527132672468,True,1.0,1.0,2026-05,2026-03,E-PERM-025,,,,,,,True
2026-05-13,14,1.0,2,False,-0.125946696195341,0.0386690587831244,False,1.0,1.0,2026-05,2026-03,E-PERM-025,,,,,,,True
2026-05-13,15,1.0,2,False,-0.8043891368021705,0.0114339044608782,False,1.0,1.0,2026-05,2026-03,E-PERM-025,,,,,,,True
2026-05-13,20,2.0,2,False,-0.7374538293551367,0.012894440847877,True,1.0,1.0,2026-05,2026-03,E-PERM-025,,,,,,,True
2026-05-13,21,2.0,2,False,-1.6415614296306056,0.0025422601488116,True,1.0,1.0,2026-05,2026-03,E-PERM-025,,,,,,,True
2026-05-14,8,1.0,2,False,-0.5922204475163445,0.0121393100370251,False,1.0,1.0,2026-05,2026-03,E-PERM-025,,,,,,,True
2026-05-14,9,1.0,2,False,0.0286532043047079,0.0370220747497467,False,1.0,1.0,2026-05,2026-03,E-PERM-025,,,,,,,True
2026-05-14,10,1.0,2,False,0.4968305246251978,0.0858277998232346,False,1.0,1.0,2026-05,2026-03,E-PERM-025,,,,,,,True
2026-05-14,11,1.0,2,False,0.5284511373855268,0.090842966755108,False,1.0,1.0,2026-05,2026-03,E-PERM-025,,,,,,,True
2026-05-14,12,1.0,2,True,1.4293538895455888,0.4581145946900884,True,1.0,1.0,2026-05,2026-03,E-PERM-025,,,,,,,True
2026-05-14,13,1.0,2,False,1.0637050759182456,0.2375618559367883,True,1.0,1.0,2026-05,2026-03,E-PERM-025,,,,,,,True
2026-05-14,14,1.0,2,False,0.2305161398521392,0.0531996854149391,False,1.0,1.0,2026-05,2026-03,E-PERM-025,,,,,,,True
2026-05-14,15,1.0,2,False,-0.3357742967537995,0.019240481221599,False,1.0,1.0,2026-05,2026-03,E-PERM-025,,,,,,,True
2026-05-14,20,2.0,2,False,-1.211896505705753,0.0039889753093347,True,1.0,1.0,2026-05,2026-03,E-PERM-025,,,,,,,True
2026-05-14,21,2.0,2,False,-1.5792393975889043,0.0020622560621356,True,1.0,1.0,2026-05,2026-03,E-PERM-025,,,,,,,True
2026-05-15,8,1.0,2,False,-0.4426491577837605,0.0084117993001389,False,1.0,1.0,2026-05,2026-03,E-PERM-025,,,,,,,True
2026-05-15,9,1.0,2,False,0.5719063295178449,0.0520257277315124,False,1.0,1.0,2026-05,2026-03,E-PERM-025,,,,,,,True
2026-05-15,10,1.0,2,False,1.0270574685548448,0.1178216979274736,False,1.0,1.0,2026-05,2026-03,E-PERM-025,,,,,,,True
2026-05-15,11,1.0,2,False,1.0614447159564095,0.125327540224613,False,1.0,1.0,2026-05,2026-03,E-PERM-025,,,,,,,True
2026-05-15,12,1.0,2,False,1.773016304515185,0.4498373472039608,True,1.0,1.0,2026-05,2026-03,E-PERM-025,,,,,,,True
2026-05-15,13,1.0,2,True,1.3368852998405856,0.2055339887806769,True,1.0,1.0,2026-05,2026-03,E-PERM-025,,,,,,,True
2026-05-15,14,1.0,2,False,0.2812673908239449,0.0308692922343324,False,1.0,1.0,2026-05,2026-03,E-PERM-025,,,,,,,True
2026-05-15,15,1.0,2,False,-0.3700805017806661,0.0095827627465827,False,1.0,1.0,2026-05,2026-03,E-PERM-025,,,,,,,True
2026-05-15,20,2.0,2,False,-2.144931021107804,0.000395502605027,True,1.0,1.0,2026-05,2026-03,E-PERM-025,,,,,,,True
2026-05-15,21,2.0,2,False,-2.5405640113826884,0.0001943412456819,True,1.0,1.0,2026-05,2026-03,E-PERM-025,,,,,,,True
2026-05-18,8,1.0,2,False,-0.6163772767263941,0.0046123335255261,False,1.0,1.0,2026-05,2026-03,E-PERM-025,,,,,,,True
2026-05-18,9,1.0,2,False,0.5676783826578535,0.0386772945123032,False,1.0,1.0,2026-05,2026-03,E-PERM-025,,,,,,,True
2026-05-18,10,1.0,2,False,1.0492019958415626,0.0918402603512812,False,1.0,1.0,2026-05,2026-03,E-PERM-025,,,,,,,True
2026-05-18,11,1.0,2,False,1.0929083353079685,0.0993397393826095,False,1.0,1.0,2026-05,2026-03,E-PERM-025,,,,,,,True
2026-05-18,12,1.0,2,False,1.9595546407800903,0.4710712696435359,True,1.0,1.0,2026-05,2026-03,E-PERM-025,,,,,,,True
2026-05-18,13,1.0,2,True,1.5670228270283837,0.2327668319502191,True,1.0,1.0,2026-05,2026-03,E-PERM-025,,,,,,,True
2026-05-18,14,1.0,2,False,0.6554725016192476,0.0452828155148764,False,1.0,1.0,2026-05,2026-03,E-PERM-025,,,,,,,True
2026-05-18,15,1.0,2,False,0.0634812962804334,0.0156384712624544,False,1.0,1.0,2026-05,2026-03,E-PERM-025,,,,,,,True
2026-05-18,20,2.0,2,False,-1.737959348532375,0.0006153372984636,True,1.0,1.0,2026-05,2026-03,E-PERM-025,,,,,,,True
2026-05-18,21,2.0,2,False,-2.5033334982590705,0.00015564655873,True,1.0,1.0,2026-05,2026-03,E-PERM-025,,,,,,,True
2026-05-19,8,1.0,2,False,-0.7091706421411057,0.0043042656385675,False,0.0,0.0,2026-05,2026-03,E-PERM-025,,,,,,,True
2026-05-19,9,1.0,2,False,0.3118733186677488,0.0269332761147759,False,0.0,0.0,2026-05,2026-03,E-PERM-025,,,,,,,True
2026-05-19,10,1.0,2,False,0.8807251532305437,0.0748135300827667,False,0.0,0.0,2026-05,2026-03,E-PERM-025,,,,,,,True
2026-05-19,11,1.0,2,False,0.9990712856420008,0.0925310156222358,False,0.0,0.0,2026-05,2026-03,E-PERM-025,,,,,,,True
2026-05-19,12,1.0,2,False,1.9382719896371448,0.4998522410962487,True,0.0,0.0,2026-05,2026-03,E-PERM-025,,,,,,,True
2026-05-19,13,1.0,2,False,1.5286086385919566,0.2395046381033527,True,0.0,0.0,2026-05,2026-03,E-PERM-025,,,,,,,True
2026-05-19,14,1.0,2,True,0.6029622186102711,0.0454288386066756,False,0.0,0.0,2026-05,2026-03,E-PERM-025,,,,,,,True
2026-05-19,15,1.0,2,False,0.0060938030042341,0.0155520770844589,False,0.0,0.0,2026-05,2026-03,E-PERM-025,,,,,,,True
2026-05-19,20,2.0,2,False,-1.6133012427473497,0.0008485913525806,True,0.0,0.0,2026-05,2026-03,E-PERM-025,,,,,,,True
2026-05-19,21,2.0,2,False,-2.336526108259534,0.0002315262983371,True,0.0,0.0,2026-05,2026-03,E-PERM-025,,,,,,,True
2026-05-20,8,1.0,2,False,-0.5564448356760233,0.0156500041752845,False,1.0,1.0,2026-05,2026-03,E-PERM-025,,,,,,,True
2026-05-20,9,1.0,2,False,0.1182363840025347,0.0525714356069108,False,1.0,1.0,2026-05,2026-03,E-PERM-025,,,,,,,True
2026-05-20,10,1.0,2,False,0.4065893242701103,0.0882385379940971,False,1.0,1.0,2026-05,2026-03,E-PERM-025,,,,,,,True
2026-05-20,11,1.0,2,False,0.4118368619408745,0.0890740622520717,False,1.0,1.0,2026-05,2026-03,E-PERM-025,,,,,,,True
2026-05-20,12,1.0,2,False,1.28365154080635,0.426330171818102,True,1.0,1.0,2026-05,2026-03,E-PERM-025,,,,,,,True
2026-05-20,13,1.0,2,True,0.9884191551911332,0.2508833255126114,True,1.0,1.0,2026-05,2026-03,E-PERM-025,,,,,,,True
2026-05-20,14,1.0,2,False,0.0813137634177698,0.0491984099332713,False,1.0,1.0,2026-05,2026-03,E-PERM-025,,,,,,,True
2026-05-20,15,1.0,2,False,-0.5307161878863602,0.016390122289492,False,1.0,1.0,2026-05,2026-03,E-PERM-025,,,,,,,True
2026-05-20,20,2.0,2,False,-0.949552715223238,0.0077250200997091,True,1.0,1.0,2026-05,2026-03,E-PERM-025,,,,,,,True
2026-05-20,21,2.0,2,False,-1.3245942587075872,0.0039389103184496,True,1.0,1.0,2026-05,2026-03,E-PERM-025,,,,,,,True
2026-05-21,8,1.0,2,False,-0.3166560759849915,0.0269478029864742,False,1.0,1.0,2026-05,2026-03,E-PERM-025,,,,,,,True
2026-05-21,9,1.0,2,False,0.1586927714289552,0.063282585013158,False,1.0,1.0,2026-05,2026-03,E-PERM-025,,,,,,,True
2026-05-21,10,1.0,2,False,0.3434882159703485,0.0881901909918942,False,1.0,1.0,2026-05,2026-03,E-PERM-025,,,,,,,True
2026-05-21,11,1.0,2,False,0.3428882356449778,0.0880952135566076,False,1.0,1.0,2026-05,2026-03,E-PERM-025,,,,,,,True
2026-05-21,12,1.0,2,False,1.2030860877468177,0.4129393531305148,True,1.0,1.0,2026-05,2026-03,E-PERM-025,,,,,,,True
2026-05-21,13,1.0,2,True,0.8789839241159961,0.2307247893988517,True,1.0,1.0,2026-05,2026-03,E-PERM-025,,,,,,,True
2026-05-21,14,1.0,2,False,0.0627978453926349,0.0532707043527516,False,1.0,1.0,2026-05,2026-03,E-PERM-025,,,,,,,True
2026-05-21,15,1.0,2,False,-0.5586625970277437,0.0174487373904937,False,1.0,1.0,2026-05,2026-03,E-PERM-025,,,,,,,True
2026-05-21,20,2.0,2,False,-0.7308909675644109,0.0128064852816659,True,1.0,1.0,2026-05,2026-03,E-PERM-025,,,,,,,True
2026-05-21,21,2.0,2,False,-1.1264077169608038,0.0062941378975881,True,1.0,1.0,2026-05,2026-03,E-PERM-025,,,,,,,True
2026-05-22,8,1.0,2,False,-0.270440070836669,0.0141830633111752,False,1.0,1.0,2026-05,2026-03,E-PERM-025,,,,,,,True
2026-05-22,9,1.0,2,False,0.4149192422683675,0.048566195152525,False,1.0,1.0,2026-05,2026-03,E-PERM-025,,,,,,,True
2026-05-22,10,1.0,2,False,0.792972305765636,0.0957649354325617,False,1.0,1.0,2026-05,2026-03,E-PERM-025,,,,,,,True
2026-05-22,11,1.0,2,False,0.8967379221189025,0.1153828453284484,False,1.0,1.0,2026-05,2026-03,E-PERM-025,,,,,,,True
2026-05-22,12,1.0,2,True,1.664431463312472,0.4580617545429022,True,1.0,1.0,2026-05,2026-03,E-PERM-025,,,,,,,True
2026-05-22,13,1.0,2,False,1.2672112840738332,0.2244407421989388,True,1.0,1.0,2026-05,2026-03,E-PERM-025,,,,,,,True
2026-05-22,14,1.0,2,False,0.1846015266637169,0.0321138012318387,False,1.0,1.0,2026-05,2026-03,E-PERM-025,,,,,,,True
2026-05-22,15,1.0,2,False,-0.4454049767186049,0.0103586117835713,False,1.0,1.0,2026-05,2026-03,E-PERM-025,,,,,,,True
2026-05-22,20,2.0,2,False,-1.8773694478181788,0.0007914129815566,True,1.0,1.0,2026-05,2026-03,E-PERM-025,,,,,,,True
2026-05-22,21,2.0,2,False,-2.353332592169751,0.0003366380364817,True,1.0,1.0,2026-05,2026-03,E-PERM-025,,,,,,,True
2026-05-25,8,1.0,2,False,-0.5994237554729942,0.0129384663490782,False,1.0,1.0,2026-05,2026-03,E-PERM-025,,,,,,,True
2026-05-25,9,1.0,2,False,-0.0039227697807574,0.0377015731096457,False,1.0,1.0,2026-05,2026-03,E-PERM-025,,,,,,,True
2026-05-25,10,1.0,2,False,0.3227986922788503,0.0677945023786575,False,1.0,1.0,2026-05,2026-03,E-PERM-025,,,,,,,True
2026-05-25,11,1.0,2,False,0.4767658876442087,0.0893892399634505,False,1.0,1.0,2026-05,2026-03,E-PERM-025,,,,,,,True
2026-05-25,12,1.0,2,False,1.3431002837233832,0.4236483937512855,True,1.0,1.0,2026-05,2026-03,E-PERM-025,,,,,,,True
2026-05-25,13,1.0,2,True,1.0839487560748116,0.2659950211693108,True,1.0,1.0,2026-05,2026-03,E-PERM-025,,,,,,,True
2026-05-25,14,1.0,2,False,0.3598598174300887,0.0724604918343855,False,1.0,1.0,2026-05,2026-03,E-PERM-025,,,,,,,True
2026-05-25,15,1.0,2,False,-0.1944195616392036,0.0267778980524038,False,1.0,1.0,2026-05,2026-03,E-PERM-025,,,,,,,True
2026-05-25,20,2.0,2,False,-1.5320823195512554,0.0024234340205393,True,1.0,1.0,2026-05,2026-03,E-PERM-025,,,,,,,True
2026-05-25,21,2.0,2,False,-2.101873114917608,0.0008709793712429,True,1.0,1.0,2026-05,2026-03,E-PERM-025,,,,,,,True
2026-05-26,8,1.0,2,False,-0.7082715570438239,0.0069976375340847,False,1.0,1.0,2026-05,2026-03,E-PERM-025,,,,,,,True
2026-05-26,9,1.0,2,False,0.1027104217071876,0.0300260488857,False,1.0,1.0,2026-05,2026-03,E-PERM-025,,,,,,,True
2026-05-26,10,1.0,2,False,0.4996454649297241,0.0612488761198215,False,1.0,1.0,2026-05,2026-03,E-PERM-025,,,,,,,True
2026-05-26,11,1.0,2,False,0.7042255167459627,0.0884434593870845,False,1.0,1.0,2026-05,2026-03,E-PERM-025,,,,,,,True
2026-05-26,12,1.0,2,False,1.645255661423061,0.4793436254698905,True,1.0,1.0,2026-05,2026-03,E-PERM-025,,,,,,,True
2026-05-26,13,1.0,2,True,1.305961991403225,0.2606189111995977,True,1.0,1.0,2026-05,2026-03,E-PERM-025,,,,,,,True
2026-05-26,14,1.0,2,False,0.3932656797874779,0.0505969583714326,False,1.0,1.0,2026-05,2026-03,E-PERM-025,,,,,,,True
2026-05-26,15,1.0,2,False,-0.1128020817794645,0.020389357309014,False,1.0,1.0,2026-05,2026-03,E-PERM-025,,,,,,,True
2026-05-26,20,2.0,2,False,-1.5191917801380426,0.0016309958898605,True,1.0,1.0,2026-05,2026-03,E-PERM-025,,,,,,,True
2026-05-26,21,2.0,2,False,-1.9868984385522488,0.0007041298335136,True,1.0,1.0,2026-05,2026-03,E-PERM-025,,,,,,,True
2026-05-27,8,1.0,2,False,-0.6750701626775578,0.0071228493872014,False,0.0,0.0,2026-05,2026-03,E-PERM-025,,,,,,,True
2026-05-27,9,1.0,2,False,0.1118807206729637,0.0292722981601182,False,0.0,0.0,2026-05,2026-03,E-PERM-025,,,,,,,True
2026-05-27,10,1.0,2,False,0.6240371110851717,0.0734389873770462,False,0.0,0.0,2026-05,2026-03,E-PERM-025,,,,,,,True
2026-05-27,11,1.0,2,False,0.8058038414000521,0.1017889012475871,False,0.0,0.0,2026-05,2026-03,E-PERM-025,,,,,,,True
2026-05-27,12,1.0,2,False,1.671403673312279,0.4817789305230751,True,0.0,0.0,2026-05,2026-03,E-PERM-025,,,,,,,True
2026-05-27,13,1.0,2,False,1.3227642552329062,0.2575830674731523,True,0.0,0.0,2026-05,2026-03,E-PERM-025,,,,,,,True
2026-05-27,14,1.0,2,True,0.2164858758038731,0.0353220877174111,False,0.0,0.0,2026-05,2026-03,E-PERM-025,,,,,,,True
2026-05-27,15,1.0,2,False,-0.421702396195359,0.0112272817365572,False,0.0,0.0,2026-05,2026-03,E-PERM-025,,,,,,,True
2026-05-27,20,2.0,2,False,-1.4731525680637476,0.0016989022001521,True,0.0,0.0,2026-05,2026-03,E-PERM-025,,,,,,,True
2026-05-27,21,2.0,2,False,-1.916173980355781,0.0007666941776989,True,0.0,0.0,2026-05,2026-03,E-PERM-025,,,,,,,True
2026-05-28,8,1.0,2,False,-0.313914686426473,0.0223028731306669,False,1.0,1.0,2026-05,2026-03,E-PERM-025,,,,,,,True
2026-05-28,9,1.0,2,False,0.3757966826831008,0.076969621991545,False,1.0,1.0,2026-05,2026-03,E-PERM-025,,,,,,,True
2026-05-28,10,1.0,2,False,0.5938178568390823,0.1138598764237797,False,1.0,1.0,2026-05,2026-03,E-PERM-025,,,,,,,True
2026-05-28,11,1.0,2,False,0.4136330068127159,0.082381707798388,False,1.0,1.0,2026-05,2026-03,E-PERM-025,,,,,,,True
2026-05-28,12,1.0,2,True,1.2535352119418015,0.3723356555358971,True,1.0,1.0,2026-05,2026-03,E-PERM-025,,,,,,,True
2026-05-28,13,1.0,2,False,1.001457512751908,0.2367663555735253,True,1.0,1.0,2026-05,2026-03,E-PERM-025,,,,,,,True
2026-05-28,14,1.0,2,False,0.1557591175144997,0.0518436132314639,False,1.0,1.0,2026-05,2026-03,E-PERM-025,,,,,,,True
2026-05-28,15,1.0,2,False,-0.5273974026656444,0.0152002016417357,False,1.0,1.0,2026-05,2026-03,E-PERM-025,,,,,,,True
2026-05-28,20,2.0,2,False,-0.2733083294713732,0.0239901415816816,True,1.0,1.0,2026-05,2026-03,E-PERM-025,,,,,,,True
2026-05-28,21,2.0,2,False,-1.2240400536611868,0.0043499530913163,True,1.0,1.0,2026-05,2026-03,E-PERM-025,,,,,,,True
2026-05-29,8,1.0,2,False,-0.1146747690101582,0.0407743405927783,False,1.0,1.0,2026-05,2026-03,E-PERM-025,,,,,,,True
2026-05-29,9,1.0,2,False,0.3065255126538949,0.086878676152663,False,1.0,1.0,2026-05,2026-03,E-PERM-025,,,,,,,True
2026-05-29,10,1.0,2,False,0.4532339929694381,0.1130686836312761,False,1.0,1.0,2026-05,2026-03,E-PERM-025,,,,,,,True
2026-05-29,11,1.0,2,False,0.4529559867881761,0.1130122438290105,False,1.0,1.0,2026-05,2026-03,E-PERM-025,,,,,,,True
2026-05-29,12,1.0,2,True,1.0897610307700822,0.3546650196813602,True,1.0,1.0,2026-05,2026-03,E-PERM-025,,,,,,,True
2026-05-29,13,1.0,2,False,0.7966621695150291,0.2095116530625603,True,1.0,1.0,2026-05,2026-03,E-PERM-025,,,,,,,True
2026-05-29,14,1.0,2,False,-0.007564086380208,0.049423186552097,False,1.0,1.0,2026-05,2026-03,E-PERM-025,,,,,,,True
2026-05-29,15,1.0,2,False,-0.6450511969863147,0.015729172979405,False,1.0,1.0,2026-05,2026-03,E-PERM-025,,,,,,,True
2026-05-29,20,2.0,2,False,-0.7111419271943177,0.0139687223002683,True,1.0,1.0,2026-05,2026-03,E-PERM-025,,,,,,,True
2026-05-29,21,2.0,2,False,-1.5735382470736623,0.0029683012185807,True,1.0,1.0,2026-05,2026-03,E-PERM-025,,,,,,,True
2026-06-01,8,1.0,2,False,-0.6419126724507367,0.0083445559968053,False,0.0,1.0,2026-06,2026-04,E-PERM-025,,,,,,,True
2026-06-01,9,1.0,2,False,0.2633658436480732,0.0424130050754398,False,0.0,1.0,2026-06,2026-04,E-PERM-025,,,,,,,True
2026-06-01,10,1.0,2,False,0.7010574501690141,0.0930868074340409,False,0.0,1.0,2026-06,2026-04,E-PERM-025,,,,,,,True
2026-06-01,11,1.0,2,False,0.7306908666079676,0.0981751331594854,False,0.0,1.0,2026-06,2026-04,E-PERM-025,,,,,,,True
2026-06-01,12,1.0,2,False,1.3815829837941431,0.3159962590857894,True,0.0,1.0,2026-06,2026-04,E-PERM-025,,,,,,,True
2026-06-01,13,1.0,2,False,1.4119726104334327,0.3337222251102143,True,0.0,1.0,2026-06,2026-04,E-PERM-025,,,,,,,True
2026-06-01,14,1.0,2,False,0.4729656071901295,0.061799064089785,False,0.0,1.0,2026-06,2026-04,E-PERM-025,,,,,,,True
2026-06-01,15,1.0,2,False,0.0321177247449615,0.0279982563944282,False,0.0,1.0,2026-06,2026-04,E-PERM-025,,,,,,,True
2026-06-01,16,1.0,2,False,-0.2846912714229183,0.0158499344098423,False,0.0,1.0,2026-06,2026-04,E-PERM-025,,,,,,,True
2026-06-01,20,2.0,2,True,-1.3777302739551716,0.0022257835268659,True,0.0,1.0,2026-06,2026-04,E-PERM-025,,,,,,,True
2026-06-01,21,2.0,2,False,-2.348991077816205,0.000388975717303,True,0.0,1.0,2026-06,2026-04,E-PERM-025,,,,,,,True
2026-06-02,8,1.0,2,False,-0.6151109359041276,0.0106840807835991,False,0.0,0.0,2026-06,2026-04,E-PERM-025,,,,,,,True
2026-06-02,9,1.0,2,False,0.1540810866792073,0.0425293486070917,False,0.0,0.0,2026-06,2026-04,E-PERM-025,,,,,,,True
2026-06-02,10,1.0,2,False,0.6018208657663637,0.0950419107544286,False,0.0,0.0,2026-06,2026-04,E-PERM-025,,,,,,,True
2026-06-02,11,1.0,2,False,0.6271611462276894,0.0994672194797146,False,0.0,0.0,2026-06,2026-04,E-PERM-025,,,,,,,True
2026-06-02,12,1.0,2,False,1.3007426151421673,0.3334706202097155,True,0.0,0.0,2026-06,2026-04,E-PERM-025,,,,,,,True
2026-06-02,13,1.0,2,False,1.2473662008685618,0.3029878670040726,True,0.0,0.0,2026-06,2026-04,E-PERM-025,,,,,,,True
2026-06-02,14,1.0,2,True,0.3935576768301984,0.0653844992394373,False,0.0,0.0,2026-06,2026-04,E-PERM-025,,,,,,,True
2026-06-02,15,1.0,2,False,-0.0308018937625885,0.0305129630504816,False,0.0,0.0,2026-06,2026-04,E-PERM-025,,,,,,,True
2026-06-02,16,1.0,2,False,-0.3904913743900233,0.0159931902489901,False,0.0,0.0,2026-06,2026-04,E-PERM-025,,,,,,,True
2026-06-02,20,2.0,2,False,-1.2468964141394665,0.0034352586899955,True,0.0,0.0,2026-06,2026-04,E-PERM-025,,,,,,,True
2026-06-02,21,2.0,2,False,-2.327795361609277,0.0004930419324728,True,0.0,0.0,2026-06,2026-04,E-PERM-025,,,,,,,True
2026-06-03,8,1.0,2,True,-0.6225816327491511,0.0095859000994013,False,0.0,0.0,2026-06,2026-04,E-PERM-025,,,,,,,True
2026-06-03,9,1.0,2,False,0.1212504957682017,0.0364589661564624,False,0.0,0.0,2026-06,2026-04,E-PERM-025,,,,,,,True
2026-06-03,10,1.0,2,False,0.6024218897061542,0.0865180346798959,False,0.0,0.0,2026-06,2026-04,E-PERM-025,,,,,,,True
2026-06-03,11,1.0,2,False,0.6368955041452166,0.0920439501844244,False,0.0,0.0,2026-06,2026-04,E-PERM-025,,,,,,,True
2026-06-03,12,1.0,2,False,1.3606500903482042,0.3376810517911088,True,0.0,0.0,2026-06,2026-04,E-PERM-025,,,,,,,True
2026-06-03,13,1.0,2,False,1.3239825725818184,0.3161599804629527,True,0.0,0.0,2026-06,2026-04,E-PERM-025,,,,,,,True
2026-06-03,14,1.0,2,False,0.4763728446691402,0.0689908307481977,False,0.0,0.0,2026-06,2026-04,E-PERM-025,,,,,,,True
2026-06-03,15,1.0,2,False,0.0433058643941592,0.0316963593740277,False,0.0,0.0,2026-06,2026-04,E-PERM-025,,,,,,,True
2026-06-03,16,1.0,2,False,-0.2690508988270043,0.0180874982307053,False,0.0,0.0,2026-06,2026-04,E-PERM-025,,,,,,,True
2026-06-03,20,2.0,2,False,-1.4614936474945115,0.0021247184417501,True,0.0,0.0,2026-06,2026-04,E-PERM-025,,,,,,,True
2026-06-03,21,2.0,2,False,-2.1186690208918346,0.0006527098310731,True,0.0,0.0,2026-06,2026-04,E-PERM-025,,,,,,,True
2026-06-04,8,1.0,2,False,-0.7097106702618989,0.0063982498667533,False,1.0,1.0,2026-06,2026-04,E-PERM-025,,,,,,,True
2026-06-04,9,1.0,2,False,0.1559568531519652,0.0302873565960923,False,1.0,1.0,2026-06,2026-04,E-PERM-025,,,,,,,True
2026-06-04,10,1.0,2,False,0.5675351907206934,0.0634282501802681,False,1.0,1.0,2026-06,2026-04,E-PERM-025,,,,,,,True
2026-06-04,11,1.0,2,False,0.7290328683860106,0.0847709589079039,False,1.0,1.0,2026-06,2026-04,E-PERM-025,,,,,,,True
2026-06-04,12,1.0,2,True,1.4559795517080227,0.3127867151343259,True,1.0,1.0,2026-06,2026-04,E-PERM-025,,,,,,,True
2026-06-04,13,1.0,2,False,1.5545133729124792,0.3733381293138326,True,1.0,1.0,2026-06,2026-04,E-PERM-025,,,,,,,True
2026-06-04,14,1.0,2,False,0.6636818763746178,0.0753832520641002,False,1.0,1.0,2026-06,2026-04,E-PERM-025,,,,,,,True
2026-06-04,15,1.0,2,False,0.2270980918753845,0.0344151647466332,False,1.0,1.0,2026-06,2026-04,E-PERM-025,,,,,,,True
2026-06-04,16,1.0,2,False,-0.1460568597918581,0.0176075051706834,False,1.0,1.0,2026-06,2026-04,E-PERM-025,,,,,,,True
2026-06-04,20,2.0,2,False,-1.6678693064911858,0.0011447750179034,True,1.0,1.0,2026-06,2026-04,E-PERM-025,,,,,,,True
2026-06-04,21,2.0,2,False,-2.2007316066102187,0.0004396430015033,True,1.0,1.0,2026-06,2026-04,E-PERM-025,,,,,,,True
2026-06-05,8,1.0,2,False,-0.366619693653082,0.0118358161125774,False,1.0,1.0,2026-06,2026-04,E-PERM-025,,,,,,,True
2026-06-05,9,1.0,2,False,0.387199002452535,0.0458309591517779,False,1.0,1.0,2026-06,2026-04,E-PERM-025,,,,,,,True
2026-06-05,10,1.0,2,False,0.8564097025619837,0.1064466956093307,False,1.0,1.0,2026-06,2026-04,E-PERM-025,,,,,,,True
2026-06-05,11,1.0,2,False,0.8856212273004622,0.1121802702874796,False,1.0,1.0,2026-06,2026-04,E-PERM-025,,,,,,,True
2026-06-05,12,1.0,2,False,1.4773103922360664,0.3246534505852424,True,1.0,1.0,2026-06,2026-04,E-PERM-025,,,,,,,True
2026-06-05,13,1.0,2,True,1.431969835633784,0.2992646793679261,True,1.0,1.0,2026-06,2026-04,E-PERM-025,,,,,,,True
2026-06-05,14,1.0,2,False,0.5304785351779072,0.0592807363855888,False,1.0,1.0,2026-06,2026-04,E-PERM-025,,,,,,,True
2026-06-05,15,1.0,2,False,0.0400102936429227,0.0245674438824315,False,1.0,1.0,2026-06,2026-04,E-PERM-025,,,,,,,True
2026-06-05,16,1.0,2,False,-0.239719533169642,0.0148654249982581,False,1.0,1.0,2026-06,2026-04,E-PERM-025,,,,,,,True
2026-06-05,20,2.0,2,False,-1.7942875578400057,0.000911278394019,True,1.0,1.0,2026-06,2026-04,E-PERM-025,,,,,,,True
2026-06-05,21,2.0,2,False,-2.751766087213312,0.0001632452253679,True,1.0,1.0,2026-06,2026-04,E-PERM-025,,,,,,,True
2026-06-08,8,1.0,2,False,-0.7951607756765282,0.00294996024268,False,1.0,1.0,2026-06,2026-04,E-PERM-025,,,,,,,True
2026-06-08,9,1.0,2,False,0.3404482288746252,0.022675887944722,False,1.0,1.0,2026-06,2026-04,E-PERM-025,,,,,,,True
2026-06-08,10,1.0,2,False,0.95078413707638,0.0678596884759922,False,1.0,1.0,2026-06,2026-04,E-PERM-025,,,,,,,True
2026-06-08,11,1.0,2,False,1.06470931033434,0.083266593880227,False,1.0,1.0,2026-06,2026-04,E-PERM-025,,,,,,,True
2026-06-08,12,1.0,2,False,1.837151125435388,0.3333935003176903,True,1.0,1.0,2026-06,2026-04,E-PERM-025,,,,,,,True
2026-06-08,13,1.0,2,True,1.8750472047931377,0.3568742176568377,True,1.0,1.0,2026-06,2026-04,E-PERM-025,,,,,,,True
2026-06-08,14,1.0,2,False,1.020765447438447,0.0769476971361688,False,1.0,1.0,2026-06,2026-04,E-PERM-025,,,,,,,True
2026-06-08,15,1.0,2,False,0.6110197182827228,0.036864101949827,False,1.0,1.0,2026-06,2026-04,E-PERM-025,,,,,,,True
2026-06-08,16,1.0,2,False,0.2328312129785927,0.0186907004622208,False,1.0,1.0,2026-06,2026-04,E-PERM-025,,,,,,,True
2026-06-08,20,2.0,2,False,-1.900387337245622,0.0004052897402593,True,1.0,1.0,2026-06,2026-04,E-PERM-025,,,,,,,True
2026-06-08,21,2.0,2,False,-2.859716309832137,7.236219337470862e-05,True,1.0,1.0,2026-06,2026-04,E-PERM-025,,,,,,,True
2026-06-09,8,1.0,2,False,-0.6553933571922131,0.0078387855671763,False,0.0,0.0,2026-06,2026-04,E-PERM-025,,,,,,,True
2026-06-09,9,1.0,2,False,0.1049084057537885,0.0307090343451075,False,0.0,0.0,2026-06,2026-04,E-PERM-025,,,,,,,True
2026-06-09,10,1.0,2,False,0.5552682506638739,0.0689503027450207,False,0.0,0.0,2026-06,2026-04,E-PERM-025,,,,,,,True
2026-06-09,11,1.0,2,False,0.6888211102621165,0.0876403788348845,False,0.0,0.0,2026-06,2026-04,E-PERM-025,,,,,,,True
2026-06-09,12,1.0,2,False,1.4203212357821982,0.3260295966141762,True,0.0,0.0,2026-06,2026-04,E-PERM-025,,,,,,,True
2026-06-09,13,1.0,2,False,1.471306189938141,0.357292651324661,True,0.0,0.0,2026-06,2026-04,E-PERM-025,,,,,,,True
2026-06-09,14,1.0,2,True,0.5878438385859714,0.0731045427057224,False,0.0,0.0,2026-06,2026-04,E-PERM-025,,,,,,,True
2026-06-09,15,1.0,2,False,0.092811350669788,0.0300490498068694,False,0.0,0.0,2026-06,2026-04,E-PERM-025,,,,,,,True
2026-06-09,16,1.0,2,False,-0.2415621962484604,0.0164826597217581,False,0.0,0.0,2026-06,2026-04,E-PERM-025,,,,,,,True
2026-06-09,20,2.0,2,False,-1.577478132410918,0.0014963889378012,True,0.0,0.0,2026-06,2026-04,E-PERM-025,,,,,,,True
2026-06-09,21,2.0,2,False,-2.3029707646511013,0.0004066093968224,True,0.0,0.0,2026-06,2026-04,E-PERM-025,,,,,,,True
2026-06-10,8,1.0,2,False,-0.5475285947828583,0.0116379780134864,False,1.0,1.0,2026-06,2026-04,E-PERM-025,,,,,,,True
2026-06-10,9,1.0,2,False,0.1543092760300542,0.0410482320153339,False,1.0,1.0,2026-06,2026-04,E-PERM-025,,,,,,,True
2026-06-10,10,1.0,2,False,0.6128781944924464,0.0935335367976109,False,1.0,1.0,2026-06,2026-04,E-PERM-025,,,,,,,True
2026-06-10,11,1.0,2,False,0.617926605592778,0.0943854385030822,False,1.0,1.0,2026-06,2026-04,E-PERM-025,,,,,,,True
2026-06-10,12,1.0,2,False,1.2882943425417612,0.3146124918105696,True,1.0,1.0,2026-06,2026-04,E-PERM-025,,,,,,,True
2026-06-10,13,1.0,2,True,1.2705788613435278,0.3047602397259126,True,1.0,1.0,2026-06,2026-04,E-PERM-025,,,,,,,True
2026-06-10,14,1.0,2,False,0.4474236517481156,0.0694891069491752,False,1.0,1.0,2026-06,2026-04,E-PERM-025,,,,,,,True
2026-06-10,15,1.0,2,False,0.1441542965520123,0.0403063816522886,False,1.0,1.0,2026-06,2026-04,E-PERM-025,,,,,,,True
2026-06-10,16,1.0,2,False,-0.0771755214697942,0.0270858079304439,False,1.0,1.0,2026-06,2026-04,E-PERM-025,,,,,,,True
2026-06-10,20,2.0,2,False,-1.3584174952742063,0.0027127101157549,True,1.0,1.0,2026-06,2026-04,E-PERM-025,,,,,,,True
2026-06-10,21,2.0,2,False,-2.386502562398636,0.0004280764863413,True,1.0,1.0,2026-06,2026-04,E-PERM-025,,,,,,,True
2026-06-11,8,1.0,2,False,-0.6750767428751149,0.0081351645285935,False,1.0,1.0,2026-06,2026-04,E-PERM-025,,,,,,,True
2026-06-11,9,1.0,2,False,0.1261457885684317,0.0343005392024202,False,1.0,1.0,2026-06,2026-04,E-PERM-025,,,,,,,True
2026-06-11,10,1.0,2,False,0.5485061733235815,0.0732372533483929,False,1.0,1.0,2026-06,2026-04,E-PERM-025,,,,,,,True
2026-06-11,11,1.0,2,False,0.6793939459554607,0.0926448777154063,False,1.0,1.0,2026-06,2026-04,E-PERM-025,,,,,,,True
2026-06-11,12,1.0,2,False,1.3671364073433612,0.3185988844135777,True,1.0,1.0,2026-06,2026-04,E-PERM-025,,,,,,,True
2026-06-11,13,1.0,2,True,1.4038614917188577,0.340321155520132,True,1.0,1.0,2026-06,2026-04,E-PERM-025,,,,,,,True
2026-06-11,14,1.0,2,False,0.5592650366678368,0.0746661411708427,False,1.0,1.0,2026-06,2026-04,E-PERM-025,,,,,,,True
2026-06-11,15,1.0,2,False,0.1392515163830699,0.0351174606625893,False,1.0,1.0,2026-06,2026-04,E-PERM-025,,,,,,,True
2026-06-11,16,1.0,2,False,-0.1538876199900852,0.0207434752726951,False,1.0,1.0,2026-06,2026-04,E-PERM-025,,,,,,,True
2026-06-11,20,2.0,2,False,-1.488621101884123,0.0018872133515673,True,1.0,1.0,2026-06,2026-04,E-PERM-025,,,,,,,True
2026-06-11,21,2.0,2,False,-2.43024962148133,0.0003478348137826,True,1.0,1.0,2026-06,2026-04,E-PERM-025,,,,,,,True
2026-06-15,8,1.0,2,False,-0.9688881931573914,0.0024259073946539,False,1.0,1.0,2026-06,2026-04,E-PERM-025,,,,,,,True
2026-06-15,9,1.0,2,False,0.1643774295899782,0.0185692590665434,False,1.0,1.0,2026-06,2026-04,E-PERM-025,,,,,,,True
2026-06-15,10,1.0,2,False,0.6665374970261393,0.0457580532946675,False,1.0,1.0,2026-06,2026-04,E-PERM-025,,,,,,,True
2026-06-15,11,1.0,2,False,0.889334574913628,0.0682722138833082,False,1.0,1.0,2026-06,2026-04,E-PERM-025,,,,,,,True
2026-06-15,12,1.0,2,True,1.781923134314908,0.3391891342292382,True,1.0,1.0,2026-06,2026-04,E-PERM-025,,,,,,,True
2026-06-15,13,1.0,2,False,1.8324969383924028,0.3714396840834049,True,1.0,1.0,2026-06,2026-04,E-PERM-025,,,,,,,True
2026-06-15,14,1.0,2,False,1.0399441727833154,0.0894779255527479,False,1.0,1.0,2026-06,2026-04,E-PERM-025,,,,,,,True
2026-06-15,15,1.0,2,False,0.6288314341028804,0.0427619698881481,False,1.0,1.0,2026-06,2026-04,E-PERM-025,,,,,,,True
2026-06-15,16,1.0,2,False,0.2501509776822967,0.0216618683552703,False,1.0,1.0,2026-06,2026-04,E-PERM-025,,,,,,,True
2026-06-15,20,2.0,2,False,-2.02783101506311,0.0003621795180683,True,1.0,1.0,2026-06,2026-04,E-PERM-025,,,,,,,True
2026-06-15,21,2.0,2,False,-2.8562477609630803,8.180473394872128e-05,True,1.0,1.0,2026-06,2026-04,E-PERM-025,,,,,,,True
2026-06-16,8,1.0,2,False,-0.967057669261578,0.0026591742566069,False,0.0,0.0,2026-06,2026-04,E-PERM-025,,,,,,,True
2026-06-16,9,1.0,2,False,0.1240323059766571,0.0188699673225702,False,0.0,0.0,2026-06,2026-04,E-PERM-025,,,,,,,True
2026-06-16,10,1.0,2,False,0.8265402773555668,0.0666362785099193,False,0.0,0.0,2026-06,2026-04,E-PERM-025,,,,,,,True
2026-06-16,11,1.0,2,False,0.9369105527213694,0.081245054917372,False,0.0,0.0,2026-06,2026-04,E-PERM-025,,,,,,,True
2026-06-16,12,1.0,2,False,1.72009971398294,0.3316392629184537,True,0.0,0.0,2026-06,2026-04,E-PERM-025,,,,,,,True
2026-06-16,13,1.0,2,False,1.7429355926736845,0.3455233374831915,True,0.0,0.0,2026-06,2026-04,E-PERM-025,,,,,,,True
2026-06-16,14,1.0,2,True,0.9779914989873796,0.0874659670345714,False,0.0,0.0,2026-06,2026-04,E-PERM-025,,,,,,,True
2026-06-16,15,1.0,2,False,0.583628872729106,0.0430770138369881,False,0.0,0.0,2026-06,2026-04,E-PERM-025,,,,,,,True
2026-06-16,16,1.0,2,False,0.215905489787839,0.022255125950538,False,0.0,0.0,2026-06,2026-04,E-PERM-025,,,,,,,True
2026-06-16,20,2.0,2,False,-1.847211454043661,0.000547328020248,True,0.0,0.0,2026-06,2026-04,E-PERM-025,,,,,,,True
2026-06-16,21,2.0,2,False,-2.907685562740192,8.148974954051949e-05,True,0.0,0.0,2026-06,2026-04,E-PERM-025,,,,,,,True
2026-06-17,8,1.0,2,False,-0.8790695947576712,0.0029054811828163,False,1.0,1.0,2026-06,2026-04,E-PERM-025,,,,,,,True
2026-06-17,9,1.0,2,False,0.2913163507759532,0.0237734054406195,False,1.0,1.0,2026-06,2026-04,E-PERM-025,,,,,,,True
2026-06-17,10,1.0,2,False,0.8840083582681844,0.0689250566258355,False,1.0,1.0,2026-06,2026-04,E-PERM-025,,,,,,,True
2026-06-17,11,1.0,2,False,1.0143239478087505,0.0871004114067148,False,1.0,1.0,2026-06,2026-04,E-PERM-025,,,,,,,True
2026-06-17,12,1.0,2,False,1.785583821325743,0.3480043310753687,True,1.0,1.0,2026-06,2026-04,E-PERM-025,,,,,,,True
2026-06-17,13,1.0,2,True,1.7893778122964517,0.3503836820205878,True,1.0,1.0,2026-06,2026-04,E-PERM-025,,,,,,,True
2026-06-17,14,1.0,2,False,0.8752705283683846,0.0678518715279002,False,1.0,1.0,2026-06,2026-04,E-PERM-025,,,,,,,True
2026-06-17,15,1.0,2,False,0.4964780361065601,0.0343647077318913,False,1.0,1.0,2026-06,2026-04,E-PERM-025,,,,,,,True
2026-06-17,16,1.0,2,False,0.0806330243394388,0.0162840861047998,False,1.0,1.0,2026-06,2026-04,E-PERM-025,,,,,,,True
2026-06-17,20,2.0,2,False,-2.0954363051662765,0.0003269496140956,True,1.0,1.0,2026-06,2026-04,E-PERM-025,,,,,,,True
2026-06-17,21,2.0,2,False,-2.8791743262338194,8.001726937005659e-05,True,1.0,1.0,2026-06,2026-04,E-PERM-025,,,,,,,True
2026-06-18,8,1.0,2,False,-0.7138229416481991,0.0060084249860485,False,0.0,0.0,2026-06,2026-04,E-PERM-025,,,,,,,True
2026-06-18,9,1.0,2,False,0.1136615710229214,0.0265569975543495,False,0.0,0.0,2026-06,2026-04,E-PERM-025,,,,,,,True
2026-06-18,10,1.0,2,False,0.5471257687730973,0.0578456607268931,False,0.0,0.0,2026-06,2026-04,E-PERM-025,,,,,,,True
2026-06-18,11,1.0,2,True,0.7184403907300222,0.0786850337614089,False,0.0,0.0,2026-06,2026-04,E-PERM-025,,,,,,,True
2026-06-18,12,1.0,2,False,1.54487626916876,0.3471303256626352,True,0.0,0.0,2026-06,2026-04,E-PERM-025,,,,,,,True
2026-06-18,13,1.0,2,False,1.5355108787906977,0.3413404627844778,True,0.0,0.0,2026-06,2026-04,E-PERM-025,,,,,,,True
2026-06-18,14,1.0,2,False,0.7323906850372713,0.0806813274041602,False,0.0,0.0,2026-06,2026-04,E-PERM-025,,,,,,,True
2026-06-18,15,1.0,2,False,0.3489137949659144,0.0405200655195839,False,0.0,0.0,2026-06,2026-04,E-PERM-025,,,,,,,True
2026-06-18,16,1.0,2,False,-0.0493159097387174,0.0198180261394619,False,0.0,0.0,2026-06,2026-04,E-PERM-025,,,,,,,True
2026-06-18,20,2.0,2,False,-1.6384334276302448,0.0011417903114182,True,0.0,0.0,2026-06,2026-04,E-PERM-025,,,,,,,True
2026-06-18,21,2.0,2,False,-2.4374331481068574,0.0002718851495624,True,0.0,0.0,2026-06,2026-04,E-PERM-025,,,,,,,True
2026-06-19,8,1.0,2,False,-0.4377696398002556,0.0068790185147101,False,0.0,0.0,2026-06,2026-04,E-PERM-025,,,,,,,True
2026-06-19,9,1.0,2,False,0.4977378836418994,0.0369147727774811,False,0.0,0.0,2026-06,2026-04,E-PERM-025,,,,,,,True
2026-06-19,10,1.0,2,False,0.9871465486588646,0.0889052427391283,False,0.0,0.0,2026-06,2026-04,E-PERM-025,,,,,,,True
2026-06-19,11,1.0,2,False,1.0205447180920382,0.0944011214424573,False,0.0,0.0,2026-06,2026-04,E-PERM-025,,,,,,,True
2026-06-19,12,1.0,2,False,1.7111918335298546,0.326336426314413,True,0.0,0.0,2026-06,2026-04,E-PERM-025,,,,,,,True
2026-06-19,13,1.0,2,False,1.7272319528708835,0.3358740620542098,True,0.0,0.0,2026-06,2026-04,E-PERM-025,,,,,,,True
2026-06-19,14,1.0,2,True,0.8658127360591581,0.0714973377180391,False,0.0,0.0,2026-06,2026-04,E-PERM-025,,,,,,,True
2026-06-19,15,1.0,2,False,0.2946843385714148,0.0256344049978637,False,0.0,0.0,2026-06,2026-04,E-PERM-025,,,,,,,True
2026-06-19,16,1.0,2,False,-0.0771678618615629,0.0131458093123699,False,0.0,0.0,2026-06,2026-04,E-PERM-025,,,,,,,True
2026-06-19,20,2.0,2,False,-2.117190318525751,0.0003369908486773,True,0.0,0.0,2026-06,2026-04,E-PERM-025,,,,,,,True
2026-06-19,21,2.0,2,False,-2.95521499434523,7.481328065002895e-05,True,0.0,0.0,2026-06,2026-04,E-PERM-025,,,,,,,True
2026-06-22,8,1.0,2,False,-0.8699398391597573,0.0025984677200183,False,1.0,1.0,2026-06,2026-04,E-PERM-025,,,,,,,True
2026-06-22,9,1.0,2,False,0.185766068826967,0.0173038579662463,False,1.0,1.0,2026-06,2026-04,E-PERM-025,,,,,,,True
2026-06-22,10,1.0,2,False,0.8105399736720864,0.053143701077777,False,1.0,1.0,2026-06,2026-04,E-PERM-025,,,,,,,True
2026-06-22,11,1.0,2,False,1.0893195675646363,0.0876785340695334,False,1.0,1.0,2026-06,2026-04,E-PERM-025,,,,,,,True
2026-06-22,12,1.0,2,True,1.8614305553620023,0.3508500733755129,True,1.0,1.0,2026-06,2026-04,E-PERM-025,,,,,,,True
2026-06-22,13,1.0,2,False,1.9016118708432987,0.3771047879622743,True,1.0,1.0,2026-06,2026-04,E-PERM-025,,,,,,,True
2026-06-22,14,1.0,2,False,0.9367755898429638,0.0666672573295604,False,1.0,1.0,2026-06,2026-04,E-PERM-025,,,,,,,True
2026-06-22,15,1.0,2,False,0.5014833266110302,0.0305066787315136,False,1.0,1.0,2026-06,2026-04,E-PERM-025,,,,,,,True
2026-06-22,16,1.0,2,False,0.0591892411954199,0.0137852933621063,False,1.0,1.0,2026-06,2026-04,E-PERM-025,,,,,,,True
2026-06-22,20,2.0,2,False,-2.079733424567173,0.000295874113679,True,1.0,1.0,2026-06,2026-04,E-PERM-025,,,,,,,True
2026-06-22,21,2.0,2,False,-2.9195488632864497,6.547429177820567e-05,True,1.0,1.0,2026-06,2026-04,E-PERM-025,,,,,,,True
2026-06-23,8,1.0,2,False,-0.7857095694030272,0.0065072772731484,False,1.0,1.0,2026-06,2026-04,E-PERM-025,,,,,,,True
2026-06-23,9,1.0,2,False,0.074056543047959,0.0304787060909125,False,1.0,1.0,2026-06,2026-04,E-PERM-025,,,,,,,True
2026-06-23,10,1.0,2,False,0.6498569624584096,0.0857249462964984,False,1.0,1.0,2026-06,2026-04,E-PERM-025,,,,,,,True
2026-06-23,11,1.0,2,False,0.6698200956008203,0.0888542065290271,False,1.0,1.0,2026-06,2026-04,E-PERM-025,,,,,,,True
2026-06-23,12,1.0,2,False,1.4136747433682133,0.3379613282512618,True,1.0,1.0,2026-06,2026-04,E-PERM-025,,,,,,,True
2026-06-23,13,1.0,2,True,1.3731691953019822,0.314248808525275,True,1.0,1.0,2026-06,2026-04,E-PERM-025,,,,,,,True
2026-06-23,14,1.0,2,False,0.5612934835159006,0.0731189261854336,False,1.0,1.0,2026-06,2026-04,E-PERM-025,,,,,,,True
2026-06-23,15,1.0,2,False,0.1892411563364501,0.0374832981583854,False,1.0,1.0,2026-06,2026-04,E-PERM-025,,,,,,,True
2026-06-23,16,1.0,2,False,-0.0642337547940156,0.0237757030293199,False,1.0,1.0,2026-06,2026-04,E-PERM-025,,,,,,,True
2026-06-23,20,2.0,2,False,-1.593183050507495,0.0015261215081376,True,1.0,1.0,2026-06,2026-04,E-PERM-025,,,,,,,True
2026-06-23,21,2.0,2,False,-2.461824466096989,0.0003206781525998,True,1.0,1.0,2026-06,2026-04,E-PERM-025,,,,,,,True
2026-06-24,8,1.0,2,False,-0.7391305592316082,0.0070832502632465,False,1.0,1.0,2026-06,2026-04,E-PERM-025,,,,,,,True
2026-06-24,9,1.0,2,False,0.1532792541903339,0.0351796175761582,False,1.0,1.0,2026-06,2026-04,E-PERM-025,,,,,,,True
2026-06-24,10,1.0,2,False,0.6361596754077243,0.0837387379057812,False,1.0,1.0,2026-06,2026-04,E-PERM-025,,,,,,,True
2026-06-24,11,1.0,2,False,0.6840046886500852,0.0912524195692834,False,1.0,1.0,2026-06,2026-04,E-PERM-025,,,,,,,True
2026-06-24,12,1.0,2,False,1.4014985400516011,0.3310340038826104,True,1.0,1.0,2026-06,2026-04,E-PERM-025,,,,,,,True
2026-06-24,13,1.0,2,True,1.364831022285216,0.3099365618679788,True,1.0,1.0,2026-06,2026-04,E-PERM-025,,,,,,,True
2026-06-24,14,1.0,2,False,0.587574310417763,0.076741622418305,False,1.0,1.0,2026-06,2026-04,E-PERM-025,,,,,,,True
2026-06-24,15,1.0,2,False,0.1692321874929893,0.0362021217339662,False,1.0,1.0,2026-06,2026-04,E-PERM-025,,,,,,,True
2026-06-24,16,1.0,2,False,-0.0062733383220929,0.0264145897016315,False,1.0,1.0,2026-06,2026-04,E-PERM-025,,,,,,,True
2026-06-24,20,2.0,2,False,-1.4350343209291458,0.0020297573702378,True,1.0,1.0,2026-06,2026-04,E-PERM-025,,,,,,,True
2026-06-24,21,2.0,2,False,-2.357340225107824,0.0003873177108005,True,1.0,1.0,2026-06,2026-04,E-PERM-025,,,,,,,True
2026-06-25,8,1.0,2,False,-0.6782349450457441,0.0080482049570975,False,1.0,1.0,2026-06,2026-04,E-PERM-025,,,,,,,True
2026-06-25,9,1.0,2,False,0.128988827617007,0.034301606479365,False,1.0,1.0,2026-06,2026-04,E-PERM-025,,,,,,,True
2026-06-25,10,1.0,2,False,0.6316366304083618,0.0845995098407806,False,1.0,1.0,2026-06,2026-04,E-PERM-025,,,,,,,True
2026-06-25,11,1.0,2,False,0.6783420421585887,0.0920019351417066,False,1.0,1.0,2026-06,2026-04,E-PERM-025,,,,,,,True
2026-06-25,12,1.0,2,False,1.3661036364655963,0.3163987243449818,True,1.0,1.0,2026-06,2026-04,E-PERM-025,,,,,,,True
2026-06-25,13,1.0,2,True,1.3956813576442624,0.3336603846645493,True,1.0,1.0,2026-06,2026-04,E-PERM-025,,,,,,,True
2026-06-25,14,1.0,2,False,0.5686855789449906,0.0755557493068714,False,1.0,1.0,2026-06,2026-04,E-PERM-025,,,,,,,True
2026-06-25,15,1.0,2,False,0.1463227769447808,0.0353862490977212,False,1.0,1.0,2026-06,2026-04,E-PERM-025,,,,,,,True
2026-06-25,16,1.0,2,False,-0.2455561421843687,0.0175056503867123,False,1.0,1.0,2026-06,2026-04,E-PERM-025,,,,,,,True
2026-06-25,20,2.0,2,False,-1.4572802617303855,0.0019863790387618,True,1.0,1.0,2026-06,2026-04,E-PERM-025,,,,,,,True
2026-06-25,21,2.0,2,False,-2.1666538651884277,0.0005556067414522,True,1.0,1.0,2026-06,2026-04,E-PERM-025,,,,,,,True
2026-06-26,8,1.0,2,False,-0.3929843057237149,0.0078755316575438,False,0.0,0.0,2026-06,2026-04,E-PERM-025,,,,,,,True
2026-06-26,9,1.0,2,False,0.544114647049255,0.042383310906819,False,0.0,0.0,2026-06,2026-04,E-PERM-025,,,,,,,True
2026-06-26,10,1.0,2,False,1.029442161675597,0.1013301887956117,False,0.0,0.0,2026-06,2026-04,E-PERM-025,,,,,,,True
2026-06-26,11,1.0,2,False,1.0727286666102984,0.1095219836038273,False,0.0,0.0,2026-06,2026-04,E-PERM-025,,,,,,,True
2026-06-26,12,1.0,2,False,1.68085022733064,0.3264537950502004,True,0.0,0.0,2026-06,2026-04,E-PERM-025,,,,,,,True
2026-06-26,13,1.0,2,False,1.6549500920997395,0.3116163450013478,True,0.0,0.0,2026-06,2026-04,E-PERM-025,,,,,,,True
2026-06-26,14,1.0,2,False,0.7874782517949479,0.0656164499959029,False,0.0,0.0,2026-06,2026-04,E-PERM-025,,,,,,,True
2026-06-26,15,1.0,2,True,0.2211634750841435,0.0237301569902434,False,0.0,0.0,2026-06,2026-04,E-PERM-025,,,,,,,True
2026-06-26,16,1.0,2,False,-0.2110115899764608,0.0109197901358589,False,0.0,0.0,2026-06,2026-04,E-PERM-025,,,,,,,True
2026-06-26,20,2.0,2,False,-2.0209515155052125,0.0004231594054375,True,0.0,0.0,2026-06,2026-04,E-PERM-025,,,,,,,True
2026-06-26,21,2.0,2,False,-2.681156483185631,0.000129288457207,True,0.0,0.0,2026-06,2026-04,E-PERM-025,,,,,,,True
2026-06-29,8,1.0,2,False,-0.4769943596620516,0.0116875181693274,False,0.0,0.0,2026-06,2026-04,E-PERM-025,,,,,,,True
2026-06-29,9,1.0,2,False,0.2904473744402249,0.0463776440808597,False,0.0,0.0,2026-06,2026-04,E-PERM-025,,,,,,,True
2026-06-29,10,1.0,2,False,0.6492212374957143,0.0883372352909158,False,0.0,0.0,2026-06,2026-04,E-PERM-025,,,,,,,True
2026-06-29,11,1.0,2,False,0.7274494892365518,0.1016623132021311,False,0.0,0.0,2026-06,2026-04,E-PERM-025,,,,,,,True
2026-06-29,12,1.0,2,False,1.3780288504254925,0.3270366965892183,True,0.0,0.0,2026-06,2026-04,E-PERM-025,,,,,,,True
2026-06-29,13,1.0,2,False,1.324393395358147,0.2970038657956678,True,0.0,0.0,2026-06,2026-04,E-PERM-025,,,,,,,True
2026-06-29,14,1.0,2,False,0.5081448158239773,0.0685657978356532,False,0.0,0.0,2026-06,2026-04,E-PERM-025,,,,,,,True
2026-06-29,15,1.0,2,True,0.1384961398394304,0.035301269002885,False,0.0,0.0,2026-06,2026-04,E-PERM-025,,,,,,,True
2026-06-29,16,1.0,2,False,-0.1048481250409703,0.0228027671189229,False,0.0,0.0,2026-06,2026-04,E-PERM-025,,,,,,,True
2026-06-29,20,2.0,2,False,-1.7987404842630097,0.0010884077178828,True,0.0,0.0,2026-06,2026-04,E-PERM-025,,,,,,,True
2026-06-29,21,2.0,2,False,-2.9548089866402805,0.0001364851965353,True,0.0,0.0,2026-06,2026-04,E-PERM-025,,,,,,,True
2026-06-30,8,1.0,2,False,-0.7714162700399061,0.0067358122091495,False,1.0,1.0,2026-06,2026-04,E-PERM-025,,,,,,,True
2026-06-30,9,1.0,2,False,0.0596041352291426,0.0299616835938789,False,1.0,1.0,2026-06,2026-04,E-PERM-025,,,,,,,True
2026-06-30,10,1.0,2,False,0.5397980537212723,0.0709751144922834,False,1.0,1.0,2026-06,2026-04,E-PERM-025,,,,,,,True
2026-06-30,11,1.0,2,False,0.5731174463145309,0.0753519401943452,False,1.0,1.0,2026-06,2026-04,E-PERM-025,,,,,,,True
2026-06-30,12,1.0,2,False,1.4118139906686658,0.3398270055121117,True,1.0,1.0,2026-06,2026-04,E-PERM-025,,,,,,,True
2026-06-30,13,1.0,2,True,1.39846393682295,0.3317761495785836,True,1.0,1.0,2026-06,2026-04,E-PERM-025,,,,,,,True
2026-06-30,14,1.0,2,False,0.5773861807232978,0.0759318447270322,False,1.0,1.0,2026-06,2026-04,E-PERM-025,,,,,,,True
2026-06-30,15,1.0,2,False,0.2364986900585426,0.0411661050896533,False,1.0,1.0,2026-06,2026-04,E-PERM-025,,,,,,,True
2026-06-30,16,1.0,2,False,-0.0077937452058764,0.0265459005001014,False,1.0,1.0,2026-06,2026-04,E-PERM-025,,,,,,,True
2026-06-30,20,2.0,2,False,-1.60595577545489,0.0015047658042278,True,1.0,1.0,2026-06,2026-04,E-PERM-025,,,,,,,True
2026-06-30,21,2.0,2,False,-2.6673278131615654,0.0002236782986325,True,1.0,1.0,2026-06,2026-04,E-PERM-025,,,,,,,True
2026-07-01,8,1.0,2,False,-1.595112196845726,0.001545375444858,False,1.0,1.0,2026-07,2026-05,E-PERM-025,,,,,,,True
2026-07-01,9,1.0,2,False,-0.3836601566250355,0.0136125008185652,False,1.0,1.0,2026-07,2026-05,E-PERM-025,,,,,,,True
2026-07-01,10,1.0,2,False,0.2577255926238289,0.0430728510458063,False,1.0,1.0,2026-07,2026-05,E-PERM-025,,,,,,,True
2026-07-01,11,1.0,2,False,0.5718155673785875,0.0757157735699455,False,1.0,1.0,2026-07,2026-05,E-PERM-025,,,,,,,True
2026-07-01,12,1.0,2,False,1.3436836030356496,0.3028483127936494,True,1.0,1.0,2026-07,2026-05,E-PERM-025,,,,,,,True
2026-07-01,13,1.0,2,True,1.3846935955118949,0.3259957826871004,True,1.0,1.0,2026-07,2026-05,E-PERM-025,,,,,,,True
2026-07-01,14,1.0,2,False,0.7292194319385447,0.1004517834605235,False,1.0,1.0,2026-07,2026-05,E-PERM-025,,,,,,,True
2026-07-01,15,1.0,2,False,0.4978826330471287,0.0663010528965915,False,1.0,1.0,2026-07,2026-05,E-PERM-025,,,,,,,True
2026-07-01,16,1.0,2,False,0.3279813621614951,0.0488653997832886,False,1.0,1.0,2026-07,2026-05,E-PERM-025,,,,,,,True
2026-07-01,17,1.0,2,False,-0.1598574891938891,0.0203469211089428,False,1.0,1.0,2026-07,2026-05,E-PERM-025,,,,,,,True
2026-07-01,20,2.0,2,False,-1.831037163258784,0.0010116216581419,True,1.0,1.0,2026-07,2026-05,E-PERM-025,,,,,,,True
2026-07-01,21,2.0,2,False,-2.6494751214977024,0.0002326247325865,True,1.0,1.0,2026-07,2026-05,E-PERM-025,,,,,,,True
2026-07-02,8,1.0,2,False,-1.4956081352878223,0.0018030461115892,False,1.0,1.0,2026-07,2026-05,E-PERM-025,,,,,,,True
2026-07-02,9,1.0,2,False,-0.2279751791526483,0.0175683319855899,False,1.0,1.0,2026-07,2026-05,E-PERM-025,,,,,,,True
2026-07-02,10,1.0,2,False,0.3568884421709616,0.0502238855023654,False,1.0,1.0,2026-07,2026-05,E-PERM-025,,,,,,,True
2026-07-02,11,1.0,2,False,0.5802786907919228,0.075015224561965,False,1.0,1.0,2026-07,2026-05,E-PERM-025,,,,,,,True
2026-07-02,12,1.0,2,False,1.352918790203106,0.3004625853528815,True,1.0,1.0,2026-07,2026-05,E-PERM-025,,,,,,,True
2026-07-02,13,1.0,2,True,1.348775531190721,0.29823510042854,True,1.0,1.0,2026-07,2026-05,E-PERM-025,,,,,,,True
2026-07-02,14,1.0,2,False,0.8023994541564304,0.1117888145232642,False,1.0,1.0,2026-07,2026-05,E-PERM-025,,,,,,,True
2026-07-02,15,1.0,2,False,0.547116541691068,0.070677913883428,False,1.0,1.0,2026-07,2026-05,E-PERM-025,,,,,,,True
2026-07-02,16,1.0,2,False,0.3912194292965966,0.0534180051324394,False,1.0,1.0,2026-07,2026-05,E-PERM-025,,,,,,,True
2026-07-02,17,1.0,2,False,-0.1822924684098311,0.0190704948525731,False,1.0,1.0,2026-07,2026-05,E-PERM-025,,,,,,,True
2026-07-02,20,2.0,2,False,-1.682071257480895,0.0012899414926338,True,1.0,1.0,2026-07,2026-05,E-PERM-025,,,,,,,True
2026-07-02,21,2.0,2,False,-2.272597734933565,0.0004466561727298,True,1.0,1.0,2026-07,2026-05,E-PERM-025,,,,,,,True
2026-07-03,8,1.0,2,False,-1.2795464418345373,0.001062171709956,False,1.0,1.0,2026-07,2026-05,E-PERM-025,,,,,,,True
2026-07-03,9,1.0,2,False,0.1476637320444973,0.0137843051330089,False,1.0,1.0,2026-07,2026-05,E-PERM-025,,,,,,,True
2026-07-03,10,1.0,2,False,0.8787560507874586,0.0512412338919665,False,1.0,1.0,2026-07,2026-05,E-PERM-025,,,,,,,True
2026-07-03,11,1.0,2,False,1.1397750467671195,0.0818857284000789,False,1.0,1.0,2026-07,2026-05,E-PERM-025,,,,,,,True
2026-07-03,12,1.0,2,False,1.8931289375455185,0.3168154967524317,True,1.0,1.0,2026-07,2026-05,E-PERM-025,,,,,,,True
2026-07-03,13,1.0,2,True,1.9276041138701503,0.3370514795873424,True,1.0,1.0,2026-07,2026-05,E-PERM-025,,,,,,,True
2026-07-03,14,1.0,2,False,1.2935997604754204,0.1079413515510795,False,1.0,1.0,2026-07,2026-05,E-PERM-025,,,,,,,True
2026-07-03,15,1.0,2,False,0.9186692315297336,0.055049187720712,False,1.0,1.0,2026-07,2026-05,E-PERM-025,,,,,,,True
2026-07-03,16,1.0,2,False,0.5860087979922786,0.0302889105271093,False,1.0,1.0,2026-07,2026-05,E-PERM-025,,,,,,,True
2026-07-03,17,1.0,2,False,-0.4512311312443815,0.0047017665615817,False,1.0,1.0,2026-07,2026-05,E-PERM-025,,,,,,,True
2026-07-03,20,2.0,2,False,-2.486291932836154,0.0001216079074637,True,1.0,1.0,2026-07,2026-05,E-PERM-025,,,,,,,True
2026-07-03,21,2.0,2,False,-2.910557963987417,5.676025726895247e-05,True,1.0,1.0,2026-07,2026-05,E-PERM-025,,,,,,,True
2026-07-06,8,1.0,2,False,-1.7311106668407312,0.0002697494414621,False,1.0,1.0,2026-07,2026-05,E-PERM-025,,,,,,,True
2026-07-06,9,1.0,2,False,0.1425610343587106,0.0078051296951901,False,1.0,1.0,2026-07,2026-05,E-PERM-025,,,,,,,True
2026-07-06,10,1.0,2,False,0.9956043142711412,0.0361188311426935,False,1.0,1.0,2026-07,2026-05,E-PERM-025,,,,,,,True
2026-07-06,11,1.0,2,False,1.3961352932645927,0.0741546465063802,False,1.0,1.0,2026-07,2026-05,E-PERM-025,,,,,,,True
2026-07-06,12,1.0,2,False,2.2200349690355363,0.3256571450218331,True,1.0,1.0,2026-07,2026-05,E-PERM-025,,,,,,,True
2026-07-06,13,1.0,2,True,2.2328894611042345,0.3332627783820679,True,1.0,1.0,2026-07,2026-05,E-PERM-025,,,,,,,True
2026-07-06,14,1.0,2,False,1.637482168284203,0.1143887246270888,False,1.0,1.0,2026-07,2026-05,E-PERM-025,,,,,,,True
2026-07-06,15,1.0,2,False,1.3349994990020615,0.0664437134764327,False,1.0,1.0,2026-07,2026-05,E-PERM-025,,,,,,,True
2026-07-06,16,1.0,2,False,1.0090106094951798,0.0369990250597296,False,1.0,1.0,2026-07,2026-05,E-PERM-025,,,,,,,True
2026-07-06,17,1.0,2,False,-0.1232046350990318,0.0048427181500685,False,1.0,1.0,2026-07,2026-05,E-PERM-025,,,,,,,True
2026-07-06,20,2.0,2,False,-2.7412403707453783,4.396259286883745e-05,True,1.0,1.0,2026-07,2026-05,E-PERM-025,,,,,,,True
2026-07-06,21,2.0,2,False,-3.3955096318708184,1.3575904184146234e-05,True,1.0,1.0,2026-07,2026-05,E-PERM-025,,,,,,,True
2026-07-07,8,1.0,2,False,-1.7956660780559897,0.000503698605523,False,1.0,1.0,2026-07,2026-05,E-PERM-025,,,,,,,True
2026-07-07,9,1.0,2,False,-0.167392041985362,0.0093796352284008,False,1.0,1.0,2026-07,2026-05,E-PERM-025,,,,,,,True
2026-07-07,10,1.0,2,False,0.5416141704219903,0.033511510975852,False,1.0,1.0,2026-07,2026-05,E-PERM-025,,,,,,,True
2026-07-07,11,1.0,2,False,0.9696212032632684,0.0722818672124539,False,1.0,1.0,2026-07,2026-05,E-PERM-025,,,,,,,True
2026-07-07,12,1.0,2,True,1.7445489813707766,0.2907064610859522,True,1.0,1.0,2026-07,2026-05,E-PERM-025,,,,,,,True
2026-07-07,13,1.0,2,False,1.816765247820556,0.3309646902133303,True,1.0,1.0,2026-07,2026-05,E-PERM-025,,,,,,,True
2026-07-07,14,1.0,2,False,1.2691790337401612,0.1237876672884589,False,1.0,1.0,2026-07,2026-05,E-PERM-025,,,,,,,True
2026-07-07,15,1.0,2,False,1.0184213604412078,0.0789027845647535,False,1.0,1.0,2026-07,2026-05,E-PERM-025,,,,,,,True
2026-07-07,16,1.0,2,False,0.7832708743909882,0.0517226202539285,False,1.0,1.0,2026-07,2026-05,E-PERM-025,,,,,,,True
2026-07-07,17,1.0,2,False,-0.2558472310461468,0.0080018977158754,False,1.0,1.0,2026-07,2026-05,E-PERM-025,,,,,,,True
2026-07-07,20,2.0,2,False,-2.366403110939319,0.0001807213135064,True,1.0,1.0,2026-07,2026-05,E-PERM-025,,,,,,,True
2026-07-07,21,2.0,2,False,-3.0143455038167413,5.644554196467505e-05,True,1.0,1.0,2026-07,2026-05,E-PERM-025,,,,,,,True
2026-07-08,8,1.0,2,False,-1.8216047147321448,0.0004393353962457,False,1.0,1.0,2026-07,2026-05,E-PERM-025,,,,,,,True
2026-07-08,9,1.0,2,False,-0.141741326330254,0.0089753184974794,False,1.0,1.0,2026-07,2026-05,E-PERM-025,,,,,,,True
2026-07-08,10,1.0,2,False,0.6792761588633105,0.0392124583714037,False,1.0,1.0,2026-07,2026-05,E-PERM-025,,,,,,,True
2026-07-08,11,1.0,2,False,1.0307732193251482,0.0737196825691494,False,1.0,1.0,2026-07,2026-05,E-PERM-025,,,,,,,True
2026-07-08,12,1.0,2,True,1.842671983146992,0.316843842487966,True,1.0,1.0,2026-07,2026-05,E-PERM-025,,,,,,,True
2026-07-08,13,1.0,2,False,1.898349645128554,0.3501648345616974,True,1.0,1.0,2026-07,2026-05,E-PERM-025,,,,,,,True
2026-07-08,14,1.0,2,False,1.245946196126368,0.1084958894314287,False,1.0,1.0,2026-07,2026-05,E-PERM-025,,,,,,,True
2026-07-08,15,1.0,2,False,0.901970321251037,0.0584952020310719,False,1.0,1.0,2026-07,2026-05,E-PERM-025,,,,,,,True
2026-07-08,16,1.0,2,False,0.6003927083098062,0.034032734580177,False,1.0,1.0,2026-07,2026-05,E-PERM-025,,,,,,,True
2026-07-08,17,1.0,2,False,-0.1153447318016331,0.0094110609843933,False,1.0,1.0,2026-07,2026-05,E-PERM-025,,,,,,,True
2026-07-08,20,2.0,2,False,-2.3850727675401227,0.0001596998297181,True,1.0,1.0,2026-07,2026-05,E-PERM-025,,,,,,,True
2026-07-08,21,2.0,2,False,-3.032329546069509,4.9941259268946585e-05,True,1.0,1.0,2026-07,2026-05,E-PERM-025,,,,,,,True
2026-07-09,8,1.0,2,False,-1.835161162915446,0.0004219373152716,False,1.0,1.0,2026-07,2026-05,E-PERM-025,,,,,,,True
2026-07-09,9,1.0,2,False,0.0069347056140431,0.0115355711737533,False,1.0,1.0,2026-07,2026-05,E-PERM-025,,,,,,,True
2026-07-09,10,1.0,2,False,0.8414593204156746,0.0516355189582071,False,1.0,1.0,2026-07,2026-05,E-PERM-025,,,,,,,True
2026-07-09,11,1.0,2,False,1.1408642401489857,0.0884050950725222,False,1.0,1.0,2026-07,2026-05,E-PERM-025,,,,,,,True
2026-07-09,12,1.0,2,False,1.8795104445201316,0.3331224088863448,True,1.0,1.0,2026-07,2026-05,E-PERM-025,,,,,,,True
2026-07-09,13,1.0,2,True,1.8839626400859872,0.3357967244481479,True,1.0,1.0,2026-07,2026-05,E-PERM-025,,,,,,,True
2026-07-09,14,1.0,2,False,1.154606117554625,0.0906140693901583,False,1.0,1.0,2026-07,2026-05,E-PERM-025,,,,,,,True
2026-07-09,15,1.0,2,False,0.8413750023347554,0.0516277002773425,False,1.0,1.0,2026-07,2026-05,E-PERM-025,,,,,,,True
2026-07-09,16,1.0,2,False,0.5360081968217484,0.0298334789939859,False,1.0,1.0,2026-07,2026-05,E-PERM-025,,,,,,,True
2026-07-09,17,1.0,2,False,-0.2907048461301881,0.0067590755219543,False,1.0,1.0,2026-07,2026-05,E-PERM-025,,,,,,,True
2026-07-09,20,2.0,2,False,-2.2610354357580023,0.0001963704269957,True,1.0,1.0,2026-07,2026-05,E-PERM-025,,,,,,,True
2026-07-09,21,2.0,2,False,-3.000364577623973,5.204953531587289e-05,True,1.0,1.0,2026-07,2026-05,E-PERM-025,,,,,,,True
2026-07-10,8,1.0,2,False,-1.495357830260884,0.0014950159659694,False,1.0,1.0,2026-07,2026-05,E-PERM-025,,,,,,,True
2026-07-10,9,1.0,2,False,-0.3085978768194635,0.0125976778759406,False,1.0,1.0,2026-07,2026-05,E-PERM-025,,,,,,,True
2026-07-10,10,1.0,2,False,0.3360428488652052,0.0400954418816305,False,1.0,1.0,2026-07,2026-05,E-PERM-025,,,,,,,True
2026-07-10,11,1.0,2,False,0.6676846307768454,0.0727390697685944,False,1.0,1.0,2026-07,2026-05,E-PERM-025,,,,,,,True
2026-07-10,12,1.0,2,True,1.4896837395544849,0.3183520037206913,True,1.0,1.0,2026-07,2026-05,E-PERM-025,,,,,,,True
2026-07-10,13,1.0,2,False,1.4721903860939327,0.308505695436182,True,1.0,1.0,2026-07,2026-05,E-PERM-025,,,,,,,True
2026-07-10,14,1.0,2,False,0.8847185577389484,0.1074110761335898,False,1.0,1.0,2026-07,2026-05,E-PERM-025,,,,,,,True
2026-07-10,15,1.0,2,False,0.7251643873136262,0.0806492981065986,False,1.0,1.0,2026-07,2026-05,E-PERM-025,,,,,,,True
2026-07-10,16,1.0,2,False,0.4348606232646343,0.047881806662694,False,1.0,1.0,2026-07,2026-05,E-PERM-025,,,,,,,True
2026-07-10,17,1.0,2,False,-0.4383670448992648,0.0099786920513162,False,1.0,1.0,2026-07,2026-05,E-PERM-025,,,,,,,True
2026-07-10,20,2.0,2,False,-2.5155235465003685,0.0002392989116016,True,1.0,1.0,2026-07,2026-05,E-PERM-025,,,,,,,True
2026-07-10,21,2.0,2,False,-3.335013336319311,5.492348519112185e-05,True,1.0,1.0,2026-07,2026-05,E-PERM-025,,,,,,,True
2026-07-13,8,1.0,2,False,-1.5703992332483412,0.0014274656093759,False,1.0,1.0,2026-07,2026-05,E-PERM-025,,,,,,,True
2026-07-13,9,1.0,2,False,-0.3878102093202616,0.0119387015658032,False,1.0,1.0,2026-07,2026-05,E-PERM-025,,,,,,,True
2026-07-13,10,1.0,2,False,0.3022479949897293,0.0412274201487064,False,1.0,1.0,2026-07,2026-05,E-PERM-025,,,,,,,True
2026-07-13,11,1.0,2,False,0.5326429078898305,0.0623575059628689,False,1.0,1.0,2026-07,2026-05,E-PERM-025,,,,,,,True
2026-07-13,12,1.0,2,False,1.371447112244796,0.2812782546454162,True,1.0,1.0,2026-07,2026-05,E-PERM-025,,,,,,,True
2026-07-13,13,1.0,2,True,1.398743906456769,0.2954112374308678,True,1.0,1.0,2026-07,2026-05,E-PERM-025,,,,,,,True
2026-07-13,14,1.0,2,False,0.9272149190726942,0.1266617734792793,False,1.0,1.0,2026-07,2026-05,E-PERM-025,,,,,,,True
2026-07-13,15,1.0,2,False,0.7792104271688841,0.0970969447774489,False,1.0,1.0,2026-07,2026-05,E-PERM-025,,,,,,,True
2026-07-13,16,1.0,2,False,0.5349939931245911,0.062621364675313,False,1.0,1.0,2026-07,2026-05,E-PERM-025,,,,,,,True
2026-07-13,17,1.0,2,False,-0.121931472612352,0.0192458109941583,False,1.0,1.0,2026-07,2026-05,E-PERM-025,,,,,,,True
2026-07-13,20,2.0,2,False,-2.0542159450041533,0.0005986873373709,True,1.0,1.0,2026-07,2026-05,E-PERM-025,,,,,,,True
2026-07-13,21,2.0,2,False,-2.8842445634278717,0.0001348333733907,True,1.0,1.0,2026-07,2026-05,E-PERM-025,,,,,,,True
2026-07-14,8,1.0,2,False,-1.71089693605965,0.0009529299789978,False,1.0,1.0,2026-07,2026-05,E-PERM-025,,,,,,,True
2026-07-14,9,1.0,2,False,-0.3537578250592925,0.0109042893664609,False,1.0,1.0,2026-07,2026-05,E-PERM-025,,,,,,,True
2026-07-14,10,1.0,2,False,0.3016150755697783,0.0353812127585844,False,1.0,1.0,2026-07,2026-05,E-PERM-025,,,,,,,True
2026-07-14,11,1.0,2,False,0.6799641546686277,0.0698033136819328,False,1.0,1.0,2026-07,2026-05,E-PERM-025,,,,,,,True
2026-07-14,12,1.0,2,False,1.5055128497054004,0.3074570656607993,True,1.0,1.0,2026-07,2026-05,E-PERM-025,,,,,,,True
2026-07-14,13,1.0,2,True,1.533839564715886,0.3235032477972386,True,1.0,1.0,2026-07,2026-05,E-PERM-025,,,,,,,True
2026-07-14,14,1.0,2,False,0.9549120192743898,0.1143744095647794,False,1.0,1.0,2026-07,2026-05,E-PERM-025,,,,,,,True
2026-07-14,15,1.0,2,False,0.7241340805764456,0.0755661918149148,False,1.0,1.0,2026-07,2026-05,E-PERM-025,,,,,,,True
2026-07-14,16,1.0,2,False,0.4830829706297956,0.0490132360365331,False,1.0,1.0,2026-07,2026-05,E-PERM-025,,,,,,,True
2026-07-14,17,1.0,2,False,-0.2912789784820161,0.0121991448776159,False,1.0,1.0,2026-07,2026-05,E-PERM-025,,,,,,,True
2026-07-14,20,2.0,2,False,-1.9257778686999087,0.0006478268584445,True,1.0,1.0,2026-07,2026-05,E-PERM-025,,,,,,,True
2026-07-14,21,2.0,2,False,-2.5882373271489576,0.000197131603698,True,1.0,1.0,2026-07,2026-05,E-PERM-025,,,,,,,True
2026-07-15,8,1.0,2,False,-1.5182310328001007,0.0011683452630412,False,1.0,1.0,2026-07,2026-05,E-PERM-025,,,,,,,True
2026-07-15,9,1.0,2,False,-0.1981565594676209,0.0125082928331585,False,1.0,1.0,2026-07,2026-05,E-PERM-025,,,,,,,True
2026-07-15,10,1.0,2,False,0.464819063047948,0.0411436986464607,False,1.0,1.0,2026-07,2026-05,E-PERM-025,,,,,,,True
2026-07-15,11,1.0,2,False,0.802522681036886,0.075457803234547,False,1.0,1.0,2026-07,2026-05,E-PERM-025,,,,,,,True
2026-07-15,12,1.0,2,False,1.5926951361012414,0.3119032974520639,True,1.0,1.0,2026-07,2026-05,E-PERM-025,,,,,,,True
2026-07-15,13,1.0,2,True,1.664165803143385,0.3546217710804426,True,1.0,1.0,2026-07,2026-05,E-PERM-025,,,,,,,True
2026-07-15,14,1.0,2,False,0.9117929399216412,0.0918189607120105,False,1.0,1.0,2026-07,2026-05,E-PERM-025,,,,,,,True
2026-07-15,15,1.0,2,False,0.6443726656509225,0.0568003340255135,False,1.0,1.0,2026-07,2026-05,E-PERM-025,,,,,,,True
2026-07-15,16,1.0,2,False,0.439487958724163,0.0393138583627293,False,1.0,1.0,2026-07,2026-05,E-PERM-025,,,,,,,True
2026-07-15,17,1.0,2,False,-0.115265718203045,0.0145161328396106,False,1.0,1.0,2026-07,2026-05,E-PERM-025,,,,,,,True
2026-07-15,20,2.0,2,False,-1.8726560583900616,0.0006181986790519,True,1.0,1.0,2026-07,2026-05,E-PERM-025,,,,,,,True
2026-07-15,21,2.0,2,False,-2.7438446394648905,0.0001293068713698,True,1.0,1.0,2026-07,2026-05,E-PERM-025,,,,,,,True
2026-07-16,8,1.0,2,False,-1.6905121659276163,0.001022686121623,False,1.0,1.0,2026-07,2026-05,E-PERM-025,,,,,,,True
2026-07-16,9,1.0,2,False,-0.3085399248271807,0.0122362402034164,False,1.0,1.0,2026-07,2026-05,E-PERM-025,,,,,,,True
2026-07-16,10,1.0,2,False,0.2845431881522391,0.0355008524383309,False,1.0,1.0,2026-07,2026-05,E-PERM-025,,,,,,,True
2026-07-16,11,1.0,2,False,0.6213601090564099,0.065005186093539,False,1.0,1.0,2026-07,2026-05,E-PERM-025,,,,,,,True
2026-07-16,12,1.0,2,True,1.4547494583400211,0.2903835222564314,True,1.0,1.0,2026-07,2026-05,E-PERM-025,,,,,,,True
2026-07-16,13,1.0,2,False,1.5597729732019294,0.3506612883280847,True,1.0,1.0,2026-07,2026-05,E-PERM-025,,,,,,,True
2026-07-16,14,1.0,2,False,0.9313477105734091,0.113430800368979,False,1.0,1.0,2026-07,2026-05,E-PERM-025,,,,,,,True
2026-07-16,15,1.0,2,False,0.6655273765569315,0.0703716005657837,False,1.0,1.0,2026-07,2026-05,E-PERM-025,,,,,,,True
2026-07-16,16,1.0,2,False,0.4295933127146084,0.046065357359315,False,1.0,1.0,2026-07,2026-05,E-PERM-025,,,,,,,True
2026-07-16,17,1.0,2,False,-0.2235938339756962,0.014252922828011,False,1.0,1.0,2026-07,2026-05,E-PERM-025,,,,,,,True
2026-07-16,20,2.0,2,False,-1.8018698638128487,0.0008373094530036,True,1.0,1.0,2026-07,2026-05,E-PERM-025,,,,,,,True
2026-07-16,21,2.0,2,False,-2.5159431042548515,0.0002322339834817,True,1.0,1.0,2026-07,2026-05,E-PERM-025,,,,,,,True
2026-07-17,8,1.0,2,False,-1.1640484655263097,0.0025723890561073,False,1.0,1.0,2026-07,2026-05,E-PERM-025,,,,,,,True
2026-07-17,9,1.0,2,False,-0.0396646074949203,0.019378914383807,False,1.0,1.0,2026-07,2026-05,E-PERM-025,,,,,,,True
2026-07-17,10,1.0,2,False,0.583005941242299,0.0592922226810091,False,1.0,1.0,2026-07,2026-05,E-PERM-025,,,,,,,True
2026-07-17,11,1.0,2,False,0.8475227333132829,0.0953486540042255,False,1.0,1.0,2026-07,2026-05,E-PERM-025,,,,,,,True
2026-07-17,12,1.0,2,True,1.544942606685174,0.3336457193663344,True,1.0,1.0,2026-07,2026-05,E-PERM-025,,,,,,,True
2026-07-17,13,1.0,2,False,1.4855579555282863,0.2998934188170073,True,1.0,1.0,2026-07,2026-05,E-PERM-025,,,,,,,True
2026-07-17,14,1.0,2,False,0.7950175415287385,0.0867684341454053,False,1.0,1.0,2026-07,2026-05,E-PERM-025,,,,,,,True
2026-07-17,15,1.0,2,False,0.4722325586798578,0.0485956186189107,False,1.0,1.0,2026-07,2026-05,E-PERM-025,,,,,,,True
2026-07-17,16,1.0,2,False,0.3311195526050909,0.0377165804651472,False,1.0,1.0,2026-07,2026-05,E-PERM-025,,,,,,,True
2026-07-17,17,1.0,2,False,-0.1505915647312879,0.0158784842807115,False,1.0,1.0,2026-07,2026-05,E-PERM-025,,,,,,,True
2026-07-17,20,2.0,2,False,-1.8578556277400975,0.0007399178284373,True,1.0,1.0,2026-07,2026-05,E-PERM-025,,,,,,,True
2026-07-17,21,2.0,2,False,-2.677930472212552,0.0001696463528971,True,1.0,1.0,2026-07,2026-05,E-PERM-025,,,,,,,True
2026-07-20,8,1.0,2,False,-1.7837872989930008,0.0003114805885529,False,0.0,0.0,2026-07,2026-05,E-PERM-025,,,,,,,True
2026-07-20,9,1.0,2,False,-0.0540333909651671,0.0069598212373862,False,0.0,0.0,2026-07,2026-05,E-PERM-025,,,,,,,True
2026-07-20,10,1.0,2,False,0.9014729075458294,0.0387142078361975,False,0.0,0.0,2026-07,2026-05,E-PERM-025,,,,,,,True
2026-07-20,11,1.0,2,False,1.283802301331181,0.0769269038206784,False,0.0,0.0,2026-07,2026-05,E-PERM-025,,,,,,,True
2026-07-20,12,1.0,2,False,2.113132320798548,0.3411426626894577,True,0.0,0.0,2026-07,2026-05,E-PERM-025,,,,,,,True
2026-07-20,13,1.0,2,False,2.2148656183695663,0.4095298842025103,True,0.0,0.0,2026-07,2026-05,E-PERM-025,,,,,,,True
2026-07-20,14,1.0,2,False,1.234595120283647,0.0704202912404955,False,0.0,0.0,2026-07,2026-05,E-PERM-025,,,,,,,True
2026-07-20,15,1.0,2,False,0.8282657397257374,0.0339445862492826,False,0.0,0.0,2026-07,2026-05,E-PERM-025,,,,,,,True
2026-07-20,16,1.0,2,False,0.4156637885568679,0.0161789661139412,False,0.0,0.0,2026-07,2026-05,E-PERM-025,,,,,,,True
2026-07-20,17,1.0,2,True,-0.1583052084030678,0.0057712320373226,False,0.0,0.0,2026-07,2026-05,E-PERM-025,,,,,,,True
2026-07-20,20,2.0,2,False,-2.5305031485941654,8.147236093014047e-05,True,0.0,0.0,2026-07,2026-05,E-PERM-025,,,,,,,True
2026-07-20,21,2.0,2,False,-3.356214447340418,1.8491623244405567e-05,True,0.0,0.0,2026-07,2026-05,E-PERM-025,,,,,,,True
2026-07-21,8,1.0,2,False,-1.9129991729801847,0.0002239354455354,False,0.0,0.0,2026-07,2026-05,E-PERM-025,,,,,,,True
2026-07-21,9,1.0,2,False,-0.1176959717865626,0.005628813200922,False,0.0,0.0,2026-07,2026-05,E-PERM-025,,,,,,,True
2026-07-21,10,1.0,2,False,0.8822428468056734,0.0339113783548404,False,0.0,0.0,2026-07,2026-05,E-PERM-025,,,,,,,True
2026-07-21,11,1.0,2,False,1.301852621460832,0.0720495267968013,False,0.0,0.0,2026-07,2026-05,E-PERM-025,,,,,,,True
2026-07-21,12,1.0,2,False,2.152806585730663,0.3321659257337317,True,0.0,0.0,2026-07,2026-05,E-PERM-025,,,,,,,True
2026-07-21,13,1.0,2,False,2.1719407655405245,0.3437789547950505,True,0.0,0.0,2026-07,2026-05,E-PERM-025,,,,,,,True
2026-07-21,14,1.0,2,True,1.532333494615309,0.108993539811887,False,0.0,0.0,2026-07,2026-05,E-PERM-025,,,,,,,True
2026-07-21,15,1.0,2,False,1.2370144689335902,0.0641296557801465,False,0.0,0.0,2026-07,2026-05,E-PERM-025,,,,,,,True
2026-07-21,16,1.0,2,False,0.8744298424391022,0.0334388616105515,False,0.0,0.0,2026-07,2026-05,E-PERM-025,,,,,,,True
2026-07-21,17,1.0,2,False,-0.1224626894635383,0.005580831488972,False,0.0,0.0,2026-07,2026-05,E-PERM-025,,,,,,,True
2026-07-21,20,2.0,2,False,-2.473097711188341,8.189534957362431e-05,True,0.0,0.0,2026-07,2026-05,E-PERM-025,,,,,,,True
2026-07-21,21,2.0,2,False,-3.359048581595671,1.6681631987723196e-05,True,0.0,0.0,2026-07,2026-05,E-PERM-025,,,,,,,True
2026-07-22,8,1.0,2,False,-1.804848344428733,0.0002820002455097,False,1.0,1.0,2026-07,2026-05,E-PERM-025,,,,,,,True
2026-07-22,9,1.0,2,False,-0.1003755333114786,0.0060214062305827,False,1.0,1.0,2026-07,2026-05,E-PERM-025,,,,,,,True
2026-07-22,10,1.0,2,False,0.921430237745848,0.0377296033009481,False,1.0,1.0,2026-07,2026-05,E-PERM-025,,,,,,,True
2026-07-22,11,1.0,2,False,1.3079195905972338,0.0755326608939521,False,1.0,1.0,2026-07,2026-05,E-PERM-025,,,,,,,True
2026-07-22,12,1.0,2,False,2.1191748502000256,0.3242609728920125,True,1.0,1.0,2026-07,2026-05,E-PERM-025,,,,,,,True
2026-07-22,13,1.0,2,True,2.1290777384728874,0.3300796117587942,True,1.0,1.0,2026-07,2026-05,E-PERM-025,,,,,,,True
2026-07-22,14,1.0,2,False,1.53235944440601,0.1130296953570709,False,1.0,1.0,2026-07,2026-05,E-PERM-025,,,,,,,True
2026-07-22,15,1.0,2,False,1.2523011371235586,0.0683523904418796,False,1.0,1.0,2026-07,2026-05,E-PERM-025,,,,,,,True
2026-07-22,16,1.0,2,False,0.9263122476166772,0.038061867323965,False,1.0,1.0,2026-07,2026-05,E-PERM-025,,,,,,,True
2026-07-22,17,1.0,2,False,-0.0538904495494869,0.0065456863666912,False,1.0,1.0,2026-07,2026-05,E-PERM-025,,,,,,,True
2026-07-22,20,2.0,2,False,-2.446131246920583,8.913822958675328e-05,True,1.0,1.0,2026-07,2026-05,E-PERM-025,,,,,,,True
2026-07-22,21,2.0,2,False,-3.4396619593294133,1.4966959006800006e-05,True,1.0,1.0,2026-07,2026-05,E-PERM-025,,,,,,,True
2026-07-23,8,1.0,2,False,-1.5678390553100878,0.0003938662035317,False,1.0,1.0,2026-07,2026-05,E-PERM-025,,,,,,,True
2026-07-23,9,1.0,2,False,0.0893881031861894,0.0077258570381357,False,1.0,1.0,2026-07,2026-05,E-PERM-025,,,,,,,True
2026-07-23,10,1.0,2,False,1.1104711483717362,0.0483467483146724,False,1.0,1.0,2026-07,2026-05,E-PERM-025,,,,,,,True
2026-07-23,11,1.0,2,False,1.412125281703843,0.0831094393269869,False,1.0,1.0,2026-07,2026-05,E-PERM-025,,,,,,,True
2026-07-23,12,1.0,2,False,2.177587987832652,0.3286193571916878,True,1.0,1.0,2026-07,2026-05,E-PERM-025,,,,,,,True
2026-07-23,13,1.0,2,True,2.187729571184812,0.3346596378265709,True,1.0,1.0,2026-07,2026-05,E-PERM-025,,,,,,,True
2026-07-23,14,1.0,2,False,1.5431418324897206,0.1051574776574112,False,1.0,1.0,2026-07,2026-05,E-PERM-025,,,,,,,True
2026-07-23,15,1.0,2,False,1.2071091733876282,0.0575099038517973,False,1.0,1.0,2026-07,2026-05,E-PERM-025,,,,,,,True
2026-07-23,16,1.0,2,False,0.8445245468931402,0.0299871516966995,False,1.0,1.0,2026-07,2026-05,E-PERM-025,,,,,,,True
2026-07-23,17,1.0,2,False,-0.220386928162832,0.0044292426857846,False,1.0,1.0,2026-07,2026-05,E-PERM-025,,,,,,,True
2026-07-23,20,2.0,2,False,-2.74401853222081,4.763833450946359e-05,True,1.0,1.0,2026-07,2026-05,E-PERM-025,,,,,,,True
2026-07-23,21,2.0,2,False,-3.438750552884372,1.3679872212150746e-05,True,1.0,1.0,2026-07,2026-05,E-PERM-025,,,,,,,True
2026-07-24,8,1.0,2,False,-1.4326468695075816,0.0005872943169794,False,1.0,1.0,2026-07,2026-05,E-PERM-025,,,,,,,True
2026-07-24,9,1.0,2,False,0.2653524782645047,0.0123952443179861,False,1.0,1.0,2026-07,2026-05,E-PERM-025,,,,,,,True
2026-07-24,10,1.0,2,False,1.0688880327918102,0.0524799969508855,False,1.0,1.0,2026-07,2026-05,E-PERM-025,,,,,,,True
2026-07-24,11,1.0,2,False,1.3390132453083443,0.0852481713952674,False,1.0,1.0,2026-07,2026-05,E-PERM-025,,,,,,,True
2026-07-24,12,1.0,2,True,2.0705832195489173,0.3171701684144575,True,1.0,1.0,2026-07,2026-05,E-PERM-025,,,,,,,True
2026-07-24,13,1.0,2,False,2.065496437229018,0.3142858027226911,True,1.0,1.0,2026-07,2026-05,E-PERM-025,,,,,,,True
2026-07-24,14,1.0,2,False,1.5328745065637126,0.1207514254760067,False,1.0,1.0,2026-07,2026-05,E-PERM-025,,,,,,,True
2026-07-24,15,1.0,2,False,1.1526291206759751,0.0609971954330896,False,1.0,1.0,2026-07,2026-05,E-PERM-025,,,,,,,True
2026-07-24,16,1.0,2,False,0.7892612269550273,0.031760805807191,False,1.0,1.0,2026-07,2026-05,E-PERM-025,,,,,,,True
2026-07-24,17,1.0,2,False,-0.3273416926381286,0.0042753105792786,False,1.0,1.0,2026-07,2026-05,E-PERM-025,,,,,,,True
2026-07-24,20,2.0,2,False,-2.9119761280393925,4.121108020223812e-05,True,1.0,1.0,2026-07,2026-05,E-PERM-025,,,,,,,True
2026-07-24,21,2.0,2,False,-3.870133365955237,7.373505964358003e-06,True,1.0,1.0,2026-07,2026-05,E-PERM-025,,,,,,,True
2026-07-27,8,1.0,2,False,-1.8902657241282483,0.0002117909642954,False,0.0,0.0,2026-07,2026-05,E-PERM-025,,,,,,,True
2026-07-27,9,1.0,2,False,0.0191151173433867,0.0065340022792096,False,0.0,0.0,2026-07,2026-05,E-PERM-025,,,,,,,True
2026-07-27,10,1.0,2,False,1.03960763384091,0.0408450362176237,False,0.0,0.0,2026-07,2026-05,E-PERM-025,,,,,,,True
2026-07-27,11,1.0,2,False,1.439060460294031,0.0836956783253186,False,0.0,0.0,2026-07,2026-05,E-PERM-025,,,,,,,True
2026-07-27,12,1.0,2,False,2.1765134759504363,0.3147015829114238,True,0.0,0.0,2026-07,2026-05,E-PERM-025,,,,,,,True
2026-07-27,13,1.0,2,False,2.2229851486323637,0.3420942164219946,True,0.0,0.0,2026-07,2026-05,E-PERM-025,,,,,,,True
2026-07-27,14,1.0,2,False,1.5768014364279916,0.1071859185440317,False,0.0,0.0,2026-07,2026-05,E-PERM-025,,,,,,,True
2026-07-27,15,1.0,2,False,1.3007493163162922,0.065286534398119,False,0.0,0.0,2026-07,2026-05,E-PERM-025,,,,,,,True
2026-07-27,16,1.0,2,True,0.9381646898218045,0.0340420880513609,False,0.0,0.0,2026-07,2026-05,E-PERM-025,,,,,,,True
2026-07-27,17,1.0,2,False,-0.0921038371382641,0.0053509529229434,False,0.0,0.0,2026-07,2026-05,E-PERM-025,,,,,,,True
2026-07-27,20,2.0,2,False,-2.768150471941824,4.377015729911988e-05,True,0.0,0.0,2026-07,2026-05,E-PERM-025,,,,,,,True
2026-07-27,21,2.0,2,False,-3.685373220557095,8.428806379673221e-06,True,0.0,0.0,2026-07,2026-05,E-PERM-025,,,,,,,True
2026-07-28,8,1.0,2,False,-1.7379243097483963,0.0007652387152288,False,0.0,0.0,2026-07,2026-05,E-PERM-025,,,,,,,True
2026-07-28,9,1.0,2,False,-0.4831581511191609,0.0072859272827245,False,0.0,0.0,2026-07,2026-05,E-PERM-025,,,,,,,True
2026-07-28,10,1.0,2,False,0.1818980242283121,0.0240554178294556,False,0.0,0.0,2026-07,2026-05,E-PERM-025,,,,,,,True
2026-07-28,11,1.0,2,False,0.5825920820312719,0.0494020287255653,False,0.0,0.0,2026-07,2026-05,E-PERM-025,,,,,,,True
2026-07-28,12,1.0,2,False,1.4371176838376536,0.2292210635965189,True,0.0,0.0,2026-07,2026-05,E-PERM-025,,,,,,,True
2026-07-28,13,1.0,2,False,1.6715158314142493,0.3492042569825763,True,0.0,0.0,2026-07,2026-05,E-PERM-025,,,,,,,True
2026-07-28,14,1.0,2,False,1.1843741186524597,0.1455863057366713,False,0.0,0.0,2026-07,2026-05,E-PERM-025,,,,,,,True
2026-07-28,15,1.0,2,False,0.9924776712086936,0.1031444441670881,False,0.0,0.0,2026-07,2026-05,E-PERM-025,,,,,,,True
2026-07-28,16,1.0,2,False,0.8371221604458965,0.0780319067612248,False,0.0,0.0,2026-07,2026-05,E-PERM-025,,,,,,,True
2026-07-28,17,1.0,2,True,-0.1572056546202759,0.0130833832452176,False,0.0,0.0,2026-07,2026-05,E-PERM-025,,,,,,,True
2026-07-28,20,2.0,2,False,-2.531602833516623,0.0001839697739824,True,0.0,0.0,2026-07,2026-05,E-PERM-025,,,,,,,True
2026-07-28,21,2.0,2,False,-3.439008158581453,3.605718374585865e-05,True,0.0,0.0,2026-07,2026-05,E-PERM-025,,,,,,,True
2026-07-29,8,1.0,2,False,-1.883430278922472,0.0004256533722612,False,0.0,0.0,2026-07,2026-05,E-PERM-025,,,,,,,True
2026-07-29,9,1.0,2,False,-0.3474793426147827,0.0067152385787017,False,0.0,0.0,2026-07,2026-05,E-PERM-025,,,,,,,True
2026-07-29,10,1.0,2,False,0.4631245127488617,0.0287947467940673,False,0.0,0.0,2026-07,2026-05,E-PERM-025,,,,,,,True
2026-07-29,11,1.0,2,False,0.8317027196311431,0.0558207335871275,False,0.0,0.0,2026-07,2026-05,E-PERM-025,,,,,,,True
2026-07-29,12,1.0,2,False,1.7289812910958142,0.2796736711908061,True,0.0,0.0,2026-07,2026-05,E-PERM-025,,,,,,,True
2026-07-29,13,1.0,2,False,1.8699352107914604,0.3602403067294805,True,0.0,0.0,2026-07,2026-05,E-PERM-025,,,,,,,True
2026-07-29,14,1.0,2,True,1.2951053349201007,0.1283035311156363,False,0.0,0.0,2026-07,2026-05,E-PERM-025,,,,,,,True
2026-07-29,15,1.0,2,False,1.0340223827758646,0.0802786549142914,False,0.0,0.0,2026-07,2026-05,E-PERM-025,,,,,,,True
2026-07-29,16,1.0,2,False,0.7614604756720342,0.0492048885248028,False,0.0,0.0,2026-07,2026-05,E-PERM-025,,,,,,,True
2026-07-29,17,1.0,2,False,-0.106109484971006,0.0103591523852493,False,0.0,0.0,2026-07,2026-05,E-PERM-025,,,,,,,True
2026-07-29,20,2.0,2,False,-2.461516360722275,0.0001507171316074,True,0.0,0.0,2026-07,2026-05,E-PERM-025,,,,,,,True
2026-07-29,21,2.0,2,False,-3.312233835491916,3.270567596805235e-05,True,0.0,0.0,2026-07,2026-05,E-PERM-025,,,,,,,True
2026-07-30,8,1.0,2,False,-1.1989320572200557,0.0013374592881905,False,0.0,0.0,2026-07,2026-05,E-PERM-025,,,,,,,True
2026-07-30,9,1.0,2,True,0.2478805844367071,0.0179787784189913,False,0.0,0.0,2026-07,2026-05,E-PERM-025,,,,,,,True
2026-07-30,10,1.0,2,False,0.9383363987370216,0.0621297161312534,False,0.0,0.0,2026-07,2026-05,E-PERM-025,,,,,,,True
2026-07-30,11,1.0,2,False,1.1636938571541382,0.0931264079602938,False,0.0,0.0,2026-07,2026-05,E-PERM-025,,,,,,,True
2026-07-30,12,1.0,2,False,1.905327893089758,0.3528010284718939,True,0.0,0.0,2026-07,2026-05,E-PERM-025,,,,,,,True
2026-07-30,13,1.0,2,False,1.8528842721280745,0.3210887280081709,True,0.0,0.0,2026-07,2026-05,E-PERM-025,,,,,,,True
2026-07-30,14,1.0,2,False,1.1193398316414682,0.0859959031562404,False,0.0,0.0,2026-07,2026-05,E-PERM-025,,,,,,,True
2026-07-30,15,1.0,2,False,0.7153575800624543,0.041627580520755,False,0.0,0.0,2026-07,2026-05,E-PERM-025,,,,,,,True
2026-07-30,16,1.0,2,False,0.2568348253264232,0.0182702409898265,False,0.0,0.0,2026-07,2026-05,E-PERM-025,,,,,,,True
2026-07-30,17,1.0,2,False,-0.427067516030078,0.0053495424760368,False,0.0,0.0,2026-07,2026-05,E-PERM-025,,,,,,,True
2026-07-30,20,2.0,2,False,-2.178505004696683,0.0002302697356383,True,0.0,0.0,2026-07,2026-05,E-PERM-025,,,,,,,True
2026-07-30,21,2.0,2,False,-2.888427986003012,6.434484270858943e-05,True,0.0,0.0,2026-07,2026-05,E-PERM-025,,,,,,,True
2026-07-31,8,1.0,2,False,-1.4547082345632212,0.0008483774787058,False,1.0,1.0,2026-07,2026-05,E-PERM-025,,,,,,,True
2026-07-31,9,1.0,2,False,-0.001095851056711,0.0115444268859731,False,1.0,1.0,2026-07,2026-05,E-PERM-025,,,,,,,True
2026-07-31,10,1.0,2,False,0.8198699860184323,0.0504320120284216,False,1.0,1.0,2026-07,2026-05,E-PERM-025,,,,,,,True
2026-07-31,11,1.0,2,False,1.1009411774469668,0.0835478292198189,False,1.0,1.0,2026-07,2026-05,E-PERM-025,,,,,,,True
2026-07-31,12,1.0,2,False,1.8201506867856347,0.3040195845040156,True,1.0,1.0,2026-07,2026-05,E-PERM-025,,,,,,,True
2026-07-31,13,1.0,2,True,1.9037436041586884,0.3532661763818205,True,1.0,1.0,2026-07,2026-05,E-PERM-025,,,,,,,True
2026-07-31,14,1.0,2,False,1.234043867792617,0.1061089746134014,False,1.0,1.0,2026-07,2026-05,E-PERM-025,,,,,,,True
2026-07-31,15,1.0,2,False,0.8657192703739865,0.0547605310869115,False,1.0,1.0,2026-07,2026-05,E-PERM-025,,,,,,,True
2026-07-31,16,1.0,2,False,0.5128670101960333,0.029057031343672,False,1.0,1.0,2026-07,2026-05,E-PERM-025,,,,,,,True
2026-07-31,17,1.0,2,False,-0.3426752863210061,0.0062509856882918,False,1.0,1.0,2026-07,2026-05,E-PERM-025,,,,,,,True
2026-07-31,20,2.0,2,False,-2.5483910535353247,0.0001189987567239,True,1.0,1.0,2026-07,2026-05,E-PERM-025,,,,,,,True
2026-07-31,21,2.0,2,False,-3.0889657636294188,4.507201224354665e-05,True,1.0,1.0,2026-07,2026-05,E-PERM-025,,,,,,,True
2026-08-03,8,1.0,1,False,-1.5417311511594654,0.0011107600088146,False,1.0,1.0,2026-08,2026-06,E-PERM-025,,,,,,,True
2026-08-03,9,1.0,1,False,-0.1021913764213422,0.0147376140867799,False,1.0,1.0,2026-08,2026-06,E-PERM-025,,,,,,,True
2026-08-03,10,1.0,1,False,0.5540626941024706,0.0478949604541932,False,1.0,1.0,2026-08,2026-06,E-PERM-025,,,,,,,True
2026-08-03,11,1.0,1,False,0.5587741893004043,0.0483019510785232,False,1.0,1.0,2026-08,2026-06,E-PERM-025,,,,,,,True
2026-08-03,12,1.0,1,False,1.5789187761769246,0.3017541841054306,True,1.0,1.0,2026-08,2026-06,E-PERM-025,,,,,,,True
2026-08-03,13,1.0,1,True,1.5803959811592048,0.3025558019829142,True,1.0,1.0,2026-08,2026-06,E-PERM-025,,,,,,,True
2026-08-03,14,1.0,1,False,1.0136504308792136,0.1093345378293942,False,1.0,1.0,2026-08,2026-06,E-PERM-025,,,,,,,True
2026-08-03,15,1.0,1,False,0.9839768988033576,0.1036603619527426,False,1.0,1.0,2026-08,2026-06,E-PERM-025,,,,,,,True
2026-08-03,16,1.0,1,False,0.5377789691011566,0.0465145580571555,False,1.0,1.0,2026-08,2026-06,E-PERM-025,,,,,,,True
2026-08-03,17,1.0,1,False,-0.0430225922915696,0.0163899425370747,False,1.0,1.0,2026-08,2026-06,E-PERM-025,,,,,,,True
2026-08-03,18,1.0,1,False,-1.2524324017033188,0.001867524942892,False,1.0,1.0,2026-08,2026-06,E-PERM-025,,,,,,,True
2026-08-03,19,1.0,1,False,-1.90244902967722,0.0005811240237537,False,1.0,1.0,2026-08,2026-06,E-PERM-025,,,,,,,True
2026-08-03,20,1.0,1,False,-0.7036417406825856,0.0050039174283365,False,1.0,1.0,2026-08,2026-06,E-PERM-025,,,,,,,True
2026-08-03,21,1.0,1,False,-2.2841976009967224,0.0002927615119945,False,1.0,1.0,2026-08,2026-06,E-PERM-025,,,,,,,True
2026-08-04,8,1.0,1,False,-1.5054670507141883,0.0009922446492121,False,1.0,1.0,2026-08,2026-06,E-PERM-025,,,,,,,True
2026-08-04,9,1.0,1,False,0.0687332044606949,0.0167670900670674,False,1.0,1.0,2026-08,2026-06,E-PERM-025,,,,,,,True
2026-08-04,10,1.0,1,False,0.5578411274428206,0.0403599201252029,False,1.0,1.0,2026-08,2026-06,E-PERM-025,,,,,,,True
2026-08-04,11,1.0,1,False,0.6376616962781407,0.0465809618568605,False,1.0,1.0,2026-08,2026-06,E-PERM-025,,,,,,,True
2026-08-04,12,1.0,1,True,1.6793592235193078,0.3024877993341436,True,1.0,1.0,2026-08,2026-06,E-PERM-025,,,,,,,True
2026-08-04,13,1.0,1,False,1.7732423252069016,0.3580423995700663,True,1.0,1.0,2026-08,2026-06,E-PERM-025,,,,,,,True
2026-08-04,14,1.0,1,False,1.087231201248645,0.1044388360192415,False,1.0,1.0,2026-08,2026-06,E-PERM-025,,,,,,,True
2026-08-04,15,1.0,1,False,0.9038627300432968,0.0751344231493005,False,1.0,1.0,2026-08,2026-06,E-PERM-025,,,,,,,True
2026-08-04,16,1.0,1,False,0.4591018655331453,0.0338015029612616,False,1.0,1.0,2026-08,2026-06,E-PERM-025,,,,,,,True
2026-08-04,17,1.0,1,False,-0.2133069260712011,0.0101035285356518,False,1.0,1.0,2026-08,2026-06,E-PERM-025,,,,,,,True
2026-08-04,18,1.0,1,False,-1.3671271817811077,0.0012720980542286,False,1.0,1.0,2026-08,2026-06,E-PERM-025,,,,,,,True
2026-08-04,19,1.0,1,False,-1.839458707311044,0.0005446445727299,False,1.0,1.0,2026-08,2026-06,E-PERM-025,,,,,,,True
2026-08-04,20,1.0,1,False,-0.2698435853682862,0.009128003891915,False,1.0,1.0,2026-08,2026-06,E-PERM-025,,,,,,,True
2026-08-04,21,1.0,1,False,-2.0911981038732845,0.0003465472131176,False,1.0,1.0,2026-08,2026-06,E-PERM-025,,,,,,,True
2026-08-05,8,1.0,1,False,-1.4464757356543312,0.0010764327768849,False,1.0,1.0,2026-08,2026-06,E-PERM-025,,,,,,,True
2026-08-05,9,1.0,1,False,0.0926390371232809,0.0170789040761575,False,1.0,1.0,2026-08,2026-06,E-PERM-025,,,,,,,True
2026-08-05,10,1.0,1,False,0.6474089890083314,0.0462559311858912,False,1.0,1.0,2026-08,2026-06,E-PERM-025,,,,,,,True
2026-08-05,11,1.0,1,False,0.7389268586416038,0.0545191655377282,False,1.0,1.0,2026-08,2026-06,E-PERM-025,,,,,,,True
2026-08-05,12,1.0,1,True,1.679509585600791,0.2952442577832136,True,1.0,1.0,2026-08,2026-06,E-PERM-025,,,,,,,True
2026-08-05,13,1.0,1,False,1.790799431326482,0.3605661102218053,True,1.0,1.0,2026-08,2026-06,E-PERM-025,,,,,,,True
2026-08-05,14,1.0,1,False,1.07879796126824,0.1003784797549203,False,1.0,1.0,2026-08,2026-06,E-PERM-025,,,,,,,True
2026-08-05,15,1.0,1,False,0.8752172755973899,0.0696389955981643,False,1.0,1.0,2026-08,2026-06,E-PERM-025,,,,,,,True
2026-08-05,16,1.0,1,False,0.4348727812902815,0.0315786978423467,False,1.0,1.0,2026-08,2026-06,E-PERM-025,,,,,,,True
2026-08-05,17,1.0,1,False,-0.1297479585462154,0.0114552192913196,False,1.0,1.0,2026-08,2026-06,E-PERM-025,,,,,,,True
2026-08-05,18,1.0,1,False,-1.2876260852139794,0.0014318116116413,False,1.0,1.0,2026-08,2026-06,E-PERM-025,,,,,,,True
2026-08-05,19,1.0,1,False,-1.8348800371683536,0.0005358469378221,False,1.0,1.0,2026-08,2026-06,E-PERM-025,,,,,,,True
2026-08-05,20,1.0,1,False,-0.2119647828688884,0.0098827140810167,False,1.0,1.0,2026-08,2026-06,E-PERM-025,,,,,,,True
2026-08-05,21,1.0,1,False,-2.060330137684256,0.0003574333010877,False,1.0,1.0,2026-08,2026-06,E-PERM-025,,,,,,,True
2026-08-06,8,1.0,1,False,-1.158363656258427,0.0031467123654407,False,1.0,1.0,2026-08,2026-06,E-PERM-025,,,,,,,True
2026-08-06,9,1.0,1,False,0.0257444751800423,0.0263896333834907,False,1.0,1.0,2026-08,2026-06,E-PERM-025,,,,,,,True
2026-08-06,10,1.0,1,False,0.4743790403722133,0.0590687386120775,False,1.0,1.0,2026-08,2026-06,E-PERM-025,,,,,,,True
2026-08-06,11,1.0,1,False,0.4571560052833091,0.0572695983329249,False,1.0,1.0,2026-08,2026-06,E-PERM-025,,,,,,,True
2026-08-06,12,1.0,1,False,1.3896420357120682,0.3056617993265847,True,1.0,1.0,2026-08,2026-06,E-PERM-025,,,,,,,True
2026-08-06,13,1.0,1,True,1.4073685431157543,0.3155494455723318,True,1.0,1.0,2026-08,2026-06,E-PERM-025,,,,,,,True
2026-08-06,14,1.0,1,False,0.6844039863554754,0.0861335173715172,False,1.0,1.0,2026-08,2026-06,E-PERM-025,,,,,,,True
2026-08-06,15,1.0,1,False,0.5278905300926228,0.0650272505750999,False,1.0,1.0,2026-08,2026-06,E-PERM-025,,,,,,,True
2026-08-06,16,1.0,1,False,0.0714184729909688,0.0286456046574816,False,1.0,1.0,2026-08,2026-06,E-PERM-025,,,,,,,True
2026-08-06,17,1.0,1,False,-0.2958940830938146,0.0148102672646171,False,1.0,1.0,2026-08,2026-06,E-PERM-025,,,,,,,True
2026-08-06,18,1.0,1,False,-1.293452399117978,0.0024688290865577,False,1.0,1.0,2026-08,2026-06,E-PERM-025,,,,,,,True
2026-08-06,19,1.0,1,False,-1.614132410426418,0.0013879320619764,False,1.0,1.0,2026-08,2026-06,E-PERM-025,,,,,,,True
2026-08-06,20,1.0,1,False,0.1503322219022171,0.0330072125491788,False,1.0,1.0,2026-08,2026-06,E-PERM-025,,,,,,,True
2026-08-06,21,1.0,1,False,-1.5961613276319,0.0014334588407204,False,1.0,1.0,2026-08,2026-06,E-PERM-025,,,,,,,True
2026-08-07,8,1.0,1,False,-1.1893327212123668,0.0013386764608335,False,1.0,1.0,2026-08,2026-06,E-PERM-025,,,,,,,True
2026-08-07,9,1.0,1,False,0.1843261593842026,0.0157796379288586,False,1.0,1.0,2026-08,2026-06,E-PERM-025,,,,,,,True
2026-08-07,10,1.0,1,False,0.8065925005037571,0.0482447486945181,False,1.0,1.0,2026-08,2026-06,E-PERM-025,,,,,,,True
2026-08-07,11,1.0,1,False,0.92938754778883,0.0601488430734286,False,1.0,1.0,2026-08,2026-06,E-PERM-025,,,,,,,True
2026-08-07,12,1.0,1,True,1.89855974464858,0.3428930225556626,True,1.0,1.0,2026-08,2026-06,E-PERM-025,,,,,,,True
2026-08-07,13,1.0,1,False,1.9115276290891268,0.3509726628465357,True,1.0,1.0,2026-08,2026-06,E-PERM-025,,,,,,,True
2026-08-07,14,1.0,1,False,1.1690999604541374,0.0925118328526778,False,1.0,1.0,2026-08,2026-06,E-PERM-025,,,,,,,True
2026-08-07,15,1.0,1,False,0.9015879314905808,0.0572195233568301,False,1.0,1.0,2026-08,2026-06,E-PERM-025,,,,,,,True
2026-08-07,16,1.0,1,False,0.3754733692445901,0.0222426911952554,False,1.0,1.0,2026-08,2026-06,E-PERM-025,,,,,,,True
2026-08-07,17,1.0,1,False,-0.3191300845462042,0.0063887086401263,False,1.0,1.0,2026-08,2026-06,E-PERM-025,,,,,,,True
2026-08-07,18,1.0,1,False,-1.570432358583585,0.0006751914463725,False,1.0,1.0,2026-08,2026-06,E-PERM-025,,,,,,,True
2026-08-07,19,1.0,1,False,-2.1838967367956936,0.0002243568014707,False,1.0,1.0,2026-08,2026-06,E-PERM-025,,,,,,,True
2026-08-07,20,1.0,1,False,-1.2083500908411406,0.0012937266628556,False,1.0,1.0,2026-08,2026-06,E-PERM-025,,,,,,,True
2026-08-07,21,1.0,1,False,-2.8620178947245627,6.637748457381317e-05,False,1.0,1.0,2026-08,2026-06,E-PERM-025,,,,,,,True
2026-08-10,8,1.0,1,False,-1.200344100699241,0.0027161955556389,False,1.0,1.0,2026-08,2026-06,E-PERM-025,,,,,,,True
2026-08-10,9,1.0,1,False,-0.0557277702037513,0.0212194769502958,False,1.0,1.0,2026-08,2026-06,E-PERM-025,,,,,,,True
2026-08-10,10,1.0,1,False,0.3827307088722381,0.0466360659969014,False,1.0,1.0,2026-08,2026-06,E-PERM-025,,,,,,,True
2026-08-10,11,1.0,1,False,0.4168720233108194,0.0495851150478396,False,1.0,1.0,2026-08,2026-06,E-PERM-025,,,,,,,True
2026-08-10,12,1.0,1,False,1.426871551157635,0.3041774721156676,True,1.0,1.0,2026-08,2026-06,E-PERM-025,,,,,,,True
2026-08-10,13,1.0,1,True,1.4544500318862348,0.3196226945195268,True,1.0,1.0,2026-08,2026-06,E-PERM-025,,,,,,,True
2026-08-10,14,1.0,1,False,0.6804971904547678,0.0796109331661958,False,1.0,1.0,2026-08,2026-06,E-PERM-025,,,,,,,True
2026-08-10,15,1.0,1,False,0.5227623158899265,0.059971270096304,False,1.0,1.0,2026-08,2026-06,E-PERM-025,,,,,,,True
2026-08-10,16,1.0,1,False,0.2589534463550066,0.0373403662815455,False,1.0,1.0,2026-08,2026-06,E-PERM-025,,,,,,,True
2026-08-10,17,1.0,1,False,0.1202155831447306,0.0291049143045718,False,1.0,1.0,2026-08,2026-06,E-PERM-025,,,,,,,True
2026-08-10,18,1.0,1,False,-0.6562330673190752,0.0072169676584305,False,1.0,1.0,2026-08,2026-06,E-PERM-025,,,,,,,True
2026-08-10,19,1.0,1,False,-0.8398491526018593,0.0051896558588058,False,1.0,1.0,2026-08,2026-06,E-PERM-025,,,,,,,True
2026-08-10,20,1.0,1,False,0.2525363670178541,0.0369124952237187,False,1.0,1.0,2026-08,2026-06,E-PERM-025,,,,,,,True
2026-08-10,21,1.0,1,False,-1.958208737940424,0.0006963772245572,False,1.0,1.0,2026-08,2026-06,E-PERM-025,,,,,,,True
2026-08-11,8,1.0,1,False,-1.199034378176898,0.0023175859545007,False,1.0,1.0,2026-08,2026-06,E-PERM-025,,,,,,,True
2026-08-11,9,1.0,1,False,-0.0160330981658214,0.0193976376494773,False,1.0,1.0,2026-08,2026-06,E-PERM-025,,,,,,,True
2026-08-11,10,1.0,1,False,0.4783305650668779,0.0471347053129921,False,1.0,1.0,2026-08,2026-06,E-PERM-025,,,,,,,True
2026-08-11,11,1.0,1,False,0.4669937544205352,0.0461847239648306,False,1.0,1.0,2026-08,2026-06,E-PERM-025,,,,,,,True
2026-08-11,12,1.0,1,False,1.559545844466947,0.3285966394383725,True,1.0,1.0,2026-08,2026-06,E-PERM-025,,,,,,,True
2026-08-11,13,1.0,1,True,1.5808140600865093,0.3413908070400727,True,1.0,1.0,2026-08,2026-06,E-PERM-025,,,,,,,True
2026-08-11,14,1.0,1,False,0.8204681530365879,0.0871364806184644,False,1.0,1.0,2026-08,2026-06,E-PERM-025,,,,,,,True
2026-08-11,15,1.0,1,False,0.6215649918740961,0.0609621476135595,False,1.0,1.0,2026-08,2026-06,E-PERM-025,,,,,,,True
2026-08-11,16,1.0,1,False,0.1623911596315632,0.026724866195086,False,1.0,1.0,2026-08,2026-06,E-PERM-025,,,,,,,True
2026-08-11,17,1.0,1,False,-0.2093677754602843,0.0137073143030283,False,1.0,1.0,2026-08,2026-06,E-PERM-025,,,,,,,True
2026-08-11,18,1.0,1,False,-1.2999027881781002,0.0019335743592781,False,1.0,1.0,2026-08,2026-06,E-PERM-025,,,,,,,True
2026-08-11,19,1.0,1,False,-1.7041970749262414,0.0009354507034253,False,1.0,1.0,2026-08,2026-06,E-PERM-025,,,,,,,True
2026-08-11,20,1.0,1,False,0.0641097003447767,0.0224005317541132,False,1.0,1.0,2026-08,2026-06,E-PERM-025,,,,,,,True
2026-08-11,21,1.0,1,False,-1.5760483740572613,0.0011775350927986,False,1.0,1.0,2026-08,2026-06,E-PERM-025,,,,,,,True
2026-08-12,8,1.0,1,False,-1.3577602872825485,0.0012514770552002,False,0.0,0.0,2026-08,2026-06,E-PERM-025,,,,,,,True
2026-08-12,9,1.0,1,False,0.0727452613715559,0.0163374154842644,False,0.0,0.0,2026-08,2026-06,E-PERM-025,,,,,,,True
2026-08-12,10,1.0,1,False,0.6505591241844633,0.0461173652875487,False,0.0,0.0,2026-08,2026-06,E-PERM-025,,,,,,,True
2026-08-12,11,1.0,1,False,0.6677131899046267,0.0475602635981516,False,0.0,0.0,2026-08,2026-06,E-PERM-025,,,,,,,True
2026-08-12,12,1.0,1,False,1.6949923323492715,0.3009522983989892,True,0.0,0.0,2026-08,2026-06,E-PERM-025,,,,,,,True
2026-08-12,13,1.0,1,False,1.7979728830020587,0.3620929390391009,True,0.0,0.0,2026-08,2026-06,E-PERM-025,,,,,,,True
2026-08-12,14,1.0,1,True,1.0826265180112256,0.1001997934546617,False,0.0,0.0,2026-08,2026-06,E-PERM-025,,,,,,,True
2026-08-12,15,1.0,1,False,0.860332789813,0.0672175967358936,False,0.0,0.0,2026-08,2026-06,E-PERM-025,,,,,,,True
2026-08-12,16,1.0,1,False,0.4021434290420727,0.0295193048845528,False,0.0,0.0,2026-08,2026-06,E-PERM-025,,,,,,,True
2026-08-12,17,1.0,1,False,-0.217155252170401,0.0097066152722762,False,0.0,0.0,2026-08,2026-06,E-PERM-025,,,,,,,True
2026-08-12,18,1.0,1,False,-1.264042540540428,0.0014808822081429,False,0.0,0.0,2026-08,2026-06,E-PERM-025,,,,,,,True
2026-08-12,19,1.0,1,False,-1.5343080728793168,0.0009114226106413,False,0.0,0.0,2026-08,2026-06,E-PERM-025,,,,,,,True
2026-08-12,20,1.0,1,False,0.0610474329035877,0.0159977654327601,False,0.0,0.0,2026-08,2026-06,E-PERM-025,,,,,,,True
2026-08-12,21,1.0,1,False,-1.7183790159846677,0.0006548605378158,False,0.0,0.0,2026-08,2026-06,E-PERM-025,,,,,,,True
2026-08-13,8,1.0,1,False,-1.1703966412688371,0.0031811189002117,False,1.0,1.0,2026-08,2026-06,E-PERM-025,,,,,,,True
2026-08-13,9,1.0,1,False,0.0161157532596996,0.0267936253460294,False,1.0,1.0,2026-08,2026-06,E-PERM-025,,,,,,,True
2026-08-13,10,1.0,1,False,0.3080960653740487,0.0452656969468633,False,1.0,1.0,2026-08,2026-06,E-PERM-025,,,,,,,True
2026-08-13,11,1.0,1,False,0.394400605629788,0.0528548335805923,False,1.0,1.0,2026-08,2026-06,E-PERM-025,,,,,,,True
2026-08-13,12,1.0,1,False,1.33490764477783,0.286192293368322,True,1.0,1.0,2026-08,2026-06,E-PERM-025,,,,,,,True
2026-08-13,13,1.0,1,True,1.4087038016235245,0.3267511991864414,True,1.0,1.0,2026-08,2026-06,E-PERM-025,,,,,,,True
2026-08-13,14,1.0,1,False,0.6818255604656069,0.0885664770830452,False,1.0,1.0,2026-08,2026-06,E-PERM-025,,,,,,,True
2026-08-13,15,1.0,1,False,0.5849199995583916,0.0744192564773704,False,1.0,1.0,2026-08,2026-06,E-PERM-025,,,,,,,True
2026-08-13,16,1.0,1,False,0.2036922759070326,0.0375263847826636,False,1.0,1.0,2026-08,2026-06,E-PERM-025,,,,,,,True
2026-08-13,17,1.0,1,False,-0.1608317207497515,0.0194991930800668,False,1.0,1.0,2026-08,2026-06,E-PERM-025,,,,,,,True
2026-08-13,18,1.0,1,False,-1.189573340349298,0.0030734243706291,False,1.0,1.0,2026-08,2026-06,E-PERM-025,,,,,,,True
2026-08-13,19,1.0,1,False,-1.3532171726144993,0.002290784392828,False,1.0,1.0,2026-08,2026-06,E-PERM-025,,,,,,,True
2026-08-13,20,1.0,1,False,0.1230985558680465,0.0324694949720133,False,1.0,1.0,2026-08,2026-06,E-PERM-025,,,,,,,True
2026-08-13,21,1.0,1,False,-1.7535310962875703,0.0011162175129231,False,1.0,1.0,2026-08,2026-06,E-PERM-025,,,,,,,True
2026-08-14,8,1.0,1,False,-0.8230265268029143,0.0046407641175165,False,0.0,0.0,2026-08,2026-06,E-PERM-025,,,,,,,True
2026-08-14,9,1.0,1,False,0.3878516328020661,0.0408362442554198,False,0.0,0.0,2026-08,2026-06,E-PERM-025,,,,,,,True
2026-08-14,10,1.0,1,False,0.7370936819428363,0.0764621178993491,False,0.0,0.0,2026-08,2026-06,E-PERM-025,,,,,,,True
2026-08-14,11,1.0,1,True,0.7166227599828652,0.0737020365819476,False,0.0,0.0,2026-08,2026-06,E-PERM-025,,,,,,,True
2026-08-14,12,1.0,1,False,1.5929826419493651,0.3556472458338818,True,0.0,0.0,2026-08,2026-06,E-PERM-025,,,,,,,True
2026-08-14,13,1.0,1,False,1.4470371285566617,0.2736436688041788,True,0.0,0.0,2026-08,2026-06,E-PERM-025,,,,,,,True
2026-08-14,14,1.0,1,False,0.6542539707646097,0.065892094051305,False,0.0,0.0,2026-08,2026-06,E-PERM-025,,,,,,,True
2026-08-14,15,1.0,1,False,0.4275641828668362,0.043855154132905,False,0.0,0.0,2026-08,2026-06,E-PERM-025,,,,,,,True
2026-08-14,16,1.0,1,False,-0.1218916823119775,0.0163477532762077,False,0.0,0.0,2026-08,2026-06,E-PERM-025,,,,,,,True
2026-08-14,17,1.0,1,False,-0.4808722039263469,0.0085794958050028,False,0.0,0.0,2026-08,2026-06,E-PERM-025,,,,,,,True
2026-08-14,18,1.0,1,False,-1.0839973879587217,0.0029042794439824,False,0.0,0.0,2026-08,2026-06,E-PERM-025,,,,,,,True
2026-08-14,19,1.0,1,False,-0.9882103205819842,0.0034494515225238,False,0.0,0.0,2026-08,2026-06,E-PERM-025,,,,,,,True
2026-08-14,20,1.0,1,False,0.2737252060818117,0.0332682442840538,False,0.0,0.0,2026-08,2026-06,E-PERM-025,,,,,,,True
2026-08-14,21,1.0,1,False,-1.822135973689072,0.0007714499917253,False,0.0,0.0,2026-08,2026-06,E-PERM-025,,,,,,,True
2026-08-17,8,1.0,1,False,-1.0226117192974302,0.004515491952608,False,1.0,1.0,2026-08,2026-06,E-PERM-025,,,,,,,True
2026-08-17,9,1.0,1,False,0.1687437708614307,0.0383649071043626,False,1.0,1.0,2026-08,2026-06,E-PERM-025,,,,,,,True
2026-08-17,10,1.0,1,False,0.4389875485071389,0.0623329814012916,False,1.0,1.0,2026-08,2026-06,E-PERM-025,,,,,,,True
2026-08-17,11,1.0,1,False,0.4118820925276382,0.059371262738737,False,1.0,1.0,2026-08,2026-06,E-PERM-025,,,,,,,True
2026-08-17,12,1.0,1,False,1.3068963162106786,0.2962553431378291,True,1.0,1.0,2026-08,2026-06,E-PERM-025,,,,,,,True
2026-08-17,13,1.0,1,True,1.3017079358905663,0.2935076181112954,True,1.0,1.0,2026-08,2026-06,E-PERM-025,,,,,,,True
2026-08-17,14,1.0,1,False,0.547947625214863,0.0758061045516014,False,1.0,1.0,2026-08,2026-06,E-PERM-025,,,,,,,True
2026-08-17,15,1.0,1,False,0.3701168097453844,0.0550808145377178,False,1.0,1.0,2026-08,2026-06,E-PERM-025,,,,,,,True
2026-08-17,16,1.0,1,False,-0.0519955834199315,0.025808495035079,False,1.0,1.0,2026-08,2026-06,E-PERM-025,,,,,,,True
2026-08-17,17,1.0,1,False,-0.3171587738752493,0.016030300708372,False,1.0,1.0,2026-08,2026-06,E-PERM-025,,,,,,,True
2026-08-17,18,1.0,1,False,-1.026998005604218,0.0044800604409353,False,1.0,1.0,2026-08,2026-06,E-PERM-025,,,,,,,True
2026-08-17,19,1.0,1,False,-1.033088537676649,0.0044313229522689,False,1.0,1.0,2026-08,2026-06,E-PERM-025,,,,,,,True
2026-08-17,20,1.0,1,False,0.4412220545672241,0.0625836317244224,False,1.0,1.0,2026-08,2026-06,E-PERM-025,,,,,,,True
2026-08-17,21,1.0,1,False,-1.6621996977853088,0.0014316656034789,False,1.0,1.0,2026-08,2026-06,E-PERM-025,,,,,,,True
2026-08-18,8,1.0,1,False,-0.9835898783588268,0.0041845359284075,False,1.0,1.0,2026-08,2026-06,E-PERM-025,,,,,,,True
2026-08-18,9,1.0,1,False,0.1226837500911234,0.0305150820099257,False,1.0,1.0,2026-08,2026-06,E-PERM-025,,,,,,,True
2026-08-18,10,1.0,1,False,0.3554553785481787,0.0463522586275041,False,1.0,1.0,2026-08,2026-06,E-PERM-025,,,,,,,True
2026-08-18,11,1.0,1,False,0.3673824005643937,0.0473558565003717,False,1.0,1.0,2026-08,2026-06,E-PERM-025,,,,,,,True
2026-08-18,12,1.0,1,False,1.3473976178356075,0.2752722068401548,True,1.0,1.0,2026-08,2026-06,E-PERM-025,,,,,,,True
2026-08-18,13,1.0,1,True,1.4484090086664052,0.3300265337897993,True,1.0,1.0,2026-08,2026-06,E-PERM-025,,,,,,,True
2026-08-18,14,1.0,1,False,0.7324391939593171,0.0912240506430541,False,1.0,1.0,2026-08,2026-06,E-PERM-025,,,,,,,True
2026-08-18,15,1.0,1,False,0.5865279037597411,0.0701943247085082,False,1.0,1.0,2026-08,2026-06,E-PERM-025,,,,,,,True
2026-08-18,16,1.0,1,False,0.1557381887953633,0.0323814447156423,False,1.0,1.0,2026-08,2026-06,E-PERM-025,,,,,,,True
2026-08-18,17,1.0,1,False,-0.3737952189030546,0.0125104433088184,False,1.0,1.0,2026-08,2026-06,E-PERM-025,,,,,,,True
2026-08-18,18,1.0,1,False,-1.364706457711093,0.0021105001709696,False,1.0,1.0,2026-08,2026-06,E-PERM-025,,,,,,,True
2026-08-18,19,1.0,1,False,-1.4203857640850854,0.0019096635152853,False,1.0,1.0,2026-08,2026-06,E-PERM-025,,,,,,,True
2026-08-18,20,1.0,1,False,0.4438586483541095,0.0543279551162585,False,1.0,1.0,2026-08,2026-06,E-PERM-025,,,,,,,True
2026-08-18,21,1.0,1,False,-1.50679968487572,0.0016351441253,False,1.0,1.0,2026-08,2026-06,E-PERM-025,,,,,,,True
2026-08-19,8,1.0,1,False,-1.0730685542265266,0.0027917975081748,False,0.0,0.0,2026-08,2026-06,E-PERM-025,,,,,,,True
2026-08-19,9,1.0,1,False,0.0445636118042705,0.0207783255354416,False,0.0,0.0,2026-08,2026-06,E-PERM-025,,,,,,,True
2026-08-19,10,1.0,1,True,0.4600384662767894,0.043819871199456,False,0.0,0.0,2026-08,2026-06,E-PERM-025,,,,,,,True
2026-08-19,11,1.0,1,False,0.5553619995762219,0.0520021375857931,False,0.0,0.0,2026-08,2026-06,E-PERM-025,,,,,,,True
2026-08-19,12,1.0,1,False,1.5767861255659654,0.3256175716883012,True,0.0,0.0,2026-08,2026-06,E-PERM-025,,,,,,,True
2026-08-19,13,1.0,1,False,1.6009413250631546,0.3400543360746749,True,0.0,0.0,2026-08,2026-06,E-PERM-025,,,,,,,True
2026-08-19,14,1.0,1,False,0.8227619971728459,0.0840595118656429,False,0.0,0.0,2026-08,2026-06,E-PERM-025,,,,,,,True
2026-08-19,15,1.0,1,False,0.6137168184207007,0.057747950190246,False,0.0,0.0,2026-08,2026-06,E-PERM-025,,,,,,,True
2026-08-19,16,1.0,1,False,0.1227525211457424,0.0239109066732184,False,0.0,0.0,2026-08,2026-06,E-PERM-025,,,,,,,True
2026-08-19,17,1.0,1,False,-0.2666725325947505,0.0118810198546532,False,0.0,0.0,2026-08,2026-06,E-PERM-025,,,,,,,True
2026-08-19,18,1.0,1,False,-1.2557749582544908,0.0020108387489635,False,0.0,0.0,2026-08,2026-06,E-PERM-025,,,,,,,True
2026-08-19,19,1.0,1,False,-1.3242347029001724,0.001778198605786,False,0.0,0.0,2026-08,2026-06,E-PERM-025,,,,,,,True
2026-08-19,20,1.0,1,False,0.2912885720841912,0.0323631043975378,False,0.0,0.0,2026-08,2026-06,E-PERM-025,,,,,,,True
2026-08-19,21,1.0,1,False,-1.5504862365690264,0.0011844300721102,False,0.0,0.0,2026-08,2026-06,E-PERM-025,,,,,,,True
2026-08-20,8,1.0,1,False,-1.4009372495543997,0.0011489583811321,False,1.0,1.0,2026-08,2026-06,E-PERM-025,,,,,,,True
2026-08-20,9,1.0,1,False,-0.0812382191121575,0.0122924457081431,False,1.0,1.0,2026-08,2026-06,E-PERM-025,,,,,,,True
2026-08-20,10,1.0,1,False,0.5817103830026675,0.0404317476431355,False,1.0,1.0,2026-08,2026-06,E-PERM-025,,,,,,,True
2026-08-20,11,1.0,1,False,0.6612800362789468,0.0466428371826584,False,1.0,1.0,2026-08,2026-06,E-PERM-025,,,,,,,True
2026-08-20,12,1.0,1,False,1.6848694491902103,0.2931976394739048,True,1.0,1.0,2026-08,2026-06,E-PERM-025,,,,,,,True
2026-08-20,13,1.0,1,True,1.857977108866445,0.4001108660267868,True,1.0,1.0,2026-08,2026-06,E-PERM-025,,,,,,,True
2026-08-20,14,1.0,1,False,1.0579633065715282,0.0951017523938108,False,1.0,1.0,2026-08,2026-06,E-PERM-025,,,,,,,True
2026-08-20,15,1.0,1,False,0.8317523930093302,0.0633504001244422,False,1.0,1.0,2026-08,2026-06,E-PERM-025,,,,,,,True
2026-08-20,16,1.0,1,False,0.3261798089058386,0.0255514008671566,False,1.0,1.0,2026-08,2026-06,E-PERM-025,,,,,,,True
2026-08-20,17,1.0,1,False,-0.1343539652972198,0.0111740156235254,False,1.0,1.0,2026-08,2026-06,E-PERM-025,,,,,,,True
2026-08-20,18,1.0,1,False,-1.1587085991185382,0.0017751575762178,False,1.0,1.0,2026-08,2026-06,E-PERM-025,,,,,,,True
2026-08-20,19,1.0,1,False,-1.5333083560467071,0.0009058535030543,False,1.0,1.0,2026-08,2026-06,E-PERM-025,,,,,,,True
2026-08-20,20,1.0,1,False,-0.3207337392710186,0.0079953496862039,False,1.0,1.0,2026-08,2026-06,E-PERM-025,,,,,,,True
2026-08-20,21,1.0,1,False,-2.1099599556860844,0.0003215758098275,False,1.0,1.0,2026-08,2026-06,E-PERM-025,,,,,,,True
2026-08-21,8,1.0,1,False,-1.0126052780636363,0.0031020799853254,False,1.0,1.0,2026-08,2026-06,E-PERM-025,,,,,,,True
2026-08-21,9,1.0,1,False,0.1832721623673872,0.026571072484801,False,1.0,1.0,2026-08,2026-06,E-PERM-025,,,,,,,True
2026-08-21,10,1.0,1,False,0.6360267424381788,0.0599165692373694,False,1.0,1.0,2026-08,2026-06,E-PERM-025,,,,,,,True
2026-08-21,11,1.0,1,False,0.7075869992797655,0.0681337424255982,False,1.0,1.0,2026-08,2026-06,E-PERM-025,,,,,,,True
2026-08-21,12,1.0,1,False,1.6063225730524564,0.3422588725243499,True,1.0,1.0,2026-08,2026-06,E-PERM-025,,,,,,,True
2026-08-21,13,1.0,1,True,1.5405105498960296,0.3041045340554029,True,1.0,1.0,2026-08,2026-06,E-PERM-025,,,,,,,True
2026-08-21,14,1.0,1,False,0.8082575260494484,0.0816362171055272,False,1.0,1.0,2026-08,2026-06,E-PERM-025,,,,,,,True
2026-08-21,15,1.0,1,False,0.6413298551322885,0.0604899520845775,False,1.0,1.0,2026-08,2026-06,E-PERM-025,,,,,,,True
2026-08-21,16,1.0,1,False,0.1373777257897244,0.0244687909245629,False,1.0,1.0,2026-08,2026-06,E-PERM-025,,,,,,,True
2026-08-21,17,1.0,1,False,-0.4140121265861657,0.0090895310760791,False,1.0,1.0,2026-08,2026-06,E-PERM-025,,,,,,,True
2026-08-21,18,1.0,1,False,-1.3363635915727148,0.0017343197578614,False,1.0,1.0,2026-08,2026-06,E-PERM-025,,,,,,,True
2026-08-21,19,1.0,1,False,-1.2918696563567744,0.0018785959765251,False,1.0,1.0,2026-08,2026-06,E-PERM-025,,,,,,,True
2026-08-21,20,1.0,1,False,-0.0973309476546024,0.0160525969409436,False,1.0,1.0,2026-08,2026-06,E-PERM-025,,,,,,,True
2026-08-21,21,1.0,1,False,-1.962695471527205,0.0005631254210758,False,1.0,1.0,2026-08,2026-06,E-PERM-025,,,,,,,True
2026-08-24,8,1.0,1,False,-1.378553158808753,0.0011708503799946,False,0.0,0.0,2026-08,2026-06,E-PERM-025,,,,,,,True
2026-08-24,9,1.0,1,False,-0.0525069016850751,0.0126702764023577,False,0.0,0.0,2026-08,2026-06,E-PERM-025,,,,,,,True
2026-08-24,10,1.0,1,False,0.5204879018463263,0.0354575293355674,False,0.0,0.0,2026-08,2026-06,E-PERM-025,,,,,,,True
2026-08-24,11,1.0,1,False,0.666031377631195,0.0460499259755365,False,0.0,0.0,2026-08,2026-06,E-PERM-025,,,,,,,True
2026-08-24,12,1.0,1,False,1.6895474811091211,0.2894324804391883,True,0.0,0.0,2026-08,2026-06,E-PERM-025,,,,,,,True
2026-08-24,13,1.0,1,False,1.8491955195232035,0.3855395685407136,True,0.0,0.0,2026-08,2026-06,E-PERM-025,,,,,,,True
2026-08-24,14,1.0,1,False,1.0936333153566231,0.0992540700956282,False,0.0,0.0,2026-08,2026-06,E-PERM-025,,,,,,,True
2026-08-24,15,1.0,1,False,0.9347115452142372,0.0746093242332186,False,0.0,0.0,2026-08,2026-06,E-PERM-025,,,,,,,True
2026-08-24,16,1.0,1,False,0.4897997595139279,0.0335561746701631,False,0.0,0.0,2026-08,2026-06,E-PERM-025,,,,,,,True
2026-08-24,17,1.0,1,False,-0.1833684883426331,0.0100165266197923,False,0.0,0.0,2026-08,2026-06,E-PERM-025,,,,,,,True
2026-08-24,18,1.0,1,False,-1.1847255591055776,0.0016583734656979,False,0.0,0.0,2026-08,2026-06,E-PERM-025,,,,,,,True
2026-08-24,19,1.0,1,False,-1.3894296176845324,0.0011482012644353,False,0.0,0.0,2026-08,2026-06,E-PERM-025,,,,,,,True
2026-08-24,20,1.0,1,True,-0.2312042286889976,0.009191923568917,False,0.0,0.0,2026-08,2026-06,E-PERM-025,,,,,,,True
2026-08-24,21,1.0,1,False,-2.250033873830996,0.0002447750087887,False,0.0,0.0,2026-08,2026-06,E-PERM-025,,,,,,,True
2026-08-25,8,1.0,1,False,-1.3897777635973008,0.001983177414667,False,1.0,1.0,2026-08,2026-06,E-PERM-025,,,,,,,True
2026-08-25,9,1.0,1,False,-0.1126034522429217,0.0196574552212065,False,1.0,1.0,2026-08,2026-06,E-PERM-025,,,,,,,True
2026-08-25,10,1.0,1,False,0.3332019344012237,0.0437768937820776,False,1.0,1.0,2026-08,2026-06,E-PERM-025,,,,,,,True
2026-08-25,11,1.0,1,False,0.3816319208164189,0.0477550369636755,False,1.0,1.0,2026-08,2026-06,E-PERM-025,,,,,,,True
2026-08-25,12,1.0,1,False,1.45281949812091,0.3269792073487764,True,1.0,1.0,2026-08,2026-06,E-PERM-025,,,,,,,True
2026-08-25,13,1.0,1,True,1.4635942977588383,0.3333682423899708,True,1.0,1.0,2026-08,2026-06,E-PERM-025,,,,,,,True
2026-08-25,14,1.0,1,False,0.6846188145675229,0.0822890009713231,False,1.0,1.0,2026-08,2026-06,E-PERM-025,,,,,,,True
2026-08-25,15,1.0,1,False,0.5164271255947178,0.060835384062258,False,1.0,1.0,2026-08,2026-06,E-PERM-025,,,,,,,True
2026-08-25,16,1.0,1,False,0.112074605852708,0.0294286853360851,False,1.0,1.0,2026-08,2026-06,E-PERM-025,,,,,,,True
2026-08-25,17,1.0,1,False,-0.1728142837440161,0.0176426684164229,False,1.0,1.0,2026-08,2026-06,E-PERM-025,,,,,,,True
2026-08-25,18,1.0,1,False,-1.0793215944955987,0.0034634588338324,False,1.0,1.0,2026-08,2026-06,E-PERM-025,,,,,,,True
2026-08-25,19,1.0,1,False,-1.1885370574189724,0.002846587608646,False,1.0,1.0,2026-08,2026-06,E-PERM-025,,,,,,,True
2026-08-25,20,1.0,1,False,0.1064021302896913,0.0291304011120267,False,1.0,1.0,2026-08,2026-06,E-PERM-025,,,,,,,True
2026-08-25,21,1.0,1,False,-1.8655893452222896,0.0008438005390314,False,1.0,1.0,2026-08,2026-06,E-PERM-025,,,,,,,True
2026-08-26,8,1.0,1,False,-1.2600948148339357,0.0019864934522178,False,0.0,0.0,2026-08,2026-06,E-PERM-025,,,,,,,True
2026-08-26,9,1.0,1,False,0.1232709177100154,0.0238275648192367,False,0.0,0.0,2026-08,2026-06,E-PERM-025,,,,,,,True
2026-08-26,10,1.0,1,False,0.5052876165266292,0.047319880686198,False,0.0,0.0,2026-08,2026-06,E-PERM-025,,,,,,,True
2026-08-26,11,1.0,1,False,0.5954191324578618,0.0556344872255829,False,0.0,0.0,2026-08,2026-06,E-PERM-025,,,,,,,True
2026-08-26,12,1.0,1,False,1.5730365020208783,0.3220049099147765,True,0.0,0.0,2026-08,2026-06,E-PERM-025,,,,,,,True
2026-08-26,13,1.0,1,False,1.5792086075218128,0.3255941475771094,True,0.0,0.0,2026-08,2026-06,E-PERM-025,,,,,,,True
2026-08-26,14,1.0,1,False,0.7652613041950337,0.0754774054353745,False,0.0,0.0,2026-08,2026-06,E-PERM-025,,,,,,,True
2026-08-26,15,1.0,1,False,0.5159216682105059,0.0482322974839412,False,0.0,0.0,2026-08,2026-06,E-PERM-025,,,,,,,True
2026-08-26,16,1.0,1,False,0.1091748425295812,0.023231917389891,False,0.0,0.0,2026-08,2026-06,E-PERM-025,,,,,,,True
2026-08-26,17,1.0,1,False,0.0118092613855488,0.0195048316618731,False,0.0,0.0,2026-08,2026-06,E-PERM-025,,,,,,,True
2026-08-26,18,1.0,1,False,-0.6068521977894603,0.006420974044992,False,0.0,0.0,2026-08,2026-06,E-PERM-025,,,,,,,True
2026-08-26,19,1.0,1,False,-0.7538883045646072,0.0049307868835038,False,0.0,0.0,2026-08,2026-06,E-PERM-025,,,,,,,True
2026-08-26,20,1.0,1,True,0.4772634459988664,0.0449971959774501,False,0.0,0.0,2026-08,2026-06,E-PERM-025,,,,,,,True
2026-08-26,21,1.0,1,False,-1.7412708703147914,0.0008371074478525,False,0.0,0.0,2026-08,2026-06,E-PERM-025,,,,,,,True
2026-08-27,8,1.0,1,False,-1.1601628500206551,0.003236134193729,False,0.0,0.0,2026-08,2026-06,E-PERM-025,,,,,,,True
2026-08-27,9,1.0,1,False,0.0082946316618614,0.0263873450524191,False,0.0,0.0,2026-08,2026-06,E-PERM-025,,,,,,,True
2026-08-27,10,1.0,1,False,0.4144202356060587,0.0547222634558102,False,0.0,0.0,2026-08,2026-06,E-PERM-025,,,,,,,True
2026-08-27,11,1.0,1,True,0.408694432761954,0.0541624201744317,False,0.0,0.0,2026-08,2026-06,E-PERM-025,,,,,,,True
2026-08-27,12,1.0,1,False,1.3166720367868217,0.2766298859973359,True,0.0,0.0,2026-08,2026-06,E-PERM-025,,,,,,,True
2026-08-27,13,1.0,1,False,1.354680483094814,0.2961725373882785,True,0.0,0.0,2026-08,2026-06,E-PERM-025,,,,,,,True
2026-08-27,14,1.0,1,False,0.5580012202702169,0.070819657414881,False,0.0,0.0,2026-08,2026-06,E-PERM-025,,,,,,,True
2026-08-27,15,1.0,1,False,0.3885069504518418,0.052233882008088,False,0.0,0.0,2026-08,2026-06,E-PERM-025,,,,,,,True
2026-08-27,16,1.0,1,False,-0.0038272155717458,0.0258190906462063,False,0.0,0.0,2026-08,2026-06,E-PERM-025,,,,,,,True
2026-08-27,17,1.0,1,False,-0.0603092335365856,0.0233284726272976,False,0.0,0.0,2026-08,2026-06,E-PERM-025,,,,,,,True
2026-08-27,18,1.0,1,False,-0.7319776660910375,0.0069823373688454,False,0.0,0.0,2026-08,2026-06,E-PERM-025,,,,,,,True
2026-08-27,19,1.0,1,False,-0.730727269237522,0.0069980349791062,False,0.0,0.0,2026-08,2026-06,E-PERM-025,,,,,,,True
2026-08-27,20,1.0,1,False,0.7520626056095051,0.1003499378701481,False,0.0,0.0,2026-08,2026-06,E-PERM-025,,,,,,,True
2026-08-27,21,1.0,1,False,-1.3857785647248515,0.0021580008234222,False,0.0,0.0,2026-08,2026-06,E-PERM-025,,,,,,,True
2026-08-28,8,1.0,1,False,-0.6556762153085026,0.0114065108553777,False,1.0,1.0,2026-08,2026-06,E-PERM-025,,,,,,,True
2026-08-28,9,1.0,1,False,0.3806915002474808,0.0733660439126131,False,1.0,1.0,2026-08,2026-06,E-PERM-025,,,,,,,True
2026-08-28,10,1.0,1,False,0.4993232562472343,0.0907872920953324,False,1.0,1.0,2026-08,2026-06,E-PERM-025,,,,,,,True
2026-08-28,11,1.0,1,False,0.3997154293454327,0.0759159997590099,False,1.0,1.0,2026-08,2026-06,E-PERM-025,,,,,,,True
2026-08-28,12,1.0,1,False,1.1222475798168596,0.2779017540694206,True,1.0,1.0,2026-08,2026-06,E-PERM-025,,,,,,,True
2026-08-28,13,1.0,1,True,1.0282605445341868,0.2347381218746149,True,1.0,1.0,2026-08,2026-06,E-PERM-025,,,,,,,True
2026-08-28,14,1.0,1,False,0.3571135576336197,0.0703242103604894,False,1.0,1.0,2026-08,2026-06,E-PERM-025,,,,,,,True
2026-08-28,15,1.0,1,False,0.1427875029814364,0.0478559140472353,False,1.0,1.0,2026-08,2026-06,E-PERM-025,,,,,,,True
2026-08-28,16,1.0,1,False,-0.3185407917704463,0.0208982763200322,False,1.0,1.0,2026-08,2026-06,E-PERM-025,,,,,,,True
2026-08-28,17,1.0,1,False,-0.3159778166219139,0.0209946929362275,False,1.0,1.0,2026-08,2026-06,E-PERM-025,,,,,,,True
2026-08-28,18,1.0,1,False,-0.965892775722421,0.0065341822721882,False,1.0,1.0,2026-08,2026-06,E-PERM-025,,,,,,,True
2026-08-28,19,1.0,1,False,-0.9097801593371696,0.0072269950525384,False,1.0,1.0,2026-08,2026-06,E-PERM-025,,,,,,,True
2026-08-28,20,1.0,1,False,0.2758008532623305,0.0607691105666357,False,1.0,1.0,2026-08,2026-06,E-PERM-025,,,,,,,True
2026-08-28,21,1.0,1,False,-1.873199053057061,0.0012808958782843,False,1.0,1.0,2026-08,2026-06,E-PERM-025,,,,,,,True
2026-08-31,8,1.0,1,False,-0.8298219763520808,0.0066465057349878,False,0.0,0.0,2026-08,2026-06,E-PERM-025,,,,,,,True
2026-08-31,9,1.0,1,False,0.2571302249648873,0.0468155757133999,False,0.0,0.0,2026-08,2026-06,E-PERM-025,,,,,,,True
2026-08-31,10,1.0,1,True,0.4943934765588961,0.0716885981199226,False,0.0,0.0,2026-08,2026-06,E-PERM-025,,,,,,,True
2026-08-31,11,1.0,1,False,0.4586380751939465,0.0672297848139558,False,0.0,0.0,2026-08,2026-06,E-PERM-025,,,,,,,True
2026-08-31,12,1.0,1,False,1.2389772481239758,0.2730283864065667,True,0.0,0.0,2026-08,2026-06,E-PERM-025,,,,,,,True
2026-08-31,13,1.0,1,False,1.2423084553603303,0.2746667351131516,True,0.0,0.0,2026-08,2026-06,E-PERM-025,,,,,,,True
2026-08-31,14,1.0,1,False,0.5500273036728616,0.0792215172701121,False,0.0,0.0,2026-08,2026-06,E-PERM-025,,,,,,,True
2026-08-31,15,1.0,1,False,0.3548887187960206,0.0558007041505571,False,0.0,0.0,2026-08,2026-06,E-PERM-025,,,,,,,True
2026-08-31,16,1.0,1,False,-0.0870656587707494,0.0252304924752312,False,0.0,0.0,2026-08,2026-06,E-PERM-025,,,,,,,True
2026-08-31,17,1.0,1,False,-0.1759308035632202,0.0215086433588133,False,0.0,0.0,2026-08,2026-06,E-PERM-025,,,,,,,True
2026-08-31,18,1.0,1,False,-0.9349830330360842,0.0055026292093139,False,0.0,0.0,2026-08,2026-06,E-PERM-025,,,,,,,True
2026-08-31,19,1.0,1,False,-0.948276025113208,0.0053728167705544,False,0.0,0.0,2026-08,2026-06,E-PERM-025,,,,,,,True
2026-08-31,20,1.0,1,False,0.4479368675713202,0.0659500353364604,False,0.0,0.0,2026-08,2026-06,E-PERM-025,,,,,,,True
2026-08-31,21,1.0,1,False,-1.722509416246805,0.0013375755269726,False,0.0,0.0,2026-08,2026-06,E-PERM-025,,,,,,,True
2026-09-01,8,0.0,2,False,0.40740762410751286,0.07702657616239306,True,,,2026-09,2026-07,E-PERM-025,ideal_weather_proxy,awaiting_actual_chm,2026-10-01T17:27:22.315496+00:00,2026-08-31,,,False
2026-09-01,9,0.0,2,False,0.40789498266967184,0.07709402529701899,True,,,2026-09,2026-07,E-PERM-025,ideal_weather_proxy,awaiting_actual_chm,2026-10-01T17:27:22.315496+00:00,2026-08-31,,,False
2026-09-01,10,0.0,2,False,0.3998074269201131,0.07598233225888631,False,,,2026-09,2026-07,E-PERM-025,ideal_weather_proxy,awaiting_actual_chm,2026-10-01T17:27:22.315496+00:00,2026-08-31,,,False
2026-09-01,11,0.0,2,False,-0.054137913267410874,0.033623738646079766,False,,,2026-09,2026-07,E-PERM-025,ideal_weather_proxy,awaiting_actual_chm,2026-10-01T17:27:22.315496+00:00,2026-08-31,,,False
2026-09-01,12,0.0,2,False,0.3927732696550636,0.07502847925111254,False,,,2026-09,2026-07,E-PERM-025,ideal_weather_proxy,awaiting_actual_chm,2026-10-01T17:27:22.315496+00:00,2026-08-31,,,False
2026-09-01,13,0.0,2,False,0.2569508443240444,0.058787889275401656,False,,,2026-09,2026-07,E-PERM-025,ideal_weather_proxy,awaiting_actual_chm,2026-10-01T17:27:22.315496+00:00,2026-08-31,,,False
2026-09-01,14,0.0,2,False,-0.776739282413092,0.00918404578471345,False,,,2026-09,2026-07,E-PERM-025,ideal_weather_proxy,awaiting_actual_chm,2026-10-01T17:27:22.315496+00:00,2026-08-31,,,False
2026-09-01,15,0.0,2,False,-1.343358456677686,0.003319590386983112,False,,,2026-09,2026-07,E-PERM-025,ideal_weather_proxy,awaiting_actual_chm,2026-10-01T17:27:22.315496+00:00,2026-08-31,,,False
2026-09-01,18,1.0,2,False,-0.43111568164011205,0.017084893127917677,False,,,2026-09,2026-07,E-PERM-025,ideal_weather_proxy,awaiting_actual_chm,2026-10-01T17:27:22.315496+00:00,2026-08-31,,,False
2026-09-01,19,1.0,2,False,1.2436683288940051,0.3458630333366581,True,,,2026-09,2026-07,E-PERM-025,ideal_weather_proxy,awaiting_actual_chm,2026-10-01T17:27:22.315496+00:00,2026-08-31,,,False
2026-09-01,20,1.0,2,False,1.0056762497732523,0.22556720515911868,True,,,2026-09,2026-07,E-PERM-025,ideal_weather_proxy,awaiting_actual_chm,2026-10-01T17:27:22.315496+00:00,2026-08-31,,,False
2026-09-01,21,1.0,2,False,-1.8091005884513283,0.0014381913137167018,False,,,2026-09,2026-07,E-PERM-025,ideal_weather_proxy,awaiting_actual_chm,2026-10-01T17:27:22.315496+00:00,2026-08-31,,,False
2026-09-02,8,0.0,2,False,0.2683614009755039,0.0667327133428579,False,,,2026-09,2026-07,E-PERM-025,ideal_weather_proxy,awaiting_actual_chm,2026-10-01T17:27:22.315496+00:00,2026-09-01,,,False
2026-09-02,9,0.0,2,False,0.35732003465420564,0.07829326632810978,False,,,2026-09,2026-07,E-PERM-025,ideal_weather_proxy,awaiting_actual_chm,2026-10-01T17:27:22.315496+00:00,2026-09-01,,,False
2026-09-02,10,0.0,2,False,0.39256082450273394,0.08340870792369759,False,,,2026-09,2026-07,E-PERM-025,ideal_weather_proxy,awaiting_actual_chm,2026-10-01T17:27:22.315496+00:00,2026-09-01,,,False
2026-09-02,11,0.0,2,False,0.09698085255205396,0.04905304967226509,False,,,2026-09,2026-07,E-PERM-025,ideal_weather_proxy,awaiting_actual_chm,2026-10-01T17:27:22.315496+00:00,2026-09-01,,,False
2026-09-02,12,0.0,2,False,0.6048687000611874,0.12212554376152618,True,,,2026-09,2026-07,E-PERM-025,ideal_weather_proxy,awaiting_actual_chm,2026-10-01T17:27:22.315496+00:00,2026-09-01,,,False
2026-09-02,13,0.0,2,False,0.4504173955301443,0.09254184406189794,True,,,2026-09,2026-07,E-PERM-025,ideal_weather_proxy,awaiting_actual_chm,2026-10-01T17:27:22.315496+00:00,2026-09-01,,,False
2026-09-02,14,0.0,2,False,-0.539905354623199,0.015628231975884168,False,,,2026-09,2026-07,E-PERM-025,ideal_weather_proxy,awaiting_actual_chm,2026-10-01T17:27:22.315496+00:00,2026-09-01,,,False
2026-09-02,15,0.0,2,False,-1.0226227027436827,0.0065675251603935485,False,,,2026-09,2026-07,E-PERM-025,ideal_weather_proxy,awaiting_actual_chm,2026-10-01T17:27:22.315496+00:00,2026-09-01,,,False
2026-09-02,18,1.0,2,False,-0.5004040559109102,0.016777217194184447,False,,,2026-09,2026-07,E-PERM-025,ideal_weather_proxy,awaiting_actual_chm,2026-10-01T17:27:22.315496+00:00,2026-09-01,,,False
2026-09-02,19,1.0,2,False,1.1080769144282303,0.3015067259506243,True,,,2026-09,2026-07,E-PERM-025,ideal_weather_proxy,awaiting_actual_chm,2026-10-01T17:27:22.315496+00:00,2026-09-01,,,False
2026-09-02,20,1.0,2,False,0.776027971775426,0.16607592894804302,True,,,2026-09,2026-07,E-PERM-025,ideal_weather_proxy,awaiting_actual_chm,2026-10-01T17:27:22.315496+00:00,2026-09-01,,,False
2026-09-02,21,1.0,2,False,-1.9291451657345597,0.001289245680516038,False,,,2026-09,2026-07,E-PERM-025,ideal_weather_proxy,awaiting_actual_chm,2026-10-01T17:27:22.315496+00:00,2026-09-01,,,False
2026-09-03,8,0.0,2,False,-0.12297615185815676,0.033679806034525396,False,,,2026-09,2026-07,E-PERM-025,ideal_weather_proxy,awaiting_actual_chm,2026-10-01T17:27:22.315496+00:00,2026-09-02,,,False
2026-09-03,9,0.0,2,False,0.05251099355258585,0.04615783184260598,False,,,2026-09,2026-07,E-PERM-025,ideal_weather_proxy,awaiting_actual_chm,2026-10-01T17:27:22.315496+00:00,2026-09-02,,,False
2026-09-03,10,0.0,2,False,0.23374247729981984,0.063914834325864,False,,,2026-09,2026-07,E-PERM-025,ideal_weather_proxy,awaiting_actual_chm,2026-10-01T17:27:22.315496+00:00,2026-09-02,,,False
2026-09-03,11,0.0,2,False,0.14105432784752037,0.0541136844990635,False,,,2026-09,2026-07,E-PERM-025,ideal_weather_proxy,awaiting_actual_chm,2026-10-01T17:27:22.315496+00:00,2026-09-02,,,False
2026-09-03,12,0.0,2,False,0.971229834272738,0.2403390536486643,True,,,2026-09,2026-07,E-PERM-025,ideal_weather_proxy,awaiting_actual_chm,2026-10-01T17:27:22.315496+00:00,2026-09-02,,,False
2026-09-03,13,0.0,2,False,0.9275384834992765,0.22220106057516806,True,,,2026-09,2026-07,E-PERM-025,ideal_weather_proxy,awaiting_actual_chm,2026-10-01T17:27:22.315496+00:00,2026-09-02,,,False
2026-09-03,14,0.0,2,False,-0.2229551328721327,0.028144163388976535,False,,,2026-09,2026-07,E-PERM-025,ideal_weather_proxy,awaiting_actual_chm,2026-10-01T17:27:22.315496+00:00,2026-09-02,,,False
2026-09-03,15,0.0,2,False,-0.736124086103074,0.011197696919534811,False,,,2026-09,2026-07,E-PERM-025,ideal_weather_proxy,awaiting_actual_chm,2026-10-01T17:27:22.315496+00:00,2026-09-02,,,False
2026-09-03,18,1.0,2,False,-0.3302602135597962,0.023210950253182736,False,,,2026-09,2026-07,E-PERM-025,ideal_weather_proxy,awaiting_actual_chm,2026-10-01T17:27:22.315496+00:00,2026-09-02,,,False
2026-09-03,19,1.0,2,False,0.7706341800490647,0.16763491761992713,True,,,2026-09,2026-07,E-PERM-025,ideal_weather_proxy,awaiting_actual_chm,2026-10-01T17:27:22.315496+00:00,2026-09-02,,,False
2026-09-03,20,1.0,2,False,0.5276126492562025,0.10834614027094153,True,,,2026-09,2026-07,E-PERM-025,ideal_weather_proxy,awaiting_actual_chm,2026-10-01T17:27:22.315496+00:00,2026-09-02,,,False
2026-09-03,21,1.0,2,False,-2.0488305334038417,0.0010598606215459325,False,,,2026-09,2026-07,E-PERM-025,ideal_weather_proxy,awaiting_actual_chm,2026-10-01T17:27:22.315496+00:00,2026-09-02,,,False
2026-09-04,8,0.0,2,False,0.2550533466378281,0.054138998162325334,False,,,2026-09,2026-07,E-PERM-025,ideal_weather_proxy,awaiting_actual_chm,2026-10-01T17:27:22.315496+00:00,2026-09-03,,,False
2026-09-04,9,0.0,2,False,0.4858445424174639,0.08194489138178057,False,,,2026-09,2026-07,E-PERM-025,ideal_weather_proxy,awaiting_actual_chm,2026-10-01T17:27:22.315496+00:00,2026-09-03,,,False
2026-09-04,10,0.0,2,False,0.6403627328729111,0.1081539572342771,False,,,2026-09,2026-07,E-PERM-025,ideal_weather_proxy,awaiting_actual_chm,2026-10-01T17:27:22.315496+00:00,2026-09-03,,,False
2026-09-04,11,0.0,2,False,0.34045230408972077,0.06311308075407451,False,,,2026-09,2026-07,E-PERM-025,ideal_weather_proxy,awaiting_actual_chm,2026-10-01T17:27:22.315496+00:00,2026-09-03,,,False
2026-09-04,12,0.0,2,False,0.9920152890069956,0.20338694979534253,True,,,2026-09,2026-07,E-PERM-025,ideal_weather_proxy,awaiting_actual_chm,2026-10-01T17:27:22.315496+00:00,2026-09-03,,,False
2026-09-04,13,0.0,2,False,0.8341621065403263,0.15317974347909472,True,,,2026-09,2026-07,E-PERM-025,ideal_weather_proxy,awaiting_actual_chm,2026-10-01T17:27:22.315496+00:00,2026-09-03,,,False
2026-09-04,14,0.0,2,False,-0.48203099854790615,0.014407939471523367,False,,,2026-09,2026-07,E-PERM-025,ideal_weather_proxy,awaiting_actual_chm,2026-10-01T17:27:22.315496+00:00,2026-09-03,,,False
2026-09-04,15,0.0,2,False,-1.0310197543622244,0.005375311571035132,False,,,2026-09,2026-07,E-PERM-025,ideal_weather_proxy,awaiting_actual_chm,2026-10-01T17:27:22.315496+00:00,2026-09-03,,,False
2026-09-04,18,1.0,2,False,-0.38038292523050865,0.017293582342138444,False,,,2026-09,2026-07,E-PERM-025,ideal_weather_proxy,awaiting_actual_chm,2026-10-01T17:27:22.315496+00:00,2026-09-03,,,False
2026-09-04,19,1.0,2,False,1.0450132675447963,0.22369704739163748,True,,,2026-09,2026-07,E-PERM-025,ideal_weather_proxy,awaiting_actual_chm,2026-10-01T17:27:22.315496+00:00,2026-09-03,,,False
2026-09-04,20,1.0,2,False,0.435508205453776,0.07486188058965047,True,,,2026-09,2026-07,E-PERM-025,ideal_weather_proxy,awaiting_actual_chm,2026-10-01T17:27:22.315496+00:00,2026-09-03,,,False
2026-09-04,21,1.0,2,False,-2.416276655092703,0.0004466178271203088,False,,,2026-09,2026-07,E-PERM-025,ideal_weather_proxy,awaiting_actual_chm,2026-10-01T17:27:22.315496+00:00,2026-09-03,,,False
2026-09-07,8,0.0,2,False,-0.13473335313253237,0.03458393947271596,False,,,2026-09,2026-07,E-PERM-025,ideal_weather_proxy,awaiting_actual_chm,2026-10-01T17:27:22.315496+00:00,2026-09-06,,,False
2026-09-07,9,0.0,2,False,0.18041178644514905,0.060908823465153285,False,,,2026-09,2026-07,E-PERM-025,ideal_weather_proxy,awaiting_actual_chm,2026-10-01T17:27:22.315496+00:00,2026-09-06,,,False
2026-09-07,10,0.0,2,False,0.3672222551836302,0.08518986964416012,False,,,2026-09,2026-07,E-PERM-025,ideal_weather_proxy,awaiting_actual_chm,2026-10-01T17:27:22.315496+00:00,2026-09-06,,,False
2026-09-07,11,0.0,2,False,0.07336513022792243,0.05025581877471539,False,,,2026-09,2026-07,E-PERM-025,ideal_weather_proxy,awaiting_actual_chm,2026-10-01T17:27:22.315496+00:00,2026-09-06,,,False
2026-09-07,12,0.0,2,False,0.6164001289760194,0.13327257724371125,True,,,2026-09,2026-07,E-PERM-025,ideal_weather_proxy,awaiting_actual_chm,2026-10-01T17:27:22.315496+00:00,2026-09-06,,,False
2026-09-07,13,0.0,2,False,0.5445505517287879,0.11713854545365583,True,,,2026-09,2026-07,E-PERM-025,ideal_weather_proxy,awaiting_actual_chm,2026-10-01T17:27:22.315496+00:00,2026-09-06,,,False
2026-09-07,14,0.0,2,False,-0.3572067137507151,0.02319265714855529,False,,,2026-09,2026-07,E-PERM-025,ideal_weather_proxy,awaiting_actual_chm,2026-10-01T17:27:22.315496+00:00,2026-09-06,,,False
2026-09-07,15,0.0,2,False,-0.7929883814503688,0.010603545976484711,False,,,2026-09,2026-07,E-PERM-025,ideal_weather_proxy,awaiting_actual_chm,2026-10-01T17:27:22.315496+00:00,2026-09-06,,,False
2026-09-07,18,1.0,2,False,-0.015063199388668477,0.042876008594783833,False,,,2026-09,2026-07,E-PERM-025,ideal_weather_proxy,awaiting_actual_chm,2026-10-01T17:27:22.315496+00:00,2026-09-06,,,False
2026-09-07,19,1.0,2,False,1.115178252587558,0.326419371810474,True,,,2026-09,2026-07,E-PERM-025,ideal_weather_proxy,awaiting_actual_chm,2026-10-01T17:27:22.315496+00:00,2026-09-06,,,False
2026-09-07,20,1.0,2,False,0.5339752815311756,0.11493475292416037,True,,,2026-09,2026-07,E-PERM-025,ideal_weather_proxy,awaiting_actual_chm,2026-10-01T17:27:22.315496+00:00,2026-09-06,,,False
2026-09-07,21,1.0,2,False,-2.3702211931500177,0.0006240894914299921,False,,,2026-09,2026-07,E-PERM-025,ideal_weather_proxy,awaiting_actual_chm,2026-10-01T17:27:22.315496+00:00,2026-09-06,,,False
2026-09-08,8,0.0,2,False,-0.01887063189717529,0.048150442609368065,False,,,2026-09,2026-07,E-PERM-025,ideal_weather_proxy,awaiting_actual_chm,2026-10-01T17:27:22.315496+00:00,2026-09-07,,,False
2026-09-08,9,0.0,2,False,0.11639158318848883,0.061390562006592805,False,,,2026-09,2026-07,E-PERM-025,ideal_weather_proxy,awaiting_actual_chm,2026-10-01T17:27:22.315496+00:00,2026-09-07,,,False
2026-09-08,10,0.0,2,False,0.2809429654025781,0.08249883044301218,False,,,2026-09,2026-07,E-PERM-025,ideal_weather_proxy,awaiting_actual_chm,2026-10-01T17:27:22.315496+00:00,2026-09-07,,,False
2026-09-08,11,0.0,2,False,0.06880286277687225,0.05636162861147471,False,,,2026-09,2026-07,E-PERM-025,ideal_weather_proxy,awaiting_actual_chm,2026-10-01T17:27:22.315496+00:00,2026-09-07,,,False
2026-09-08,12,0.0,2,False,0.7950004305049563,0.20768275908480485,True,,,2026-09,2026-07,E-PERM-025,ideal_weather_proxy,awaiting_actual_chm,2026-10-01T17:27:22.315496+00:00,2026-09-07,,,False
2026-09-08,13,0.0,2,False,0.8006009175894794,0.20978222732431148,True,,,2026-09,2026-07,E-PERM-025,ideal_weather_proxy,awaiting_actual_chm,2026-10-01T17:27:22.315496+00:00,2026-09-07,,,False
2026-09-08,14,0.0,2,False,-0.2510962436345547,0.03172998042204458,False,,,2026-09,2026-07,E-PERM-025,ideal_weather_proxy,awaiting_actual_chm,2026-10-01T17:27:22.315496+00:00,2026-09-07,,,False
2026-09-08,15,0.0,2,False,-0.7288105553663224,0.013454388078780917,False,,,2026-09,2026-07,E-PERM-025,ideal_weather_proxy,awaiting_actual_chm,2026-10-01T17:27:22.315496+00:00,2026-09-07,,,False
2026-09-08,18,1.0,2,False,-0.3558428528192691,0.026288749536069394,False,,,2026-09,2026-07,E-PERM-025,ideal_weather_proxy,awaiting_actual_chm,2026-10-01T17:27:22.315496+00:00,2026-09-07,,,False
2026-09-08,19,1.0,2,False,0.7626473676499037,0.1959592739575465,True,,,2026-09,2026-07,E-PERM-025,ideal_weather_proxy,awaiting_actual_chm,2026-10-01T17:27:22.315496+00:00,2026-09-07,,,False
2026-09-08,20,1.0,2,False,0.15712158622145328,0.06604957802011567,True,,,2026-09,2026-07,E-PERM-025,ideal_weather_proxy,awaiting_actual_chm,2026-10-01T17:27:22.315496+00:00,2026-09-07,,,False
2026-09-08,21,1.0,2,False,-2.414626167563405,0.0006515799058789178,False,,,2026-09,2026-07,E-PERM-025,ideal_weather_proxy,awaiting_actual_chm,2026-10-01T17:27:22.315496+00:00,2026-09-07,,,False
2026-09-09,8,0.0,2,False,0.11994677004496541,0.04041485297967037,False,,,2026-09,2026-07,E-PERM-025,ideal_weather_proxy,awaiting_actual_chm,2026-10-01T17:27:22.315496+00:00,2026-09-08,,,False
2026-09-09,9,0.0,2,False,0.2721535318693099,0.053120074343208444,False,,,2026-09,2026-07,E-PERM-025,ideal_weather_proxy,awaiting_actual_chm,2026-10-01T17:27:22.315496+00:00,2026-09-08,,,False
2026-09-09,10,0.0,2,False,0.3205325680077107,0.05794195934123133,False,,,2026-09,2026-07,E-PERM-025,ideal_weather_proxy,awaiting_actual_chm,2026-10-01T17:27:22.315496+00:00,2026-09-08,,,False
2026-09-09,11,0.0,2,False,0.012218470802763937,0.033305463366107284,False,,,2026-09,2026-07,E-PERM-025,ideal_weather_proxy,awaiting_actual_chm,2026-10-01T17:27:22.315496+00:00,2026-09-08,,,False
2026-09-09,12,0.0,2,False,0.5742589647058184,0.09138896518961616,True,,,2026-09,2026-07,E-PERM-025,ideal_weather_proxy,awaiting_actual_chm,2026-10-01T17:27:22.315496+00:00,2026-09-08,,,False
2026-09-09,13,0.0,2,False,0.4229816592796135,0.06964678008067844,True,,,2026-09,2026-07,E-PERM-025,ideal_weather_proxy,awaiting_actual_chm,2026-10-01T17:27:22.315496+00:00,2026-09-08,,,False
2026-09-09,14,0.0,2,False,-0.6368975060320302,0.010380550495081561,False,,,2026-09,2026-07,E-PERM-025,ideal_weather_proxy,awaiting_actual_chm,2026-10-01T17:27:22.315496+00:00,2026-09-08,,,False
2026-09-09,15,0.0,2,False,-1.0803784073932061,0.004680753613184571,False,,,2026-09,2026-07,E-PERM-025,ideal_weather_proxy,awaiting_actual_chm,2026-10-01T17:27:22.315496+00:00,2026-09-08,,,False
2026-09-09,18,1.0,2,False,-0.0184977584090513,0.031517919981772634,False,,,2026-09,2026-07,E-PERM-025,ideal_weather_proxy,awaiting_actual_chm,2026-10-01T17:27:22.315496+00:00,2026-09-08,,,False
2026-09-09,19,1.0,2,False,1.469263620550273,0.45601192837990506,True,,,2026-09,2026-07,E-PERM-025,ideal_weather_proxy,awaiting_actual_chm,2026-10-01T17:27:22.315496+00:00,2026-09-08,,,False
2026-09-09,20,1.0,2,False,0.8528817285135958,0.15073458842760543,True,,,2026-09,2026-07,E-PERM-025,ideal_weather_proxy,awaiting_actual_chm,2026-10-01T17:27:22.315496+00:00,2026-09-08,,,False
2026-09-09,21,1.0,2,False,-2.026251883691254,0.0008561638019386967,False,,,2026-09,2026-07,E-PERM-025,ideal_weather_proxy,awaiting_actual_chm,2026-10-01T17:27:22.315496+00:00,2026-09-08,,,False
2026-09-10,8,0.0,2,False,0.3150837247103476,0.05608136047468046,False,,,2026-09,2026-07,E-PERM-025,ideal_weather_proxy,awaiting_actual_chm,2026-10-01T17:27:22.315496+00:00,2026-09-09,,,False
2026-09-10,9,0.0,2,False,0.3108718374800518,0.05565873970702232,False,,,2026-09,2026-07,E-PERM-025,ideal_weather_proxy,awaiting_actual_chm,2026-10-01T17:27:22.315496+00:00,2026-09-09,,,False
2026-09-10,10,0.0,2,False,0.25504898091031275,0.050349233305058715,False,,,2026-09,2026-07,E-PERM-025,ideal_weather_proxy,awaiting_actual_chm,2026-10-01T17:27:22.315496+00:00,2026-09-09,,,False
2026-09-10,11,0.0,2,False,-0.14004002021987894,0.024764684193828625,False,,,2026-09,2026-07,E-PERM-025,ideal_weather_proxy,awaiting_actual_chm,2026-10-01T17:27:22.315496+00:00,2026-09-09,,,False
2026-09-10,12,0.0,2,False,0.46186193821626015,0.07299650589211121,True,,,2026-09,2026-07,E-PERM-025,ideal_weather_proxy,awaiting_actual_chm,2026-10-01T17:27:22.315496+00:00,2026-09-09,,,False
2026-09-10,13,0.0,2,False,0.42810939631042205,0.06870302961958696,True,,,2026-09,2026-07,E-PERM-025,ideal_weather_proxy,awaiting_actual_chm,2026-10-01T17:27:22.315496+00:00,2026-09-09,,,False
2026-09-10,14,0.0,2,False,-0.5728260134842973,0.01138334674781492,False,,,2026-09,2026-07,E-PERM-025,ideal_weather_proxy,awaiting_actual_chm,2026-10-01T17:27:22.315496+00:00,2026-09-09,,,False
2026-09-10,15,0.0,2,False,-1.0987890905523903,0.004426201862150919,False,,,2026-09,2026-07,E-PERM-025,ideal_weather_proxy,awaiting_actual_chm,2026-10-01T17:27:22.315496+00:00,2026-09-09,,,False
2026-09-10,18,1.0,2,False,-0.303786083179512,0.018455029404854252,False,,,2026-09,2026-07,E-PERM-025,ideal_weather_proxy,awaiting_actual_chm,2026-10-01T17:27:22.315496+00:00,2026-09-09,,,False
2026-09-10,19,1.0,2,False,1.4459203257216386,0.42740964481827515,True,,,2026-09,2026-07,E-PERM-025,ideal_weather_proxy,awaiting_actual_chm,2026-10-01T17:27:22.315496+00:00,2026-09-09,,,False
2026-09-10,20,1.0,2,False,1.0462039200779722,0.20848508188463993,True,,,2026-09,2026-07,E-PERM-025,ideal_weather_proxy,awaiting_actual_chm,2026-10-01T17:27:22.315496+00:00,2026-09-09,,,False
2026-09-10,21,1.0,2,False,-1.7865083282672556,0.0012871420899764497,False,,,2026-09,2026-07,E-PERM-025,ideal_weather_proxy,awaiting_actual_chm,2026-10-01T17:27:22.315496+00:00,2026-09-09,,,False
2026-09-11,8,0.0,2,False,0.6199161110631038,0.11664105100881982,False,,,2026-09,2026-07,E-PERM-025,ideal_weather_proxy,awaiting_actual_chm,2026-10-01T17:27:22.315496+00:00,2026-09-10,,,False
2026-09-11,9,0.0,2,False,0.59436840565243,0.11141016536494068,False,,,2026-09,2026-07,E-PERM-025,ideal_weather_proxy,awaiting_actual_chm,2026-10-01T17:27:22.315496+00:00,2026-09-10,,,False
2026-09-11,10,0.0,2,False,0.6450036374273012,0.12201665105456819,False,,,2026-09,2026-07,E-PERM-025,ideal_weather_proxy,awaiting_actual_chm,2026-10-01T17:27:22.315496+00:00,2026-09-10,,,False
2026-09-11,11,0.0,2,False,0.19587841397541844,0.054464316665452386,False,,,2026-09,2026-07,E-PERM-025,ideal_weather_proxy,awaiting_actual_chm,2026-10-01T17:27:22.315496+00:00,2026-09-10,,,False
2026-09-11,12,0.0,2,False,0.6463990584048606,0.12232282326496947,True,,,2026-09,2026-07,E-PERM-025,ideal_weather_proxy,awaiting_actual_chm,2026-10-01T17:27:22.315496+00:00,2026-09-10,,,False
2026-09-11,13,0.0,2,False,0.6484563509562044,0.12277561993735613,True,,,2026-09,2026-07,E-PERM-025,ideal_weather_proxy,awaiting_actual_chm,2026-10-01T17:27:22.315496+00:00,2026-09-10,,,False
2026-09-11,14,0.0,2,False,-0.4049803542755492,0.018512132265310757,False,,,2026-09,2026-07,E-PERM-025,ideal_weather_proxy,awaiting_actual_chm,2026-10-01T17:27:22.315496+00:00,2026-09-10,,,False
2026-09-11,15,0.0,2,False,-0.8972833516949243,0.007646659666937325,False,,,2026-09,2026-07,E-PERM-025,ideal_weather_proxy,awaiting_actual_chm,2026-10-01T17:27:22.315496+00:00,2026-09-10,,,False
2026-09-11,18,1.0,2,False,-0.5994201846172243,0.0130556344033034,False,,,2026-09,2026-07,E-PERM-025,ideal_weather_proxy,awaiting_actual_chm,2026-10-01T17:27:22.315496+00:00,2026-09-10,,,False
2026-09-11,19,1.0,2,False,0.9901152852797587,0.2267764832153925,True,,,2026-09,2026-07,E-PERM-025,ideal_weather_proxy,awaiting_actual_chm,2026-10-01T17:27:22.315496+00:00,2026-09-10,,,False
2026-09-11,20,1.0,2,False,0.43501448404402915,0.08368209272638805,True,,,2026-09,2026-07,E-PERM-025,ideal_weather_proxy,awaiting_actual_chm,2026-10-01T17:27:22.315496+00:00,2026-09-10,,,False
2026-09-11,21,1.0,2,False,-2.2314667200937413,0.0006963704265611918,False,,,2026-09,2026-07,E-PERM-025,ideal_weather_proxy,awaiting_actual_chm,2026-10-01T17:27:22.315496+00:00,2026-09-10,,,False
2026-09-14,8,0.0,2,False,0.02576869539273641,0.044687262429120134,False,,,2026-09,2026-07,E-PERM-025,ideal_weather_proxy,awaiting_actual_chm,2026-10-01T17:27:22.315496+00:00,2026-09-13,,,False
2026-09-14,9,0.0,2,False,0.2573521315152505,0.06773503320032102,False,,,2026-09,2026-07,E-PERM-025,ideal_weather_proxy,awaiting_actual_chm,2026-10-01T17:27:22.315496+00:00,2026-09-13,,,False
2026-09-14,10,0.0,2,False,0.3906899351090684,0.08606244463039238,False,,,2026-09,2026-07,E-PERM-025,ideal_weather_proxy,awaiting_actual_chm,2026-10-01T17:27:22.315496+00:00,2026-09-13,,,False
2026-09-14,11,0.0,2,False,0.13393940632969492,0.05426931552174285,False,,,2026-09,2026-07,E-PERM-025,ideal_weather_proxy,awaiting_actual_chm,2026-10-01T17:27:22.315496+00:00,2026-09-13,,,False
2026-09-14,12,0.0,2,False,0.677530183724638,0.14405962551622223,True,,,2026-09,2026-07,E-PERM-025,ideal_weather_proxy,awaiting_actual_chm,2026-10-01T17:27:22.315496+00:00,2026-09-13,,,False
2026-09-14,13,0.0,2,False,0.5554313201547226,0.11569325991516982,True,,,2026-09,2026-07,E-PERM-025,ideal_weather_proxy,awaiting_actual_chm,2026-10-01T17:27:22.315496+00:00,2026-09-13,,,False
2026-09-14,14,0.0,2,False,-0.3022924363744019,0.024791558776068503,False,,,2026-09,2026-07,E-PERM-025,ideal_weather_proxy,awaiting_actual_chm,2026-10-01T17:27:22.315496+00:00,2026-09-13,,,False
2026-09-14,15,0.0,2,False,-0.8208022261487267,0.00976963802852808,False,,,2026-09,2026-07,E-PERM-025,ideal_weather_proxy,awaiting_actual_chm,2026-10-01T17:27:22.315496+00:00,2026-09-13,,,False
2026-09-14,18,1.0,2,False,0.07747822765520206,0.04903610443460523,False,,,2026-09,2026-07,E-PERM-025,ideal_weather_proxy,awaiting_actual_chm,2026-10-01T17:27:22.315496+00:00,2026-09-13,,,False
2026-09-14,19,1.0,2,False,1.0510318885042187,0.281750547722844,True,,,2026-09,2026-07,E-PERM-025,ideal_weather_proxy,awaiting_actual_chm,2026-10-01T17:27:22.315496+00:00,2026-09-13,,,False
2026-09-14,20,1.0,2,False,0.5826797602477595,0.12149578087324374,True,,,2026-09,2026-07,E-PERM-025,ideal_weather_proxy,awaiting_actual_chm,2026-10-01T17:27:22.315496+00:00,2026-09-13,,,False
2026-09-14,21,1.0,2,False,-2.3302670496096898,0.0006494289517420058,False,,,2026-09,2026-07,E-PERM-025,ideal_weather_proxy,awaiting_actual_chm,2026-10-01T17:27:22.315496+00:00,2026-09-13,,,False
2026-09-15,8,0.0,2,False,0.032919287179066614,0.038003649117919994,False,,,2026-09,2026-07,E-PERM-025,ideal_weather_proxy,awaiting_actual_chm,2026-10-01T17:27:22.315496+00:00,2026-09-14,,,False
2026-09-15,9,0.0,2,False,0.1842937877539142,0.04987625383084885,False,,,2026-09,2026-07,E-PERM-025,ideal_weather_proxy,awaiting_actual_chm,2026-10-01T17:27:22.315496+00:00,2026-09-14,,,False
2026-09-15,10,0.0,2,False,0.2987713743424049,0.06126093682302388,False,,,2026-09,2026-07,E-PERM-025,ideal_weather_proxy,awaiting_actual_chm,2026-10-01T17:27:22.315496+00:00,2026-09-14,,,False
2026-09-15,11,0.0,2,False,-0.005965232530922792,0.03544021067012332,False,,,2026-09,2026-07,E-PERM-025,ideal_weather_proxy,awaiting_actual_chm,2026-10-01T17:27:22.315496+00:00,2026-09-14,,,False
2026-09-15,12,0.0,2,False,0.5378135889974671,0.09410894444758684,True,,,2026-09,2026-07,E-PERM-025,ideal_weather_proxy,awaiting_actual_chm,2026-10-01T17:27:22.315496+00:00,2026-09-14,,,False
2026-09-15,13,0.0,2,False,0.3906846139369055,0.07225597819353202,True,,,2026-09,2026-07,E-PERM-025,ideal_weather_proxy,awaiting_actual_chm,2026-10-01T17:27:22.315496+00:00,2026-09-14,,,False
2026-09-15,14,0.0,2,False,-0.5792567781285552,0.01265734043932526,False,,,2026-09,2026-07,E-PERM-025,ideal_weather_proxy,awaiting_actual_chm,2026-10-01T17:27:22.315496+00:00,2026-09-14,,,False
2026-09-15,15,0.0,2,False,-1.1153389451835252,0.004832936201340864,False,,,2026-09,2026-07,E-PERM-025,ideal_weather_proxy,awaiting_actual_chm,2026-10-01T17:27:22.315496+00:00,2026-09-14,,,False
2026-09-15,18,1.0,2,False,-0.09695611139900198,0.030097163214591768,False,,,2026-09,2026-07,E-PERM-025,ideal_weather_proxy,awaiting_actual_chm,2026-10-01T17:27:22.315496+00:00,2026-09-14,,,False
2026-09-15,19,1.0,2,False,1.3294684588850307,0.3900344421317036,True,,,2026-09,2026-07,E-PERM-025,ideal_weather_proxy,awaiting_actual_chm,2026-10-01T17:27:22.315496+00:00,2026-09-14,,,False
2026-09-15,20,1.0,2,False,0.9853479251085954,0.21023116142081252,True,,,2026-09,2026-07,E-PERM-025,ideal_weather_proxy,awaiting_actual_chm,2026-10-01T17:27:22.315496+00:00,2026-09-14,,,False
2026-09-15,21,1.0,2,False,-1.8905855748262381,0.0012009835091911511,False,,,2026-09,2026-07,E-PERM-025,ideal_weather_proxy,awaiting_actual_chm,2026-10-01T17:27:22.315496+00:00,2026-09-14,,,False
2026-09-16,8,0.0,2,False,-0.038585953555095,0.04009158334133073,False,,,2026-09,2026-07,E-PERM-025,ideal_weather_proxy,awaiting_actual_chm,2026-10-01T17:27:22.315496+00:00,2026-09-15,,,False
2026-09-16,9,0.0,2,False,0.16508980045873467,0.05779835452519446,False,,,2026-09,2026-07,E-PERM-025,ideal_weather_proxy,awaiting_actual_chm,2026-10-01T17:27:22.315496+00:00,2026-09-15,,,False
2026-09-16,10,0.0,2,False,0.3058709110501108,0.07442543950923118,False,,,2026-09,2026-07,E-PERM-025,ideal_weather_proxy,awaiting_actual_chm,2026-10-01T17:27:22.315496+00:00,2026-09-15,,,False
2026-09-16,11,0.0,2,False,0.016539962807751912,0.0442639450379928,False,,,2026-09,2026-07,E-PERM-025,ideal_weather_proxy,awaiting_actual_chm,2026-10-01T17:27:22.315496+00:00,2026-09-15,,,False
2026-09-16,12,0.0,2,False,0.5558888406808792,0.11660830275841667,True,,,2026-09,2026-07,E-PERM-025,ideal_weather_proxy,awaiting_actual_chm,2026-10-01T17:27:22.315496+00:00,2026-09-15,,,False
2026-09-16,13,0.0,2,False,0.44724650091831225,0.09593807966002287,True,,,2026-09,2026-07,E-PERM-025,ideal_weather_proxy,awaiting_actual_chm,2026-10-01T17:27:22.315496+00:00,2026-09-15,,,False
2026-09-16,14,0.0,2,False,-0.4352188326657719,0.019664773672698366,False,,,2026-09,2026-07,E-PERM-025,ideal_weather_proxy,awaiting_actual_chm,2026-10-01T17:27:22.315496+00:00,2026-09-15,,,False
2026-09-16,15,0.0,2,False,-0.8363501483348864,0.009567886668673418,False,,,2026-09,2026-07,E-PERM-025,ideal_weather_proxy,awaiting_actual_chm,2026-10-01T17:27:22.315496+00:00,2026-09-15,,,False
2026-09-16,18,1.0,2,False,0.01905396281449016,0.04446425073499075,False,,,2026-09,2026-07,E-PERM-025,ideal_weather_proxy,awaiting_actual_chm,2026-10-01T17:27:22.315496+00:00,2026-09-15,,,False
2026-09-16,19,1.0,2,False,1.1513008895369703,0.339732250945079,True,,,2026-09,2026-07,E-PERM-025,ideal_weather_proxy,awaiting_actual_chm,2026-10-01T17:27:22.315496+00:00,2026-09-15,,,False
2026-09-16,20,1.0,2,False,0.7199245696909277,0.15655734925768933,True,,,2026-09,2026-07,E-PERM-025,ideal_weather_proxy,awaiting_actual_chm,2026-10-01T17:27:22.315496+00:00,2026-09-15,,,False
2026-09-16,21,1.0,2,False,-2.1601195098027177,0.0008877838886804725,False,,,2026-09,2026-07,E-PERM-025,ideal_weather_proxy,awaiting_actual_chm,2026-10-01T17:27:22.315496+00:00,2026-09-15,,,False
2026-09-17,8,0.0,2,False,-0.0541263398960646,0.026658776978257866,False,,,2026-09,2026-07,E-PERM-025,ideal_weather_proxy,awaiting_actual_chm,2026-10-01T17:27:22.315496+00:00,2026-09-16,,,False
2026-09-17,9,0.0,2,False,0.19759320505304578,0.04189628424191469,False,,,2026-09,2026-07,E-PERM-025,ideal_weather_proxy,awaiting_actual_chm,2026-10-01T17:27:22.315496+00:00,2026-09-16,,,False
2026-09-17,10,0.0,2,False,0.30306050896675396,0.05063344857195839,False,,,2026-09,2026-07,E-PERM-025,ideal_weather_proxy,awaiting_actual_chm,2026-10-01T17:27:22.315496+00:00,2026-09-16,,,False
2026-09-17,11,0.0,2,False,0.0070072990075344885,0.029752469080053783,False,,,2026-09,2026-07,E-PERM-025,ideal_weather_proxy,awaiting_actual_chm,2026-10-01T17:27:22.315496+00:00,2026-09-16,,,False
2026-09-17,12,0.0,2,False,0.5143387672175175,0.07399962982611397,True,,,2026-09,2026-07,E-PERM-025,ideal_weather_proxy,awaiting_actual_chm,2026-10-01T17:27:22.315496+00:00,2026-09-16,,,False
2026-09-17,13,0.0,2,False,0.32914706760096263,0.05306209657828965,True,,,2026-09,2026-07,E-PERM-025,ideal_weather_proxy,awaiting_actual_chm,2026-10-01T17:27:22.315496+00:00,2026-09-16,,,False
2026-09-17,14,0.0,2,False,-0.6379052008043855,0.00934343417374084,False,,,2026-09,2026-07,E-PERM-025,ideal_weather_proxy,awaiting_actual_chm,2026-10-01T17:27:22.315496+00:00,2026-09-16,,,False
2026-09-17,15,0.0,2,False,-1.1221975179467394,0.003915344568063318,False,,,2026-09,2026-07,E-PERM-025,ideal_weather_proxy,awaiting_actual_chm,2026-10-01T17:27:22.315496+00:00,2026-09-16,,,False
2026-09-17,18,1.0,2,False,0.05954357248088288,0.03269640935886756,False,,,2026-09,2026-07,E-PERM-025,ideal_weather_proxy,awaiting_actual_chm,2026-10-01T17:27:22.315496+00:00,2026-09-16,,,False
2026-09-17,19,1.0,2,False,1.4695404896718662,0.4113999905870352,True,,,2026-09,2026-07,E-PERM-025,ideal_weather_proxy,awaiting_actual_chm,2026-10-01T17:27:22.315496+00:00,2026-09-16,,,False
2026-09-17,20,1.0,2,False,1.2250457681118974,0.2651942984694948,True,,,2026-09,2026-07,E-PERM-025,ideal_weather_proxy,awaiting_actual_chm,2026-10-01T17:27:22.315496+00:00,2026-09-16,,,False
2026-09-17,21,1.0,2,False,-1.6761324668865414,0.001447817566210004,False,,,2026-09,2026-07,E-PERM-025,ideal_weather_proxy,awaiting_actual_chm,2026-10-01T17:27:22.315496+00:00,2026-09-16,,,False
2026-09-18,8,0.0,2,False,0.6938216577671359,0.12528258506049222,True,,,2026-09,2026-07,E-PERM-025,ideal_weather_proxy,awaiting_actual_chm,2026-10-01T17:27:22.315496+00:00,2026-09-17,,,False
2026-09-18,9,0.0,2,False,0.6621337167320892,0.11835179855100932,True,,,2026-09,2026-07,E-PERM-025,ideal_weather_proxy,awaiting_actual_chm,2026-10-01T17:27:22.315496+00:00,2026-09-17,,,False
2026-09-18,10,0.0,2,False,0.5260935642431024,0.09269723152451634,False,,,2026-09,2026-07,E-PERM-025,ideal_weather_proxy,awaiting_actual_chm,2026-10-01T17:27:22.315496+00:00,2026-09-17,,,False
2026-09-18,11,0.0,2,False,-0.007691489484631676,0.03554078849254103,False,,,2026-09,2026-07,E-PERM-025,ideal_weather_proxy,awaiting_actual_chm,2026-10-01T17:27:22.315496+00:00,2026-09-17,,,False
2026-09-18,12,0.0,2,False,0.4419924177926045,0.07970211764999222,False,,,2026-09,2026-07,E-PERM-025,ideal_weather_proxy,awaiting_actual_chm,2026-10-01T17:27:22.315496+00:00,2026-09-17,,,False
2026-09-18,13,0.0,2,False,0.2990341326362967,0.061654642307610086,False,,,2026-09,2026-07,E-PERM-025,ideal_weather_proxy,awaiting_actual_chm,2026-10-01T17:27:22.315496+00:00,2026-09-17,,,False
2026-09-18,14,0.0,2,False,-0.7998167184515329,0.008568171144904308,False,,,2026-09,2026-07,E-PERM-025,ideal_weather_proxy,awaiting_actual_chm,2026-10-01T17:27:22.315496+00:00,2026-09-17,,,False
2026-09-18,15,0.0,2,False,-1.375572973180634,0.0030465750732773323,False,,,2026-09,2026-07,E-PERM-025,ideal_weather_proxy,awaiting_actual_chm,2026-10-01T17:27:22.315496+00:00,2026-09-17,,,False
2026-09-18,18,1.0,2,False,-0.4092967334861735,0.01727764219407399,False,,,2026-09,2026-07,E-PERM-025,ideal_weather_proxy,awaiting_actual_chm,2026-10-01T17:27:22.315496+00:00,2026-09-17,,,False
2026-09-18,19,1.0,2,False,1.1754657580965537,0.2975511970979915,True,,,2026-09,2026-07,E-PERM-025,ideal_weather_proxy,awaiting_actual_chm,2026-10-01T17:27:22.315496+00:00,2026-09-17,,,False
2026-09-18,20,1.0,2,False,0.8277709839071429,0.15935584929460614,True,,,2026-09,2026-07,E-PERM-025,ideal_weather_proxy,awaiting_actual_chm,2026-10-01T17:27:22.315496+00:00,2026-09-17,,,False
2026-09-18,21,1.0,2,False,-2.0120192976461175,0.0009714016089854341,False,,,2026-09,2026-07,E-PERM-025,ideal_weather_proxy,awaiting_actual_chm,2026-10-01T17:27:22.315496+00:00,2026-09-17,,,False
2026-09-21,8,0.0,2,False,0.36280873396569024,0.07223632309635339,False,,,2026-09,2026-07,E-PERM-025,ideal_weather_proxy,awaiting_actual_chm,2026-10-01T17:27:22.315496+00:00,2026-09-20,,,False
2026-09-21,9,0.0,2,False,0.3464275170468694,0.07014208486018639,False,,,2026-09,2026-07,E-PERM-025,ideal_weather_proxy,awaiting_actual_chm,2026-10-01T17:27:22.315496+00:00,2026-09-20,,,False
2026-09-21,10,0.0,2,False,0.35516054053091944,0.0712508782686962,False,,,2026-09,2026-07,E-PERM-025,ideal_weather_proxy,awaiting_actual_chm,2026-10-01T17:27:22.315496+00:00,2026-09-20,,,False
2026-09-21,11,0.0,2,False,0.007674348278168121,0.038173257194061956,False,,,2026-09,2026-07,E-PERM-025,ideal_weather_proxy,awaiting_actual_chm,2026-10-01T17:27:22.315496+00:00,2026-09-20,,,False
2026-09-21,12,0.0,2,False,0.5774184318982266,0.10620528179079072,True,,,2026-09,2026-07,E-PERM-025,ideal_weather_proxy,awaiting_actual_chm,2026-10-01T17:27:22.315496+00:00,2026-09-20,,,False
2026-09-21,13,0.0,2,False,0.5365044826600159,0.09868115040377516,True,,,2026-09,2026-07,E-PERM-025,ideal_weather_proxy,awaiting_actual_chm,2026-10-01T17:27:22.315496+00:00,2026-09-20,,,False
2026-09-21,14,0.0,2,False,-0.4412705835717025,0.017044834935654906,False,,,2026-09,2026-07,E-PERM-025,ideal_weather_proxy,awaiting_actual_chm,2026-10-01T17:27:22.315496+00:00,2026-09-20,,,False
2026-09-21,15,0.0,2,False,-0.9600722500802533,0.006713357610091408,False,,,2026-09,2026-07,E-PERM-025,ideal_weather_proxy,awaiting_actual_chm,2026-10-01T17:27:22.315496+00:00,2026-09-20,,,False
2026-09-21,18,1.0,2,False,-0.25242550372601025,0.02392695822873791,False,,,2026-09,2026-07,E-PERM-025,ideal_weather_proxy,awaiting_actual_chm,2026-10-01T17:27:22.315496+00:00,2026-09-20,,,False
2026-09-21,19,1.0,2,False,1.3047301164692549,0.39213175335101225,True,,,2026-09,2026-07,E-PERM-025,ideal_weather_proxy,awaiting_actual_chm,2026-10-01T17:27:22.315496+00:00,2026-09-20,,,False
2026-09-21,20,1.0,2,False,0.5596086049853376,0.1028619781923797,True,,,2026-09,2026-07,E-PERM-025,ideal_weather_proxy,awaiting_actual_chm,2026-10-01T17:27:22.315496+00:00,2026-09-20,,,False
2026-09-21,21,1.0,2,False,-2.275657165389109,0.000632142068260095,False,,,2026-09,2026-07,E-PERM-025,ideal_weather_proxy,awaiting_actual_chm,2026-10-01T17:27:22.315496+00:00,2026-09-20,,,False
2026-09-22,8,0.0,2,False,0.15374018787396831,0.04166685152848055,False,,,2026-09,2026-07,E-PERM-025,ideal_weather_proxy,awaiting_actual_chm,2026-10-01T17:27:22.315496+00:00,2026-09-21,,,False
2026-09-22,9,0.0,2,False,0.2545336028994335,0.04993524242909265,False,,,2026-09,2026-07,E-PERM-025,ideal_weather_proxy,awaiting_actual_chm,2026-10-01T17:27:22.315496+00:00,2026-09-21,,,False
2026-09-22,10,0.0,2,False,0.23240866688108502,0.047989943248543526,False,,,2026-09,2026-07,E-PERM-025,ideal_weather_proxy,awaiting_actual_chm,2026-10-01T17:27:22.315496+00:00,2026-09-21,,,False
2026-09-22,11,0.0,2,False,-0.05281800200366996,0.028752802884392404,False,,,2026-09,2026-07,E-PERM-025,ideal_weather_proxy,awaiting_actual_chm,2026-10-01T17:27:22.315496+00:00,2026-09-21,,,False
2026-09-22,12,0.0,2,False,0.7102954493938397,0.11321151789404449,True,,,2026-09,2026-07,E-PERM-025,ideal_weather_proxy,awaiting_actual_chm,2026-10-01T17:27:22.315496+00:00,2026-09-21,,,False
2026-09-22,13,0.0,2,False,0.7560994765554208,0.1229183353540613,True,,,2026-09,2026-07,E-PERM-025,ideal_weather_proxy,awaiting_actual_chm,2026-10-01T17:27:22.315496+00:00,2026-09-21,,,False
2026-09-22,14,0.0,2,False,-0.49341884092335664,0.013032326846795225,False,,,2026-09,2026-07,E-PERM-025,ideal_weather_proxy,awaiting_actual_chm,2026-10-01T17:27:22.315496+00:00,2026-09-21,,,False
2026-09-22,15,0.0,2,False,-1.0473017571750853,0.004819549013526476,False,,,2026-09,2026-07,E-PERM-025,ideal_weather_proxy,awaiting_actual_chm,2026-10-01T17:27:22.315496+00:00,2026-09-21,,,False
2026-09-22,18,1.0,2,False,-0.22138341128724404,0.02124237925792709,False,,,2026-09,2026-07,E-PERM-025,ideal_weather_proxy,awaiting_actual_chm,2026-10-01T17:27:22.315496+00:00,2026-09-21,,,False
2026-09-22,19,1.0,2,False,1.4006378950335316,0.39114823761319334,True,,,2026-09,2026-07,E-PERM-025,ideal_weather_proxy,awaiting_actual_chm,2026-10-01T17:27:22.315496+00:00,2026-09-21,,,False
2026-09-22,20,1.0,2,False,0.9175703476235312,0.16427070722857362,True,,,2026-09,2026-07,E-PERM-025,ideal_weather_proxy,awaiting_actual_chm,2026-10-01T17:27:22.315496+00:00,2026-09-21,,,False
2026-09-22,21,1.0,2,False,-1.9162769788115412,0.001012106701369405,False,,,2026-09,2026-07,E-PERM-025,ideal_weather_proxy,awaiting_actual_chm,2026-10-01T17:27:22.315496+00:00,2026-09-21,,,False
2026-09-23,8,0.0,2,False,0.2948116319351745,0.05246700604861668,False,,,2026-09,2026-07,E-PERM-025,ideal_weather_proxy,awaiting_actual_chm,2026-10-01T17:27:22.315496+00:00,2026-09-22,,,False
2026-09-23,9,0.0,2,False,0.2808430746668431,0.05116713951778093,False,,,2026-09,2026-07,E-PERM-025,ideal_weather_proxy,awaiting_actual_chm,2026-10-01T17:27:22.315496+00:00,2026-09-22,,,False
2026-09-23,10,0.0,2,False,0.2528945443385956,0.04866222321906022,False,,,2026-09,2026-07,E-PERM-025,ideal_weather_proxy,awaiting_actual_chm,2026-10-01T17:27:22.315496+00:00,2026-09-22,,,False
2026-09-23,11,0.0,2,False,-0.07091849656544343,0.027203541130724672,False,,,2026-09,2026-07,E-PERM-025,ideal_weather_proxy,awaiting_actual_chm,2026-10-01T17:27:22.315496+00:00,2026-09-22,,,False
2026-09-23,12,0.0,2,False,0.6776964749382162,0.10435839609330877,True,,,2026-09,2026-07,E-PERM-025,ideal_weather_proxy,awaiting_actual_chm,2026-10-01T17:27:22.315496+00:00,2026-09-22,,,False
2026-09-23,13,0.0,2,False,0.768176933220481,0.12277219235508813,True,,,2026-09,2026-07,E-PERM-025,ideal_weather_proxy,awaiting_actual_chm,2026-10-01T17:27:22.315496+00:00,2026-09-22,,,False
2026-09-23,14,0.0,2,False,-0.27523030122130004,0.01884807797410099,False,,,2026-09,2026-07,E-PERM-025,ideal_weather_proxy,awaiting_actual_chm,2026-10-01T17:27:22.315496+00:00,2026-09-22,,,False
2026-09-23,15,0.0,2,False,-0.7891122955865948,0.007489473349981812,False,,,2026-09,2026-07,E-PERM-025,ideal_weather_proxy,awaiting_actual_chm,2026-10-01T17:27:22.315496+00:00,2026-09-22,,,False
2026-09-23,18,1.0,2,False,-0.42040812818923023,0.014522179538620773,False,,,2026-09,2026-07,E-PERM-025,ideal_weather_proxy,awaiting_actual_chm,2026-10-01T17:27:22.315496+00:00,2026-09-22,,,False
2026-09-23,19,1.0,2,False,1.3882826116862454,0.37391058527589704,True,,,2026-09,2026-07,E-PERM-025,ideal_weather_proxy,awaiting_actual_chm,2026-10-01T17:27:22.315496+00:00,2026-09-22,,,False
2026-09-23,20,1.0,2,False,0.9739629126324549,0.17766758673236138,True,,,2026-09,2026-07,E-PERM-025,ideal_weather_proxy,awaiting_actual_chm,2026-10-01T17:27:22.315496+00:00,2026-09-22,,,False
2026-09-23,21,1.0,2,False,-1.9496890279220456,0.0009315987644585542,False,,,2026-09,2026-07,E-PERM-025,ideal_weather_proxy,awaiting_actual_chm,2026-10-01T17:27:22.315496+00:00,2026-09-22,,,False
2026-09-24,8,0.0,2,False,0.17676724485117296,0.04138224239815804,False,,,2026-09,2026-07,E-PERM-025,ideal_weather_proxy,awaiting_actual_chm,2026-10-01T17:27:22.315496+00:00,2026-09-23,,,False
2026-09-24,9,0.0,2,False,0.17709836089039221,0.04140685856837398,False,,,2026-09,2026-07,E-PERM-025,ideal_weather_proxy,awaiting_actual_chm,2026-10-01T17:27:22.315496+00:00,2026-09-23,,,False
2026-09-24,10,0.0,2,False,0.17520358631844207,0.04126619286876681,False,,,2026-09,2026-07,E-PERM-025,ideal_weather_proxy,awaiting_actual_chm,2026-10-01T17:27:22.315496+00:00,2026-09-23,,,False
2026-09-24,11,0.0,2,False,-0.12355801755291371,0.02413056137402337,False,,,2026-09,2026-07,E-PERM-025,ideal_weather_proxy,awaiting_actual_chm,2026-10-01T17:27:22.315496+00:00,2026-09-23,,,False
2026-09-24,12,0.0,2,False,0.5942215015467771,0.08758272586280026,True,,,2026-09,2026-07,E-PERM-025,ideal_weather_proxy,awaiting_actual_chm,2026-10-01T17:27:22.315496+00:00,2026-09-23,,,False
2026-09-24,13,0.0,2,False,0.6084132788997602,0.08984371636162931,True,,,2026-09,2026-07,E-PERM-025,ideal_weather_proxy,awaiting_actual_chm,2026-10-01T17:27:22.315496+00:00,2026-09-23,,,False
2026-09-24,14,0.0,2,False,-0.48830901483785416,0.012533439894261037,False,,,2026-09,2026-07,E-PERM-025,ideal_weather_proxy,awaiting_actual_chm,2026-10-01T17:27:22.315496+00:00,2026-09-23,,,False
2026-09-24,15,0.0,2,False,-0.9587843594430905,0.0053840694319650184,False,,,2026-09,2026-07,E-PERM-025,ideal_weather_proxy,awaiting_actual_chm,2026-10-01T17:27:22.315496+00:00,2026-09-23,,,False
2026-09-24,18,1.0,2,False,-0.2902850382715112,0.01788645591155129,False,,,2026-09,2026-07,E-PERM-025,ideal_weather_proxy,awaiting_actual_chm,2026-10-01T17:27:22.315496+00:00,2026-09-23,,,False
2026-09-24,19,1.0,2,False,1.4329133885137981,0.3949828821490475,True,,,2026-09,2026-07,E-PERM-025,ideal_weather_proxy,awaiting_actual_chm,2026-10-01T17:27:22.315496+00:00,2026-09-23,,,False
2026-09-24,20,1.0,2,False,1.1603787448379885,0.24210719961084978,True,,,2026-09,2026-07,E-PERM-025,ideal_weather_proxy,awaiting_actual_chm,2026-10-01T17:27:22.315496+00:00,2026-09-23,,,False
2026-09-24,21,1.0,2,False,-1.6727293483498227,0.0014936555685735305,False,,,2026-09,2026-07,E-PERM-025,ideal_weather_proxy,awaiting_actual_chm,2026-10-01T17:27:22.315496+00:00,2026-09-23,,,False
2026-09-25,8,0.0,2,False,0.5821297527844669,0.09884922960225807,True,,,2026-09,2026-07,E-PERM-025,ideal_weather_proxy,awaiting_actual_chm,2026-10-01T17:27:22.315496+00:00,2026-09-24,,,False
2026-09-25,9,0.0,2,False,0.5479351345910546,0.09296132308468329,False,,,2026-09,2026-07,E-PERM-025,ideal_weather_proxy,awaiting_actual_chm,2026-10-01T17:27:22.315496+00:00,2026-09-24,,,False
2026-09-25,10,0.0,2,False,0.4522926675773641,0.07828948499691021,False,,,2026-09,2026-07,E-PERM-025,ideal_weather_proxy,awaiting_actual_chm,2026-10-01T17:27:22.315496+00:00,2026-09-24,,,False
2026-09-25,11,0.0,2,False,0.035136036629173056,0.03701102729822158,False,,,2026-09,2026-07,E-PERM-025,ideal_weather_proxy,awaiting_actual_chm,2026-10-01T17:27:22.315496+00:00,2026-09-24,,,False
2026-09-25,12,0.0,2,False,0.5627619880889229,0.0954699930534288,True,,,2026-09,2026-07,E-PERM-025,ideal_weather_proxy,awaiting_actual_chm,2026-10-01T17:27:22.315496+00:00,2026-09-24,,,False
2026-09-25,13,0.0,2,False,0.46503496779113795,0.0801017729440619,False,,,2026-09,2026-07,E-PERM-025,ideal_weather_proxy,awaiting_actual_chm,2026-10-01T17:27:22.315496+00:00,2026-09-24,,,False
2026-09-25,14,0.0,2,False,-0.7604410215883776,0.008867472876820562,False,,,2026-09,2026-07,E-PERM-025,ideal_weather_proxy,awaiting_actual_chm,2026-10-01T17:27:22.315496+00:00,2026-09-24,,,False
2026-09-25,15,0.0,2,False,-1.3415521293356885,0.003122820070031215,False,,,2026-09,2026-07,E-PERM-025,ideal_weather_proxy,awaiting_actual_chm,2026-10-01T17:27:22.315496+00:00,2026-09-24,,,False
2026-09-25,18,1.0,2,False,-0.3595464475476876,0.018217473471891524,False,,,2026-09,2026-07,E-PERM-025,ideal_weather_proxy,awaiting_actual_chm,2026-10-01T17:27:22.315496+00:00,2026-09-24,,,False
2026-09-25,19,1.0,2,False,1.213346035220594,0.30711925519080185,True,,,2026-09,2026-07,E-PERM-025,ideal_weather_proxy,awaiting_actual_chm,2026-10-01T17:27:22.315496+00:00,2026-09-24,,,False
2026-09-25,20,1.0,2,False,0.9124892150374544,0.1789146275040743,True,,,2026-09,2026-07,E-PERM-025,ideal_weather_proxy,awaiting_actual_chm,2026-10-01T17:27:22.315496+00:00,2026-09-24,,,False
2026-09-25,21,1.0,2,False,-1.9350682312962635,0.0010755199068166466,False,,,2026-09,2026-07,E-PERM-025,ideal_weather_proxy,awaiting_actual_chm,2026-10-01T17:27:22.315496+00:00,2026-09-24,,,False
2026-09-28,8,0.0,2,False,0.40327923074142713,0.06802258065271864,False,,,2026-09,2026-07,E-PERM-025,ideal_weather_proxy,awaiting_actual_chm,2026-10-01T17:27:22.315496+00:00,2026-09-27,,,False
2026-09-28,9,0.0,2,False,0.33095166609231746,0.059736437096056756,False,,,2026-09,2026-07,E-PERM-025,ideal_weather_proxy,awaiting_actual_chm,2026-10-01T17:27:22.315496+00:00,2026-09-27,,,False
2026-09-28,10,0.0,2,False,0.2114971345469988,0.04820228314105229,False,,,2026-09,2026-07,E-PERM-025,ideal_weather_proxy,awaiting_actual_chm,2026-10-01T17:27:22.315496+00:00,2026-09-27,,,False
2026-09-28,11,0.0,2,False,-0.09090339631375936,0.028002857756669938,False,,,2026-09,2026-07,E-PERM-025,ideal_weather_proxy,awaiting_actual_chm,2026-10-01T17:27:22.315496+00:00,2026-09-27,,,False
2026-09-28,12,0.0,2,False,0.5972326978637477,0.09636786046093689,True,,,2026-09,2026-07,E-PERM-025,ideal_weather_proxy,awaiting_actual_chm,2026-10-01T17:27:22.315496+00:00,2026-09-27,,,False
2026-09-28,13,0.0,2,False,0.6263107509041741,0.10153421371148215,True,,,2026-09,2026-07,E-PERM-025,ideal_weather_proxy,awaiting_actual_chm,2026-10-01T17:27:22.315496+00:00,2026-09-27,,,False
2026-09-28,14,0.0,2,False,-0.46384880963316877,0.014332229737311006,False,,,2026-09,2026-07,E-PERM-025,ideal_weather_proxy,awaiting_actual_chm,2026-10-01T17:27:22.315496+00:00,2026-09-27,,,False
2026-09-28,15,0.0,2,False,-0.9620764593339539,0.005857441896344732,False,,,2026-09,2026-07,E-PERM-025,ideal_weather_proxy,awaiting_actual_chm,2026-10-01T17:27:22.315496+00:00,2026-09-27,,,False
2026-09-28,18,1.0,2,False,-0.288410146051935,0.019640464980049618,False,,,2026-09,2026-07,E-PERM-025,ideal_weather_proxy,awaiting_actual_chm,2026-10-01T17:27:22.315496+00:00,2026-09-27,,,False
2026-09-28,19,1.0,2,False,1.352566937021721,0.37417523650147677,True,,,2026-09,2026-07,E-PERM-025,ideal_weather_proxy,awaiting_actual_chm,2026-10-01T17:27:22.315496+00:00,2026-09-27,,,False
2026-09-28,20,1.0,2,False,0.9547870385411695,0.1831538861798785,True,,,2026-09,2026-07,E-PERM-025,ideal_weather_proxy,awaiting_actual_chm,2026-10-01T17:27:22.315496+00:00,2026-09-27,,,False
2026-09-28,21,1.0,2,False,-1.9607255275740265,0.000974507886022769,False,,,2026-09,2026-07,E-PERM-025,ideal_weather_proxy,awaiting_actual_chm,2026-10-01T17:27:22.315496+00:00,2026-09-27,,,False
2026-09-29,8,0.0,2,False,0.3186699829743655,0.05253604264894792,False,,,2026-09,2026-07,E-PERM-025,ideal_weather_proxy,awaiting_actual_chm,2026-10-01T17:27:22.315496+00:00,2026-09-28,,,False
2026-09-29,9,0.0,2,False,0.34181329710513997,0.054765693682130856,False,,,2026-09,2026-07,E-PERM-025,ideal_weather_proxy,awaiting_actual_chm,2026-10-01T17:27:22.315496+00:00,2026-09-28,,,False
2026-09-29,10,0.0,2,False,0.21330031402250843,0.04347819525443886,False,,,2026-09,2026-07,E-PERM-025,ideal_weather_proxy,awaiting_actual_chm,2026-10-01T17:27:22.315496+00:00,2026-09-28,,,False
2026-09-29,11,0.0,2,False,-0.1363786415471726,0.023202255318630675,False,,,2026-09,2026-07,E-PERM-025,ideal_weather_proxy,awaiting_actual_chm,2026-10-01T17:27:22.315496+00:00,2026-09-28,,,False
2026-09-29,12,0.0,2,False,0.5216289019945314,0.07564156537834678,True,,,2026-09,2026-07,E-PERM-025,ideal_weather_proxy,awaiting_actual_chm,2026-10-01T17:27:22.315496+00:00,2026-09-28,,,False
2026-09-29,13,0.0,2,False,0.5423696509251944,0.07851231824106404,True,,,2026-09,2026-07,E-PERM-025,ideal_weather_proxy,awaiting_actual_chm,2026-10-01T17:27:22.315496+00:00,2026-09-28,,,False
2026-09-29,14,0.0,2,False,-0.44070701884720603,0.013432636788625735,False,,,2026-09,2026-07,E-PERM-025,ideal_weather_proxy,awaiting_actual_chm,2026-10-01T17:27:22.315496+00:00,2026-09-28,,,False
2026-09-29,15,0.0,2,False,-0.9703332930737744,0.0051887807033333695,False,,,2026-09,2026-07,E-PERM-025,ideal_weather_proxy,awaiting_actual_chm,2026-10-01T17:27:22.315496+00:00,2026-09-28,,,False
2026-09-29,18,1.0,2,False,-0.3343323279072082,0.016260392046438334,False,,,2026-09,2026-07,E-PERM-025,ideal_weather_proxy,awaiting_actual_chm,2026-10-01T17:27:22.315496+00:00,2026-09-28,,,False
2026-09-29,19,1.0,2,False,1.4349608701655026,0.39006575221866774,True,,,2026-09,2026-07,E-PERM-025,ideal_weather_proxy,awaiting_actual_chm,2026-10-01T17:27:22.315496+00:00,2026-09-28,,,False
2026-09-29,20,1.0,2,False,1.1773648088895103,0.2455947005905755,True,,,2026-09,2026-07,E-PERM-025,ideal_weather_proxy,awaiting_actual_chm,2026-10-01T17:27:22.315496+00:00,2026-09-28,,,False
2026-09-29,21,1.0,2,False,-1.7318220813112732,0.0013216671288002733,False,,,2026-09,2026-07,E-PERM-025,ideal_weather_proxy,awaiting_actual_chm,2026-10-01T17:27:22.315496+00:00,2026-09-28,,,False
2026-09-30,8,0.0,2,False,0.32652853304545726,0.06066044513382675,False,,,2026-09,2026-07,E-PERM-025,ideal_weather_proxy,awaiting_actual_chm,2026-10-01T17:27:22.315496+00:00,2026-09-29,,,False
2026-09-30,9,0.0,2,False,0.3420544405169853,0.0623757001022943,False,,,2026-09,2026-07,E-PERM-025,ideal_weather_proxy,awaiting_actual_chm,2026-10-01T17:27:22.315496+00:00,2026-09-29,,,False
2026-09-30,10,0.0,2,False,0.2724093392785016,0.05504196159500138,False,,,2026-09,2026-07,E-PERM-025,ideal_weather_proxy,awaiting_actual_chm,2026-10-01T17:27:22.315496+00:00,2026-09-29,,,False
2026-09-30,11,0.0,2,False,-0.16069051440444654,0.025286357297257197,False,,,2026-09,2026-07,E-PERM-025,ideal_weather_proxy,awaiting_actual_chm,2026-10-01T17:27:22.315496+00:00,2026-09-29,,,False
2026-09-30,12,0.0,2,False,0.4694949739492366,0.07841804884633566,True,,,2026-09,2026-07,E-PERM-025,ideal_weather_proxy,awaiting_actual_chm,2026-10-01T17:27:22.315496+00:00,2026-09-29,,,False
2026-09-30,13,0.0,2,False,0.3536281807417688,0.0636858099566877,True,,,2026-09,2026-07,E-PERM-025,ideal_weather_proxy,awaiting_actual_chm,2026-10-01T17:27:22.315496+00:00,2026-09-29,,,False
2026-09-30,14,0.0,2,False,-0.7097628701316598,0.009432413505544355,False,,,2026-09,2026-07,E-PERM-025,ideal_weather_proxy,awaiting_actual_chm,2026-10-01T17:27:22.315496+00:00,2026-09-29,,,False
2026-09-30,15,0.0,2,False,-1.196682852141669,0.003934021895750764,False,,,2026-09,2026-07,E-PERM-025,ideal_weather_proxy,awaiting_actual_chm,2026-10-01T17:27:22.315496+00:00,2026-09-29,,,False
2026-09-30,18,1.0,2,False,-0.31348091075962237,0.019218229628202924,False,,,2026-09,2026-07,E-PERM-025,ideal_weather_proxy,awaiting_actual_chm,2026-10-01T17:27:22.315496+00:00,2026-09-29,,,False
2026-09-30,19,1.0,2,False,1.3944852091455984,0.4129395855675774,True,,,2026-09,2026-07,E-PERM-025,ideal_weather_proxy,awaiting_actual_chm,2026-10-01T17:27:22.315496+00:00,2026-09-29,,,False
2026-09-30,20,1.0,2,False,1.0114548313210752,0.20755437426664003,True,,,2026-09,2026-07,E-PERM-025,ideal_weather_proxy,awaiting_actual_chm,2026-10-01T17:27:22.315496+00:00,2026-09-29,,,False
2026-09-30,21,1.0,2,False,-1.7512580879208697,0.0014530522048815872,False,,,2026-09,2026-07,E-PERM-025,ideal_weather_proxy,awaiting_actual_chm,2026-10-01T17:27:22.315496+00:00,2026-09-29,,,False
