date,month,market_hour,probability,segment,segment_count,is_predicted,is_actual,hit_at_2,hit_segment_2plus2,score,load_history_last_month,model_version,input_mode,forecast_status,generated_at_utc,as_of_date,forecast_issued_at,weather_issued_at,rsv_issued_at
2026-01-12,2026-01,8.0,0.07277432331965367,0.0,1,False,False,0.0,0.0,-2.6264237766252756,2025-11,CatBoost-79 · M-2,historical_proxy,evaluated,2026-10-01T21:57:38.169078+00:00,2025-12-31,,,
2026-01-12,2026-01,9.0,0.22287674702992916,0.0,1,True,False,0.0,0.0,-1.5071680531995992,2025-11,CatBoost-79 · M-2,historical_proxy,evaluated,2026-10-01T21:57:38.169078+00:00,2025-12-31,,,
2026-01-12,2026-01,10.0,0.04795246559877038,0.0,1,False,False,0.0,0.0,-3.0435767477497144,2025-11,CatBoost-79 · M-2,historical_proxy,evaluated,2026-10-01T21:57:38.169078+00:00,2025-12-31,,,
2026-01-12,2026-01,11.0,0.010292786561616578,0.0,1,False,False,0.0,0.0,-4.582343651897283,2025-11,CatBoost-79 · M-2,historical_proxy,evaluated,2026-10-01T21:57:38.169078+00:00,2025-12-31,,,
2026-01-12,2026-01,12.0,0.04555983332179444,0.0,1,False,False,0.0,0.0,-3.094760487821618,2025-11,CatBoost-79 · M-2,historical_proxy,evaluated,2026-10-01T21:57:38.169078+00:00,2025-12-31,,,
2026-01-12,2026-01,13.0,0.01377551306353152,0.0,1,False,False,0.0,0.0,-4.290894367624188,2025-11,CatBoost-79 · M-2,historical_proxy,evaluated,2026-10-01T21:57:38.169078+00:00,2025-12-31,,,
2026-01-12,2026-01,14.0,0.020622789173035904,0.0,1,False,False,0.0,0.0,-3.8873902330960166,2025-11,CatBoost-79 · M-2,historical_proxy,evaluated,2026-10-01T21:57:38.169078+00:00,2025-12-31,,,
2026-01-12,2026-01,15.0,0.015735351425817848,0.0,1,False,False,0.0,0.0,-4.157877103673145,2025-11,CatBoost-79 · M-2,historical_proxy,evaluated,2026-10-01T21:57:38.169078+00:00,2025-12-31,,,
2026-01-12,2026-01,16.0,0.17711561041006285,0.0,1,False,False,0.0,0.0,-1.7369842824487485,2025-11,CatBoost-79 · M-2,historical_proxy,evaluated,2026-10-01T21:57:38.169078+00:00,2025-12-31,,,
2026-01-12,2026-01,17.0,0.3581636216007451,0.0,1,True,False,0.0,0.0,-1.0327970423953523,2025-11,CatBoost-79 · M-2,historical_proxy,evaluated,2026-10-01T21:57:38.169078+00:00,2025-12-31,,,
2026-01-12,2026-01,18.0,0.0064543768846245545,0.0,1,False,True,0.0,0.0,-5.049028480525664,2025-11,CatBoost-79 · M-2,historical_proxy,evaluated,2026-10-01T21:57:38.169078+00:00,2025-12-31,,,
2026-01-12,2026-01,19.0,0.004139675604114972,0.0,1,False,False,0.0,0.0,-5.493169539687726,2025-11,CatBoost-79 · M-2,historical_proxy,evaluated,2026-10-01T21:57:38.169078+00:00,2025-12-31,,,
2026-01-12,2026-01,20.0,0.002831661834189648,0.0,1,False,False,0.0,0.0,-5.872923208090618,2025-11,CatBoost-79 · M-2,historical_proxy,evaluated,2026-10-01T21:57:38.169078+00:00,2025-12-31,,,
2026-01-12,2026-01,21.0,0.0017052441721133837,0.0,1,False,False,0.0,0.0,-6.3800786580282995,2025-11,CatBoost-79 · M-2,historical_proxy,evaluated,2026-10-01T21:57:38.169078+00:00,2025-12-31,,,
2026-01-13,2026-01,8.0,0.03715955746984832,0.0,1,False,False,1.0,1.0,-3.1922783711028724,2025-11,CatBoost-79 · M-2,historical_proxy,evaluated,2026-10-01T21:57:38.169078+00:00,2025-12-31,,,
2026-01-13,2026-01,9.0,0.1421469628536708,0.0,1,False,False,1.0,1.0,-1.850637904116827,2025-11,CatBoost-79 · M-2,historical_proxy,evaluated,2026-10-01T21:57:38.169078+00:00,2025-12-31,,,
2026-01-13,2026-01,10.0,0.021624476358167388,0.0,1,False,False,1.0,1.0,-3.7336735383271,2025-11,CatBoost-79 · M-2,historical_proxy,evaluated,2026-10-01T21:57:38.169078+00:00,2025-12-31,,,
2026-01-13,2026-01,11.0,0.006169052905092304,0.0,1,False,False,1.0,1.0,-4.987954050050717,2025-11,CatBoost-79 · M-2,historical_proxy,evaluated,2026-10-01T21:57:38.169078+00:00,2025-12-31,,,
2026-01-13,2026-01,12.0,0.019310317835552697,0.0,1,False,False,1.0,1.0,-3.8468598202606357,2025-11,CatBoost-79 · M-2,historical_proxy,evaluated,2026-10-01T21:57:38.169078+00:00,2025-12-31,,,
2026-01-13,2026-01,13.0,0.007532867230789444,0.0,1,False,False,1.0,1.0,-4.788223632523767,2025-11,CatBoost-79 · M-2,historical_proxy,evaluated,2026-10-01T21:57:38.169078+00:00,2025-12-31,,,
2026-01-13,2026-01,14.0,0.009485616918994496,0.0,1,False,False,1.0,1.0,-4.557722733390084,2025-11,CatBoost-79 · M-2,historical_proxy,evaluated,2026-10-01T21:57:38.169078+00:00,2025-12-31,,,
2026-01-13,2026-01,15.0,0.013768146770357436,0.0,1,False,False,1.0,1.0,-4.185141657095652,2025-11,CatBoost-79 · M-2,historical_proxy,evaluated,2026-10-01T21:57:38.169078+00:00,2025-12-31,,,
2026-01-13,2026-01,16.0,0.2647343084867244,0.0,1,True,True,1.0,1.0,-1.2287726626475723,2025-11,CatBoost-79 · M-2,historical_proxy,evaluated,2026-10-01T21:57:38.169078+00:00,2025-12-31,,,
2026-01-13,2026-01,17.0,0.4420756967651667,0.0,1,True,False,1.0,1.0,-0.7160182491365076,2025-11,CatBoost-79 · M-2,historical_proxy,evaluated,2026-10-01T21:57:38.169078+00:00,2025-12-31,,,
2026-01-13,2026-01,18.0,0.008871461467907845,0.0,1,False,False,1.0,1.0,-4.6246598281856395,2025-11,CatBoost-79 · M-2,historical_proxy,evaluated,2026-10-01T21:57:38.169078+00:00,2025-12-31,,,
2026-01-13,2026-01,19.0,0.011444654215530096,0.0,1,False,False,1.0,1.0,-4.369976635962873,2025-11,CatBoost-79 · M-2,historical_proxy,evaluated,2026-10-01T21:57:38.169078+00:00,2025-12-31,,,
2026-01-13,2026-01,20.0,0.012776032017555485,0.0,1,False,False,1.0,1.0,-4.259928459220669,2025-11,CatBoost-79 · M-2,historical_proxy,evaluated,2026-10-01T21:57:38.169078+00:00,2025-12-31,,,
2026-01-13,2026-01,21.0,0.0029008487046426686,0.0,1,False,False,1.0,1.0,-5.742496025250523,2025-11,CatBoost-79 · M-2,historical_proxy,evaluated,2026-10-01T21:57:38.169078+00:00,2025-12-31,,,
2026-01-14,2026-01,8.0,0.10037660965829237,0.0,1,False,False,1.0,1.0,-2.111055856672582,2025-11,CatBoost-79 · M-2,historical_proxy,evaluated,2026-10-01T21:57:38.169078+00:00,2025-12-31,,,
2026-01-14,2026-01,9.0,0.24361089774676126,0.0,1,True,True,1.0,1.0,-1.2244127941874172,2025-11,CatBoost-79 · M-2,historical_proxy,evaluated,2026-10-01T21:57:38.169078+00:00,2025-12-31,,,
2026-01-14,2026-01,10.0,0.039230820388033494,0.0,1,False,False,1.0,1.0,-3.0505223929924945,2025-11,CatBoost-79 · M-2,historical_proxy,evaluated,2026-10-01T21:57:38.169078+00:00,2025-12-31,,,
2026-01-14,2026-01,11.0,0.00726438773288815,0.0,1,False,False,1.0,1.0,-4.737001048057792,2025-11,CatBoost-79 · M-2,historical_proxy,evaluated,2026-10-01T21:57:38.169078+00:00,2025-12-31,,,
2026-01-14,2026-01,12.0,0.029237020381866857,0.0,1,False,False,1.0,1.0,-3.344549337692909,2025-11,CatBoost-79 · M-2,historical_proxy,evaluated,2026-10-01T21:57:38.169078+00:00,2025-12-31,,,
2026-01-14,2026-01,13.0,0.006460139712742427,0.0,1,False,False,1.0,1.0,-4.8543341203370245,2025-11,CatBoost-79 · M-2,historical_proxy,evaluated,2026-10-01T21:57:38.169078+00:00,2025-12-31,,,
2026-01-14,2026-01,14.0,0.009240161403046919,0.0,1,False,False,1.0,1.0,-4.496425711893924,2025-11,CatBoost-79 · M-2,historical_proxy,evaluated,2026-10-01T21:57:38.169078+00:00,2025-12-31,,,
2026-01-14,2026-01,15.0,0.010846007013199026,0.0,1,False,False,1.0,1.0,-4.336188070222342,2025-11,CatBoost-79 · M-2,historical_proxy,evaluated,2026-10-01T21:57:38.169078+00:00,2025-12-31,,,
2026-01-14,2026-01,16.0,0.2176342772964101,0.0,1,False,False,1.0,1.0,-1.3371690383409243,2025-11,CatBoost-79 · M-2,historical_proxy,evaluated,2026-10-01T21:57:38.169078+00:00,2025-12-31,,,
2026-01-14,2026-01,17.0,0.3253761292809353,0.0,1,True,False,1.0,1.0,-0.9350032312425597,2025-11,CatBoost-79 · M-2,historical_proxy,evaluated,2026-10-01T21:57:38.169078+00:00,2025-12-31,,,
2026-01-14,2026-01,18.0,0.00390267283646686,0.0,1,False,False,1.0,1.0,-5.358323404177816,2025-11,CatBoost-79 · M-2,historical_proxy,evaluated,2026-10-01T21:57:38.169078+00:00,2025-12-31,,,
2026-01-14,2026-01,19.0,0.003052144763421049,0.0,1,False,False,1.0,1.0,-5.6041405206462604,2025-11,CatBoost-79 · M-2,historical_proxy,evaluated,2026-10-01T21:57:38.169078+00:00,2025-12-31,,,
2026-01-14,2026-01,20.0,0.0023770809116206515,0.0,1,False,False,1.0,1.0,-5.854111838072391,2025-11,CatBoost-79 · M-2,historical_proxy,evaluated,2026-10-01T21:57:38.169078+00:00,2025-12-31,,,
2026-01-14,2026-01,21.0,0.0013916508743155142,0.0,1,False,False,1.0,1.0,-6.389494343484088,2025-11,CatBoost-79 · M-2,historical_proxy,evaluated,2026-10-01T21:57:38.169078+00:00,2025-12-31,,,
2026-01-15,2026-01,8.0,0.09602388044402291,0.0,1,False,False,1.0,1.0,-2.1385579078113652,2025-11,CatBoost-79 · M-2,historical_proxy,evaluated,2026-10-01T21:57:38.169078+00:00,2025-12-31,,,
2026-01-15,2026-01,9.0,0.33539716202448644,0.0,1,True,True,1.0,1.0,-0.8878394350822829,2025-11,CatBoost-79 · M-2,historical_proxy,evaluated,2026-10-01T21:57:38.169078+00:00,2025-12-31,,,
2026-01-15,2026-01,10.0,0.0762905595705002,0.0,1,False,False,1.0,1.0,-2.368605620113143,2025-11,CatBoost-79 · M-2,historical_proxy,evaluated,2026-10-01T21:57:38.169078+00:00,2025-12-31,,,
2026-01-15,2026-01,11.0,0.012422766941834305,0.0,1,False,False,1.0,1.0,-4.18362399013076,2025-11,CatBoost-79 · M-2,historical_proxy,evaluated,2026-10-01T21:57:38.169078+00:00,2025-12-31,,,
2026-01-15,2026-01,12.0,0.025707042253544254,0.0,1,False,False,1.0,1.0,-3.4563898509573066,2025-11,CatBoost-79 · M-2,historical_proxy,evaluated,2026-10-01T21:57:38.169078+00:00,2025-12-31,,,
2026-01-15,2026-01,13.0,0.008825898182885959,0.0,1,False,False,1.0,1.0,-4.525464448232156,2025-11,CatBoost-79 · M-2,historical_proxy,evaluated,2026-10-01T21:57:38.169078+00:00,2025-12-31,,,
2026-01-15,2026-01,14.0,0.009582686810329229,0.0,1,False,False,1.0,1.0,-4.4431968099406305,2025-11,CatBoost-79 · M-2,historical_proxy,evaluated,2026-10-01T21:57:38.169078+00:00,2025-12-31,,,
2026-01-15,2026-01,15.0,0.010254352251582707,0.0,1,False,False,1.0,1.0,-4.375452597596491,2025-11,CatBoost-79 · M-2,historical_proxy,evaluated,2026-10-01T21:57:38.169078+00:00,2025-12-31,,,
2026-01-15,2026-01,16.0,0.14725856891255545,0.0,1,False,False,1.0,1.0,-1.7109648091770502,2025-11,CatBoost-79 · M-2,historical_proxy,evaluated,2026-10-01T21:57:38.169078+00:00,2025-12-31,,,
2026-01-15,2026-01,17.0,0.2692248576922191,0.0,1,True,False,1.0,1.0,-1.1076078903384177,2025-11,CatBoost-79 · M-2,historical_proxy,evaluated,2026-10-01T21:57:38.169078+00:00,2025-12-31,,,
2026-01-15,2026-01,18.0,0.002949471576744928,0.0,1,False,False,1.0,1.0,-5.621528795190625,2025-11,CatBoost-79 · M-2,historical_proxy,evaluated,2026-10-01T21:57:38.169078+00:00,2025-12-31,,,
2026-01-15,2026-01,19.0,0.0022811369113434196,0.0,1,False,False,1.0,1.0,-5.878480858959994,2025-11,CatBoost-79 · M-2,historical_proxy,evaluated,2026-10-01T21:57:38.169078+00:00,2025-12-31,,,
2026-01-15,2026-01,20.0,0.002189508503585703,0.0,1,False,False,1.0,1.0,-5.919477731915805,2025-11,CatBoost-79 · M-2,historical_proxy,evaluated,2026-10-01T21:57:38.169078+00:00,2025-12-31,,,
2026-01-15,2026-01,21.0,0.0015921079243653305,0.0,1,False,False,1.0,1.0,-6.238095946158934,2025-11,CatBoost-79 · M-2,historical_proxy,evaluated,2026-10-01T21:57:38.169078+00:00,2025-12-31,,,
2026-01-16,2026-01,8.0,0.15039940506327626,0.0,1,False,False,1.0,1.0,-1.8085595685943214,2025-11,CatBoost-79 · M-2,historical_proxy,evaluated,2026-10-01T21:57:38.169078+00:00,2025-12-31,,,
2026-01-16,2026-01,9.0,0.34643339721987326,0.0,1,True,True,1.0,1.0,-0.9741634400674668,2025-11,CatBoost-79 · M-2,historical_proxy,evaluated,2026-10-01T21:57:38.169078+00:00,2025-12-31,,,
2026-01-16,2026-01,10.0,0.04542168407954633,0.0,1,False,False,1.0,1.0,-3.005864410486647,2025-11,CatBoost-79 · M-2,historical_proxy,evaluated,2026-10-01T21:57:38.169078+00:00,2025-12-31,,,
2026-01-16,2026-01,11.0,0.015293869923905154,0.0,1,False,False,1.0,1.0,-4.094401934860926,2025-11,CatBoost-79 · M-2,historical_proxy,evaluated,2026-10-01T21:57:38.169078+00:00,2025-12-31,,,
2026-01-16,2026-01,12.0,0.026804622124759345,0.0,1,False,False,1.0,1.0,-3.53327968441814,2025-11,CatBoost-79 · M-2,historical_proxy,evaluated,2026-10-01T21:57:38.169078+00:00,2025-12-31,,,
2026-01-16,2026-01,13.0,0.00943535277818876,0.0,1,False,False,1.0,1.0,-4.577390455909358,2025-11,CatBoost-79 · M-2,historical_proxy,evaluated,2026-10-01T21:57:38.169078+00:00,2025-12-31,,,
2026-01-16,2026-01,14.0,0.007919218848387899,0.0,1,False,False,1.0,1.0,-4.752561453697938,2025-11,CatBoost-79 · M-2,historical_proxy,evaluated,2026-10-01T21:57:38.169078+00:00,2025-12-31,,,
2026-01-16,2026-01,15.0,0.009568478863012504,0.0,1,False,False,1.0,1.0,-4.563379780058264,2025-11,CatBoost-79 · M-2,historical_proxy,evaluated,2026-10-01T21:57:38.169078+00:00,2025-12-31,,,
2026-01-16,2026-01,16.0,0.10695265976816382,0.0,1,False,False,1.0,1.0,-2.1494677199192123,2025-11,CatBoost-79 · M-2,historical_proxy,evaluated,2026-10-01T21:57:38.169078+00:00,2025-12-31,,,
2026-01-16,2026-01,17.0,0.2710958873453008,0.0,1,True,False,1.0,1.0,-1.2193814382661057,2025-11,CatBoost-79 · M-2,historical_proxy,evaluated,2026-10-01T21:57:38.169078+00:00,2025-12-31,,,
2026-01-16,2026-01,18.0,0.0028925184990617595,0.0,1,False,False,1.0,1.0,-5.759726448813723,2025-11,CatBoost-79 · M-2,historical_proxy,evaluated,2026-10-01T21:57:38.169078+00:00,2025-12-31,,,
2026-01-16,2026-01,19.0,0.00394678931473198,0.0,1,False,False,1.0,1.0,-5.448951607733146,2025-11,CatBoost-79 · M-2,historical_proxy,evaluated,2026-10-01T21:57:38.169078+00:00,2025-12-31,,,
2026-01-16,2026-01,20.0,0.0024933413512827117,0.0,1,False,False,1.0,1.0,-5.908230305337732,2025-11,CatBoost-79 · M-2,historical_proxy,evaluated,2026-10-01T21:57:38.169078+00:00,2025-12-31,,,
2026-01-16,2026-01,21.0,0.0013427748205093596,0.0,1,False,False,1.0,1.0,-6.527115789940459,2025-11,CatBoost-79 · M-2,historical_proxy,evaluated,2026-10-01T21:57:38.169078+00:00,2025-12-31,,,
2026-01-19,2026-01,8.0,0.11284734916146531,0.0,1,False,False,0.0,0.0,-2.0288299300962533,2025-11,CatBoost-79 · M-2,historical_proxy,evaluated,2026-10-01T21:57:38.169078+00:00,2025-12-31,,,
2026-01-19,2026-01,9.0,0.2306768458114799,0.0,1,True,False,0.0,0.0,-1.313848147938075,2025-11,CatBoost-79 · M-2,historical_proxy,evaluated,2026-10-01T21:57:38.169078+00:00,2025-12-31,,,
2026-01-19,2026-01,10.0,0.039456990021175864,0.0,1,False,True,0.0,0.0,-3.0796547247097763,2025-11,CatBoost-79 · M-2,historical_proxy,evaluated,2026-10-01T21:57:38.169078+00:00,2025-12-31,,,
2026-01-19,2026-01,11.0,0.009220351650162406,0.0,1,False,False,0.0,0.0,-4.533452766382448,2025-11,CatBoost-79 · M-2,historical_proxy,evaluated,2026-10-01T21:57:38.169078+00:00,2025-12-31,,,
2026-01-19,2026-01,12.0,0.026182793951501148,0.0,1,False,False,0.0,0.0,-3.489763467530438,2025-11,CatBoost-79 · M-2,historical_proxy,evaluated,2026-10-01T21:57:38.169078+00:00,2025-12-31,,,
2026-01-19,2026-01,13.0,0.011410277715650714,0.0,1,False,False,0.0,0.0,-4.320351439905306,2025-11,CatBoost-79 · M-2,historical_proxy,evaluated,2026-10-01T21:57:38.169078+00:00,2025-12-31,,,
2026-01-19,2026-01,14.0,0.010898468527100955,0.0,1,False,False,0.0,0.0,-4.366243665891565,2025-11,CatBoost-79 · M-2,historical_proxy,evaluated,2026-10-01T21:57:38.169078+00:00,2025-12-31,,,
2026-01-19,2026-01,15.0,0.01247222412569914,0.0,1,False,False,0.0,0.0,-4.2313618412510525,2025-11,CatBoost-79 · M-2,historical_proxy,evaluated,2026-10-01T21:57:38.169078+00:00,2025-12-31,,,
2026-01-19,2026-01,16.0,0.2141703850857583,0.0,1,False,False,0.0,0.0,-1.3880940529358134,2025-11,CatBoost-79 · M-2,historical_proxy,evaluated,2026-10-01T21:57:38.169078+00:00,2025-12-31,,,
2026-01-19,2026-01,17.0,0.3203254389558449,0.0,1,True,False,0.0,0.0,-0.985528467414529,2025-11,CatBoost-79 · M-2,historical_proxy,evaluated,2026-10-01T21:57:38.169078+00:00,2025-12-31,,,
2026-01-19,2026-01,18.0,0.004763193140847197,0.0,1,False,False,0.0,0.0,-5.1939476719065505,2025-11,CatBoost-79 · M-2,historical_proxy,evaluated,2026-10-01T21:57:38.169078+00:00,2025-12-31,,,
2026-01-19,2026-01,19.0,0.0036810496905328415,0.0,1,False,False,0.0,0.0,-5.4516679896547915,2025-11,CatBoost-79 · M-2,historical_proxy,evaluated,2026-10-01T21:57:38.169078+00:00,2025-12-31,,,
2026-01-19,2026-01,20.0,0.002445327769502341,0.0,1,False,False,0.0,0.0,-5.860686772156325,2025-11,CatBoost-79 · M-2,historical_proxy,evaluated,2026-10-01T21:57:38.169078+00:00,2025-12-31,,,
2026-01-19,2026-01,21.0,0.0014493043932788969,0.0,1,False,False,0.0,0.0,-6.383782230601843,2025-11,CatBoost-79 · M-2,historical_proxy,evaluated,2026-10-01T21:57:38.169078+00:00,2025-12-31,,,
2026-01-20,2026-01,8.0,0.06899025569926406,0.0,1,False,False,1.0,1.0,-2.636207406346379,2025-11,CatBoost-79 · M-2,historical_proxy,evaluated,2026-10-01T21:57:38.169078+00:00,2025-12-31,,,
2026-01-20,2026-01,9.0,0.1800556353605917,0.0,1,False,False,1.0,1.0,-1.6769067907513133,2025-11,CatBoost-79 · M-2,historical_proxy,evaluated,2026-10-01T21:57:38.169078+00:00,2025-12-31,,,
2026-01-20,2026-01,10.0,0.03523914831017098,0.0,1,False,False,1.0,1.0,-3.3080150467150267,2025-11,CatBoost-79 · M-2,historical_proxy,evaluated,2026-10-01T21:57:38.169078+00:00,2025-12-31,,,
2026-01-20,2026-01,11.0,0.01122798165325985,0.0,1,False,False,1.0,1.0,-4.451763654739568,2025-11,CatBoost-79 · M-2,historical_proxy,evaluated,2026-10-01T21:57:38.169078+00:00,2025-12-31,,,
2026-01-20,2026-01,12.0,0.027795732050902914,0.0,1,False,False,1.0,1.0,-3.5452901936592522,2025-11,CatBoost-79 · M-2,historical_proxy,evaluated,2026-10-01T21:57:38.169078+00:00,2025-12-31,,,
2026-01-20,2026-01,13.0,0.009736493126527433,0.0,1,False,False,1.0,1.0,-4.594291675010878,2025-11,CatBoost-79 · M-2,historical_proxy,evaluated,2026-10-01T21:57:38.169078+00:00,2025-12-31,,,
2026-01-20,2026-01,14.0,0.007531097192183702,0.0,1,False,False,1.0,1.0,-4.851131938570554,2025-11,CatBoost-79 · M-2,historical_proxy,evaluated,2026-10-01T21:57:38.169078+00:00,2025-12-31,,,
2026-01-20,2026-01,15.0,0.011913120126590947,0.0,1,False,False,1.0,1.0,-4.392532354798978,2025-11,CatBoost-79 · M-2,historical_proxy,evaluated,2026-10-01T21:57:38.169078+00:00,2025-12-31,,,
2026-01-20,2026-01,16.0,0.22852701589460814,0.0,1,True,False,1.0,1.0,-1.4385182443893938,2025-11,CatBoost-79 · M-2,historical_proxy,evaluated,2026-10-01T21:57:38.169078+00:00,2025-12-31,,,
2026-01-20,2026-01,17.0,0.40038245086872365,0.0,1,True,True,1.0,1.0,-0.8777524617397567,2025-11,CatBoost-79 · M-2,historical_proxy,evaluated,2026-10-01T21:57:38.169078+00:00,2025-12-31,,,
2026-01-20,2026-01,18.0,0.008126159898068776,0.0,1,False,False,1.0,1.0,-4.775084204508689,2025-11,CatBoost-79 · M-2,historical_proxy,evaluated,2026-10-01T21:57:38.169078+00:00,2025-12-31,,,
2026-01-20,2026-01,19.0,0.004225713099876748,0.0,1,False,False,1.0,1.0,-5.4289846516179745,2025-11,CatBoost-79 · M-2,historical_proxy,evaluated,2026-10-01T21:57:38.169078+00:00,2025-12-31,,,
2026-01-20,2026-01,20.0,0.003944467253793913,0.0,1,False,False,1.0,1.0,-5.497858777440703,2025-11,CatBoost-79 · M-2,historical_proxy,evaluated,2026-10-01T21:57:38.169078+00:00,2025-12-31,,,
2026-01-20,2026-01,21.0,0.0023047294654372627,0.0,1,False,False,1.0,1.0,-6.035209378234586,2025-11,CatBoost-79 · M-2,historical_proxy,evaluated,2026-10-01T21:57:38.169078+00:00,2025-12-31,,,
2026-01-21,2026-01,8.0,0.06293467973697456,0.0,1,False,False,1.0,1.0,-2.703893509103032,2025-11,CatBoost-79 · M-2,historical_proxy,evaluated,2026-10-01T21:57:38.169078+00:00,2025-12-31,,,
2026-01-21,2026-01,9.0,0.17388530935373328,0.0,1,True,False,1.0,1.0,-1.687594927803169,2025-11,CatBoost-79 · M-2,historical_proxy,evaluated,2026-10-01T21:57:38.169078+00:00,2025-12-31,,,
2026-01-21,2026-01,10.0,0.030686686798917888,0.0,1,False,False,1.0,1.0,-3.4221619622637682,2025-11,CatBoost-79 · M-2,historical_proxy,evaluated,2026-10-01T21:57:38.169078+00:00,2025-12-31,,,
2026-01-21,2026-01,11.0,0.0205304652896575,0.0,1,False,False,1.0,1.0,-3.8240809733793113,2025-11,CatBoost-79 · M-2,historical_proxy,evaluated,2026-10-01T21:57:38.169078+00:00,2025-12-31,,,
2026-01-21,2026-01,12.0,0.03500594431921508,0.0,1,False,False,1.0,1.0,-3.290472983282642,2025-11,CatBoost-79 · M-2,historical_proxy,evaluated,2026-10-01T21:57:38.169078+00:00,2025-12-31,,,
2026-01-21,2026-01,13.0,0.006047879616018432,0.0,1,False,False,1.0,1.0,-5.046283134122855,2025-11,CatBoost-79 · M-2,historical_proxy,evaluated,2026-10-01T21:57:38.169078+00:00,2025-12-31,,,
2026-01-21,2026-01,14.0,0.012497196407579307,0.0,1,False,False,1.0,1.0,-4.320486536284706,2025-11,CatBoost-79 · M-2,historical_proxy,evaluated,2026-10-01T21:57:38.169078+00:00,2025-12-31,,,
2026-01-21,2026-01,15.0,0.008698703499662237,0.0,1,False,False,1.0,1.0,-4.682816876514953,2025-11,CatBoost-79 · M-2,historical_proxy,evaluated,2026-10-01T21:57:38.169078+00:00,2025-12-31,,,
2026-01-21,2026-01,16.0,0.15495812855616822,0.0,1,False,False,1.0,1.0,-1.8028359259651179,2025-11,CatBoost-79 · M-2,historical_proxy,evaluated,2026-10-01T21:57:38.169078+00:00,2025-12-31,,,
2026-01-21,2026-01,17.0,0.4771986543794207,0.0,1,True,True,1.0,1.0,-0.6780579976485288,2025-11,CatBoost-79 · M-2,historical_proxy,evaluated,2026-10-01T21:57:38.169078+00:00,2025-12-31,,,
2026-01-21,2026-01,18.0,0.008299296378568287,0.0,1,False,False,1.0,1.0,-4.729820130500537,2025-11,CatBoost-79 · M-2,historical_proxy,evaluated,2026-10-01T21:57:38.169078+00:00,2025-12-31,,,
2026-01-21,2026-01,19.0,0.003113887557987266,0.0,1,False,False,1.0,1.0,-5.710118903829407,2025-11,CatBoost-79 · M-2,historical_proxy,evaluated,2026-10-01T21:57:38.169078+00:00,2025-12-31,,,
2026-01-21,2026-01,20.0,0.0035442686344963935,0.0,1,False,False,1.0,1.0,-5.580659038371487,2025-11,CatBoost-79 · M-2,historical_proxy,evaluated,2026-10-01T21:57:38.169078+00:00,2025-12-31,,,
2026-01-21,2026-01,21.0,0.0025988994716007775,0.0,1,False,False,1.0,1.0,-5.8909027927775695,2025-11,CatBoost-79 · M-2,historical_proxy,evaluated,2026-10-01T21:57:38.169078+00:00,2025-12-31,,,
2026-01-22,2026-01,8.0,0.0652474150913127,0.0,1,False,False,1.0,1.0,-2.6020841845163782,2025-11,CatBoost-79 · M-2,historical_proxy,evaluated,2026-10-01T21:57:38.169078+00:00,2025-12-31,,,
2026-01-22,2026-01,9.0,0.19366576870217805,0.0,1,True,True,1.0,1.0,-1.5141367829522894,2025-11,CatBoost-79 · M-2,historical_proxy,evaluated,2026-10-01T21:57:38.169078+00:00,2025-12-31,,,
2026-01-22,2026-01,10.0,0.03682055272397846,0.0,1,False,False,1.0,1.0,-3.174214427268503,2025-11,CatBoost-79 · M-2,historical_proxy,evaluated,2026-10-01T21:57:38.169078+00:00,2025-12-31,,,
2026-01-22,2026-01,11.0,0.008592822790906278,0.0,1,False,False,1.0,1.0,-4.629343318851543,2025-11,CatBoost-79 · M-2,historical_proxy,evaluated,2026-10-01T21:57:38.169078+00:00,2025-12-31,,,
2026-01-22,2026-01,12.0,0.04397418852777872,0.0,1,False,False,1.0,1.0,-2.996667777057459,2025-11,CatBoost-79 · M-2,historical_proxy,evaluated,2026-10-01T21:57:38.169078+00:00,2025-12-31,,,
2026-01-22,2026-01,13.0,0.008043665207045648,0.0,1,False,False,1.0,1.0,-4.695385763639547,2025-11,CatBoost-79 · M-2,historical_proxy,evaluated,2026-10-01T21:57:38.169078+00:00,2025-12-31,,,
2026-01-22,2026-01,14.0,0.011931653735268862,0.0,1,False,False,1.0,1.0,-4.301075768084262,2025-11,CatBoost-79 · M-2,historical_proxy,evaluated,2026-10-01T21:57:38.169078+00:00,2025-12-31,,,
2026-01-22,2026-01,15.0,0.02219234681239715,0.0,1,False,False,1.0,1.0,-3.6805231232136,2025-11,CatBoost-79 · M-2,historical_proxy,evaluated,2026-10-01T21:57:38.169078+00:00,2025-12-31,,,
2026-01-22,2026-01,16.0,0.158180366777087,0.0,1,False,False,1.0,1.0,-1.7165346706547013,2025-11,CatBoost-79 · M-2,historical_proxy,evaluated,2026-10-01T21:57:38.169078+00:00,2025-12-31,,,
2026-01-22,2026-01,17.0,0.4352443147908257,0.0,1,True,False,1.0,1.0,-0.7043630978521839,2025-11,CatBoost-79 · M-2,historical_proxy,evaluated,2026-10-01T21:57:38.169078+00:00,2025-12-31,,,
2026-01-22,2026-01,18.0,0.006908361930892028,0.0,1,False,False,1.0,1.0,-4.8475380625567395,2025-11,CatBoost-79 · M-2,historical_proxy,evaluated,2026-10-01T21:57:38.169078+00:00,2025-12-31,,,
2026-01-22,2026-01,19.0,0.004149373569342509,0.0,1,False,False,1.0,1.0,-5.357313238773102,2025-11,CatBoost-79 · M-2,historical_proxy,evaluated,2026-10-01T21:57:38.169078+00:00,2025-12-31,,,
2026-01-22,2026-01,20.0,0.0031402728523787283,0.0,1,False,False,1.0,1.0,-5.635960922668691,2025-11,CatBoost-79 · M-2,historical_proxy,evaluated,2026-10-01T21:57:38.169078+00:00,2025-12-31,,,
2026-01-22,2026-01,21.0,0.0019088964886081864,0.0,1,False,False,1.0,1.0,-6.133745294037054,2025-11,CatBoost-79 · M-2,historical_proxy,evaluated,2026-10-01T21:57:38.169078+00:00,2025-12-31,,,
2026-01-23,2026-01,8.0,0.12347376106034041,0.0,1,False,False,1.0,1.0,-1.939402157590028,2025-11,CatBoost-79 · M-2,historical_proxy,evaluated,2026-10-01T21:57:38.169078+00:00,2025-12-31,,,
2026-01-23,2026-01,9.0,0.39664992106429436,0.0,1,True,True,1.0,1.0,-0.7723767492930851,2025-11,CatBoost-79 · M-2,historical_proxy,evaluated,2026-10-01T21:57:38.169078+00:00,2025-12-31,,,
2026-01-23,2026-01,10.0,0.06922177888219685,0.0,1,False,False,1.0,1.0,-2.518115293195471,2025-11,CatBoost-79 · M-2,historical_proxy,evaluated,2026-10-01T21:57:38.169078+00:00,2025-12-31,,,
2026-01-23,2026-01,11.0,0.013077282943905413,0.0,1,False,False,1.0,1.0,-4.184554231585235,2025-11,CatBoost-79 · M-2,historical_proxy,evaluated,2026-10-01T21:57:38.169078+00:00,2025-12-31,,,
2026-01-23,2026-01,12.0,0.050930705557145774,0.0,1,False,False,1.0,1.0,-2.8249648357661807,2025-11,CatBoost-79 · M-2,historical_proxy,evaluated,2026-10-01T21:57:38.169078+00:00,2025-12-31,,,
2026-01-23,2026-01,13.0,0.009939886481826704,0.0,1,False,False,1.0,1.0,-4.458875229771234,2025-11,CatBoost-79 · M-2,historical_proxy,evaluated,2026-10-01T21:57:38.169078+00:00,2025-12-31,,,
2026-01-23,2026-01,14.0,0.007226536659061678,0.0,1,False,False,1.0,1.0,-4.777670932275864,2025-11,CatBoost-79 · M-2,historical_proxy,evaluated,2026-10-01T21:57:38.169078+00:00,2025-12-31,,,
2026-01-23,2026-01,15.0,0.008148703998220068,0.0,1,False,False,1.0,1.0,-4.657571934050473,2025-11,CatBoost-79 · M-2,historical_proxy,evaluated,2026-10-01T21:57:38.169078+00:00,2025-12-31,,,
2026-01-23,2026-01,16.0,0.11049017045586268,0.0,1,False,False,1.0,1.0,-2.050504268184639,2025-11,CatBoost-79 · M-2,historical_proxy,evaluated,2026-10-01T21:57:38.169078+00:00,2025-12-31,,,
2026-01-23,2026-01,17.0,0.2031079098520287,0.0,1,True,False,1.0,1.0,-1.4416934166038673,2025-11,CatBoost-79 · M-2,historical_proxy,evaluated,2026-10-01T21:57:38.169078+00:00,2025-12-31,,,
2026-01-23,2026-01,18.0,0.0025891837949797063,0.0,1,False,False,1.0,1.0,-5.8040881410632865,2025-11,CatBoost-79 · M-2,historical_proxy,evaluated,2026-10-01T21:57:38.169078+00:00,2025-12-31,,,
2026-01-23,2026-01,19.0,0.0019268098567782345,0.0,1,False,False,1.0,1.0,-6.099565118653454,2025-11,CatBoost-79 · M-2,historical_proxy,evaluated,2026-10-01T21:57:38.169078+00:00,2025-12-31,,,
2026-01-23,2026-01,20.0,0.002023111375371191,0.0,1,False,False,1.0,1.0,-6.0507942188068,2025-11,CatBoost-79 · M-2,historical_proxy,evaluated,2026-10-01T21:57:38.169078+00:00,2025-12-31,,,
2026-01-23,2026-01,21.0,0.0011942380179882106,0.0,1,False,False,1.0,1.0,-6.5779224898825595,2025-11,CatBoost-79 · M-2,historical_proxy,evaluated,2026-10-01T21:57:38.169078+00:00,2025-12-31,,,
2026-01-26,2026-01,8.0,0.09451877186009149,0.0,1,False,False,1.0,1.0,-2.369669967738479,2025-11,CatBoost-79 · M-2,historical_proxy,evaluated,2026-10-01T21:57:38.169078+00:00,2025-12-31,,,
2026-01-26,2026-01,9.0,0.2453370577662608,0.0,1,True,True,1.0,1.0,-1.4158354154751862,2025-11,CatBoost-79 · M-2,historical_proxy,evaluated,2026-10-01T21:57:38.169078+00:00,2025-12-31,,,
2026-01-26,2026-01,10.0,0.029202814558253947,0.0,1,False,False,1.0,1.0,-3.5442033329227804,2025-11,CatBoost-79 · M-2,historical_proxy,evaluated,2026-10-01T21:57:38.169078+00:00,2025-12-31,,,
2026-01-26,2026-01,11.0,0.013038019290459535,0.0,1,False,False,1.0,1.0,-4.350598776475299,2025-11,CatBoost-79 · M-2,historical_proxy,evaluated,2026-10-01T21:57:38.169078+00:00,2025-12-31,,,
2026-01-26,2026-01,12.0,0.04990261574729677,0.0,1,False,False,1.0,1.0,-3.0083950053640867,2025-11,CatBoost-79 · M-2,historical_proxy,evaluated,2026-10-01T21:57:38.169078+00:00,2025-12-31,,,
2026-01-26,2026-01,13.0,0.010741356865112028,0.0,1,False,False,1.0,1.0,-4.544367007898684,2025-11,CatBoost-79 · M-2,historical_proxy,evaluated,2026-10-01T21:57:38.169078+00:00,2025-12-31,,,
2026-01-26,2026-01,14.0,0.00813619930593435,0.0,1,False,False,1.0,1.0,-4.822145271290722,2025-11,CatBoost-79 · M-2,historical_proxy,evaluated,2026-10-01T21:57:38.169078+00:00,2025-12-31,,,
2026-01-26,2026-01,15.0,0.005376854224257755,0.0,1,False,False,1.0,1.0,-5.236364940053683,2025-11,CatBoost-79 · M-2,historical_proxy,evaluated,2026-10-01T21:57:38.169078+00:00,2025-12-31,,,
2026-01-26,2026-01,16.0,0.1328951408541152,0.0,1,False,False,1.0,1.0,-2.0289080239044264,2025-11,CatBoost-79 · M-2,historical_proxy,evaluated,2026-10-01T21:57:38.169078+00:00,2025-12-31,,,
2026-01-26,2026-01,17.0,0.3953788206343295,0.0,1,True,False,1.0,1.0,-0.9386240816361362,2025-11,CatBoost-79 · M-2,historical_proxy,evaluated,2026-10-01T21:57:38.169078+00:00,2025-12-31,,,
2026-01-26,2026-01,18.0,0.005805319472522877,0.0,1,False,False,1.0,1.0,-5.159693778871323,2025-11,CatBoost-79 · M-2,historical_proxy,evaluated,2026-10-01T21:57:38.169078+00:00,2025-12-31,,,
2026-01-26,2026-01,19.0,0.004822212533772939,0.0,1,False,False,1.0,1.0,-5.345235571890503,2025-11,CatBoost-79 · M-2,historical_proxy,evaluated,2026-10-01T21:57:38.169078+00:00,2025-12-31,,,
2026-01-26,2026-01,20.0,0.002663470052423452,0.0,1,False,False,1.0,1.0,-5.938838622914582,2025-11,CatBoost-79 · M-2,historical_proxy,evaluated,2026-10-01T21:57:38.169078+00:00,2025-12-31,,,
2026-01-26,2026-01,21.0,0.002181346835169432,0.0,1,False,False,1.0,1.0,-6.138525926202979,2025-11,CatBoost-79 · M-2,historical_proxy,evaluated,2026-10-01T21:57:38.169078+00:00,2025-12-31,,,
2026-01-27,2026-01,8.0,0.1485336527457577,0.0,1,False,False,1.0,1.0,-1.7162324880893582,2025-11,CatBoost-79 · M-2,historical_proxy,evaluated,2026-10-01T21:57:38.169078+00:00,2025-12-31,,,
2026-01-27,2026-01,9.0,0.2574927140287662,0.0,1,True,True,1.0,1.0,-1.1660526138051628,2025-11,CatBoost-79 · M-2,historical_proxy,evaluated,2026-10-01T21:57:38.169078+00:00,2025-12-31,,,
2026-01-27,2026-01,10.0,0.050648541728090524,0.0,1,False,False,1.0,1.0,-2.7921335993477028,2025-11,CatBoost-79 · M-2,historical_proxy,evaluated,2026-10-01T21:57:38.169078+00:00,2025-12-31,,,
2026-01-27,2026-01,11.0,0.008192622088945523,0.0,1,False,False,1.0,1.0,-4.613810034468778,2025-11,CatBoost-79 · M-2,historical_proxy,evaluated,2026-10-01T21:57:38.169078+00:00,2025-12-31,,,
2026-01-27,2026-01,12.0,0.025247527824328046,0.0,1,False,False,1.0,1.0,-3.488315795494055,2025-11,CatBoost-79 · M-2,historical_proxy,evaluated,2026-10-01T21:57:38.169078+00:00,2025-12-31,,,
2026-01-27,2026-01,13.0,0.005710927189461232,0.0,1,False,False,1.0,1.0,-4.97466264804833,2025-11,CatBoost-79 · M-2,historical_proxy,evaluated,2026-10-01T21:57:38.169078+00:00,2025-12-31,,,
2026-01-27,2026-01,14.0,0.006514900325445024,0.0,1,False,False,1.0,1.0,-4.842952127255929,2025-11,CatBoost-79 · M-2,historical_proxy,evaluated,2026-10-01T21:57:38.169078+00:00,2025-12-31,,,
2026-01-27,2026-01,15.0,0.012940781372266513,0.0,1,False,False,1.0,1.0,-4.156660366969499,2025-11,CatBoost-79 · M-2,historical_proxy,evaluated,2026-10-01T21:57:38.169078+00:00,2025-12-31,,,
2026-01-27,2026-01,16.0,0.13624854335310238,0.0,1,False,False,1.0,1.0,-1.802563295974924,2025-11,CatBoost-79 · M-2,historical_proxy,evaluated,2026-10-01T21:57:38.169078+00:00,2025-12-31,,,
2026-01-27,2026-01,17.0,0.339046920077913,0.0,1,True,False,1.0,1.0,-0.8909055333622038,2025-11,CatBoost-79 · M-2,historical_proxy,evaluated,2026-10-01T21:57:38.169078+00:00,2025-12-31,,,
2026-01-27,2026-01,18.0,0.003784838257505312,0.0,1,False,False,1.0,1.0,-5.3860408849936645,2025-11,CatBoost-79 · M-2,historical_proxy,evaluated,2026-10-01T21:57:38.169078+00:00,2025-12-31,,,
2026-01-27,2026-01,19.0,0.0033015323351094665,0.0,1,False,False,1.0,1.0,-5.522657333804025,2025-11,CatBoost-79 · M-2,historical_proxy,evaluated,2026-10-01T21:57:38.169078+00:00,2025-12-31,,,
2026-01-27,2026-01,20.0,0.0013923782816025235,0.0,1,False,False,1.0,1.0,-6.386030759456131,2025-11,CatBoost-79 · M-2,historical_proxy,evaluated,2026-10-01T21:57:38.169078+00:00,2025-12-31,,,
2026-01-27,2026-01,21.0,0.0009441203917065182,0.0,1,False,False,1.0,1.0,-6.774545625855663,2025-11,CatBoost-79 · M-2,historical_proxy,evaluated,2026-10-01T21:57:38.169078+00:00,2025-12-31,,,
2026-01-28,2026-01,8.0,0.09601556746028146,0.0,1,False,False,1.0,1.0,-2.20908766944764,2025-11,CatBoost-79 · M-2,historical_proxy,evaluated,2026-10-01T21:57:38.169078+00:00,2025-12-31,,,
2026-01-28,2026-01,9.0,0.2173070330963465,0.0,1,True,True,1.0,1.0,-1.3922867562379269,2025-11,CatBoost-79 · M-2,historical_proxy,evaluated,2026-10-01T21:57:38.169078+00:00,2025-12-31,,,
2026-01-28,2026-01,10.0,0.031378659140130494,0.0,1,False,False,1.0,1.0,-3.327469992181472,2025-11,CatBoost-79 · M-2,historical_proxy,evaluated,2026-10-01T21:57:38.169078+00:00,2025-12-31,,,
2026-01-28,2026-01,11.0,0.014382454704497581,0.0,1,False,False,1.0,1.0,-4.107588968411376,2025-11,CatBoost-79 · M-2,historical_proxy,evaluated,2026-10-01T21:57:38.169078+00:00,2025-12-31,,,
2026-01-28,2026-01,12.0,0.032987527308012694,0.0,1,False,False,1.0,1.0,-3.277468479155186,2025-11,CatBoost-79 · M-2,historical_proxy,evaluated,2026-10-01T21:57:38.169078+00:00,2025-12-31,,,
2026-01-28,2026-01,13.0,0.006454473976009762,0.0,1,False,False,1.0,1.0,-4.9088244787711,2025-11,CatBoost-79 · M-2,historical_proxy,evaluated,2026-10-01T21:57:38.169078+00:00,2025-12-31,,,
2026-01-28,2026-01,14.0,0.00475533901152817,0.0,1,False,False,1.0,1.0,-5.214330019557639,2025-11,CatBoost-79 · M-2,historical_proxy,evaluated,2026-10-01T21:57:38.169078+00:00,2025-12-31,,,
2026-01-28,2026-01,15.0,0.011277189080966225,0.0,1,False,False,1.0,1.0,-4.350815988747504,2025-11,CatBoost-79 · M-2,historical_proxy,evaluated,2026-10-01T21:57:38.169078+00:00,2025-12-31,,,
2026-01-28,2026-01,16.0,0.15890908999067077,0.0,1,False,False,1.0,1.0,-1.7052657311758153,2025-11,CatBoost-79 · M-2,historical_proxy,evaluated,2026-10-01T21:57:38.169078+00:00,2025-12-31,,,
2026-01-28,2026-01,17.0,0.41114293159813897,0.0,1,True,False,1.0,1.0,-0.7546570893279521,2025-11,CatBoost-79 · M-2,historical_proxy,evaluated,2026-10-01T21:57:38.169078+00:00,2025-12-31,,,
2026-01-28,2026-01,18.0,0.009296710467143282,0.0,1,False,False,1.0,1.0,-4.543937384435856,2025-11,CatBoost-79 · M-2,historical_proxy,evaluated,2026-10-01T21:57:38.169078+00:00,2025-12-31,,,
2026-01-28,2026-01,19.0,0.003307071643104302,0.0,1,False,False,1.0,1.0,-5.577534910970898,2025-11,CatBoost-79 · M-2,historical_proxy,evaluated,2026-10-01T21:57:38.169078+00:00,2025-12-31,,,
2026-01-28,2026-01,20.0,0.0016390242222880293,0.0,1,False,False,1.0,1.0,-6.27949693046168,2025-11,CatBoost-79 · M-2,historical_proxy,evaluated,2026-10-01T21:57:38.169078+00:00,2025-12-31,,,
2026-01-28,2026-01,21.0,0.0011469283008817281,0.0,1,False,False,1.0,1.0,-6.636510682749269,2025-11,CatBoost-79 · M-2,historical_proxy,evaluated,2026-10-01T21:57:38.169078+00:00,2025-12-31,,,
2026-01-29,2026-01,8.0,0.15966944574933845,0.0,1,False,True,0.0,0.0,-1.8755989558732535,2025-11,CatBoost-79 · M-2,historical_proxy,evaluated,2026-10-01T21:57:38.169078+00:00,2025-12-31,,,
2026-01-29,2026-01,9.0,0.20814423692228007,0.0,1,False,False,0.0,0.0,-1.6104733838728487,2025-11,CatBoost-79 · M-2,historical_proxy,evaluated,2026-10-01T21:57:38.169078+00:00,2025-12-31,,,
2026-01-29,2026-01,10.0,0.045197269956658646,0.0,1,False,False,0.0,0.0,-3.1376679841676873,2025-11,CatBoost-79 · M-2,historical_proxy,evaluated,2026-10-01T21:57:38.169078+00:00,2025-12-31,,,
2026-01-29,2026-01,11.0,0.011503959281159675,0.0,1,False,False,0.0,0.0,-4.506013408557954,2025-11,CatBoost-79 · M-2,historical_proxy,evaluated,2026-10-01T21:57:38.169078+00:00,2025-12-31,,,
2026-01-29,2026-01,12.0,0.04522547779437364,0.0,1,False,False,0.0,0.0,-3.1370440739386445,2025-11,CatBoost-79 · M-2,historical_proxy,evaluated,2026-10-01T21:57:38.169078+00:00,2025-12-31,,,
2026-01-29,2026-01,13.0,0.007080770049342403,0.0,1,False,False,0.0,0.0,-4.991322004170137,2025-11,CatBoost-79 · M-2,historical_proxy,evaluated,2026-10-01T21:57:38.169078+00:00,2025-12-31,,,
2026-01-29,2026-01,14.0,0.01035548345653788,0.0,1,False,False,0.0,0.0,-4.6111884880132035,2025-11,CatBoost-79 · M-2,historical_proxy,evaluated,2026-10-01T21:57:38.169078+00:00,2025-12-31,,,
2026-01-29,2026-01,15.0,0.005997481800474353,0.0,1,False,False,0.0,0.0,-5.157364988784349,2025-11,CatBoost-79 · M-2,historical_proxy,evaluated,2026-10-01T21:57:38.169078+00:00,2025-12-31,,,
2026-01-29,2026-01,16.0,0.24977482397860384,0.0,1,True,False,0.0,0.0,-1.4281448620937989,2025-11,CatBoost-79 · M-2,historical_proxy,evaluated,2026-10-01T21:57:38.169078+00:00,2025-12-31,,,
2026-01-29,2026-01,17.0,0.2400499007744041,0.0,1,True,False,0.0,0.0,-1.467857848369804,2025-11,CatBoost-79 · M-2,historical_proxy,evaluated,2026-10-01T21:57:38.169078+00:00,2025-12-31,,,
2026-01-29,2026-01,18.0,0.002173977487915632,0.0,1,False,False,0.0,0.0,-6.172146236492001,2025-11,CatBoost-79 · M-2,historical_proxy,evaluated,2026-10-01T21:57:38.169078+00:00,2025-12-31,,,
2026-01-29,2026-01,19.0,0.0018327916731267814,0.0,1,False,False,0.0,0.0,-6.342864361098492,2025-11,CatBoost-79 · M-2,historical_proxy,evaluated,2026-10-01T21:57:38.169078+00:00,2025-12-31,,,
2026-01-29,2026-01,20.0,0.010928758795927638,0.0,1,False,False,0.0,0.0,-4.557306933637188,2025-11,CatBoost-79 · M-2,historical_proxy,evaluated,2026-10-01T21:57:38.169078+00:00,2025-12-31,,,
2026-01-29,2026-01,21.0,0.0020656222798569736,0.0,1,False,False,0.0,0.0,-6.223273142797733,2025-11,CatBoost-79 · M-2,historical_proxy,evaluated,2026-10-01T21:57:38.169078+00:00,2025-12-31,,,
2026-01-30,2026-01,8.0,0.11625939675799675,0.0,1,False,True,0.0,0.0,-2.0219501788970717,2025-11,CatBoost-79 · M-2,historical_proxy,evaluated,2026-10-01T21:57:38.169078+00:00,2025-12-31,,,
2026-01-30,2026-01,9.0,0.18435578639937633,0.0,1,False,False,0.0,0.0,-1.5609065401200377,2025-11,CatBoost-79 · M-2,historical_proxy,evaluated,2026-10-01T21:57:38.169078+00:00,2025-12-31,,,
2026-01-30,2026-01,10.0,0.03044931380651371,0.0,1,False,False,0.0,0.0,-3.3617105936125093,2025-11,CatBoost-79 · M-2,historical_proxy,evaluated,2026-10-01T21:57:38.169078+00:00,2025-12-31,,,
2026-01-30,2026-01,11.0,0.0048379254015876024,0.0,1,False,False,0.0,0.0,-5.2012880596223985,2025-11,CatBoost-79 · M-2,historical_proxy,evaluated,2026-10-01T21:57:38.169078+00:00,2025-12-31,,,
2026-01-30,2026-01,12.0,0.02693224825068817,0.0,1,False,False,0.0,0.0,-3.4844496640992406,2025-11,CatBoost-79 · M-2,historical_proxy,evaluated,2026-10-01T21:57:38.169078+00:00,2025-12-31,,,
2026-01-30,2026-01,13.0,0.004324566321620513,0.0,1,False,False,0.0,0.0,-5.313462189526096,2025-11,CatBoost-79 · M-2,historical_proxy,evaluated,2026-10-01T21:57:38.169078+00:00,2025-12-31,,,
2026-01-30,2026-01,14.0,0.006541438525437686,0.0,1,False,False,0.0,0.0,-4.899616953124751,2025-11,CatBoost-79 · M-2,historical_proxy,evaluated,2026-10-01T21:57:38.169078+00:00,2025-12-31,,,
2026-01-30,2026-01,15.0,0.010036759856210735,0.0,1,False,False,0.0,0.0,-4.4715197137324685,2025-11,CatBoost-79 · M-2,historical_proxy,evaluated,2026-10-01T21:57:38.169078+00:00,2025-12-31,,,
2026-01-30,2026-01,16.0,0.22053398149514247,0.0,1,True,False,0.0,0.0,-1.3817222583225464,2025-11,CatBoost-79 · M-2,historical_proxy,evaluated,2026-10-01T21:57:38.169078+00:00,2025-12-31,,,
2026-01-30,2026-01,17.0,0.38085416428745444,0.0,1,True,False,0.0,0.0,-0.8353575214724831,2025-11,CatBoost-79 · M-2,historical_proxy,evaluated,2026-10-01T21:57:38.169078+00:00,2025-12-31,,,
2026-01-30,2026-01,18.0,0.004519600574834958,0.0,1,False,False,0.0,0.0,-5.269350430884558,2025-11,CatBoost-79 · M-2,historical_proxy,evaluated,2026-10-01T21:57:38.169078+00:00,2025-12-31,,,
2026-01-30,2026-01,19.0,0.0031813267073402423,0.0,1,False,False,0.0,0.0,-5.620475739071645,2025-11,CatBoost-79 · M-2,historical_proxy,evaluated,2026-10-01T21:57:38.169078+00:00,2025-12-31,,,
2026-01-30,2026-01,20.0,0.005227641457278311,0.0,1,False,False,0.0,0.0,-5.123813840254263,2025-11,CatBoost-79 · M-2,historical_proxy,evaluated,2026-10-01T21:57:38.169078+00:00,2025-12-31,,,
2026-01-30,2026-01,21.0,0.0019458501585181624,0.0,1,False,False,0.0,0.0,-6.1120750713591825,2025-11,CatBoost-79 · M-2,historical_proxy,evaluated,2026-10-01T21:57:38.169078+00:00,2025-12-31,,,
2026-02-02,2026-02,8.0,0.21765295694152917,0.0,2,True,False,1.0,1.0,-1.6557601244239095,2025-12,CatBoost-79 · M-2,historical_proxy,evaluated,2026-10-01T21:57:40.543124+00:00,2026-01-31,,,
2026-02-02,2026-02,9.0,0.32227428606387715,0.0,2,True,True,1.0,1.0,-1.2632589750681693,2025-12,CatBoost-79 · M-2,historical_proxy,evaluated,2026-10-01T21:57:40.543124+00:00,2026-01-31,,,
2026-02-02,2026-02,10.0,0.07217052557795868,0.0,2,False,False,1.0,1.0,-2.7596302485371598,2025-12,CatBoost-79 · M-2,historical_proxy,evaluated,2026-10-01T21:57:40.543124+00:00,2026-01-31,,,
2026-02-02,2026-02,11.0,0.019929681285003692,0.0,2,False,False,1.0,1.0,-4.046451835717909,2025-12,CatBoost-79 · M-2,historical_proxy,evaluated,2026-10-01T21:57:40.543124+00:00,2026-01-31,,,
2026-02-02,2026-02,12.0,0.053843313652777926,0.0,2,False,False,1.0,1.0,-3.0525837483515903,2025-12,CatBoost-79 · M-2,historical_proxy,evaluated,2026-10-01T21:57:40.543124+00:00,2026-01-31,,,
2026-02-02,2026-02,13.0,0.01007732092618761,0.0,2,False,False,1.0,1.0,-4.728374531908929,2025-12,CatBoost-79 · M-2,historical_proxy,evaluated,2026-10-01T21:57:40.543124+00:00,2026-01-31,,,
2026-02-02,2026-02,17.0,0.22731168259894824,1.0,2,True,False,1.0,1.0,-1.612339851288502,2025-12,CatBoost-79 · M-2,historical_proxy,evaluated,2026-10-01T21:57:40.543124+00:00,2026-01-31,,,
2026-02-02,2026-02,18.0,0.06165431797953228,1.0,2,True,False,1.0,1.0,-2.917118710716752,2025-12,CatBoost-79 · M-2,historical_proxy,evaluated,2026-10-01T21:57:40.543124+00:00,2026-01-31,,,
2026-02-02,2026-02,19.0,0.007108953254322878,1.0,2,False,False,1.0,1.0,-5.077306966731144,2025-12,CatBoost-79 · M-2,historical_proxy,evaluated,2026-10-01T21:57:40.543124+00:00,2026-01-31,,,
2026-02-02,2026-02,20.0,0.005662407440099356,1.0,2,False,False,1.0,1.0,-5.304812833537672,2025-12,CatBoost-79 · M-2,historical_proxy,evaluated,2026-10-01T21:57:40.543124+00:00,2026-01-31,,,
2026-02-02,2026-02,21.0,0.0023145542797630074,1.0,2,False,False,1.0,1.0,-6.199444844832615,2025-12,CatBoost-79 · M-2,historical_proxy,evaluated,2026-10-01T21:57:40.543124+00:00,2026-01-31,,,
2026-02-03,2026-02,8.0,0.13376786644292762,0.0,2,True,False,0.0,0.0,-2.1147040272858604,2025-12,CatBoost-79 · M-2,historical_proxy,evaluated,2026-10-01T21:57:40.543124+00:00,2026-01-31,,,
2026-02-03,2026-02,9.0,0.28058349200330185,0.0,2,True,False,0.0,0.0,-1.3739386501492992,2025-12,CatBoost-79 · M-2,historical_proxy,evaluated,2026-10-01T21:57:40.543124+00:00,2026-01-31,,,
2026-02-03,2026-02,10.0,0.05719842879017662,0.0,2,False,True,0.0,0.0,-2.964283555717272,2025-12,CatBoost-79 · M-2,historical_proxy,evaluated,2026-10-01T21:57:40.543124+00:00,2026-01-31,,,
2026-02-03,2026-02,11.0,0.009148707189767484,0.0,2,False,False,0.0,0.0,-4.797197406453387,2025-12,CatBoost-79 · M-2,historical_proxy,evaluated,2026-10-01T21:57:40.543124+00:00,2026-01-31,,,
2026-02-03,2026-02,12.0,0.05872097181113096,0.0,2,False,False,0.0,0.0,-2.9380130509361546,2025-12,CatBoost-79 · M-2,historical_proxy,evaluated,2026-10-01T21:57:40.543124+00:00,2026-01-31,,,
2026-02-03,2026-02,13.0,0.007578028127784422,0.0,2,False,False,0.0,0.0,-4.985556960664166,2025-12,CatBoost-79 · M-2,historical_proxy,evaluated,2026-10-01T21:57:40.543124+00:00,2026-01-31,,,
2026-02-03,2026-02,17.0,0.3119047739697925,1.0,2,True,False,0.0,0.0,-1.2681120554348955,2025-12,CatBoost-79 · M-2,historical_proxy,evaluated,2026-10-01T21:57:40.543124+00:00,2026-01-31,,,
2026-02-03,2026-02,18.0,0.11968266971495989,1.0,2,True,False,0.0,0.0,-2.225966163934886,2025-12,CatBoost-79 · M-2,historical_proxy,evaluated,2026-10-01T21:57:40.543124+00:00,2026-01-31,,,
2026-02-03,2026-02,19.0,0.01332175827834584,1.0,2,False,False,0.0,0.0,-4.4214113257431,2025-12,CatBoost-79 · M-2,historical_proxy,evaluated,2026-10-01T21:57:40.543124+00:00,2026-01-31,,,
2026-02-03,2026-02,20.0,0.0059851319066733764,1.0,2,False,False,0.0,0.0,-5.2215316067110535,2025-12,CatBoost-79 · M-2,historical_proxy,evaluated,2026-10-01T21:57:40.543124+00:00,2026-01-31,,,
2026-02-03,2026-02,21.0,0.0021081717651393714,1.0,2,False,False,0.0,0.0,-6.264988875149017,2025-12,CatBoost-79 · M-2,historical_proxy,evaluated,2026-10-01T21:57:40.543124+00:00,2026-01-31,,,
2026-02-04,2026-02,8.0,0.16119046260809464,0.0,2,True,False,1.0,1.0,-1.92443897361521,2025-12,CatBoost-79 · M-2,historical_proxy,evaluated,2026-10-01T21:57:40.543124+00:00,2026-01-31,,,
2026-02-04,2026-02,9.0,0.3454304114146842,0.0,2,True,True,1.0,1.0,-1.162234428193901,2025-12,CatBoost-79 · M-2,historical_proxy,evaluated,2026-10-01T21:57:40.543124+00:00,2026-01-31,,,
2026-02-04,2026-02,10.0,0.03824916576959778,0.0,2,False,False,1.0,1.0,-3.362903886885682,2025-12,CatBoost-79 · M-2,historical_proxy,evaluated,2026-10-01T21:57:40.543124+00:00,2026-01-31,,,
2026-02-04,2026-02,11.0,0.00665899469038343,0.0,2,False,False,1.0,1.0,-5.111057111206512,2025-12,CatBoost-79 · M-2,historical_proxy,evaluated,2026-10-01T21:57:40.543124+00:00,2026-01-31,,,
2026-02-04,2026-02,12.0,0.06280259763547767,0.0,2,False,False,1.0,1.0,-2.867029200734273,2025-12,CatBoost-79 · M-2,historical_proxy,evaluated,2026-10-01T21:57:40.543124+00:00,2026-01-31,,,
2026-02-04,2026-02,13.0,0.010602469292038466,0.0,2,False,False,1.0,1.0,-4.645938710907231,2025-12,CatBoost-79 · M-2,historical_proxy,evaluated,2026-10-01T21:57:40.543124+00:00,2026-01-31,,,
2026-02-04,2026-02,17.0,0.2737548653368959,1.0,2,True,False,1.0,1.0,-1.3947925830822887,2025-12,CatBoost-79 · M-2,historical_proxy,evaluated,2026-10-01T21:57:40.543124+00:00,2026-01-31,,,
2026-02-04,2026-02,18.0,0.08561095297325247,1.0,2,True,False,1.0,1.0,-2.5572124067181092,2025-12,CatBoost-79 · M-2,historical_proxy,evaluated,2026-10-01T21:57:40.543124+00:00,2026-01-31,,,
2026-02-04,2026-02,19.0,0.005999137396618739,1.0,2,False,False,1.0,1.0,-5.215409945312885,2025-12,CatBoost-79 · M-2,historical_proxy,evaluated,2026-10-01T21:57:40.543124+00:00,2026-01-31,,,
2026-02-04,2026-02,20.0,0.0075721459142724995,1.0,2,False,False,1.0,1.0,-4.982549133571813,2025-12,CatBoost-79 · M-2,historical_proxy,evaluated,2026-10-01T21:57:40.543124+00:00,2026-01-31,,,
2026-02-04,2026-02,21.0,0.002128796968684207,1.0,2,False,False,1.0,1.0,-6.251468620250084,2025-12,CatBoost-79 · M-2,historical_proxy,evaluated,2026-10-01T21:57:40.543124+00:00,2026-01-31,,,
2026-02-05,2026-02,8.0,0.19253816679728253,0.0,2,True,False,1.0,1.0,-1.631757472910028,2025-12,CatBoost-79 · M-2,historical_proxy,evaluated,2026-10-01T21:57:40.543124+00:00,2026-01-31,,,
2026-02-05,2026-02,9.0,0.3711605455443359,0.0,2,True,True,1.0,1.0,-0.9754171697420284,2025-12,CatBoost-79 · M-2,historical_proxy,evaluated,2026-10-01T21:57:40.543124+00:00,2026-01-31,,,
2026-02-05,2026-02,10.0,0.06559280967641418,0.0,2,False,False,1.0,1.0,-2.708585794710608,2025-12,CatBoost-79 · M-2,historical_proxy,evaluated,2026-10-01T21:57:40.543124+00:00,2026-01-31,,,
2026-02-05,2026-02,11.0,0.010070964458933464,0.0,2,False,False,1.0,1.0,-4.582395398452559,2025-12,CatBoost-79 · M-2,historical_proxy,evaluated,2026-10-01T21:57:40.543124+00:00,2026-01-31,,,
2026-02-05,2026-02,12.0,0.06912308685016898,0.0,2,False,False,1.0,1.0,-2.6561630932727005,2025-12,CatBoost-79 · M-2,historical_proxy,evaluated,2026-10-01T21:57:40.543124+00:00,2026-01-31,,,
2026-02-05,2026-02,13.0,0.011057777808169328,0.0,2,False,False,1.0,1.0,-4.488917821658862,2025-12,CatBoost-79 · M-2,historical_proxy,evaluated,2026-10-01T21:57:40.543124+00:00,2026-01-31,,,
2026-02-05,2026-02,17.0,0.20834260936933655,1.0,2,True,False,1.0,1.0,-1.5528679910120433,2025-12,CatBoost-79 · M-2,historical_proxy,evaluated,2026-10-01T21:57:40.543124+00:00,2026-01-31,,,
2026-02-05,2026-02,18.0,0.06112845781579532,1.0,2,True,False,1.0,1.0,-2.7790743602833423,2025-12,CatBoost-79 · M-2,historical_proxy,evaluated,2026-10-01T21:57:40.543124+00:00,2026-01-31,,,
2026-02-05,2026-02,19.0,0.0049675378427468464,1.0,2,False,False,1.0,1.0,-5.2891275625803225,2025-12,CatBoost-79 · M-2,historical_proxy,evaluated,2026-10-01T21:57:40.543124+00:00,2026-01-31,,,
2026-02-05,2026-02,20.0,0.004229715909518952,1.0,2,False,False,1.0,1.0,-5.449917046129373,2025-12,CatBoost-79 · M-2,historical_proxy,evaluated,2026-10-01T21:57:40.543124+00:00,2026-01-31,,,
2026-02-05,2026-02,21.0,0.0017883279272980547,1.0,2,False,False,1.0,1.0,-6.310770811598062,2025-12,CatBoost-79 · M-2,historical_proxy,evaluated,2026-10-01T21:57:40.543124+00:00,2026-01-31,,,
2026-02-06,2026-02,8.0,0.2229735751547058,0.0,2,True,False,0.0,0.0,-1.4081537628242782,2025-12,CatBoost-79 · M-2,historical_proxy,evaluated,2026-10-01T21:57:40.543124+00:00,2026-01-31,,,
2026-02-06,2026-02,9.0,0.3775149677624953,0.0,2,True,False,0.0,0.0,-0.8815968125939406,2025-12,CatBoost-79 · M-2,historical_proxy,evaluated,2026-10-01T21:57:40.543124+00:00,2026-01-31,,,
2026-02-06,2026-02,10.0,0.051345674326919756,0.0,2,False,True,0.0,0.0,-2.8766263363810816,2025-12,CatBoost-79 · M-2,historical_proxy,evaluated,2026-10-01T21:57:40.543124+00:00,2026-01-31,,,
2026-02-06,2026-02,11.0,0.009302354779940618,0.0,2,False,False,0.0,0.0,-4.584939459945856,2025-12,CatBoost-79 · M-2,historical_proxy,evaluated,2026-10-01T21:57:40.543124+00:00,2026-01-31,,,
2026-02-06,2026-02,12.0,0.061949475827766255,0.0,2,False,False,0.0,0.0,-2.6888878833740373,2025-12,CatBoost-79 · M-2,historical_proxy,evaluated,2026-10-01T21:57:40.543124+00:00,2026-01-31,,,
2026-02-06,2026-02,13.0,0.010130260227868157,0.0,2,False,False,0.0,0.0,-4.499680023436326,2025-12,CatBoost-79 · M-2,historical_proxy,evaluated,2026-10-01T21:57:40.543124+00:00,2026-01-31,,,
2026-02-06,2026-02,17.0,0.20899709908664324,1.0,2,True,False,0.0,0.0,-1.4728866582986964,2025-12,CatBoost-79 · M-2,historical_proxy,evaluated,2026-10-01T21:57:40.543124+00:00,2026-01-31,,,
2026-02-06,2026-02,18.0,0.04921696702183142,1.0,2,True,False,0.0,0.0,-2.918968607983308,2025-12,CatBoost-79 · M-2,historical_proxy,evaluated,2026-10-01T21:57:40.543124+00:00,2026-01-31,,,
2026-02-06,2026-02,19.0,0.003571267800999726,1.0,2,False,False,0.0,0.0,-5.542286371119393,2025-12,CatBoost-79 · M-2,historical_proxy,evaluated,2026-10-01T21:57:40.543124+00:00,2026-01-31,,,
2026-02-06,2026-02,20.0,0.003205284460494189,1.0,2,False,False,0.0,0.0,-5.650406188540448,2025-12,CatBoost-79 · M-2,historical_proxy,evaluated,2026-10-01T21:57:40.543124+00:00,2026-01-31,,,
2026-02-06,2026-02,21.0,0.0017930735503355836,1.0,2,False,False,0.0,0.0,-6.231275815594332,2025-12,CatBoost-79 · M-2,historical_proxy,evaluated,2026-10-01T21:57:40.543124+00:00,2026-01-31,,,
2026-02-09,2026-02,8.0,0.2058520194538184,0.0,2,True,False,0.0,1.0,-1.535176927716796,2025-12,CatBoost-79 · M-2,historical_proxy,evaluated,2026-10-01T21:57:40.543124+00:00,2026-01-31,,,
2026-02-09,2026-02,9.0,0.35696818145981174,0.0,2,True,False,0.0,1.0,-0.9846878359579102,2025-12,CatBoost-79 · M-2,historical_proxy,evaluated,2026-10-01T21:57:40.543124+00:00,2026-01-31,,,
2026-02-09,2026-02,10.0,0.05669527140708954,0.0,2,False,False,0.0,1.0,-2.824643675646252,2025-12,CatBoost-79 · M-2,historical_proxy,evaluated,2026-10-01T21:57:40.543124+00:00,2026-01-31,,,
2026-02-09,2026-02,11.0,0.010132094381338176,0.0,2,False,False,0.0,1.0,-4.546626438932329,2025-12,CatBoost-79 · M-2,historical_proxy,evaluated,2026-10-01T21:57:40.543124+00:00,2026-01-31,,,
2026-02-09,2026-02,12.0,0.056793023871543134,0.0,2,False,False,0.0,1.0,-2.8229209871806575,2025-12,CatBoost-79 · M-2,historical_proxy,evaluated,2026-10-01T21:57:40.543124+00:00,2026-01-31,,,
2026-02-09,2026-02,13.0,0.015352570289157815,0.0,2,False,False,0.0,1.0,-4.131051580638394,2025-12,CatBoost-79 · M-2,historical_proxy,evaluated,2026-10-01T21:57:40.543124+00:00,2026-01-31,,,
2026-02-09,2026-02,17.0,0.19740061065322692,1.0,2,True,True,0.0,1.0,-1.5770992657259102,2025-12,CatBoost-79 · M-2,historical_proxy,evaluated,2026-10-01T21:57:40.543124+00:00,2026-01-31,,,
2026-02-09,2026-02,18.0,0.08673701955662964,1.0,2,True,False,0.0,1.0,-2.3994537090418144,2025-12,CatBoost-79 · M-2,historical_proxy,evaluated,2026-10-01T21:57:40.543124+00:00,2026-01-31,,,
2026-02-09,2026-02,19.0,0.006039976936389441,1.0,2,False,False,0.0,1.0,-5.063934292741036,2025-12,CatBoost-79 · M-2,historical_proxy,evaluated,2026-10-01T21:57:40.543124+00:00,2026-01-31,,,
2026-02-09,2026-02,20.0,0.005355677708341455,1.0,2,False,False,0.0,1.0,-5.1841772341302015,2025-12,CatBoost-79 · M-2,historical_proxy,evaluated,2026-10-01T21:57:40.543124+00:00,2026-01-31,,,
2026-02-09,2026-02,21.0,0.0026735542826536655,1.0,2,False,False,0.0,1.0,-5.878925707035162,2025-12,CatBoost-79 · M-2,historical_proxy,evaluated,2026-10-01T21:57:40.543124+00:00,2026-01-31,,,
2026-02-10,2026-02,8.0,0.20588860263331157,0.0,2,True,False,0.0,0.0,-1.5440844311850266,2025-12,CatBoost-79 · M-2,historical_proxy,evaluated,2026-10-01T21:57:40.543124+00:00,2026-01-31,,,
2026-02-10,2026-02,9.0,0.36107785404055937,0.0,2,True,False,0.0,0.0,-0.9823260925497516,2025-12,CatBoost-79 · M-2,historical_proxy,evaluated,2026-10-01T21:57:40.543124+00:00,2026-01-31,,,
2026-02-10,2026-02,10.0,0.06986521155111378,0.0,2,False,True,0.0,0.0,-2.624851853266799,2025-12,CatBoost-79 · M-2,historical_proxy,evaluated,2026-10-01T21:57:40.543124+00:00,2026-01-31,,,
2026-02-10,2026-02,11.0,0.009527777478232882,0.0,2,False,False,0.0,0.0,-4.6172082125223906,2025-12,CatBoost-79 · M-2,historical_proxy,evaluated,2026-10-01T21:57:40.543124+00:00,2026-01-31,,,
2026-02-10,2026-02,12.0,0.06054382276616415,0.0,2,False,False,0.0,0.0,-2.768052243723881,2025-12,CatBoost-79 · M-2,historical_proxy,evaluated,2026-10-01T21:57:40.543124+00:00,2026-01-31,,,
2026-02-10,2026-02,13.0,0.012788781224606232,0.0,2,False,False,0.0,0.0,-4.322851370016802,2025-12,CatBoost-79 · M-2,historical_proxy,evaluated,2026-10-01T21:57:40.543124+00:00,2026-01-31,,,
2026-02-10,2026-02,17.0,0.20049471211646339,1.0,2,True,False,0.0,0.0,-1.5706318168782414,2025-12,CatBoost-79 · M-2,historical_proxy,evaluated,2026-10-01T21:57:40.543124+00:00,2026-01-31,,,
2026-02-10,2026-02,18.0,0.06803523701162216,1.0,2,True,False,0.0,0.0,-2.6513939274843863,2025-12,CatBoost-79 · M-2,historical_proxy,evaluated,2026-10-01T21:57:40.543124+00:00,2026-01-31,,,
2026-02-10,2026-02,19.0,0.0050935518023013104,1.0,2,False,False,0.0,0.0,-5.243444302520739,2025-12,CatBoost-79 · M-2,historical_proxy,evaluated,2026-10-01T21:57:40.543124+00:00,2026-01-31,,,
2026-02-10,2026-02,20.0,0.004529103455519227,1.0,2,False,False,0.0,0.0,-5.360895682574376,2025-12,CatBoost-79 · M-2,historical_proxy,evaluated,2026-10-01T21:57:40.543124+00:00,2026-01-31,,,
2026-02-10,2026-02,21.0,0.0021553459201059957,1.0,2,False,False,0.0,0.0,-6.103468459348551,2025-12,CatBoost-79 · M-2,historical_proxy,evaluated,2026-10-01T21:57:40.543124+00:00,2026-01-31,,,
2026-02-11,2026-02,8.0,0.22128076157928395,0.0,2,True,False,0.0,1.0,-1.3992988567578053,2025-12,CatBoost-79 · M-2,historical_proxy,evaluated,2026-10-01T21:57:40.543124+00:00,2026-01-31,,,
2026-02-11,2026-02,9.0,0.38843367130543294,0.0,2,True,False,0.0,1.0,-0.8366087413668232,2025-12,CatBoost-79 · M-2,historical_proxy,evaluated,2026-10-01T21:57:40.543124+00:00,2026-01-31,,,
2026-02-11,2026-02,10.0,0.06301221686839756,0.0,2,False,False,0.0,1.0,-2.6554025402301598,2025-12,CatBoost-79 · M-2,historical_proxy,evaluated,2026-10-01T21:57:40.543124+00:00,2026-01-31,,,
2026-02-11,2026-02,11.0,0.007098164963629891,0.0,2,False,False,0.0,1.0,-4.838894871552884,2025-12,CatBoost-79 · M-2,historical_proxy,evaluated,2026-10-01T21:57:40.543124+00:00,2026-01-31,,,
2026-02-11,2026-02,12.0,0.05475574634240671,0.0,2,False,False,0.0,1.0,-2.7958488471531093,2025-12,CatBoost-79 · M-2,historical_proxy,evaluated,2026-10-01T21:57:40.543124+00:00,2026-01-31,,,
2026-02-11,2026-02,13.0,0.01037737707162854,0.0,2,False,False,0.0,1.0,-4.4591030111563725,2025-12,CatBoost-79 · M-2,historical_proxy,evaluated,2026-10-01T21:57:40.543124+00:00,2026-01-31,,,
2026-02-11,2026-02,17.0,0.17581055715033775,1.0,2,True,True,0.0,1.0,-1.6293241308701873,2025-12,CatBoost-79 · M-2,historical_proxy,evaluated,2026-10-01T21:57:40.543124+00:00,2026-01-31,,,
2026-02-11,2026-02,18.0,0.06955811766588063,1.0,2,True,False,0.0,1.0,-2.556568537830486,2025-12,CatBoost-79 · M-2,historical_proxy,evaluated,2026-10-01T21:57:40.543124+00:00,2026-01-31,,,
2026-02-11,2026-02,19.0,0.004734295441957504,1.0,2,False,False,0.0,1.0,-5.243898248698421,2025-12,CatBoost-79 · M-2,historical_proxy,evaluated,2026-10-01T21:57:40.543124+00:00,2026-01-31,,,
2026-02-11,2026-02,20.0,0.0034097880580064607,1.0,2,False,False,0.0,1.0,-5.572081030081356,2025-12,CatBoost-79 · M-2,historical_proxy,evaluated,2026-10-01T21:57:40.543124+00:00,2026-01-31,,,
2026-02-11,2026-02,21.0,0.0015293035530379994,1.0,2,False,False,0.0,1.0,-6.373918728688662,2025-12,CatBoost-79 · M-2,historical_proxy,evaluated,2026-10-01T21:57:40.543124+00:00,2026-01-31,,,
2026-02-12,2026-02,8.0,0.253584069907688,0.0,2,True,True,1.0,1.0,-1.3339771492462287,2025-12,CatBoost-79 · M-2,historical_proxy,evaluated,2026-10-01T21:57:40.543124+00:00,2026-01-31,,,
2026-02-12,2026-02,9.0,0.3592128094509489,0.0,2,True,False,1.0,1.0,-0.9857575571676992,2025-12,CatBoost-79 · M-2,historical_proxy,evaluated,2026-10-01T21:57:40.543124+00:00,2026-01-31,,,
2026-02-12,2026-02,10.0,0.07697020849035302,0.0,2,False,False,1.0,1.0,-2.5262541097500573,2025-12,CatBoost-79 · M-2,historical_proxy,evaluated,2026-10-01T21:57:40.543124+00:00,2026-01-31,,,
2026-02-12,2026-02,11.0,0.017697063288345763,0.0,2,False,False,1.0,1.0,-3.9962738441133365,2025-12,CatBoost-79 · M-2,historical_proxy,evaluated,2026-10-01T21:57:40.543124+00:00,2026-01-31,,,
2026-02-12,2026-02,12.0,0.06549985849205438,0.0,2,False,False,1.0,1.0,-2.6876245718026617,2025-12,CatBoost-79 · M-2,historical_proxy,evaluated,2026-10-01T21:57:40.543124+00:00,2026-01-31,,,
2026-02-12,2026-02,13.0,0.011211527265229625,0.0,2,False,False,1.0,1.0,-4.4527300848879285,2025-12,CatBoost-79 · M-2,historical_proxy,evaluated,2026-10-01T21:57:40.543124+00:00,2026-01-31,,,
2026-02-12,2026-02,17.0,0.14864147610278347,1.0,2,True,False,1.0,1.0,-1.868135348274879,2025-12,CatBoost-79 · M-2,historical_proxy,evaluated,2026-10-01T21:57:40.543124+00:00,2026-01-31,,,
2026-02-12,2026-02,18.0,0.056122222239098844,1.0,2,True,False,1.0,1.0,-2.842140701576384,2025-12,CatBoost-79 · M-2,historical_proxy,evaluated,2026-10-01T21:57:40.543124+00:00,2026-01-31,,,
2026-02-12,2026-02,19.0,0.005072671304119675,1.0,2,False,False,1.0,1.0,-5.2458049907249125,2025-12,CatBoost-79 · M-2,historical_proxy,evaluated,2026-10-01T21:57:40.543124+00:00,2026-01-31,,,
2026-02-12,2026-02,20.0,0.004117468151102714,1.0,2,False,False,1.0,1.0,-5.454434105983589,2025-12,CatBoost-79 · M-2,historical_proxy,evaluated,2026-10-01T21:57:40.543124+00:00,2026-01-31,,,
2026-02-12,2026-02,21.0,0.001870625308275569,1.0,2,False,False,1.0,1.0,-6.243399789591905,2025-12,CatBoost-79 · M-2,historical_proxy,evaluated,2026-10-01T21:57:40.543124+00:00,2026-01-31,,,
2026-02-13,2026-02,8.0,0.22744595912622856,0.0,2,True,False,1.0,1.0,-1.4108712181362602,2025-12,CatBoost-79 · M-2,historical_proxy,evaluated,2026-10-01T21:57:40.543124+00:00,2026-01-31,,,
2026-02-13,2026-02,9.0,0.40638986022989937,0.0,2,True,True,1.0,1.0,-0.8304709402760259,2025-12,CatBoost-79 · M-2,historical_proxy,evaluated,2026-10-01T21:57:40.543124+00:00,2026-01-31,,,
2026-02-13,2026-02,10.0,0.09020087761447167,0.0,2,False,False,1.0,1.0,-2.335744729335625,2025-12,CatBoost-79 · M-2,historical_proxy,evaluated,2026-10-01T21:57:40.543124+00:00,2026-01-31,,,
2026-02-13,2026-02,11.0,0.013927138874303023,0.0,2,False,False,1.0,1.0,-4.203944512398312,2025-12,CatBoost-79 · M-2,historical_proxy,evaluated,2026-10-01T21:57:40.543124+00:00,2026-01-31,,,
2026-02-13,2026-02,12.0,0.0636382255436104,0.0,2,False,False,1.0,1.0,-2.6845695656478714,2025-12,CatBoost-79 · M-2,historical_proxy,evaluated,2026-10-01T21:57:40.543124+00:00,2026-01-31,,,
2026-02-13,2026-02,13.0,0.017757312980395876,0.0,2,False,False,1.0,1.0,-3.9609864560386057,2025-12,CatBoost-79 · M-2,historical_proxy,evaluated,2026-10-01T21:57:40.543124+00:00,2026-01-31,,,
2026-02-13,2026-02,17.0,0.08832324160310605,1.0,2,True,False,1.0,1.0,-2.356780601218364,2025-12,CatBoost-79 · M-2,historical_proxy,evaluated,2026-10-01T21:57:40.543124+00:00,2026-01-31,,,
2026-02-13,2026-02,18.0,0.08107461733081549,1.0,2,True,False,1.0,1.0,-2.4424139537656937,2025-12,CatBoost-79 · M-2,historical_proxy,evaluated,2026-10-01T21:57:40.543124+00:00,2026-01-31,,,
2026-02-13,2026-02,19.0,0.005356316990684187,1.0,2,False,False,1.0,1.0,-5.159507275709374,2025-12,CatBoost-79 · M-2,historical_proxy,evaluated,2026-10-01T21:57:40.543124+00:00,2026-01-31,,,
2026-02-13,2026-02,20.0,0.003953775451824214,1.0,2,False,False,1.0,1.0,-5.463112953001974,2025-12,CatBoost-79 · M-2,historical_proxy,evaluated,2026-10-01T21:57:40.543124+00:00,2026-01-31,,,
2026-02-13,2026-02,21.0,0.0019326742546611638,1.0,2,False,False,1.0,1.0,-6.178879218005091,2025-12,CatBoost-79 · M-2,historical_proxy,evaluated,2026-10-01T21:57:40.543124+00:00,2026-01-31,,,
2026-02-16,2026-02,8.0,0.1786011279741649,0.0,2,True,False,1.0,1.0,-1.8816774750288503,2025-12,CatBoost-79 · M-2,historical_proxy,evaluated,2026-10-01T21:57:40.543124+00:00,2026-01-31,,,
2026-02-16,2026-02,9.0,0.3136218993981092,0.0,2,True,False,1.0,1.0,-1.3186443407936532,2025-12,CatBoost-79 · M-2,historical_proxy,evaluated,2026-10-01T21:57:40.543124+00:00,2026-01-31,,,
2026-02-16,2026-02,10.0,0.03536910707444304,0.0,2,False,False,1.0,1.0,-3.500993701477499,2025-12,CatBoost-79 · M-2,historical_proxy,evaluated,2026-10-01T21:57:40.543124+00:00,2026-01-31,,,
2026-02-16,2026-02,11.0,0.010764859027177673,0.0,2,False,False,1.0,1.0,-4.6905454238437,2025-12,CatBoost-79 · M-2,historical_proxy,evaluated,2026-10-01T21:57:40.543124+00:00,2026-01-31,,,
2026-02-16,2026-02,12.0,0.055766651139468604,0.0,2,False,False,1.0,1.0,-3.0456564182030212,2025-12,CatBoost-79 · M-2,historical_proxy,evaluated,2026-10-01T21:57:40.543124+00:00,2026-01-31,,,
2026-02-16,2026-02,13.0,0.012276496062793397,0.0,2,False,False,1.0,1.0,-4.559145913999525,2025-12,CatBoost-79 · M-2,historical_proxy,evaluated,2026-10-01T21:57:40.543124+00:00,2026-01-31,,,
2026-02-16,2026-02,17.0,0.27518626060908297,1.0,2,True,True,1.0,1.0,-1.449384279395581,2025-12,CatBoost-79 · M-2,historical_proxy,evaluated,2026-10-01T21:57:40.543124+00:00,2026-01-31,,,
2026-02-16,2026-02,18.0,0.09903412128761654,1.0,2,True,False,1.0,1.0,-2.4713680088720933,2025-12,CatBoost-79 · M-2,historical_proxy,evaluated,2026-10-01T21:57:40.543124+00:00,2026-01-31,,,
2026-02-16,2026-02,19.0,0.008518016433523231,1.0,2,False,False,1.0,1.0,-4.924648958326804,2025-12,CatBoost-79 · M-2,historical_proxy,evaluated,2026-10-01T21:57:40.543124+00:00,2026-01-31,,,
2026-02-16,2026-02,20.0,0.007780352668595531,1.0,2,False,False,1.0,1.0,-5.015230791779539,2025-12,CatBoost-79 · M-2,historical_proxy,evaluated,2026-10-01T21:57:40.543124+00:00,2026-01-31,,,
2026-02-16,2026-02,21.0,0.003081108325024856,1.0,2,False,False,1.0,1.0,-5.941543081052319,2025-12,CatBoost-79 · M-2,historical_proxy,evaluated,2026-10-01T21:57:40.543124+00:00,2026-01-31,,,
2026-02-17,2026-02,8.0,0.23012995012714468,0.0,2,True,False,0.0,1.0,-1.4699297061135197,2025-12,CatBoost-79 · M-2,historical_proxy,evaluated,2026-10-01T21:57:40.543124+00:00,2026-01-31,,,
2026-02-17,2026-02,9.0,0.3263301586406972,0.0,2,True,False,0.0,1.0,-1.1206642305954786,2025-12,CatBoost-79 · M-2,historical_proxy,evaluated,2026-10-01T21:57:40.543124+00:00,2026-01-31,,,
2026-02-17,2026-02,10.0,0.0552892799209776,0.0,2,False,False,0.0,1.0,-2.8959948194473406,2025-12,CatBoost-79 · M-2,historical_proxy,evaluated,2026-10-01T21:57:40.543124+00:00,2026-01-31,,,
2026-02-17,2026-02,11.0,0.008252618401625412,0.0,2,False,False,0.0,1.0,-4.7980433240300275,2025-12,CatBoost-79 · M-2,historical_proxy,evaluated,2026-10-01T21:57:40.543124+00:00,2026-01-31,,,
2026-02-17,2026-02,12.0,0.04781242763224791,0.0,2,False,False,0.0,1.0,-3.0412882580250917,2025-12,CatBoost-79 · M-2,historical_proxy,evaluated,2026-10-01T21:57:40.543124+00:00,2026-01-31,,,
2026-02-17,2026-02,13.0,0.00758504376064245,0.0,2,False,False,0.0,1.0,-4.882395473886771,2025-12,CatBoost-79 · M-2,historical_proxy,evaluated,2026-10-01T21:57:40.543124+00:00,2026-01-31,,,
2026-02-17,2026-02,17.0,0.19647808037140757,1.0,2,True,True,0.0,1.0,-1.6280229812224145,2025-12,CatBoost-79 · M-2,historical_proxy,evaluated,2026-10-01T21:57:40.543124+00:00,2026-01-31,,,
2026-02-17,2026-02,18.0,0.10586825426603455,1.0,2,True,False,0.0,1.0,-2.2463784192286806,2025-12,CatBoost-79 · M-2,historical_proxy,evaluated,2026-10-01T21:57:40.543124+00:00,2026-01-31,,,
2026-02-17,2026-02,19.0,0.013106761183477589,1.0,2,False,False,0.0,1.0,-4.335445638098112,2025-12,CatBoost-79 · M-2,historical_proxy,evaluated,2026-10-01T21:57:40.543124+00:00,2026-01-31,,,
2026-02-17,2026-02,20.0,0.007058904973136716,1.0,2,False,False,0.0,1.0,-4.954283919516497,2025-12,CatBoost-79 · M-2,historical_proxy,evaluated,2026-10-01T21:57:40.543124+00:00,2026-01-31,,,
2026-02-17,2026-02,21.0,0.002088520722608261,1.0,2,False,False,0.0,1.0,-6.172117828886135,2025-12,CatBoost-79 · M-2,historical_proxy,evaluated,2026-10-01T21:57:40.543124+00:00,2026-01-31,,,
2026-02-18,2026-02,8.0,0.16031708444321732,0.0,2,True,True,0.0,1.0,-1.9992922913608755,2025-12,CatBoost-79 · M-2,historical_proxy,evaluated,2026-10-01T21:57:40.543124+00:00,2026-01-31,,,
2026-02-18,2026-02,9.0,0.29279098575507706,0.0,2,True,False,0.0,1.0,-1.3969869279761997,2025-12,CatBoost-79 · M-2,historical_proxy,evaluated,2026-10-01T21:57:40.543124+00:00,2026-01-31,,,
2026-02-18,2026-02,10.0,0.030709206427641852,0.0,2,False,False,0.0,1.0,-3.6518834299602516,2025-12,CatBoost-79 · M-2,historical_proxy,evaluated,2026-10-01T21:57:40.543124+00:00,2026-01-31,,,
2026-02-18,2026-02,11.0,0.0057256467076133855,0.0,2,False,False,0.0,1.0,-5.331490418144723,2025-12,CatBoost-79 · M-2,historical_proxy,evaluated,2026-10-01T21:57:40.543124+00:00,2026-01-31,,,
2026-02-18,2026-02,12.0,0.031152742055977393,0.0,2,False,False,0.0,1.0,-3.6375436543953543,2025-12,CatBoost-79 · M-2,historical_proxy,evaluated,2026-10-01T21:57:40.543124+00:00,2026-01-31,,,
2026-02-18,2026-02,13.0,0.009195454144673414,0.0,2,False,False,0.0,1.0,-4.857736676003153,2025-12,CatBoost-79 · M-2,historical_proxy,evaluated,2026-10-01T21:57:40.543124+00:00,2026-01-31,,,
2026-02-18,2026-02,17.0,0.314103886594347,1.0,2,True,False,0.0,1.0,-1.3267221430174698,2025-12,CatBoost-79 · M-2,historical_proxy,evaluated,2026-10-01T21:57:40.543124+00:00,2026-01-31,,,
2026-02-18,2026-02,18.0,0.12211737389746231,1.0,2,True,False,0.0,1.0,-2.2714632598772657,2025-12,CatBoost-79 · M-2,historical_proxy,evaluated,2026-10-01T21:57:40.543124+00:00,2026-01-31,,,
2026-02-18,2026-02,19.0,0.014584345912880893,1.0,2,False,False,0.0,1.0,-4.396497167482634,2025-12,CatBoost-79 · M-2,historical_proxy,evaluated,2026-10-01T21:57:40.543124+00:00,2026-01-31,,,
2026-02-18,2026-02,20.0,0.014587402451002875,1.0,2,False,False,0.0,1.0,-4.396287612806991,2025-12,CatBoost-79 · M-2,historical_proxy,evaluated,2026-10-01T21:57:40.543124+00:00,2026-01-31,,,
2026-02-18,2026-02,21.0,0.004715871610106567,1.0,2,False,False,0.0,1.0,-5.525512165249366,2025-12,CatBoost-79 · M-2,historical_proxy,evaluated,2026-10-01T21:57:40.543124+00:00,2026-01-31,,,
2026-02-19,2026-02,8.0,0.23664308614643303,0.0,2,True,True,1.0,1.0,-1.6264250869551873,2025-12,CatBoost-79 · M-2,historical_proxy,evaluated,2026-10-01T21:57:40.543124+00:00,2026-01-31,,,
2026-02-19,2026-02,9.0,0.36653353225823315,0.0,2,True,False,1.0,1.0,-1.1888881170148151,2025-12,CatBoost-79 · M-2,historical_proxy,evaluated,2026-10-01T21:57:40.543124+00:00,2026-01-31,,,
2026-02-19,2026-02,10.0,0.022510872641697266,0.0,2,False,False,1.0,1.0,-3.9789797063445045,2025-12,CatBoost-79 · M-2,historical_proxy,evaluated,2026-10-01T21:57:40.543124+00:00,2026-01-31,,,
2026-02-19,2026-02,11.0,0.006738458756444276,0.0,2,False,False,1.0,1.0,-5.185146899733175,2025-12,CatBoost-79 · M-2,historical_proxy,evaluated,2026-10-01T21:57:40.543124+00:00,2026-01-31,,,
2026-02-19,2026-02,12.0,0.030832423574112523,0.0,2,False,False,1.0,1.0,-3.664411277646946,2025-12,CatBoost-79 · M-2,historical_proxy,evaluated,2026-10-01T21:57:40.543124+00:00,2026-01-31,,,
2026-02-19,2026-02,13.0,0.008273235490010375,0.0,2,False,False,1.0,1.0,-4.9799524626675,2025-12,CatBoost-79 · M-2,historical_proxy,evaluated,2026-10-01T21:57:40.543124+00:00,2026-01-31,,,
2026-02-19,2026-02,17.0,0.18582553508544722,1.0,2,True,False,1.0,1.0,-1.8681698772375455,2025-12,CatBoost-79 · M-2,historical_proxy,evaluated,2026-10-01T21:57:40.543124+00:00,2026-01-31,,,
2026-02-19,2026-02,18.0,0.10175475343613431,1.0,2,True,False,1.0,1.0,-2.470412587308903,2025-12,CatBoost-79 · M-2,historical_proxy,evaluated,2026-10-01T21:57:40.543124+00:00,2026-01-31,,,
2026-02-19,2026-02,19.0,0.022709325435213784,1.0,2,False,False,1.0,1.0,-3.9702024751063405,2025-12,CatBoost-79 · M-2,historical_proxy,evaluated,2026-10-01T21:57:40.543124+00:00,2026-01-31,,,
2026-02-19,2026-02,20.0,0.014902747502363369,1.0,2,False,False,1.0,1.0,-4.391432535273149,2025-12,CatBoost-79 · M-2,historical_proxy,evaluated,2026-10-01T21:57:40.543124+00:00,2026-01-31,,,
2026-02-19,2026-02,21.0,0.0032760296739107802,1.0,2,False,False,1.0,1.0,-5.906345903437332,2025-12,CatBoost-79 · M-2,historical_proxy,evaluated,2026-10-01T21:57:40.543124+00:00,2026-01-31,,,
2026-02-20,2026-02,8.0,0.22917467494323246,0.0,2,True,True,1.0,1.0,-1.3566955970934595,2025-12,CatBoost-79 · M-2,historical_proxy,evaluated,2026-10-01T21:57:40.543124+00:00,2026-01-31,,,
2026-02-20,2026-02,9.0,0.5012418143814985,0.0,2,True,False,1.0,1.0,-0.5740914344858785,2025-12,CatBoost-79 · M-2,historical_proxy,evaluated,2026-10-01T21:57:40.543124+00:00,2026-01-31,,,
2026-02-20,2026-02,10.0,0.05214076355713434,0.0,2,False,False,1.0,1.0,-2.8372330298003,2025-12,CatBoost-79 · M-2,historical_proxy,evaluated,2026-10-01T21:57:40.543124+00:00,2026-01-31,,,
2026-02-20,2026-02,11.0,0.007190496219751668,0.0,2,False,False,1.0,1.0,-4.81841989794634,2025-12,CatBoost-79 · M-2,historical_proxy,evaluated,2026-10-01T21:57:40.543124+00:00,2026-01-31,,,
2026-02-20,2026-02,12.0,0.035222988443017855,0.0,2,False,False,1.0,1.0,-3.2294811323551755,2025-12,CatBoost-79 · M-2,historical_proxy,evaluated,2026-10-01T21:57:40.543124+00:00,2026-01-31,,,
2026-02-20,2026-02,13.0,0.007655733285219656,0.0,2,False,False,1.0,1.0,-4.755725266372275,2025-12,CatBoost-79 · M-2,historical_proxy,evaluated,2026-10-01T21:57:40.543124+00:00,2026-01-31,,,
2026-02-20,2026-02,17.0,0.11308492374109937,1.0,2,True,False,1.0,1.0,-2.063041008581065,2025-12,CatBoost-79 · M-2,historical_proxy,evaluated,2026-10-01T21:57:40.543124+00:00,2026-01-31,,,
2026-02-20,2026-02,18.0,0.041966893984721705,1.0,2,True,False,1.0,1.0,-3.054299013561258,2025-12,CatBoost-79 · M-2,historical_proxy,evaluated,2026-10-01T21:57:40.543124+00:00,2026-01-31,,,
2026-02-20,2026-02,19.0,0.005851453139074186,1.0,2,False,False,1.0,1.0,-5.024490052322966,2025-12,CatBoost-79 · M-2,historical_proxy,evaluated,2026-10-01T21:57:40.543124+00:00,2026-01-31,,,
2026-02-20,2026-02,20.0,0.004117291604762057,1.0,2,False,False,1.0,1.0,-5.375984512853162,2025-12,CatBoost-79 · M-2,historical_proxy,evaluated,2026-10-01T21:57:40.543124+00:00,2026-01-31,,,
2026-02-20,2026-02,21.0,0.0023529667004881733,1.0,2,False,False,1.0,1.0,-5.935503124855981,2025-12,CatBoost-79 · M-2,historical_proxy,evaluated,2026-10-01T21:57:40.543124+00:00,2026-01-31,,,
2026-02-24,2026-02,8.0,0.2501228235223271,0.0,2,True,False,1.0,1.0,-1.2998250896749466,2025-12,CatBoost-79 · M-2,historical_proxy,evaluated,2026-10-01T21:57:40.543124+00:00,2026-01-31,,,
2026-02-24,2026-02,9.0,0.4044122833690704,0.0,2,True,True,1.0,1.0,-0.8193423199907297,2025-12,CatBoost-79 · M-2,historical_proxy,evaluated,2026-10-01T21:57:40.543124+00:00,2026-01-31,,,
2026-02-24,2026-02,10.0,0.07221193481909044,0.0,2,False,False,1.0,1.0,-2.5421718465397283,2025-12,CatBoost-79 · M-2,historical_proxy,evaluated,2026-10-01T21:57:40.543124+00:00,2026-01-31,,,
2026-02-24,2026-02,11.0,0.010517495033528093,0.0,2,False,False,1.0,1.0,-4.468737116708954,2025-12,CatBoost-79 · M-2,historical_proxy,evaluated,2026-10-01T21:57:40.543124+00:00,2026-01-31,,,
2026-02-24,2026-02,12.0,0.048789858154567295,0.0,2,False,False,1.0,1.0,-2.934254714422008,2025-12,CatBoost-79 · M-2,historical_proxy,evaluated,2026-10-01T21:57:40.543124+00:00,2026-01-31,,,
2026-02-24,2026-02,13.0,0.007859598467092901,0.0,2,False,False,1.0,1.0,-4.760041661456463,2025-12,CatBoost-79 · M-2,historical_proxy,evaluated,2026-10-01T21:57:40.543124+00:00,2026-01-31,,,
2026-02-24,2026-02,17.0,0.13870854486426498,1.0,2,True,False,1.0,1.0,-1.8894022487499427,2025-12,CatBoost-79 · M-2,historical_proxy,evaluated,2026-10-01T21:57:40.543124+00:00,2026-01-31,,,
2026-02-24,2026-02,18.0,0.05564819393955209,1.0,2,True,False,1.0,1.0,-2.802727557702564,2025-12,CatBoost-79 · M-2,historical_proxy,evaluated,2026-10-01T21:57:40.543124+00:00,2026-01-31,,,
2026-02-24,2026-02,19.0,0.005382151154958537,1.0,2,False,False,1.0,1.0,-5.138689043794167,2025-12,CatBoost-79 · M-2,historical_proxy,evaluated,2026-10-01T21:57:40.543124+00:00,2026-01-31,,,
2026-02-24,2026-02,20.0,0.00426907064098929,1.0,2,False,False,1.0,1.0,-5.370381025909668,2025-12,CatBoost-79 · M-2,historical_proxy,evaluated,2026-10-01T21:57:40.543124+00:00,2026-01-31,,,
2026-02-24,2026-02,21.0,0.00207804603455877,1.0,2,False,False,1.0,1.0,-6.0903491352487595,2025-12,CatBoost-79 · M-2,historical_proxy,evaluated,2026-10-01T21:57:40.543124+00:00,2026-01-31,,,
2026-02-25,2026-02,8.0,0.23090123690547568,0.0,2,True,True,1.0,1.0,-1.4129193750257039,2025-12,CatBoost-79 · M-2,historical_proxy,evaluated,2026-10-01T21:57:40.543124+00:00,2026-01-31,,,
2026-02-25,2026-02,9.0,0.37816445591613124,0.0,2,True,False,1.0,1.0,-0.9195802786940669,2025-12,CatBoost-79 · M-2,historical_proxy,evaluated,2026-10-01T21:57:40.543124+00:00,2026-01-31,,,
2026-02-25,2026-02,10.0,0.06449789710559953,0.0,2,False,False,1.0,1.0,-2.688276828003687,2025-12,CatBoost-79 · M-2,historical_proxy,evaluated,2026-10-01T21:57:40.543124+00:00,2026-01-31,,,
2026-02-25,2026-02,11.0,0.013416372808131995,0.0,2,False,False,1.0,1.0,-4.2584336358028425,2025-12,CatBoost-79 · M-2,historical_proxy,evaluated,2026-10-01T21:57:40.543124+00:00,2026-01-31,,,
2026-02-25,2026-02,12.0,0.04042228701169221,0.0,2,False,False,1.0,1.0,-3.1555281566953313,2025-12,CatBoost-79 · M-2,historical_proxy,evaluated,2026-10-01T21:57:40.543124+00:00,2026-01-31,,,
2026-02-25,2026-02,13.0,0.008706335690067162,0.0,2,False,False,1.0,1.0,-4.690858447400076,2025-12,CatBoost-79 · M-2,historical_proxy,evaluated,2026-10-01T21:57:40.543124+00:00,2026-01-31,,,
2026-02-25,2026-02,17.0,0.17897118467117692,1.0,2,True,False,1.0,1.0,-1.667684634868429,2025-12,CatBoost-79 · M-2,historical_proxy,evaluated,2026-10-01T21:57:40.543124+00:00,2026-01-31,,,
2026-02-25,2026-02,18.0,0.07118101430223327,1.0,2,True,False,1.0,1.0,-2.589683318458803,2025-12,CatBoost-79 · M-2,historical_proxy,evaluated,2026-10-01T21:57:40.543124+00:00,2026-01-31,,,
2026-02-25,2026-02,19.0,0.007329765166629346,1.0,2,False,False,1.0,1.0,-4.862965970169377,2025-12,CatBoost-79 · M-2,historical_proxy,evaluated,2026-10-01T21:57:40.543124+00:00,2026-01-31,,,
2026-02-25,2026-02,20.0,0.004568795570734838,1.0,2,False,False,1.0,1.0,-5.33565982935111,2025-12,CatBoost-79 · M-2,historical_proxy,evaluated,2026-10-01T21:57:40.543124+00:00,2026-01-31,,,
2026-02-25,2026-02,21.0,0.0018406548521277307,1.0,2,False,False,1.0,1.0,-6.244788042060197,2025-12,CatBoost-79 · M-2,historical_proxy,evaluated,2026-10-01T21:57:40.543124+00:00,2026-01-31,,,
2026-02-26,2026-02,8.0,0.17094102082530266,0.0,2,True,False,1.0,1.0,-1.7374498981274,2025-12,CatBoost-79 · M-2,historical_proxy,evaluated,2026-10-01T21:57:40.543124+00:00,2026-01-31,,,
2026-02-26,2026-02,9.0,0.38664056178954986,0.0,2,True,True,1.0,1.0,-0.9212730071414444,2025-12,CatBoost-79 · M-2,historical_proxy,evaluated,2026-10-01T21:57:40.543124+00:00,2026-01-31,,,
2026-02-26,2026-02,10.0,0.0664269791951732,0.0,2,False,False,1.0,1.0,-2.682665200541573,2025-12,CatBoost-79 · M-2,historical_proxy,evaluated,2026-10-01T21:57:40.543124+00:00,2026-01-31,,,
2026-02-26,2026-02,11.0,0.017402711763847622,0.0,2,False,False,1.0,1.0,-4.022142445107075,2025-12,CatBoost-79 · M-2,historical_proxy,evaluated,2026-10-01T21:57:40.543124+00:00,2026-01-31,,,
2026-02-26,2026-02,12.0,0.03288971312468329,0.0,2,False,False,1.0,1.0,-3.385608549784141,2025-12,CatBoost-79 · M-2,historical_proxy,evaluated,2026-10-01T21:57:40.543124+00:00,2026-01-31,,,
2026-02-26,2026-02,13.0,0.007741775105651163,0.0,2,False,False,1.0,1.0,-4.832137484559215,2025-12,CatBoost-79 · M-2,historical_proxy,evaluated,2026-10-01T21:57:40.543124+00:00,2026-01-31,,,
2026-02-26,2026-02,17.0,0.2143874679766227,1.0,2,True,False,1.0,1.0,-1.5109835117947208,2025-12,CatBoost-79 · M-2,historical_proxy,evaluated,2026-10-01T21:57:40.543124+00:00,2026-01-31,,,
2026-02-26,2026-02,18.0,0.08913901098560453,1.0,2,True,False,1.0,1.0,-2.388571415292955,2025-12,CatBoost-79 · M-2,historical_proxy,evaluated,2026-10-01T21:57:40.543124+00:00,2026-01-31,,,
2026-02-26,2026-02,19.0,0.007898868866459833,1.0,2,False,False,1.0,1.0,-4.812048919920682,2025-12,CatBoost-79 · M-2,historical_proxy,evaluated,2026-10-01T21:57:40.543124+00:00,2026-01-31,,,
2026-02-26,2026-02,20.0,0.004349507214752059,1.0,2,False,False,1.0,1.0,-5.408705932962997,2025-12,CatBoost-79 · M-2,historical_proxy,evaluated,2026-10-01T21:57:40.543124+00:00,2026-01-31,,,
2026-02-26,2026-02,21.0,0.0021823831523530026,1.0,2,False,False,1.0,1.0,-6.0983510188238235,2025-12,CatBoost-79 · M-2,historical_proxy,evaluated,2026-10-01T21:57:40.543124+00:00,2026-01-31,,,
2026-02-27,2026-02,8.0,0.27172288127923644,0.0,2,True,True,1.0,1.0,-1.3504539171637904,2025-12,CatBoost-79 · M-2,historical_proxy,evaluated,2026-10-01T21:57:40.543124+00:00,2026-01-31,,,
2026-02-27,2026-02,9.0,0.38867839442206187,0.0,2,True,False,1.0,1.0,-0.9924843931699056,2025-12,CatBoost-79 · M-2,historical_proxy,evaluated,2026-10-01T21:57:40.543124+00:00,2026-01-31,,,
2026-02-27,2026-02,10.0,0.06277002682397544,0.0,2,False,False,1.0,1.0,-2.8157589656179147,2025-12,CatBoost-79 · M-2,historical_proxy,evaluated,2026-10-01T21:57:40.543124+00:00,2026-01-31,,,
2026-02-27,2026-02,11.0,0.013833275557965444,0.0,2,False,False,1.0,1.0,-4.32815968325757,2025-12,CatBoost-79 · M-2,historical_proxy,evaluated,2026-10-01T21:57:40.543124+00:00,2026-01-31,,,
2026-02-27,2026-02,12.0,0.05312606949095735,0.0,2,False,False,1.0,1.0,-2.9825688866483384,2025-12,CatBoost-79 · M-2,historical_proxy,evaluated,2026-10-01T21:57:40.543124+00:00,2026-01-31,,,
2026-02-27,2026-02,13.0,0.01516740068952974,0.0,2,False,False,1.0,1.0,-4.236088212055229,2025-12,CatBoost-79 · M-2,historical_proxy,evaluated,2026-10-01T21:57:40.543124+00:00,2026-01-31,,,
2026-02-27,2026-02,17.0,0.12418030162577817,1.0,2,True,False,1.0,1.0,-2.1335020904109037,2025-12,CatBoost-79 · M-2,historical_proxy,evaluated,2026-10-01T21:57:40.543124+00:00,2026-01-31,,,
2026-02-27,2026-02,18.0,0.05858035182118512,1.0,2,True,False,1.0,1.0,-2.8848372980789607,2025-12,CatBoost-79 · M-2,historical_proxy,evaluated,2026-10-01T21:57:40.543124+00:00,2026-01-31,,,
2026-02-27,2026-02,19.0,0.005817154511723601,1.0,2,False,False,1.0,1.0,-5.194425418610995,2025-12,CatBoost-79 · M-2,historical_proxy,evaluated,2026-10-01T21:57:40.543124+00:00,2026-01-31,,,
2026-02-27,2026-02,20.0,0.004283940117027026,1.0,2,False,False,1.0,1.0,-5.500363471081975,2025-12,CatBoost-79 · M-2,historical_proxy,evaluated,2026-10-01T21:57:40.543124+00:00,2026-01-31,,,
2026-02-27,2026-02,21.0,0.0018402036605597925,1.0,2,False,False,1.0,1.0,-6.345360394702177,2025-12,CatBoost-79 · M-2,historical_proxy,evaluated,2026-10-01T21:57:40.543124+00:00,2026-01-31,,,
2026-03-02,2026-03,8.0,0.34678417517971877,0.0,1,True,False,0.0,0.0,-1.198927778522933,2026-01,CatBoost-79 · M-2,historical_proxy,evaluated,2026-10-01T21:57:42.900139+00:00,2026-02-28,,,
2026-03-02,2026-03,9.0,0.30182859573029985,0.0,1,True,False,0.0,0.0,-1.3377710989759173,2026-01,CatBoost-79 · M-2,historical_proxy,evaluated,2026-10-01T21:57:42.900139+00:00,2026-02-28,,,
2026-03-02,2026-03,10.0,0.08320644833133245,0.0,1,False,True,0.0,0.0,-2.6263055426122808,2026-01,CatBoost-79 · M-2,historical_proxy,evaluated,2026-10-01T21:57:42.900139+00:00,2026-02-28,,,
2026-03-02,2026-03,11.0,0.010114786286209761,0.0,1,False,False,0.0,0.0,-4.733632049424422,2026-01,CatBoost-79 · M-2,historical_proxy,evaluated,2026-10-01T21:57:42.900139+00:00,2026-02-28,,,
2026-03-02,2026-03,12.0,0.07692033541955731,0.0,1,False,False,0.0,0.0,-2.704860110078785,2026-01,CatBoost-79 · M-2,historical_proxy,evaluated,2026-10-01T21:57:42.900139+00:00,2026-02-28,,,
2026-03-02,2026-03,13.0,0.015753102107854845,0.0,1,False,False,0.0,0.0,-4.290593086311928,2026-01,CatBoost-79 · M-2,historical_proxy,evaluated,2026-10-01T21:57:42.900139+00:00,2026-02-28,,,
2026-03-02,2026-03,14.0,0.010257852143810534,0.0,1,False,False,0.0,0.0,-4.719586916299671,2026-01,CatBoost-79 · M-2,historical_proxy,evaluated,2026-10-01T21:57:42.900139+00:00,2026-02-28,,,
2026-03-02,2026-03,15.0,0.016451515670147195,0.0,1,False,False,0.0,0.0,-4.247212780448722,2026-01,CatBoost-79 · M-2,historical_proxy,evaluated,2026-10-01T21:57:42.900139+00:00,2026-02-28,,,
2026-03-02,2026-03,16.0,0.019740750441867145,0.0,1,False,False,0.0,0.0,-4.064945341830466,2026-01,CatBoost-79 · M-2,historical_proxy,evaluated,2026-10-01T21:57:42.900139+00:00,2026-02-28,,,
2026-03-02,2026-03,17.0,0.007969921613707248,0.0,1,False,False,0.0,0.0,-4.971955733833244,2026-01,CatBoost-79 · M-2,historical_proxy,evaluated,2026-10-01T21:57:42.900139+00:00,2026-02-28,,,
2026-03-02,2026-03,18.0,0.038828731454046,0.0,1,False,False,0.0,0.0,-3.388469917432243,2026-01,CatBoost-79 · M-2,historical_proxy,evaluated,2026-10-01T21:57:42.900139+00:00,2026-02-28,,,
2026-03-02,2026-03,19.0,0.06190268274064726,0.0,1,False,False,0.0,0.0,-2.922066872753597,2026-01,CatBoost-79 · M-2,historical_proxy,evaluated,2026-10-01T21:57:42.900139+00:00,2026-02-28,,,
2026-03-02,2026-03,20.0,0.007987646381495564,0.0,1,False,False,0.0,0.0,-4.969734245560975,2026-01,CatBoost-79 · M-2,historical_proxy,evaluated,2026-10-01T21:57:42.900139+00:00,2026-02-28,,,
2026-03-02,2026-03,21.0,0.00225345649930608,0.0,1,False,False,0.0,0.0,-6.235165132070176,2026-01,CatBoost-79 · M-2,historical_proxy,evaluated,2026-10-01T21:57:42.900139+00:00,2026-02-28,,,
2026-03-03,2026-03,8.0,0.34747031136185585,0.0,1,True,False,1.0,1.0,-1.1656290294786726,2026-01,CatBoost-79 · M-2,historical_proxy,evaluated,2026-10-01T21:57:42.900139+00:00,2026-02-28,,,
2026-03-03,2026-03,9.0,0.31120702601499894,0.0,1,True,True,1.0,1.0,-1.2758498866854409,2026-01,CatBoost-79 · M-2,historical_proxy,evaluated,2026-10-01T21:57:42.900139+00:00,2026-02-28,,,
2026-03-03,2026-03,10.0,0.08200957912257169,0.0,1,False,False,1.0,1.0,-2.609472196894394,2026-01,CatBoost-79 · M-2,historical_proxy,evaluated,2026-10-01T21:57:42.900139+00:00,2026-02-28,,,
2026-03-03,2026-03,11.0,0.023314099029597444,0.0,1,False,False,1.0,1.0,-3.8672499697701355,2026-01,CatBoost-79 · M-2,historical_proxy,evaluated,2026-10-01T21:57:42.900139+00:00,2026-02-28,,,
2026-03-03,2026-03,12.0,0.04986897636839098,0.0,1,False,False,1.0,1.0,-3.1069091625562466,2026-01,CatBoost-79 · M-2,historical_proxy,evaluated,2026-10-01T21:57:42.900139+00:00,2026-02-28,,,
2026-03-03,2026-03,13.0,0.016709544744874842,0.0,1,False,False,1.0,1.0,-4.200328158139555,2026-01,CatBoost-79 · M-2,historical_proxy,evaluated,2026-10-01T21:57:42.900139+00:00,2026-02-28,,,
2026-03-03,2026-03,14.0,0.01002718216684518,0.0,1,False,False,1.0,1.0,-4.711008633895166,2026-01,CatBoost-79 · M-2,historical_proxy,evaluated,2026-10-01T21:57:42.900139+00:00,2026-02-28,,,
2026-03-03,2026-03,15.0,0.013430621991220946,0.0,1,False,False,1.0,1.0,-4.418770932872929,2026-01,CatBoost-79 · M-2,historical_proxy,evaluated,2026-10-01T21:57:42.900139+00:00,2026-02-28,,,
2026-03-03,2026-03,16.0,0.020950223322807923,0.0,1,False,False,1.0,1.0,-3.974158949792604,2026-01,CatBoost-79 · M-2,historical_proxy,evaluated,2026-10-01T21:57:42.900139+00:00,2026-02-28,,,
2026-03-03,2026-03,17.0,0.012538108287058893,0.0,1,False,False,1.0,1.0,-4.487535586380241,2026-01,CatBoost-79 · M-2,historical_proxy,evaluated,2026-10-01T21:57:42.900139+00:00,2026-02-28,,,
2026-03-03,2026-03,18.0,0.04688988431979188,0.0,1,False,False,1.0,1.0,-3.1685062898603675,2026-01,CatBoost-79 · M-2,historical_proxy,evaluated,2026-10-01T21:57:42.900139+00:00,2026-02-28,,,
2026-03-03,2026-03,19.0,0.05524107356790742,0.0,1,False,False,1.0,1.0,-3.0046014929406715,2026-01,CatBoost-79 · M-2,historical_proxy,evaluated,2026-10-01T21:57:42.900139+00:00,2026-02-28,,,
2026-03-03,2026-03,20.0,0.007519173461352211,0.0,1,False,False,1.0,1.0,-4.998852036037088,2026-01,CatBoost-79 · M-2,historical_proxy,evaluated,2026-10-01T21:57:42.900139+00:00,2026-02-28,,,
2026-03-03,2026-03,21.0,0.0028241962407257936,0.0,1,False,False,1.0,1.0,-5.9780844483451885,2026-01,CatBoost-79 · M-2,historical_proxy,evaluated,2026-10-01T21:57:42.900139+00:00,2026-02-28,,,
2026-03-04,2026-03,8.0,0.31161475365204255,0.0,1,True,False,1.0,1.0,-1.2752860873631673,2026-01,CatBoost-79 · M-2,historical_proxy,evaluated,2026-10-01T21:57:42.900139+00:00,2026-02-28,,,
2026-03-04,2026-03,9.0,0.32515373042556356,0.0,1,True,True,1.0,1.0,-1.2327556611011454,2026-01,CatBoost-79 · M-2,historical_proxy,evaluated,2026-10-01T21:57:42.900139+00:00,2026-02-28,,,
2026-03-04,2026-03,10.0,0.06667384842328829,0.0,1,False,False,1.0,1.0,-2.8172409498606092,2026-01,CatBoost-79 · M-2,historical_proxy,evaluated,2026-10-01T21:57:42.900139+00:00,2026-02-28,,,
2026-03-04,2026-03,11.0,0.017710780190460292,0.0,1,False,False,1.0,1.0,-4.1428802437953856,2026-01,CatBoost-79 · M-2,historical_proxy,evaluated,2026-10-01T21:57:42.900139+00:00,2026-02-28,,,
2026-03-04,2026-03,12.0,0.06302053401948528,0.0,1,False,False,1.0,1.0,-2.8735931381849,2026-01,CatBoost-79 · M-2,historical_proxy,evaluated,2026-10-01T21:57:42.900139+00:00,2026-02-28,,,
2026-03-04,2026-03,13.0,0.018312646093869154,0.0,1,False,False,1.0,1.0,-4.109461883720124,2026-01,CatBoost-79 · M-2,historical_proxy,evaluated,2026-10-01T21:57:42.900139+00:00,2026-02-28,,,
2026-03-04,2026-03,14.0,0.007893289518081064,0.0,1,False,False,1.0,1.0,-4.951040777874289,2026-01,CatBoost-79 · M-2,historical_proxy,evaluated,2026-10-01T21:57:42.900139+00:00,2026-02-28,,,
2026-03-04,2026-03,15.0,0.008609952658096146,0.0,1,False,False,1.0,1.0,-4.864134928342232,2026-01,CatBoost-79 · M-2,historical_proxy,evaluated,2026-10-01T21:57:42.900139+00:00,2026-02-28,,,
2026-03-04,2026-03,16.0,0.010025176347720568,0.0,1,False,False,1.0,1.0,-4.711954184454808,2026-01,CatBoost-79 · M-2,historical_proxy,evaluated,2026-10-01T21:57:42.900139+00:00,2026-02-28,,,
2026-03-04,2026-03,17.0,0.012339473214819586,0.0,1,False,False,1.0,1.0,-4.504250419958426,2026-01,CatBoost-79 · M-2,historical_proxy,evaluated,2026-10-01T21:57:42.900139+00:00,2026-02-28,,,
2026-03-04,2026-03,18.0,0.058658241636345566,0.0,1,False,False,1.0,1.0,-2.945325660701818,2026-01,CatBoost-79 · M-2,historical_proxy,evaluated,2026-10-01T21:57:42.900139+00:00,2026-02-28,,,
2026-03-04,2026-03,19.0,0.09025067365182633,0.0,1,False,False,1.0,1.0,-2.514462686816497,2026-01,CatBoost-79 · M-2,historical_proxy,evaluated,2026-10-01T21:57:42.900139+00:00,2026-02-28,,,
2026-03-04,2026-03,20.0,0.006792487404082058,0.0,1,False,False,1.0,1.0,-5.1012365403573,2026-01,CatBoost-79 · M-2,historical_proxy,evaluated,2026-10-01T21:57:42.900139+00:00,2026-02-28,,,
2026-03-04,2026-03,21.0,0.00294441276431957,0.0,1,False,False,1.0,1.0,-5.937144351977412,2026-01,CatBoost-79 · M-2,historical_proxy,evaluated,2026-10-01T21:57:42.900139+00:00,2026-02-28,,,
2026-03-05,2026-03,8.0,0.27689362091920244,0.0,1,True,False,1.0,1.0,-1.4673708187434407,2026-01,CatBoost-79 · M-2,historical_proxy,evaluated,2026-10-01T21:57:42.900139+00:00,2026-02-28,,,
2026-03-05,2026-03,9.0,0.26281786053642303,0.0,1,True,True,1.0,1.0,-1.5195429643971776,2026-01,CatBoost-79 · M-2,historical_proxy,evaluated,2026-10-01T21:57:42.900139+00:00,2026-02-28,,,
2026-03-05,2026-03,10.0,0.07829531052371232,0.0,1,False,False,1.0,1.0,-2.730516501102769,2026-01,CatBoost-79 · M-2,historical_proxy,evaluated,2026-10-01T21:57:42.900139+00:00,2026-02-28,,,
2026-03-05,2026-03,11.0,0.018258420823082912,0.0,1,False,False,1.0,1.0,-4.1863778225928545,2026-01,CatBoost-79 · M-2,historical_proxy,evaluated,2026-10-01T21:57:42.900139+00:00,2026-02-28,,,
2026-03-05,2026-03,12.0,0.07449272846431851,0.0,1,False,False,1.0,1.0,-2.78030269504956,2026-01,CatBoost-79 · M-2,historical_proxy,evaluated,2026-10-01T21:57:42.900139+00:00,2026-02-28,,,
2026-03-05,2026-03,13.0,0.023921008327108233,0.0,1,False,False,1.0,1.0,-3.9162471288283616,2026-01,CatBoost-79 · M-2,historical_proxy,evaluated,2026-10-01T21:57:42.900139+00:00,2026-02-28,,,
2026-03-05,2026-03,14.0,0.011260600065876359,0.0,1,False,False,1.0,1.0,-4.669694298055562,2026-01,CatBoost-79 · M-2,historical_proxy,evaluated,2026-10-01T21:57:42.900139+00:00,2026-02-28,,,
2026-03-05,2026-03,15.0,0.011260189172964553,0.0,1,False,False,1.0,1.0,-4.669730788154332,2026-01,CatBoost-79 · M-2,historical_proxy,evaluated,2026-10-01T21:57:42.900139+00:00,2026-02-28,,,
2026-03-05,2026-03,16.0,0.0127477671156409,0.0,1,False,False,1.0,1.0,-4.545648083082976,2026-01,CatBoost-79 · M-2,historical_proxy,evaluated,2026-10-01T21:57:42.900139+00:00,2026-02-28,,,
2026-03-05,2026-03,17.0,0.014741371956496076,0.0,1,False,False,1.0,1.0,-4.400346251633012,2026-01,CatBoost-79 · M-2,historical_proxy,evaluated,2026-10-01T21:57:42.900139+00:00,2026-02-28,,,
2026-03-05,2026-03,18.0,0.05225122082487428,0.0,1,False,False,1.0,1.0,-3.1349409555243266,2026-01,CatBoost-79 · M-2,historical_proxy,evaluated,2026-10-01T21:57:42.900139+00:00,2026-02-28,,,
2026-03-05,2026-03,19.0,0.14400543415741324,0.0,1,False,False,1.0,1.0,-2.1211531750974233,2026-01,CatBoost-79 · M-2,historical_proxy,evaluated,2026-10-01T21:57:42.900139+00:00,2026-02-28,,,
2026-03-05,2026-03,20.0,0.01601386645168947,0.0,1,False,False,1.0,1.0,-4.317549211022354,2026-01,CatBoost-79 · M-2,historical_proxy,evaluated,2026-10-01T21:57:42.900139+00:00,2026-02-28,,,
2026-03-05,2026-03,21.0,0.003040600661197674,0.0,1,False,False,1.0,1.0,-5.978949129344762,2026-01,CatBoost-79 · M-2,historical_proxy,evaluated,2026-10-01T21:57:42.900139+00:00,2026-02-28,,,
2026-03-06,2026-03,8.0,0.3409031396807837,0.0,1,True,False,1.0,1.0,-0.8352485872472609,2026-01,CatBoost-79 · M-2,historical_proxy,evaluated,2026-10-01T21:57:42.900139+00:00,2026-02-28,,,
2026-03-06,2026-03,9.0,0.40918865248662734,0.0,1,True,True,1.0,1.0,-0.6526706736027403,2026-01,CatBoost-79 · M-2,historical_proxy,evaluated,2026-10-01T21:57:42.900139+00:00,2026-02-28,,,
2026-03-06,2026-03,10.0,0.08752872025079064,0.0,1,False,False,1.0,1.0,-2.1948800053795825,2026-01,CatBoost-79 · M-2,historical_proxy,evaluated,2026-10-01T21:57:42.900139+00:00,2026-02-28,,,
2026-03-06,2026-03,11.0,0.01784056495414413,0.0,1,False,False,1.0,1.0,-3.7853721818409656,2026-01,CatBoost-79 · M-2,historical_proxy,evaluated,2026-10-01T21:57:42.900139+00:00,2026-02-28,,,
2026-03-06,2026-03,12.0,0.058844040417412126,0.0,1,False,False,1.0,1.0,-2.5919564150798955,2026-01,CatBoost-79 · M-2,historical_proxy,evaluated,2026-10-01T21:57:42.900139+00:00,2026-02-28,,,
2026-03-06,2026-03,13.0,0.014940912209334018,0.0,1,False,False,1.0,1.0,-3.9627437402955543,2026-01,CatBoost-79 · M-2,historical_proxy,evaluated,2026-10-01T21:57:42.900139+00:00,2026-02-28,,,
2026-03-06,2026-03,14.0,0.006789183855071393,0.0,1,False,False,1.0,1.0,-4.751516240053273,2026-01,CatBoost-79 · M-2,historical_proxy,evaluated,2026-10-01T21:57:42.900139+00:00,2026-02-28,,,
2026-03-06,2026-03,15.0,0.0063911850167866855,0.0,1,False,False,1.0,1.0,-4.81192727649222,2026-01,CatBoost-79 · M-2,historical_proxy,evaluated,2026-10-01T21:57:42.900139+00:00,2026-02-28,,,
2026-03-06,2026-03,16.0,0.006675763151663674,0.0,1,False,False,1.0,1.0,-4.768363448736195,2026-01,CatBoost-79 · M-2,historical_proxy,evaluated,2026-10-01T21:57:42.900139+00:00,2026-02-28,,,
2026-03-06,2026-03,17.0,0.005182611722158013,0.0,1,False,False,1.0,1.0,-5.021537853649233,2026-01,CatBoost-79 · M-2,historical_proxy,evaluated,2026-10-01T21:57:42.900139+00:00,2026-02-28,,,
2026-03-06,2026-03,18.0,0.016946100809295265,0.0,1,False,False,1.0,1.0,-3.8368092097111193,2026-01,CatBoost-79 · M-2,historical_proxy,evaluated,2026-10-01T21:57:42.900139+00:00,2026-02-28,,,
2026-03-06,2026-03,19.0,0.02219904533704386,0.0,1,False,False,1.0,1.0,-3.5667976912068817,2026-01,CatBoost-79 · M-2,historical_proxy,evaluated,2026-10-01T21:57:42.900139+00:00,2026-02-28,,,
2026-03-06,2026-03,20.0,0.005036996949668324,0.0,1,False,False,1.0,1.0,-5.050036915146281,2026-01,CatBoost-79 · M-2,historical_proxy,evaluated,2026-10-01T21:57:42.900139+00:00,2026-02-28,,,
2026-03-06,2026-03,21.0,0.0015330831592207826,0.0,1,False,False,1.0,1.0,-6.239566131839146,2026-01,CatBoost-79 · M-2,historical_proxy,evaluated,2026-10-01T21:57:42.900139+00:00,2026-02-28,,,
2026-03-10,2026-03,8.0,0.3416133083355734,0.0,1,True,False,0.0,0.0,-0.9179026959264651,2026-01,CatBoost-79 · M-2,historical_proxy,evaluated,2026-10-01T21:57:42.900139+00:00,2026-02-28,,,
2026-03-10,2026-03,9.0,0.35178531691508114,0.0,1,True,False,0.0,0.0,-0.888561021500998,2026-01,CatBoost-79 · M-2,historical_proxy,evaluated,2026-10-01T21:57:42.900139+00:00,2026-02-28,,,
2026-03-10,2026-03,10.0,0.07774539570817347,0.0,1,False,True,0.0,0.0,-2.398142785791457,2026-01,CatBoost-79 · M-2,historical_proxy,evaluated,2026-10-01T21:57:42.900139+00:00,2026-02-28,,,
2026-03-10,2026-03,11.0,0.014885812866074525,0.0,1,False,False,0.0,0.0,-4.051173513186757,2026-01,CatBoost-79 · M-2,historical_proxy,evaluated,2026-10-01T21:57:42.900139+00:00,2026-02-28,,,
2026-03-10,2026-03,12.0,0.04370154812138823,0.0,1,False,False,0.0,0.0,-2.9741985883170172,2026-01,CatBoost-79 · M-2,historical_proxy,evaluated,2026-10-01T21:57:42.900139+00:00,2026-02-28,,,
2026-03-10,2026-03,13.0,0.011735404343015308,0.0,1,False,False,0.0,0.0,-4.288971831042308,2026-01,CatBoost-79 · M-2,historical_proxy,evaluated,2026-10-01T21:57:42.900139+00:00,2026-02-28,,,
2026-03-10,2026-03,14.0,0.005650782244434759,0.0,1,False,False,0.0,0.0,-5.019788129992374,2026-01,CatBoost-79 · M-2,historical_proxy,evaluated,2026-10-01T21:57:42.900139+00:00,2026-02-28,,,
2026-03-10,2026-03,15.0,0.005248576056366336,0.0,1,False,False,0.0,0.0,-5.093625303453848,2026-01,CatBoost-79 · M-2,historical_proxy,evaluated,2026-10-01T21:57:42.900139+00:00,2026-02-28,,,
2026-03-10,2026-03,16.0,0.006547118526702543,0.0,1,False,False,0.0,0.0,-4.872557082643043,2026-01,CatBoost-79 · M-2,historical_proxy,evaluated,2026-10-01T21:57:42.900139+00:00,2026-02-28,,,
2026-03-10,2026-03,17.0,0.012230487924962138,0.0,1,False,False,0.0,0.0,-4.247650271261464,2026-01,CatBoost-79 · M-2,historical_proxy,evaluated,2026-10-01T21:57:42.900139+00:00,2026-02-28,,,
2026-03-10,2026-03,18.0,0.057329362783913033,0.0,1,False,False,0.0,0.0,-2.7027691839315637,2026-01,CatBoost-79 · M-2,historical_proxy,evaluated,2026-10-01T21:57:42.900139+00:00,2026-02-28,,,
2026-03-10,2026-03,19.0,0.06297998784092197,0.0,1,False,False,0.0,0.0,-2.6087650932994637,2026-01,CatBoost-79 · M-2,historical_proxy,evaluated,2026-10-01T21:57:42.900139+00:00,2026-02-28,,,
2026-03-10,2026-03,20.0,0.007129563319794086,0.0,1,False,False,0.0,0.0,-4.7873321288298465,2026-01,CatBoost-79 · M-2,historical_proxy,evaluated,2026-10-01T21:57:42.900139+00:00,2026-02-28,,,
2026-03-10,2026-03,21.0,0.0014173350135990384,0.0,1,False,False,0.0,0.0,-6.402803758586884,2026-01,CatBoost-79 · M-2,historical_proxy,evaluated,2026-10-01T21:57:42.900139+00:00,2026-02-28,,,
2026-03-11,2026-03,8.0,0.3444243112548564,0.0,1,True,False,1.0,1.0,-0.9956492815847376,2026-01,CatBoost-79 · M-2,historical_proxy,evaluated,2026-10-01T21:57:42.900139+00:00,2026-02-28,,,
2026-03-11,2026-03,9.0,0.32821374205693876,0.0,1,True,True,1.0,1.0,-1.043858593054445,2026-01,CatBoost-79 · M-2,historical_proxy,evaluated,2026-10-01T21:57:42.900139+00:00,2026-02-28,,,
2026-03-11,2026-03,10.0,0.07724795369047219,0.0,1,False,False,1.0,1.0,-2.490503215834562,2026-01,CatBoost-79 · M-2,historical_proxy,evaluated,2026-10-01T21:57:42.900139+00:00,2026-02-28,,,
2026-03-11,2026-03,11.0,0.020551472291893053,0.0,1,False,False,1.0,1.0,-3.814591059067574,2026-01,CatBoost-79 · M-2,historical_proxy,evaluated,2026-10-01T21:57:42.900139+00:00,2026-02-28,,,
2026-03-11,2026-03,12.0,0.05382878766055593,0.0,1,False,False,1.0,1.0,-2.851715231130469,2026-01,CatBoost-79 · M-2,historical_proxy,evaluated,2026-10-01T21:57:42.900139+00:00,2026-02-28,,,
2026-03-11,2026-03,13.0,0.013620583468367323,0.0,1,False,False,1.0,1.0,-4.225941502926866,2026-01,CatBoost-79 · M-2,historical_proxy,evaluated,2026-10-01T21:57:42.900139+00:00,2026-02-28,,,
2026-03-11,2026-03,14.0,0.006058408818206864,0.0,1,False,False,1.0,1.0,-5.036076447467477,2026-01,CatBoost-79 · M-2,historical_proxy,evaluated,2026-10-01T21:57:42.900139+00:00,2026-02-28,,,
2026-03-11,2026-03,15.0,0.006988770413652979,0.0,1,False,False,1.0,1.0,-4.893219007532895,2026-01,CatBoost-79 · M-2,historical_proxy,evaluated,2026-10-01T21:57:42.900139+00:00,2026-02-28,,,
2026-03-11,2026-03,16.0,0.00867402290391461,0.0,1,False,False,1.0,1.0,-4.677190955883064,2026-01,CatBoost-79 · M-2,historical_proxy,evaluated,2026-10-01T21:57:42.900139+00:00,2026-02-28,,,
2026-03-11,2026-03,17.0,0.012900733260698431,0.0,1,False,False,1.0,1.0,-4.280239490151047,2026-01,CatBoost-79 · M-2,historical_proxy,evaluated,2026-10-01T21:57:42.900139+00:00,2026-02-28,,,
2026-03-11,2026-03,18.0,0.06172134396609907,0.0,1,False,False,1.0,1.0,-2.7148938393477224,2026-01,CatBoost-79 · M-2,historical_proxy,evaluated,2026-10-01T21:57:42.900139+00:00,2026-02-28,,,
2026-03-11,2026-03,19.0,0.059802862239038364,0.0,1,False,False,1.0,1.0,-2.7464701184776064,2026-01,CatBoost-79 · M-2,historical_proxy,evaluated,2026-10-01T21:57:42.900139+00:00,2026-02-28,,,
2026-03-11,2026-03,20.0,0.004457384636233652,0.0,1,False,False,1.0,1.0,-5.342961452220108,2026-01,CatBoost-79 · M-2,historical_proxy,evaluated,2026-10-01T21:57:42.900139+00:00,2026-02-28,,,
2026-03-11,2026-03,21.0,0.0015096233390723074,0.0,1,False,False,1.0,1.0,-6.425663466430392,2026-01,CatBoost-79 · M-2,historical_proxy,evaluated,2026-10-01T21:57:42.900139+00:00,2026-02-28,,,
2026-03-12,2026-03,8.0,0.27836478466077647,0.0,1,True,True,1.0,1.0,-1.2875653377436238,2026-01,CatBoost-79 · M-2,historical_proxy,evaluated,2026-10-01T21:57:42.900139+00:00,2026-02-28,,,
2026-03-12,2026-03,9.0,0.30033359005585814,0.0,1,True,False,1.0,1.0,-1.2116039425918776,2026-01,CatBoost-79 · M-2,historical_proxy,evaluated,2026-10-01T21:57:42.900139+00:00,2026-02-28,,,
2026-03-12,2026-03,10.0,0.13390749688797426,0.0,1,False,False,1.0,1.0,-2.0193485264861044,2026-01,CatBoost-79 · M-2,historical_proxy,evaluated,2026-10-01T21:57:42.900139+00:00,2026-02-28,,,
2026-03-12,2026-03,11.0,0.03383077955320752,0.0,1,False,False,1.0,1.0,-3.3951267405448213,2026-01,CatBoost-79 · M-2,historical_proxy,evaluated,2026-10-01T21:57:42.900139+00:00,2026-02-28,,,
2026-03-12,2026-03,12.0,0.0856958450964302,0.0,1,False,False,1.0,1.0,-2.4656934238505817,2026-01,CatBoost-79 · M-2,historical_proxy,evaluated,2026-10-01T21:57:42.900139+00:00,2026-02-28,,,
2026-03-12,2026-03,13.0,0.024994942716621584,0.0,1,False,False,1.0,1.0,-3.697824253254309,2026-01,CatBoost-79 · M-2,historical_proxy,evaluated,2026-10-01T21:57:42.900139+00:00,2026-02-28,,,
2026-03-12,2026-03,14.0,0.013763656081237747,0.0,1,False,False,1.0,1.0,-4.294466265533143,2026-01,CatBoost-79 · M-2,historical_proxy,evaluated,2026-10-01T21:57:42.900139+00:00,2026-02-28,,,
2026-03-12,2026-03,15.0,0.007719116083939975,0.0,1,False,False,1.0,1.0,-4.872797905741273,2026-01,CatBoost-79 · M-2,historical_proxy,evaluated,2026-10-01T21:57:42.900139+00:00,2026-02-28,,,
2026-03-12,2026-03,16.0,0.010761435938524648,0.0,1,False,False,1.0,1.0,-4.540528768958199,2026-01,CatBoost-79 · M-2,historical_proxy,evaluated,2026-10-01T21:57:42.900139+00:00,2026-02-28,,,
2026-03-12,2026-03,17.0,0.005771279384418889,0.0,1,False,False,1.0,1.0,-5.163603979980378,2026-01,CatBoost-79 · M-2,historical_proxy,evaluated,2026-10-01T21:57:42.900139+00:00,2026-02-28,,,
2026-03-12,2026-03,18.0,0.034685002391200086,0.0,1,False,False,1.0,1.0,-3.370190380545992,2026-01,CatBoost-79 · M-2,historical_proxy,evaluated,2026-10-01T21:57:42.900139+00:00,2026-02-28,,,
2026-03-12,2026-03,19.0,0.05573452177553327,0.0,1,False,False,1.0,1.0,-2.8958980308448936,2026-01,CatBoost-79 · M-2,historical_proxy,evaluated,2026-10-01T21:57:42.900139+00:00,2026-02-28,,,
2026-03-12,2026-03,20.0,0.012881735897716318,0.0,1,False,False,1.0,1.0,-4.360687280061387,2026-01,CatBoost-79 · M-2,historical_proxy,evaluated,2026-10-01T21:57:42.900139+00:00,2026-02-28,,,
2026-03-12,2026-03,21.0,0.001555813476560943,0.0,1,False,False,1.0,1.0,-6.474499221428431,2026-01,CatBoost-79 · M-2,historical_proxy,evaluated,2026-10-01T21:57:42.900139+00:00,2026-02-28,,,
2026-03-13,2026-03,8.0,0.3863179227282499,0.0,1,True,True,1.0,1.0,-0.8102243343352544,2026-01,CatBoost-79 · M-2,historical_proxy,evaluated,2026-10-01T21:57:42.900139+00:00,2026-02-28,,,
2026-03-13,2026-03,9.0,0.32975093600238103,0.0,1,True,False,1.0,1.0,-0.9685473686960901,2026-01,CatBoost-79 · M-2,historical_proxy,evaluated,2026-10-01T21:57:42.900139+00:00,2026-02-28,,,
2026-03-13,2026-03,10.0,0.11960026410313694,0.0,1,False,False,1.0,1.0,-1.9827299490764303,2026-01,CatBoost-79 · M-2,historical_proxy,evaluated,2026-10-01T21:57:42.900139+00:00,2026-02-28,,,
2026-03-13,2026-03,11.0,0.018154196086982738,0.0,1,False,False,1.0,1.0,-3.8679832754545753,2026-01,CatBoost-79 · M-2,historical_proxy,evaluated,2026-10-01T21:57:42.900139+00:00,2026-02-28,,,
2026-03-13,2026-03,12.0,0.04464875999517615,0.0,1,False,False,1.0,1.0,-2.9680584635384517,2026-01,CatBoost-79 · M-2,historical_proxy,evaluated,2026-10-01T21:57:42.900139+00:00,2026-02-28,,,
2026-03-13,2026-03,13.0,0.010828440309472831,0.0,1,False,False,1.0,1.0,-4.38470896391491,2026-01,CatBoost-79 · M-2,historical_proxy,evaluated,2026-10-01T21:57:42.900139+00:00,2026-02-28,,,
2026-03-13,2026-03,14.0,0.005128398820123107,0.0,1,False,False,1.0,1.0,-5.132091509181602,2026-01,CatBoost-79 · M-2,historical_proxy,evaluated,2026-10-01T21:57:42.900139+00:00,2026-02-28,,,
2026-03-13,2026-03,15.0,0.005288742646449152,0.0,1,False,False,1.0,1.0,-5.101304466173333,2026-01,CatBoost-79 · M-2,historical_proxy,evaluated,2026-10-01T21:57:42.900139+00:00,2026-02-28,,,
2026-03-13,2026-03,16.0,0.006257497581014648,0.0,1,False,False,1.0,1.0,-4.933104641060782,2026-01,CatBoost-79 · M-2,historical_proxy,evaluated,2026-10-01T21:57:42.900139+00:00,2026-02-28,,,
2026-03-13,2026-03,17.0,0.005396267219486913,0.0,1,False,False,1.0,1.0,-5.081177539918421,2026-01,CatBoost-79 · M-2,historical_proxy,evaluated,2026-10-01T21:57:42.900139+00:00,2026-02-28,,,
2026-03-13,2026-03,18.0,0.024908370513079328,0.0,1,False,False,1.0,1.0,-3.551681086647017,2026-01,CatBoost-79 · M-2,historical_proxy,evaluated,2026-10-01T21:57:42.900139+00:00,2026-02-28,,,
2026-03-13,2026-03,19.0,0.030038339462829352,0.0,1,False,False,1.0,1.0,-3.364410450978298,2026-01,CatBoost-79 · M-2,historical_proxy,evaluated,2026-10-01T21:57:42.900139+00:00,2026-02-28,,,
2026-03-13,2026-03,20.0,0.011884971210907827,0.0,1,False,False,1.0,1.0,-4.291610320306277,2026-01,CatBoost-79 · M-2,historical_proxy,evaluated,2026-10-01T21:57:42.900139+00:00,2026-02-28,,,
2026-03-13,2026-03,21.0,0.0017968933207101415,0.0,1,False,False,1.0,1.0,-6.180825757985661,2026-01,CatBoost-79 · M-2,historical_proxy,evaluated,2026-10-01T21:57:42.900139+00:00,2026-02-28,,,
2026-03-16,2026-03,8.0,0.4035504431693017,0.0,1,True,True,1.0,1.0,-0.771219434144173,2026-01,CatBoost-79 · M-2,historical_proxy,evaluated,2026-10-01T21:57:42.900139+00:00,2026-02-28,,,
2026-03-16,2026-03,9.0,0.28694281909790764,0.0,1,True,False,1.0,1.0,-1.1122379687741673,2026-01,CatBoost-79 · M-2,historical_proxy,evaluated,2026-10-01T21:57:42.900139+00:00,2026-02-28,,,
2026-03-16,2026-03,10.0,0.08291575053809817,0.0,1,False,False,1.0,1.0,-2.353695889568087,2026-01,CatBoost-79 · M-2,historical_proxy,evaluated,2026-10-01T21:57:42.900139+00:00,2026-02-28,,,
2026-03-16,2026-03,11.0,0.020739972740717292,0.0,1,False,False,1.0,1.0,-3.7394580396241532,2026-01,CatBoost-79 · M-2,historical_proxy,evaluated,2026-10-01T21:57:42.900139+00:00,2026-02-28,,,
2026-03-16,2026-03,12.0,0.06171001759532185,0.0,1,False,False,1.0,1.0,-2.649074650628768,2026-01,CatBoost-79 · M-2,historical_proxy,evaluated,2026-10-01T21:57:42.900139+00:00,2026-02-28,,,
2026-03-16,2026-03,13.0,0.01140482489765758,0.0,1,False,False,1.0,1.0,-4.337484425593168,2026-01,CatBoost-79 · M-2,historical_proxy,evaluated,2026-10-01T21:57:42.900139+00:00,2026-02-28,,,
2026-03-16,2026-03,14.0,0.006114856746416177,0.0,1,False,False,1.0,1.0,-4.960799585813863,2026-01,CatBoost-79 · M-2,historical_proxy,evaluated,2026-10-01T21:57:42.900139+00:00,2026-02-28,,,
2026-03-16,2026-03,15.0,0.005772518562202561,0.0,1,False,False,1.0,1.0,-5.018412450223287,2026-01,CatBoost-79 · M-2,historical_proxy,evaluated,2026-10-01T21:57:42.900139+00:00,2026-02-28,,,
2026-03-16,2026-03,16.0,0.007252844177061983,0.0,1,False,False,1.0,1.0,-4.790127235869528,2026-01,CatBoost-79 · M-2,historical_proxy,evaluated,2026-10-01T21:57:42.900139+00:00,2026-02-28,,,
2026-03-16,2026-03,17.0,0.006627093929459029,0.0,1,False,False,1.0,1.0,-4.88035454133256,2026-01,CatBoost-79 · M-2,historical_proxy,evaluated,2026-10-01T21:57:42.900139+00:00,2026-02-28,,,
2026-03-16,2026-03,18.0,0.033459482450484544,0.0,1,False,False,1.0,1.0,-3.261185700360006,2026-01,CatBoost-79 · M-2,historical_proxy,evaluated,2026-10-01T21:57:42.900139+00:00,2026-02-28,,,
2026-03-16,2026-03,19.0,0.0543104763085138,0.0,1,False,False,1.0,1.0,-2.7768037859018895,2026-01,CatBoost-79 · M-2,historical_proxy,evaluated,2026-10-01T21:57:42.900139+00:00,2026-02-28,,,
2026-03-16,2026-03,20.0,0.016871289813858815,0.0,1,False,False,1.0,1.0,-3.9459075783881192,2026-01,CatBoost-79 · M-2,historical_proxy,evaluated,2026-10-01T21:57:42.900139+00:00,2026-02-28,,,
2026-03-16,2026-03,21.0,0.002327609972998782,0.0,1,False,False,1.0,1.0,-5.926678949629305,2026-01,CatBoost-79 · M-2,historical_proxy,evaluated,2026-10-01T21:57:42.900139+00:00,2026-02-28,,,
2026-03-17,2026-03,8.0,0.35855872951781026,0.0,1,True,False,1.0,1.0,-1.0048203003954794,2026-01,CatBoost-79 · M-2,historical_proxy,evaluated,2026-10-01T21:57:42.900139+00:00,2026-02-28,,,
2026-03-17,2026-03,9.0,0.26682252788835975,0.0,1,True,True,1.0,1.0,-1.3003290193119608,2026-01,CatBoost-79 · M-2,historical_proxy,evaluated,2026-10-01T21:57:42.900139+00:00,2026-02-28,,,
2026-03-17,2026-03,10.0,0.0946218793216134,0.0,1,False,False,1.0,1.0,-2.337024035365812,2026-01,CatBoost-79 · M-2,historical_proxy,evaluated,2026-10-01T21:57:42.900139+00:00,2026-02-28,,,
2026-03-17,2026-03,11.0,0.012535637146872775,0.0,1,False,False,1.0,1.0,-4.358337207405554,2026-01,CatBoost-79 · M-2,historical_proxy,evaluated,2026-10-01T21:57:42.900139+00:00,2026-02-28,,,
2026-03-17,2026-03,12.0,0.07559206406443492,0.0,1,False,False,1.0,1.0,-2.561561462168655,2026-01,CatBoost-79 · M-2,historical_proxy,evaluated,2026-10-01T21:57:42.900139+00:00,2026-02-28,,,
2026-03-17,2026-03,13.0,0.013682215108722884,0.0,1,False,False,1.0,1.0,-4.270815944912941,2026-01,CatBoost-79 · M-2,historical_proxy,evaluated,2026-10-01T21:57:42.900139+00:00,2026-02-28,,,
2026-03-17,2026-03,14.0,0.00620648526110198,0.0,1,False,False,1.0,1.0,-5.061318011932375,2026-01,CatBoost-79 · M-2,historical_proxy,evaluated,2026-10-01T21:57:42.900139+00:00,2026-02-28,,,
2026-03-17,2026-03,15.0,0.00528317787110308,0.0,1,False,False,1.0,1.0,-5.222384980957017,2026-01,CatBoost-79 · M-2,historical_proxy,evaluated,2026-10-01T21:57:42.900139+00:00,2026-02-28,,,
2026-03-17,2026-03,16.0,0.007850129914859024,0.0,1,False,False,1.0,1.0,-4.826382685830521,2026-01,CatBoost-79 · M-2,historical_proxy,evaluated,2026-10-01T21:57:42.900139+00:00,2026-02-28,,,
2026-03-17,2026-03,17.0,0.007983217249367994,0.0,1,False,False,1.0,1.0,-4.809571272857346,2026-01,CatBoost-79 · M-2,historical_proxy,evaluated,2026-10-01T21:57:42.900139+00:00,2026-02-28,,,
2026-03-17,2026-03,18.0,0.04267409769119455,0.0,1,False,False,1.0,1.0,-3.133320642427484,2026-01,CatBoost-79 · M-2,historical_proxy,evaluated,2026-10-01T21:57:42.900139+00:00,2026-02-28,,,
2026-03-17,2026-03,19.0,0.07993432796037782,0.0,1,False,False,1.0,1.0,-2.50570737009618,2026-01,CatBoost-79 · M-2,historical_proxy,evaluated,2026-10-01T21:57:42.900139+00:00,2026-02-28,,,
2026-03-17,2026-03,20.0,0.025492840311523615,0.0,1,False,False,1.0,1.0,-3.648515126508061,2026-01,CatBoost-79 · M-2,historical_proxy,evaluated,2026-10-01T21:57:42.900139+00:00,2026-02-28,,,
2026-03-17,2026-03,21.0,0.0027626706926578678,0.0,1,False,False,1.0,1.0,-5.870714913019048,2026-01,CatBoost-79 · M-2,historical_proxy,evaluated,2026-10-01T21:57:42.900139+00:00,2026-02-28,,,
2026-03-18,2026-03,8.0,0.3469419953853206,0.0,1,True,False,1.0,1.0,-0.9874573252834252,2026-01,CatBoost-79 · M-2,historical_proxy,evaluated,2026-10-01T21:57:42.900139+00:00,2026-02-28,,,
2026-03-18,2026-03,9.0,0.3000915719213879,0.0,1,True,True,1.0,1.0,-1.132527263166608,2026-01,CatBoost-79 · M-2,historical_proxy,evaluated,2026-10-01T21:57:42.900139+00:00,2026-02-28,,,
2026-03-18,2026-03,10.0,0.09319989328712168,0.0,1,False,False,1.0,1.0,-2.3018683542816722,2026-01,CatBoost-79 · M-2,historical_proxy,evaluated,2026-10-01T21:57:42.900139+00:00,2026-02-28,,,
2026-03-18,2026-03,11.0,0.012753693248266673,0.0,1,False,False,1.0,1.0,-4.2907940347946925,2026-01,CatBoost-79 · M-2,historical_proxy,evaluated,2026-10-01T21:57:42.900139+00:00,2026-02-28,,,
2026-03-18,2026-03,12.0,0.0641353074546269,0.0,1,False,False,1.0,1.0,-2.6756199003777907,2026-01,CatBoost-79 · M-2,historical_proxy,evaluated,2026-10-01T21:57:42.900139+00:00,2026-02-28,,,
2026-03-18,2026-03,13.0,0.014844345225682782,0.0,1,False,False,1.0,1.0,-4.138995931139224,2026-01,CatBoost-79 · M-2,historical_proxy,evaluated,2026-10-01T21:57:42.900139+00:00,2026-02-28,,,
2026-03-18,2026-03,14.0,0.007036428122260916,0.0,1,False,False,1.0,1.0,-4.885514258566878,2026-01,CatBoost-79 · M-2,historical_proxy,evaluated,2026-10-01T21:57:42.900139+00:00,2026-02-28,,,
2026-03-18,2026-03,15.0,0.006880391288485103,0.0,1,False,False,1.0,1.0,-4.9079394073302485,2026-01,CatBoost-79 · M-2,historical_proxy,evaluated,2026-10-01T21:57:42.900139+00:00,2026-02-28,,,
2026-03-18,2026-03,16.0,0.009690768564322421,0.0,1,False,False,1.0,1.0,-4.565441193023655,2026-01,CatBoost-79 · M-2,historical_proxy,evaluated,2026-10-01T21:57:42.900139+00:00,2026-02-28,,,
2026-03-18,2026-03,17.0,0.008818554086801076,0.0,1,False,False,1.0,1.0,-4.659757010141669,2026-01,CatBoost-79 · M-2,historical_proxy,evaluated,2026-10-01T21:57:42.900139+00:00,2026-02-28,,,
2026-03-18,2026-03,18.0,0.06618406586560784,0.0,1,False,False,1.0,1.0,-2.6441751939079228,2026-01,CatBoost-79 · M-2,historical_proxy,evaluated,2026-10-01T21:57:42.900139+00:00,2026-02-28,,,
2026-03-18,2026-03,19.0,0.06156793312415272,0.0,1,False,False,1.0,1.0,-2.716473762153083,2026-01,CatBoost-79 · M-2,historical_proxy,evaluated,2026-10-01T21:57:42.900139+00:00,2026-02-28,,,
2026-03-18,2026-03,20.0,0.0056418645151348895,0.0,1,False,False,1.0,1.0,-5.106400332316859,2026-01,CatBoost-79 · M-2,historical_proxy,evaluated,2026-10-01T21:57:42.900139+00:00,2026-02-28,,,
2026-03-18,2026-03,21.0,0.00221318791082843,0.0,1,False,False,1.0,1.0,-6.0421809612618596,2026-01,CatBoost-79 · M-2,historical_proxy,evaluated,2026-10-01T21:57:42.900139+00:00,2026-02-28,,,
2026-03-19,2026-03,8.0,0.3338656732930208,0.0,1,True,False,0.0,0.0,-1.1049571908057763,2026-01,CatBoost-79 · M-2,historical_proxy,evaluated,2026-10-01T21:57:42.900139+00:00,2026-02-28,,,
2026-03-19,2026-03,9.0,0.322207543127693,0.0,1,True,False,0.0,0.0,-1.1405000453286727,2026-01,CatBoost-79 · M-2,historical_proxy,evaluated,2026-10-01T21:57:42.900139+00:00,2026-02-28,,,
2026-03-19,2026-03,10.0,0.07842542442441133,0.0,1,False,False,0.0,0.0,-2.553547761205658,2026-01,CatBoost-79 · M-2,historical_proxy,evaluated,2026-10-01T21:57:42.900139+00:00,2026-02-28,,,
2026-03-19,2026-03,11.0,0.013947737824956246,0.0,1,False,False,0.0,0.0,-4.280378595086767,2026-01,CatBoost-79 · M-2,historical_proxy,evaluated,2026-10-01T21:57:42.900139+00:00,2026-02-28,,,
2026-03-19,2026-03,12.0,0.0842456646352494,0.0,1,False,False,0.0,0.0,-2.4819588175455864,2026-01,CatBoost-79 · M-2,historical_proxy,evaluated,2026-10-01T21:57:42.900139+00:00,2026-02-28,,,
2026-03-19,2026-03,13.0,0.01255124812431415,0.0,1,False,False,0.0,0.0,-4.385875814349371,2026-01,CatBoost-79 · M-2,historical_proxy,evaluated,2026-10-01T21:57:42.900139+00:00,2026-02-28,,,
2026-03-19,2026-03,14.0,0.006747699197199332,0.0,1,False,False,0.0,0.0,-5.006494340014311,2026-01,CatBoost-79 · M-2,historical_proxy,evaluated,2026-10-01T21:57:42.900139+00:00,2026-02-28,,,
2026-03-19,2026-03,15.0,0.007232321228893546,0.0,1,False,False,0.0,0.0,-4.937135887303225,2026-01,CatBoost-79 · M-2,historical_proxy,evaluated,2026-10-01T21:57:42.900139+00:00,2026-02-28,,,
2026-03-19,2026-03,16.0,0.008004064538125731,0.0,1,False,False,0.0,0.0,-4.835746447195635,2026-01,CatBoost-79 · M-2,historical_proxy,evaluated,2026-10-01T21:57:42.900139+00:00,2026-02-28,,,
2026-03-19,2026-03,17.0,0.0067491904026425525,0.0,1,False,False,0.0,0.0,-5.006273369776945,2026-01,CatBoost-79 · M-2,historical_proxy,evaluated,2026-10-01T21:57:42.900139+00:00,2026-02-28,,,
2026-03-19,2026-03,18.0,0.044444336583435017,0.0,1,False,False,0.0,0.0,-3.1214583842226076,2026-01,CatBoost-79 · M-2,historical_proxy,evaluated,2026-10-01T21:57:42.900139+00:00,2026-02-28,,,
2026-03-19,2026-03,19.0,0.06616954735456528,0.0,1,False,True,0.0,0.0,-2.7234755797624635,2026-01,CatBoost-79 · M-2,historical_proxy,evaluated,2026-10-01T21:57:42.900139+00:00,2026-02-28,,,
2026-03-19,2026-03,20.0,0.012909535118179704,0.0,1,False,False,0.0,0.0,-4.3577297323446365,2026-01,CatBoost-79 · M-2,historical_proxy,evaluated,2026-10-01T21:57:42.900139+00:00,2026-02-28,,,
2026-03-19,2026-03,21.0,0.0025000141473139207,0.0,1,False,False,0.0,0.0,-5.999399536335002,2026-01,CatBoost-79 · M-2,historical_proxy,evaluated,2026-10-01T21:57:42.900139+00:00,2026-02-28,,,
2026-03-20,2026-03,8.0,0.35786153864516473,0.0,1,True,True,1.0,1.0,-0.9236195473870158,2026-01,CatBoost-79 · M-2,historical_proxy,evaluated,2026-10-01T21:57:42.900139+00:00,2026-02-28,,,
2026-03-20,2026-03,9.0,0.3089827615886717,0.0,1,True,False,1.0,1.0,-1.070480207811782,2026-01,CatBoost-79 · M-2,historical_proxy,evaluated,2026-10-01T21:57:42.900139+00:00,2026-02-28,,,
2026-03-20,2026-03,10.0,0.1158425092318341,0.0,1,False,False,1.0,1.0,-2.051534105825188,2026-01,CatBoost-79 · M-2,historical_proxy,evaluated,2026-10-01T21:57:42.900139+00:00,2026-02-28,,,
2026-03-20,2026-03,11.0,0.013320605095625061,0.0,1,False,False,1.0,1.0,-4.214453603734487,2026-01,CatBoost-79 · M-2,historical_proxy,evaluated,2026-10-01T21:57:42.900139+00:00,2026-02-28,,,
2026-03-20,2026-03,12.0,0.06486574860178822,0.0,1,False,False,1.0,1.0,-2.631445967537836,2026-01,CatBoost-79 · M-2,historical_proxy,evaluated,2026-10-01T21:57:42.900139+00:00,2026-02-28,,,
2026-03-20,2026-03,13.0,0.0157290533360716,0.0,1,False,False,1.0,1.0,-4.048256162223155,2026-01,CatBoost-79 · M-2,historical_proxy,evaluated,2026-10-01T21:57:42.900139+00:00,2026-02-28,,,
2026-03-20,2026-03,14.0,0.005776470380774342,0.0,1,False,False,1.0,1.0,-5.049972860025033,2026-01,CatBoost-79 · M-2,historical_proxy,evaluated,2026-10-01T21:57:42.900139+00:00,2026-02-28,,,
2026-03-20,2026-03,15.0,0.006098057465003342,0.0,1,False,False,1.0,1.0,-4.995795423310696,2026-01,CatBoost-79 · M-2,historical_proxy,evaluated,2026-10-01T21:57:42.900139+00:00,2026-02-28,,,
2026-03-20,2026-03,16.0,0.0071376559078041475,0.0,1,False,False,1.0,1.0,-4.838381277195657,2026-01,CatBoost-79 · M-2,historical_proxy,evaluated,2026-10-01T21:57:42.900139+00:00,2026-02-28,,,
2026-03-20,2026-03,17.0,0.005543648224442295,0.0,1,False,False,1.0,1.0,-5.091112887119615,2026-01,CatBoost-79 · M-2,historical_proxy,evaluated,2026-10-01T21:57:42.900139+00:00,2026-02-28,,,
2026-03-20,2026-03,18.0,0.03566277405923897,0.0,1,False,False,1.0,1.0,-3.2296582941026633,2026-01,CatBoost-79 · M-2,historical_proxy,evaluated,2026-10-01T21:57:42.900139+00:00,2026-02-28,,,
2026-03-20,2026-03,19.0,0.05335912201527619,0.0,1,False,False,1.0,1.0,-2.8267207479289853,2026-01,CatBoost-79 · M-2,historical_proxy,evaluated,2026-10-01T21:57:42.900139+00:00,2026-02-28,,,
2026-03-20,2026-03,20.0,0.007957921311188318,0.0,1,False,False,1.0,1.0,-4.729597871472088,2026-01,CatBoost-79 · M-2,historical_proxy,evaluated,2026-10-01T21:57:42.900139+00:00,2026-02-28,,,
2026-03-20,2026-03,21.0,0.0018621341371169151,0.0,1,False,False,1.0,1.0,-6.18204247988629,2026-01,CatBoost-79 · M-2,historical_proxy,evaluated,2026-10-01T21:57:42.900139+00:00,2026-02-28,,,
2026-03-23,2026-03,8.0,0.3133872751159521,0.0,1,True,False,0.0,0.0,-1.1352856833404983,2026-01,CatBoost-79 · M-2,historical_proxy,evaluated,2026-10-01T21:57:42.900139+00:00,2026-02-28,,,
2026-03-23,2026-03,9.0,0.2836354523872163,0.0,1,True,False,0.0,0.0,-1.2350356144822918,2026-01,CatBoost-79 · M-2,historical_proxy,evaluated,2026-10-01T21:57:42.900139+00:00,2026-02-28,,,
2026-03-23,2026-03,10.0,0.10969510741096433,0.0,1,False,False,0.0,0.0,-2.185020643176059,2026-01,CatBoost-79 · M-2,historical_proxy,evaluated,2026-10-01T21:57:42.900139+00:00,2026-02-28,,,
2026-03-23,2026-03,11.0,0.02037394902937568,0.0,1,False,False,0.0,0.0,-3.868468333328684,2026-01,CatBoost-79 · M-2,historical_proxy,evaluated,2026-10-01T21:57:42.900139+00:00,2026-02-28,,,
2026-03-23,2026-03,12.0,0.08513210959329764,0.0,1,False,True,0.0,0.0,-2.4385211293114217,2026-01,CatBoost-79 · M-2,historical_proxy,evaluated,2026-10-01T21:57:42.900139+00:00,2026-02-28,,,
2026-03-23,2026-03,13.0,0.012654011346443962,0.0,1,False,False,0.0,0.0,-4.3447511423520595,2026-01,CatBoost-79 · M-2,historical_proxy,evaluated,2026-10-01T21:57:42.900139+00:00,2026-02-28,,,
2026-03-23,2026-03,14.0,0.006952641482129891,0.0,1,False,False,0.0,0.0,-4.94360375300507,2026-01,CatBoost-79 · M-2,historical_proxy,evaluated,2026-10-01T21:57:42.900139+00:00,2026-02-28,,,
2026-03-23,2026-03,15.0,0.00751742189359323,0.0,1,False,False,0.0,0.0,-4.865502163862705,2026-01,CatBoost-79 · M-2,historical_proxy,evaluated,2026-10-01T21:57:42.900139+00:00,2026-02-28,,,
2026-03-23,2026-03,16.0,0.010035932954528969,0.0,1,False,False,0.0,0.0,-4.576553461760362,2026-01,CatBoost-79 · M-2,historical_proxy,evaluated,2026-10-01T21:57:42.900139+00:00,2026-02-28,,,
2026-03-23,2026-03,17.0,0.013345644555559456,0.0,1,False,False,0.0,0.0,-4.291535328649822,2026-01,CatBoost-79 · M-2,historical_proxy,evaluated,2026-10-01T21:57:42.900139+00:00,2026-02-28,,,
2026-03-23,2026-03,18.0,0.06640021540151311,0.0,1,False,False,0.0,0.0,-2.687025109269092,2026-01,CatBoost-79 · M-2,historical_proxy,evaluated,2026-10-01T21:57:42.900139+00:00,2026-02-28,,,
2026-03-23,2026-03,19.0,0.05663065311100575,0.0,1,False,False,0.0,0.0,-2.846174996734866,2026-01,CatBoost-79 · M-2,historical_proxy,evaluated,2026-10-01T21:57:42.900139+00:00,2026-02-28,,,
2026-03-23,2026-03,20.0,0.011859521147515912,0.0,1,False,False,0.0,0.0,-4.409594392410684,2026-01,CatBoost-79 · M-2,historical_proxy,evaluated,2026-10-01T21:57:42.900139+00:00,2026-02-28,,,
2026-03-23,2026-03,21.0,0.0023800645709036736,0.0,1,False,False,0.0,0.0,-6.01559779179776,2026-01,CatBoost-79 · M-2,historical_proxy,evaluated,2026-10-01T21:57:42.900139+00:00,2026-02-28,,,
2026-03-24,2026-03,8.0,0.3203472654970571,0.0,1,True,False,1.0,1.0,-1.127120108662794,2026-01,CatBoost-79 · M-2,historical_proxy,evaluated,2026-10-01T21:57:42.900139+00:00,2026-02-28,,,
2026-03-24,2026-03,9.0,0.23262384785265047,0.0,1,True,True,1.0,1.0,-1.447102958585451,2026-01,CatBoost-79 · M-2,historical_proxy,evaluated,2026-10-01T21:57:42.900139+00:00,2026-02-28,,,
2026-03-24,2026-03,10.0,0.08623982785857556,0.0,1,False,False,1.0,1.0,-2.4393936096412667,2026-01,CatBoost-79 · M-2,historical_proxy,evaluated,2026-10-01T21:57:42.900139+00:00,2026-02-28,,,
2026-03-24,2026-03,11.0,0.011853179795122503,0.0,1,False,False,1.0,1.0,-4.423929551999622,2026-01,CatBoost-79 · M-2,historical_proxy,evaluated,2026-10-01T21:57:42.900139+00:00,2026-02-28,,,
2026-03-24,2026-03,12.0,0.07607437681077132,0.0,1,False,False,1.0,1.0,-2.5648142167507326,2026-01,CatBoost-79 · M-2,historical_proxy,evaluated,2026-10-01T21:57:42.900139+00:00,2026-02-28,,,
2026-03-24,2026-03,13.0,0.013656121927792104,0.0,1,False,False,1.0,1.0,-4.28233780675929,2026-01,CatBoost-79 · M-2,historical_proxy,evaluated,2026-10-01T21:57:42.900139+00:00,2026-02-28,,,
2026-03-24,2026-03,14.0,0.006903903575142762,0.0,1,False,False,1.0,1.0,-4.964438733562794,2026-01,CatBoost-79 · M-2,historical_proxy,evaluated,2026-10-01T21:57:42.900139+00:00,2026-02-28,,,
2026-03-24,2026-03,15.0,0.006960277641578873,0.0,1,False,False,1.0,1.0,-4.956306356143781,2026-01,CatBoost-79 · M-2,historical_proxy,evaluated,2026-10-01T21:57:42.900139+00:00,2026-02-28,,,
2026-03-24,2026-03,16.0,0.008253198387135239,0.0,1,False,False,1.0,1.0,-4.78592491221997,2026-01,CatBoost-79 · M-2,historical_proxy,evaluated,2026-10-01T21:57:42.900139+00:00,2026-02-28,,,
2026-03-24,2026-03,17.0,0.00887486488393843,0.0,1,False,False,1.0,1.0,-4.713302609825308,2026-01,CatBoost-79 · M-2,historical_proxy,evaluated,2026-10-01T21:57:42.900139+00:00,2026-02-28,,,
2026-03-24,2026-03,18.0,0.06401179905135923,0.0,1,False,False,1.0,1.0,-2.7374582941810197,2026-01,CatBoost-79 · M-2,historical_proxy,evaluated,2026-10-01T21:57:42.900139+00:00,2026-02-28,,,
2026-03-24,2026-03,19.0,0.11946453206004184,0.0,1,False,False,1.0,1.0,-2.113506196253885,2026-01,CatBoost-79 · M-2,historical_proxy,evaluated,2026-10-01T21:57:42.900139+00:00,2026-02-28,,,
2026-03-24,2026-03,20.0,0.024236816503709287,0.0,1,False,False,1.0,1.0,-3.708652900504893,2026-01,CatBoost-79 · M-2,historical_proxy,evaluated,2026-10-01T21:57:42.900139+00:00,2026-02-28,,,
2026-03-24,2026-03,21.0,0.020499988155125166,0.0,1,False,False,1.0,1.0,-3.8761014123805073,2026-01,CatBoost-79 · M-2,historical_proxy,evaluated,2026-10-01T21:57:42.900139+00:00,2026-02-28,,,
2026-03-25,2026-03,8.0,0.3371359498040831,0.0,1,True,False,1.0,1.0,-1.069019956075197,2026-01,CatBoost-79 · M-2,historical_proxy,evaluated,2026-10-01T21:57:42.900139+00:00,2026-02-28,,,
2026-03-25,2026-03,9.0,0.2868598594831605,0.0,1,True,True,1.0,1.0,-1.2305124149391293,2026-01,CatBoost-79 · M-2,historical_proxy,evaluated,2026-10-01T21:57:42.900139+00:00,2026-02-28,,,
2026-03-25,2026-03,10.0,0.07227984026693536,0.0,1,False,False,1.0,1.0,-2.60896096115948,2026-01,CatBoost-79 · M-2,historical_proxy,evaluated,2026-10-01T21:57:42.900139+00:00,2026-02-28,,,
2026-03-25,2026-03,11.0,0.013624461008429487,0.0,1,False,False,1.0,1.0,-4.277639436207935,2026-01,CatBoost-79 · M-2,historical_proxy,evaluated,2026-10-01T21:57:42.900139+00:00,2026-02-28,,,
2026-03-25,2026-03,12.0,0.09835810857239208,0.0,1,False,False,1.0,1.0,-2.300891229439527,2026-01,CatBoost-79 · M-2,historical_proxy,evaluated,2026-10-01T21:57:42.900139+00:00,2026-02-28,,,
2026-03-25,2026-03,13.0,0.014942250842942142,0.0,1,False,False,1.0,1.0,-4.185313389772177,2026-01,CatBoost-79 · M-2,historical_proxy,evaluated,2026-10-01T21:57:42.900139+00:00,2026-02-28,,,
2026-03-25,2026-03,14.0,0.007817881355003052,0.0,1,False,False,1.0,1.0,-4.8330926255805995,2026-01,CatBoost-79 · M-2,historical_proxy,evaluated,2026-10-01T21:57:42.900139+00:00,2026-02-28,,,
2026-03-25,2026-03,15.0,0.0071663170395700046,0.0,1,False,False,1.0,1.0,-4.920114356861221,2026-01,CatBoost-79 · M-2,historical_proxy,evaluated,2026-10-01T21:57:42.900139+00:00,2026-02-28,,,
2026-03-25,2026-03,16.0,0.00786713060296039,0.0,1,False,False,1.0,1.0,-4.8268128203833225,2026-01,CatBoost-79 · M-2,historical_proxy,evaluated,2026-10-01T21:57:42.900139+00:00,2026-02-28,,,
2026-03-25,2026-03,17.0,0.009372524553708942,0.0,1,False,False,1.0,1.0,-4.6517237275750265,2026-01,CatBoost-79 · M-2,historical_proxy,evaluated,2026-10-01T21:57:42.900139+00:00,2026-02-28,,,
2026-03-25,2026-03,18.0,0.04227163262692867,0.0,1,False,False,1.0,1.0,-3.145389979353556,2026-01,CatBoost-79 · M-2,historical_proxy,evaluated,2026-10-01T21:57:42.900139+00:00,2026-02-28,,,
2026-03-25,2026-03,19.0,0.08902902582862605,0.0,1,False,False,1.0,1.0,-2.400543767492141,2026-01,CatBoost-79 · M-2,historical_proxy,evaluated,2026-10-01T21:57:42.900139+00:00,2026-02-28,,,
2026-03-25,2026-03,20.0,0.00954907137946899,0.0,1,False,False,1.0,1.0,-4.633062304947611,2026-01,CatBoost-79 · M-2,historical_proxy,evaluated,2026-10-01T21:57:42.900139+00:00,2026-02-28,,,
2026-03-25,2026-03,21.0,0.0037259466357912343,0.0,1,False,False,1.0,1.0,-5.574185267000802,2026-01,CatBoost-79 · M-2,historical_proxy,evaluated,2026-10-01T21:57:42.900139+00:00,2026-02-28,,,
2026-03-26,2026-03,8.0,0.29408741028515634,0.0,1,True,True,1.0,1.0,-1.228116421389232,2026-01,CatBoost-79 · M-2,historical_proxy,evaluated,2026-10-01T21:57:42.900139+00:00,2026-02-28,,,
2026-03-26,2026-03,9.0,0.25718570863753254,0.0,1,True,False,1.0,1.0,-1.3621950327872132,2026-01,CatBoost-79 · M-2,historical_proxy,evaluated,2026-10-01T21:57:42.900139+00:00,2026-02-28,,,
2026-03-26,2026-03,10.0,0.08655423649322705,0.0,1,False,False,1.0,1.0,-2.451222229503328,2026-01,CatBoost-79 · M-2,historical_proxy,evaluated,2026-10-01T21:57:42.900139+00:00,2026-02-28,,,
2026-03-26,2026-03,11.0,0.009730969181372192,0.0,1,False,False,1.0,1.0,-4.636679959655752,2026-01,CatBoost-79 · M-2,historical_proxy,evaluated,2026-10-01T21:57:42.900139+00:00,2026-02-28,,,
2026-03-26,2026-03,12.0,0.12257223081891995,0.0,1,False,False,1.0,1.0,-2.1032929628800523,2026-01,CatBoost-79 · M-2,historical_proxy,evaluated,2026-10-01T21:57:42.900139+00:00,2026-02-28,,,
2026-03-26,2026-03,13.0,0.015767702530238105,0.0,1,False,False,1.0,1.0,-4.154029754170063,2026-01,CatBoost-79 · M-2,historical_proxy,evaluated,2026-10-01T21:57:42.900139+00:00,2026-02-28,,,
2026-03-26,2026-03,14.0,0.00817642626527028,0.0,1,False,False,1.0,1.0,-4.8107382901684845,2026-01,CatBoost-79 · M-2,historical_proxy,evaluated,2026-10-01T21:57:42.900139+00:00,2026-02-28,,,
2026-03-26,2026-03,15.0,0.00843384229487996,0.0,1,False,False,1.0,1.0,-4.779741002018143,2026-01,CatBoost-79 · M-2,historical_proxy,evaluated,2026-10-01T21:57:42.900139+00:00,2026-02-28,,,
2026-03-26,2026-03,16.0,0.008172048753983856,0.0,1,False,False,1.0,1.0,-4.811273815516982,2026-01,CatBoost-79 · M-2,historical_proxy,evaluated,2026-10-01T21:57:42.900139+00:00,2026-02-28,,,
2026-03-26,2026-03,17.0,0.009395351871467162,0.0,1,False,False,1.0,1.0,-4.671778373213262,2026-01,CatBoost-79 · M-2,historical_proxy,evaluated,2026-10-01T21:57:42.900139+00:00,2026-02-28,,,
2026-03-26,2026-03,18.0,0.04229349538329878,0.0,1,False,False,1.0,1.0,-3.1673601576505748,2026-01,CatBoost-79 · M-2,historical_proxy,evaluated,2026-10-01T21:57:42.900139+00:00,2026-02-28,,,
2026-03-26,2026-03,19.0,0.12215168857887611,0.0,1,False,False,1.0,1.0,-2.106729837011817,2026-01,CatBoost-79 · M-2,historical_proxy,evaluated,2026-10-01T21:57:42.900139+00:00,2026-02-28,,,
2026-03-26,2026-03,20.0,0.011963280118195708,0.0,1,False,False,1.0,1.0,-4.430151490138956,2026-01,CatBoost-79 · M-2,historical_proxy,evaluated,2026-10-01T21:57:42.900139+00:00,2026-02-28,,,
2026-03-26,2026-03,21.0,0.003515608787582017,0.0,1,False,False,1.0,1.0,-5.654780751132097,2026-01,CatBoost-79 · M-2,historical_proxy,evaluated,2026-10-01T21:57:42.900139+00:00,2026-02-28,,,
2026-03-27,2026-03,8.0,0.28777207073433875,0.0,1,True,True,1.0,1.0,-0.9838359911584154,2026-01,CatBoost-79 · M-2,historical_proxy,evaluated,2026-10-01T21:57:42.900139+00:00,2026-02-28,,,
2026-03-27,2026-03,9.0,0.4070288260476726,0.0,1,True,False,1.0,1.0,-0.6371207282895236,2026-01,CatBoost-79 · M-2,historical_proxy,evaluated,2026-10-01T21:57:42.900139+00:00,2026-02-28,,,
2026-03-27,2026-03,10.0,0.06915678915577349,0.0,1,False,False,1.0,1.0,-2.4096285034757665,2026-01,CatBoost-79 · M-2,historical_proxy,evaluated,2026-10-01T21:57:42.900139+00:00,2026-02-28,,,
2026-03-27,2026-03,11.0,0.018270623869881538,0.0,1,False,False,1.0,1.0,-3.7407102198577227,2026-01,CatBoost-79 · M-2,historical_proxy,evaluated,2026-10-01T21:57:42.900139+00:00,2026-02-28,,,
2026-03-27,2026-03,12.0,0.04697019453091058,0.0,1,False,False,1.0,1.0,-2.796491495264611,2026-01,CatBoost-79 · M-2,historical_proxy,evaluated,2026-10-01T21:57:42.900139+00:00,2026-02-28,,,
2026-03-27,2026-03,13.0,0.01820481636393601,0.0,1,False,False,1.0,1.0,-3.7443185424399736,2026-01,CatBoost-79 · M-2,historical_proxy,evaluated,2026-10-01T21:57:42.900139+00:00,2026-02-28,,,
2026-03-27,2026-03,14.0,0.014180370014759263,0.0,1,False,False,1.0,1.0,-3.9941461220008128,2026-01,CatBoost-79 · M-2,historical_proxy,evaluated,2026-10-01T21:57:42.900139+00:00,2026-02-28,,,
2026-03-27,2026-03,15.0,0.010623342166622474,0.0,1,False,False,1.0,1.0,-4.282951065634446,2026-01,CatBoost-79 · M-2,historical_proxy,evaluated,2026-10-01T21:57:42.900139+00:00,2026-02-28,,,
2026-03-27,2026-03,16.0,0.008927271499788732,0.0,1,False,False,1.0,1.0,-4.456893931830224,2026-01,CatBoost-79 · M-2,historical_proxy,evaluated,2026-10-01T21:57:42.900139+00:00,2026-02-28,,,
2026-03-27,2026-03,17.0,0.008515152901966024,0.0,1,False,False,1.0,1.0,-4.504157466162467,2026-01,CatBoost-79 · M-2,historical_proxy,evaluated,2026-10-01T21:57:42.900139+00:00,2026-02-28,,,
2026-03-27,2026-03,18.0,0.03441685177956796,0.0,1,False,False,1.0,1.0,-3.1074584151524003,2026-01,CatBoost-79 · M-2,historical_proxy,evaluated,2026-10-01T21:57:42.900139+00:00,2026-02-28,,,
2026-03-27,2026-03,19.0,0.05346809805749359,0.0,1,False,False,1.0,1.0,-2.666919558839224,2026-01,CatBoost-79 · M-2,historical_proxy,evaluated,2026-10-01T21:57:42.900139+00:00,2026-02-28,,,
2026-03-27,2026-03,20.0,0.014837159041671643,0.0,1,False,False,1.0,1.0,-3.948869956722108,2026-01,CatBoost-79 · M-2,historical_proxy,evaluated,2026-10-01T21:57:42.900139+00:00,2026-02-28,,,
2026-03-27,2026-03,21.0,0.007628433835617373,0.0,1,False,False,1.0,1.0,-4.614122176675439,2026-01,CatBoost-79 · M-2,historical_proxy,evaluated,2026-10-01T21:57:42.900139+00:00,2026-02-28,,,
2026-03-30,2026-03,8.0,0.33132607802663294,0.0,1,True,True,1.0,1.0,-1.1193141020001316,2026-01,CatBoost-79 · M-2,historical_proxy,evaluated,2026-10-01T21:57:42.900139+00:00,2026-02-28,,,
2026-03-30,2026-03,9.0,0.26968298947007385,0.0,1,True,False,1.0,1.0,-1.3251699663310994,2026-01,CatBoost-79 · M-2,historical_proxy,evaluated,2026-10-01T21:57:42.900139+00:00,2026-02-28,,,
2026-03-30,2026-03,10.0,0.05725296326451217,0.0,1,False,False,1.0,1.0,-2.874937721271264,2026-01,CatBoost-79 · M-2,historical_proxy,evaluated,2026-10-01T21:57:42.900139+00:00,2026-02-28,,,
2026-03-30,2026-03,11.0,0.009216088455617888,0.0,1,False,False,1.0,1.0,-4.701466420488631,2026-01,CatBoost-79 · M-2,historical_proxy,evaluated,2026-10-01T21:57:42.900139+00:00,2026-02-28,,,
2026-03-30,2026-03,12.0,0.060725806263926436,0.0,1,False,False,1.0,1.0,-2.8160483703467394,2026-01,CatBoost-79 · M-2,historical_proxy,evaluated,2026-10-01T21:57:42.900139+00:00,2026-02-28,,,
2026-03-30,2026-03,13.0,0.014358102386451226,0.0,1,False,False,1.0,1.0,-4.2581027133471725,2026-01,CatBoost-79 · M-2,historical_proxy,evaluated,2026-10-01T21:57:42.900139+00:00,2026-02-28,,,
2026-03-30,2026-03,14.0,0.008650584464898605,0.0,1,False,False,1.0,1.0,-4.764790235587391,2026-01,CatBoost-79 · M-2,historical_proxy,evaluated,2026-10-01T21:57:42.900139+00:00,2026-02-28,,,
2026-03-30,2026-03,15.0,0.009225948855412457,0.0,1,False,False,1.0,1.0,-4.700397080852465,2026-01,CatBoost-79 · M-2,historical_proxy,evaluated,2026-10-01T21:57:42.900139+00:00,2026-02-28,,,
2026-03-30,2026-03,16.0,0.009289718732720737,0.0,1,False,False,1.0,1.0,-4.693508846426195,2026-01,CatBoost-79 · M-2,historical_proxy,evaluated,2026-10-01T21:57:42.900139+00:00,2026-02-28,,,
2026-03-30,2026-03,17.0,0.019564852754077558,0.0,1,False,False,1.0,1.0,-3.948682392797191,2026-01,CatBoost-79 · M-2,historical_proxy,evaluated,2026-10-01T21:57:42.900139+00:00,2026-02-28,,,
2026-03-30,2026-03,18.0,0.07871890211416403,0.0,1,False,False,1.0,1.0,-2.5565338165186575,2026-01,CatBoost-79 · M-2,historical_proxy,evaluated,2026-10-01T21:57:42.900139+00:00,2026-02-28,,,
2026-03-30,2026-03,19.0,0.11061230257268026,0.0,1,False,False,1.0,1.0,-2.2163858047084624,2026-01,CatBoost-79 · M-2,historical_proxy,evaluated,2026-10-01T21:57:42.900139+00:00,2026-02-28,,,
2026-03-30,2026-03,20.0,0.017902720715352788,0.0,1,False,False,1.0,1.0,-4.037464425877218,2026-01,CatBoost-79 · M-2,historical_proxy,evaluated,2026-10-01T21:57:42.900139+00:00,2026-02-28,,,
2026-03-30,2026-03,21.0,0.003472941923479038,0.0,1,False,False,1.0,1.0,-5.677415071115047,2026-01,CatBoost-79 · M-2,historical_proxy,evaluated,2026-10-01T21:57:42.900139+00:00,2026-02-28,,,
2026-03-31,2026-03,8.0,0.38327725556225506,0.0,1,True,False,1.0,1.0,-0.8100595990022523,2026-01,CatBoost-79 · M-2,historical_proxy,evaluated,2026-10-01T21:57:42.900139+00:00,2026-02-28,,,
2026-03-31,2026-03,9.0,0.25272878318906716,0.0,1,True,True,1.0,1.0,-1.2265013206366007,2026-01,CatBoost-79 · M-2,historical_proxy,evaluated,2026-10-01T21:57:42.900139+00:00,2026-02-28,,,
2026-03-31,2026-03,10.0,0.056403828814829755,0.0,1,False,False,1.0,1.0,-2.7262811881648696,2026-01,CatBoost-79 · M-2,historical_proxy,evaluated,2026-10-01T21:57:42.900139+00:00,2026-02-28,,,
2026-03-31,2026-03,11.0,0.008515789852957775,0.0,1,False,False,1.0,1.0,-4.616896161156804,2026-01,CatBoost-79 · M-2,historical_proxy,evaluated,2026-10-01T21:57:42.900139+00:00,2026-02-28,,,
2026-03-31,2026-03,12.0,0.060755513942773454,0.0,1,False,False,1.0,1.0,-2.651960388560532,2026-01,CatBoost-79 · M-2,historical_proxy,evaluated,2026-10-01T21:57:42.900139+00:00,2026-02-28,,,
2026-03-31,2026-03,13.0,0.011892391728062888,0.0,1,False,False,1.0,1.0,-4.282919386089649,2026-01,CatBoost-79 · M-2,historical_proxy,evaluated,2026-10-01T21:57:42.900139+00:00,2026-02-28,,,
2026-03-31,2026-03,14.0,0.006283500092493399,0.0,1,False,False,1.0,1.0,-4.920891066359334,2026-01,CatBoost-79 · M-2,historical_proxy,evaluated,2026-10-01T21:57:42.900139+00:00,2026-02-28,,,
2026-03-31,2026-03,15.0,0.006779928494688016,0.0,1,False,False,1.0,1.0,-4.8448516757619435,2026-01,CatBoost-79 · M-2,historical_proxy,evaluated,2026-10-01T21:57:42.900139+00:00,2026-02-28,,,
2026-03-31,2026-03,16.0,0.008292395451888472,0.0,1,False,False,1.0,1.0,-4.643479346943226,2026-01,CatBoost-79 · M-2,historical_proxy,evaluated,2026-10-01T21:57:42.900139+00:00,2026-02-28,,,
2026-03-31,2026-03,17.0,0.008922374793880576,0.0,1,False,False,1.0,1.0,-4.570256087496283,2026-01,CatBoost-79 · M-2,historical_proxy,evaluated,2026-10-01T21:57:42.900139+00:00,2026-02-28,,,
2026-03-31,2026-03,18.0,0.05909926664840627,0.0,1,False,False,1.0,1.0,-2.6795997154737847,2026-01,CatBoost-79 · M-2,historical_proxy,evaluated,2026-10-01T21:57:42.900139+00:00,2026-02-28,,,
2026-03-31,2026-03,19.0,0.11102016057544181,0.0,1,False,False,1.0,1.0,-2.049106419526476,2026-01,CatBoost-79 · M-2,historical_proxy,evaluated,2026-10-01T21:57:42.900139+00:00,2026-02-28,,,
2026-03-31,2026-03,20.0,0.02294047422998933,0.0,1,False,False,1.0,1.0,-3.62591544704112,2026-01,CatBoost-79 · M-2,historical_proxy,evaluated,2026-10-01T21:57:42.900139+00:00,2026-02-28,,,
2026-03-31,2026-03,21.0,0.0030883366232661363,0.0,1,False,False,1.0,1.0,-5.6311855948060385,2026-01,CatBoost-79 · M-2,historical_proxy,evaluated,2026-10-01T21:57:42.900139+00:00,2026-02-28,,,
2026-04-01,2026-04,8.0,0.26743315230634307,0.0,2,True,False,1.0,1.0,-1.276087178821871,2026-02,CatBoost-79 · M-2,historical_proxy,evaluated,2026-10-01T21:57:45.410068+00:00,2026-03-31,,,
2026-04-01,2026-04,9.0,0.2168617660816433,0.0,2,True,True,1.0,1.0,-1.4856966881179567,2026-02,CatBoost-79 · M-2,historical_proxy,evaluated,2026-10-01T21:57:45.410068+00:00,2026-03-31,,,
2026-04-01,2026-04,10.0,0.04421673823110336,0.0,2,False,False,1.0,1.0,-3.0758534055990916,2026-02,CatBoost-79 · M-2,historical_proxy,evaluated,2026-10-01T21:57:45.410068+00:00,2026-03-31,,,
2026-04-01,2026-04,11.0,0.007951424749975849,0.0,2,False,False,1.0,1.0,-4.791605689565231,2026-02,CatBoost-79 · M-2,historical_proxy,evaluated,2026-10-01T21:57:45.410068+00:00,2026-03-31,,,
2026-04-01,2026-04,12.0,0.11351896062435876,0.0,2,False,False,1.0,1.0,-2.1329869390794247,2026-02,CatBoost-79 · M-2,historical_proxy,evaluated,2026-10-01T21:57:45.410068+00:00,2026-03-31,,,
2026-04-01,2026-04,13.0,0.022938904652540153,0.0,2,False,False,1.0,1.0,-3.7321224538103466,2026-02,CatBoost-79 · M-2,historical_proxy,evaluated,2026-10-01T21:57:45.410068+00:00,2026-03-31,,,
2026-04-01,2026-04,14.0,0.006091749796036904,0.0,2,False,False,1.0,1.0,-5.058021452725163,2026-02,CatBoost-79 · M-2,historical_proxy,evaluated,2026-10-01T21:57:45.410068+00:00,2026-03-31,,,
2026-04-01,2026-04,15.0,0.004295395028461,0.0,2,False,False,1.0,1.0,-5.4074132907706645,2026-02,CatBoost-79 · M-2,historical_proxy,evaluated,2026-10-01T21:57:45.410068+00:00,2026-03-31,,,
2026-04-01,2026-04,18.0,0.014470772095945768,1.0,2,False,False,1.0,1.0,-4.192825918395212,2026-02,CatBoost-79 · M-2,historical_proxy,evaluated,2026-10-01T21:57:45.410068+00:00,2026-03-31,,,
2026-04-01,2026-04,19.0,0.11219015209386762,1.0,2,True,False,1.0,1.0,-2.1447615977709322,2026-02,CatBoost-79 · M-2,historical_proxy,evaluated,2026-10-01T21:57:45.410068+00:00,2026-03-31,,,
2026-04-01,2026-04,20.0,0.18704159075206087,1.0,2,True,False,1.0,1.0,-1.6336258134441515,2026-02,CatBoost-79 · M-2,historical_proxy,evaluated,2026-10-01T21:57:45.410068+00:00,2026-03-31,,,
2026-04-01,2026-04,21.0,0.002989393587663369,1.0,2,False,False,1.0,1.0,-5.769886262665386,2026-02,CatBoost-79 · M-2,historical_proxy,evaluated,2026-10-01T21:57:45.410068+00:00,2026-03-31,,,
2026-04-02,2026-04,8.0,0.3064529009064904,0.0,2,True,False,0.0,1.0,-1.0817843348800134,2026-02,CatBoost-79 · M-2,historical_proxy,evaluated,2026-10-01T21:57:45.410068+00:00,2026-03-31,,,
2026-04-02,2026-04,9.0,0.24193376047642337,0.0,2,True,False,0.0,1.0,-1.3181844392829207,2026-02,CatBoost-79 · M-2,historical_proxy,evaluated,2026-10-01T21:57:45.410068+00:00,2026-03-31,,,
2026-04-02,2026-04,10.0,0.03321298030705093,0.0,2,False,False,0.0,1.0,-3.30390763831637,2026-02,CatBoost-79 · M-2,historical_proxy,evaluated,2026-10-01T21:57:45.410068+00:00,2026-03-31,,,
2026-04-02,2026-04,11.0,0.00905850168203073,0.0,2,False,False,0.0,1.0,-4.603144681813428,2026-02,CatBoost-79 · M-2,historical_proxy,evaluated,2026-10-01T21:57:45.410068+00:00,2026-03-31,,,
2026-04-02,2026-04,12.0,0.09821966481627309,0.0,2,False,False,0.0,1.0,-2.2196419629086273,2026-02,CatBoost-79 · M-2,historical_proxy,evaluated,2026-10-01T21:57:45.410068+00:00,2026-03-31,,,
2026-04-02,2026-04,13.0,0.022789245177500174,0.0,2,False,False,0.0,1.0,-3.680559689000249,2026-02,CatBoost-79 · M-2,historical_proxy,evaluated,2026-10-01T21:57:45.410068+00:00,2026-03-31,,,
2026-04-02,2026-04,14.0,0.005938813845150417,0.0,2,False,False,0.0,1.0,-5.025338986867328,2026-02,CatBoost-79 · M-2,historical_proxy,evaluated,2026-10-01T21:57:45.410068+00:00,2026-03-31,,,
2026-04-02,2026-04,15.0,0.005018361063042166,0.0,2,False,False,0.0,1.0,-5.193745012001431,2026-02,CatBoost-79 · M-2,historical_proxy,evaluated,2026-10-01T21:57:45.410068+00:00,2026-03-31,,,
2026-04-02,2026-04,18.0,0.012408964077617072,1.0,2,False,False,0.0,1.0,-4.288429290009649,2026-02,CatBoost-79 · M-2,historical_proxy,evaluated,2026-10-01T21:57:45.410068+00:00,2026-03-31,,,
2026-04-02,2026-04,19.0,0.10306485954044081,1.0,2,True,False,0.0,1.0,-2.1714899166074733,2026-02,CatBoost-79 · M-2,historical_proxy,evaluated,2026-10-01T21:57:45.410068+00:00,2026-03-31,,,
2026-04-02,2026-04,20.0,0.15773428542310644,1.0,2,True,True,0.0,1.0,-1.7459365314426798,2026-02,CatBoost-79 · M-2,historical_proxy,evaluated,2026-10-01T21:57:45.410068+00:00,2026-03-31,,,
2026-04-02,2026-04,21.0,0.004167662684874359,1.0,2,False,False,0.0,1.0,-5.379493039489249,2026-02,CatBoost-79 · M-2,historical_proxy,evaluated,2026-10-01T21:57:45.410068+00:00,2026-03-31,,,
2026-04-03,2026-04,8.0,0.3523236152403414,0.0,2,True,False,0.0,0.0,-0.9896309174344271,2026-02,CatBoost-79 · M-2,historical_proxy,evaluated,2026-10-01T21:57:45.410068+00:00,2026-03-31,,,
2026-04-03,2026-04,9.0,0.24061712715750203,0.0,2,True,False,0.0,0.0,-1.370974045956539,2026-02,CatBoost-79 · M-2,historical_proxy,evaluated,2026-10-01T21:57:45.410068+00:00,2026-03-31,,,
2026-04-03,2026-04,10.0,0.05954474207076736,0.0,2,False,False,0.0,0.0,-2.7674530346153037,2026-02,CatBoost-79 · M-2,historical_proxy,evaluated,2026-10-01T21:57:45.410068+00:00,2026-03-31,,,
2026-04-03,2026-04,11.0,0.0116019464906386,0.0,2,False,False,0.0,0.0,-4.403008147204407,2026-02,CatBoost-79 · M-2,historical_proxy,evaluated,2026-10-01T21:57:45.410068+00:00,2026-03-31,,,
2026-04-03,2026-04,12.0,0.12326411215359559,0.0,2,False,True,0.0,0.0,-2.039851725556686,2026-02,CatBoost-79 · M-2,historical_proxy,evaluated,2026-10-01T21:57:45.410068+00:00,2026-03-31,,,
2026-04-03,2026-04,13.0,0.03714098136925185,0.0,2,False,False,0.0,0.0,-3.239460053068947,2026-02,CatBoost-79 · M-2,historical_proxy,evaluated,2026-10-01T21:57:45.410068+00:00,2026-03-31,,,
2026-04-03,2026-04,14.0,0.008972579155044846,0.0,2,False,False,0.0,0.0,-4.66000786619516,2026-02,CatBoost-79 · M-2,historical_proxy,evaluated,2026-10-01T21:57:45.410068+00:00,2026-03-31,,,
2026-04-03,2026-04,15.0,0.00979141706956661,0.0,2,False,False,0.0,0.0,-4.572674839453194,2026-02,CatBoost-79 · M-2,historical_proxy,evaluated,2026-10-01T21:57:45.410068+00:00,2026-03-31,,,
2026-04-03,2026-04,18.0,0.016567003975855966,1.0,2,False,False,0.0,0.0,-4.046768027213998,2026-02,CatBoost-79 · M-2,historical_proxy,evaluated,2026-10-01T21:57:45.410068+00:00,2026-03-31,,,
2026-04-03,2026-04,19.0,0.05791564593848879,1.0,2,True,False,0.0,0.0,-2.795193460619008,2026-02,CatBoost-79 · M-2,historical_proxy,evaluated,2026-10-01T21:57:45.410068+00:00,2026-03-31,,,
2026-04-03,2026-04,20.0,0.07977629170864715,1.0,2,True,False,0.0,0.0,-2.474954668225825,2026-02,CatBoost-79 · M-2,historical_proxy,evaluated,2026-10-01T21:57:45.410068+00:00,2026-03-31,,,
2026-04-03,2026-04,21.0,0.002484537670299748,1.0,2,False,False,0.0,0.0,-5.944094438086478,2026-02,CatBoost-79 · M-2,historical_proxy,evaluated,2026-10-01T21:57:45.410068+00:00,2026-03-31,,,
2026-04-06,2026-04,8.0,0.3187828134280238,0.0,2,True,False,0.0,1.0,-1.2078373224450398,2026-02,CatBoost-79 · M-2,historical_proxy,evaluated,2026-10-01T21:57:45.410068+00:00,2026-03-31,,,
2026-04-06,2026-04,9.0,0.26472589884677633,0.0,2,True,False,0.0,1.0,-1.3936524109983066,2026-02,CatBoost-79 · M-2,historical_proxy,evaluated,2026-10-01T21:57:45.410068+00:00,2026-03-31,,,
2026-04-06,2026-04,10.0,0.03283625995490955,0.0,2,False,False,0.0,1.0,-3.4808139664871054,2026-02,CatBoost-79 · M-2,historical_proxy,evaluated,2026-10-01T21:57:45.410068+00:00,2026-03-31,,,
2026-04-06,2026-04,11.0,0.009084166211450247,0.0,2,False,False,0.0,1.0,-4.765814436465921,2026-02,CatBoost-79 · M-2,historical_proxy,evaluated,2026-10-01T21:57:45.410068+00:00,2026-03-31,,,
2026-04-06,2026-04,12.0,0.08221234090355402,0.0,2,False,False,0.0,1.0,-2.5630419342672157,2026-02,CatBoost-79 · M-2,historical_proxy,evaluated,2026-10-01T21:57:45.410068+00:00,2026-03-31,,,
2026-04-06,2026-04,13.0,0.025267638303267833,0.0,2,False,False,0.0,1.0,-3.7428228991919306,2026-02,CatBoost-79 · M-2,historical_proxy,evaluated,2026-10-01T21:57:45.410068+00:00,2026-03-31,,,
2026-04-06,2026-04,14.0,0.009186292264244533,0.0,2,False,False,0.0,1.0,-4.754634956041012,2026-02,CatBoost-79 · M-2,historical_proxy,evaluated,2026-10-01T21:57:45.410068+00:00,2026-03-31,,,
2026-04-06,2026-04,15.0,0.01035667833074344,0.0,2,False,False,0.0,1.0,-4.634715796732499,2026-02,CatBoost-79 · M-2,historical_proxy,evaluated,2026-10-01T21:57:45.410068+00:00,2026-03-31,,,
2026-04-06,2026-04,18.0,0.016713897075592517,1.0,2,False,False,0.0,1.0,-4.156106824122729,2026-02,CatBoost-79 · M-2,historical_proxy,evaluated,2026-10-01T21:57:45.410068+00:00,2026-03-31,,,
2026-04-06,2026-04,19.0,0.057042218326396756,1.0,2,True,True,0.0,1.0,-2.928555691642168,2026-02,CatBoost-79 · M-2,historical_proxy,evaluated,2026-10-01T21:57:45.410068+00:00,2026-03-31,,,
2026-04-06,2026-04,20.0,0.1702394961618457,1.0,2,True,False,0.0,1.0,-1.835141111133939,2026-02,CatBoost-79 · M-2,historical_proxy,evaluated,2026-10-01T21:57:45.410068+00:00,2026-03-31,,,
2026-04-06,2026-04,21.0,0.0035523001931953135,1.0,2,False,False,0.0,1.0,-5.704752022298353,2026-02,CatBoost-79 · M-2,historical_proxy,evaluated,2026-10-01T21:57:45.410068+00:00,2026-03-31,,,
2026-04-07,2026-04,8.0,0.21100331899177566,0.0,2,True,False,0.0,0.0,-1.6682599513284229,2026-02,CatBoost-79 · M-2,historical_proxy,evaluated,2026-10-01T21:57:45.410068+00:00,2026-03-31,,,
2026-04-07,2026-04,9.0,0.2635474970185531,0.0,2,True,False,0.0,0.0,-1.4459002084222035,2026-02,CatBoost-79 · M-2,historical_proxy,evaluated,2026-10-01T21:57:45.410068+00:00,2026-03-31,,,
2026-04-07,2026-04,10.0,0.04821331001246461,0.0,2,False,False,0.0,0.0,-3.144498690225626,2026-02,CatBoost-79 · M-2,historical_proxy,evaluated,2026-10-01T21:57:45.410068+00:00,2026-03-31,,,
2026-04-07,2026-04,11.0,0.008712813670108583,0.0,2,False,False,0.0,0.0,-4.855339036753029,2026-02,CatBoost-79 · M-2,historical_proxy,evaluated,2026-10-01T21:57:45.410068+00:00,2026-03-31,,,
2026-04-07,2026-04,12.0,0.10605141568853278,0.0,2,False,False,0.0,0.0,-2.3562097843226506,2026-02,CatBoost-79 · M-2,historical_proxy,evaluated,2026-10-01T21:57:45.410068+00:00,2026-03-31,,,
2026-04-07,2026-04,13.0,0.029200563291701197,0.0,2,False,True,0.0,0.0,-3.6459458145997634,2026-02,CatBoost-79 · M-2,historical_proxy,evaluated,2026-10-01T21:57:45.410068+00:00,2026-03-31,,,
2026-04-07,2026-04,14.0,0.011263794986330318,0.0,2,False,False,0.0,0.0,-4.598540216037005,2026-02,CatBoost-79 · M-2,historical_proxy,evaluated,2026-10-01T21:57:45.410068+00:00,2026-03-31,,,
2026-04-07,2026-04,15.0,0.010051343116391692,0.0,2,False,False,0.0,0.0,-4.712427545501962,2026-02,CatBoost-79 · M-2,historical_proxy,evaluated,2026-10-01T21:57:45.410068+00:00,2026-03-31,,,
2026-04-07,2026-04,18.0,0.03141276335246906,1.0,2,False,False,0.0,0.0,-3.5729195279811976,2026-02,CatBoost-79 · M-2,historical_proxy,evaluated,2026-10-01T21:57:45.410068+00:00,2026-03-31,,,
2026-04-07,2026-04,19.0,0.08918246431010429,1.0,2,True,False,0.0,0.0,-2.5294493826914435,2026-02,CatBoost-79 · M-2,historical_proxy,evaluated,2026-10-01T21:57:45.410068+00:00,2026-03-31,,,
2026-04-07,2026-04,20.0,0.1870102314041213,1.0,2,True,False,0.0,0.0,-1.7889704857507325,2026-02,CatBoost-79 · M-2,historical_proxy,evaluated,2026-10-01T21:57:45.410068+00:00,2026-03-31,,,
2026-04-07,2026-04,21.0,0.004350484157447435,1.0,2,False,False,0.0,0.0,-5.549846675029845,2026-02,CatBoost-79 · M-2,historical_proxy,evaluated,2026-10-01T21:57:45.410068+00:00,2026-03-31,,,
2026-04-08,2026-04,8.0,0.25139102464771984,0.0,2,True,False,1.0,1.0,-1.3918848450760044,2026-02,CatBoost-79 · M-2,historical_proxy,evaluated,2026-10-01T21:57:45.410068+00:00,2026-03-31,,,
2026-04-08,2026-04,9.0,0.29174949635520525,0.0,2,True,True,1.0,1.0,-1.242998894237763,2026-02,CatBoost-79 · M-2,historical_proxy,evaluated,2026-10-01T21:57:45.410068+00:00,2026-03-31,,,
2026-04-08,2026-04,10.0,0.058286258929330155,0.0,2,False,False,1.0,1.0,-2.853528069433058,2026-02,CatBoost-79 · M-2,historical_proxy,evaluated,2026-10-01T21:57:45.410068+00:00,2026-03-31,,,
2026-04-08,2026-04,11.0,0.010509453899424655,0.0,2,False,False,1.0,1.0,-4.566619215667925,2026-02,CatBoost-79 · M-2,historical_proxy,evaluated,2026-10-01T21:57:45.410068+00:00,2026-03-31,,,
2026-04-08,2026-04,12.0,0.1281910774039879,0.0,2,False,False,1.0,1.0,-2.0653724960824213,2026-02,CatBoost-79 · M-2,historical_proxy,evaluated,2026-10-01T21:57:45.410068+00:00,2026-03-31,,,
2026-04-08,2026-04,13.0,0.02755275876406792,0.0,2,False,False,1.0,1.0,-3.6027917719016394,2026-02,CatBoost-79 · M-2,historical_proxy,evaluated,2026-10-01T21:57:45.410068+00:00,2026-03-31,,,
2026-04-08,2026-04,14.0,0.006434091645001831,0.0,2,False,False,1.0,1.0,-5.057283766537594,2026-02,CatBoost-79 · M-2,historical_proxy,evaluated,2026-10-01T21:57:45.410068+00:00,2026-03-31,,,
2026-04-08,2026-04,15.0,0.006853993684049903,0.0,2,False,False,1.0,1.0,-4.994062937160427,2026-02,CatBoost-79 · M-2,historical_proxy,evaluated,2026-10-01T21:57:45.410068+00:00,2026-03-31,,,
2026-04-08,2026-04,18.0,0.017003950450116316,1.0,2,False,False,1.0,1.0,-4.085448742635102,2026-02,CatBoost-79 · M-2,historical_proxy,evaluated,2026-10-01T21:57:45.410068+00:00,2026-03-31,,,
2026-04-08,2026-04,19.0,0.0703870301671343,1.0,2,True,False,1.0,1.0,-2.6648854235030304,2026-02,CatBoost-79 · M-2,historical_proxy,evaluated,2026-10-01T21:57:45.410068+00:00,2026-03-31,,,
2026-04-08,2026-04,20.0,0.12845301375229382,1.0,2,True,False,1.0,1.0,-2.0633312533787533,2026-02,CatBoost-79 · M-2,historical_proxy,evaluated,2026-10-01T21:57:45.410068+00:00,2026-03-31,,,
2026-04-08,2026-04,21.0,0.0031878503016681495,1.0,2,False,False,1.0,1.0,-5.759547636105314,2026-02,CatBoost-79 · M-2,historical_proxy,evaluated,2026-10-01T21:57:45.410068+00:00,2026-03-31,,,
2026-04-09,2026-04,8.0,0.14422792176043803,0.0,2,False,False,0.0,1.0,-2.1192433400959545,2026-02,CatBoost-79 · M-2,historical_proxy,evaluated,2026-10-01T21:57:45.410068+00:00,2026-03-31,,,
2026-04-09,2026-04,9.0,0.1833739765626907,0.0,2,True,False,0.0,1.0,-1.8791105230523977,2026-02,CatBoost-79 · M-2,historical_proxy,evaluated,2026-10-01T21:57:45.410068+00:00,2026-03-31,,,
2026-04-09,2026-04,10.0,0.06272913167719343,0.0,2,False,False,0.0,1.0,-2.951812218595749,2026-02,CatBoost-79 · M-2,historical_proxy,evaluated,2026-10-01T21:57:45.410068+00:00,2026-03-31,,,
2026-04-09,2026-04,11.0,0.015696346021769784,0.0,2,False,False,0.0,1.0,-4.3372102305832785,2026-02,CatBoost-79 · M-2,historical_proxy,evaluated,2026-10-01T21:57:45.410068+00:00,2026-03-31,,,
2026-04-09,2026-04,12.0,0.19970459390681086,0.0,2,True,False,0.0,1.0,-1.7937989341857858,2026-02,CatBoost-79 · M-2,historical_proxy,evaluated,2026-10-01T21:57:45.410068+00:00,2026-03-31,,,
2026-04-09,2026-04,13.0,0.03083383499539987,0.0,2,False,False,0.0,1.0,-3.6620255525440912,2026-02,CatBoost-79 · M-2,historical_proxy,evaluated,2026-10-01T21:57:45.410068+00:00,2026-03-31,,,
2026-04-09,2026-04,14.0,0.008941597512117505,0.0,2,False,False,0.0,1.0,-4.899923912530691,2026-02,CatBoost-79 · M-2,historical_proxy,evaluated,2026-10-01T21:57:45.410068+00:00,2026-03-31,,,
2026-04-09,2026-04,15.0,0.007501400911635802,0.0,2,False,False,0.0,1.0,-5.0755483870654565,2026-02,CatBoost-79 · M-2,historical_proxy,evaluated,2026-10-01T21:57:45.410068+00:00,2026-03-31,,,
2026-04-09,2026-04,18.0,0.040022478014324896,1.0,2,False,False,0.0,1.0,-3.4011969317459974,2026-02,CatBoost-79 · M-2,historical_proxy,evaluated,2026-10-01T21:57:45.410068+00:00,2026-03-31,,,
2026-04-09,2026-04,19.0,0.1394947742079023,1.0,2,True,False,0.0,1.0,-2.152611038698589,2026-02,CatBoost-79 · M-2,historical_proxy,evaluated,2026-10-01T21:57:45.410068+00:00,2026-03-31,,,
2026-04-09,2026-04,20.0,0.16343673038682693,1.0,2,True,True,0.0,1.0,-1.994212233049178,2026-02,CatBoost-79 · M-2,historical_proxy,evaluated,2026-10-01T21:57:45.410068+00:00,2026-03-31,,,
2026-04-09,2026-04,21.0,0.004037214042889971,1.0,2,False,False,0.0,1.0,-5.695083317632945,2026-02,CatBoost-79 · M-2,historical_proxy,evaluated,2026-10-01T21:57:45.410068+00:00,2026-03-31,,,
2026-04-10,2026-04,8.0,0.21079516657318295,0.0,2,True,False,0.0,0.0,-1.580845666141924,2026-02,CatBoost-79 · M-2,historical_proxy,evaluated,2026-10-01T21:57:45.410068+00:00,2026-03-31,,,
2026-04-10,2026-04,9.0,0.2798126589682168,0.0,2,True,False,0.0,0.0,-1.2976122494514435,2026-02,CatBoost-79 · M-2,historical_proxy,evaluated,2026-10-01T21:57:45.410068+00:00,2026-03-31,,,
2026-04-10,2026-04,10.0,0.14104215376631254,0.0,2,False,True,0.0,0.0,-1.9826737449972176,2026-02,CatBoost-79 · M-2,historical_proxy,evaluated,2026-10-01T21:57:45.410068+00:00,2026-03-31,,,
2026-04-10,2026-04,11.0,0.030294323055051975,0.0,2,False,False,0.0,0.0,-3.5207722165339788,2026-02,CatBoost-79 · M-2,historical_proxy,evaluated,2026-10-01T21:57:45.410068+00:00,2026-03-31,,,
2026-04-10,2026-04,12.0,0.16444546511552388,0.0,2,False,False,0.0,0.0,-1.8291535573902675,2026-02,CatBoost-79 · M-2,historical_proxy,evaluated,2026-10-01T21:57:45.410068+00:00,2026-03-31,,,
2026-04-10,2026-04,13.0,0.04514676427476644,0.0,2,False,False,0.0,0.0,-3.1218139423998124,2026-02,CatBoost-79 · M-2,historical_proxy,evaluated,2026-10-01T21:57:45.410068+00:00,2026-03-31,,,
2026-04-10,2026-04,14.0,0.012300023394813949,0.0,2,False,False,0.0,0.0,-4.422131389182581,2026-02,CatBoost-79 · M-2,historical_proxy,evaluated,2026-10-01T21:57:45.410068+00:00,2026-03-31,,,
2026-04-10,2026-04,15.0,0.006597764505348983,0.0,2,False,False,0.0,0.0,-5.0450016732305505,2026-02,CatBoost-79 · M-2,historical_proxy,evaluated,2026-10-01T21:57:45.410068+00:00,2026-03-31,,,
2026-04-10,2026-04,18.0,0.015065875991465586,1.0,2,False,False,0.0,0.0,-4.219300235226053,2026-02,CatBoost-79 · M-2,historical_proxy,evaluated,2026-10-01T21:57:45.410068+00:00,2026-03-31,,,
2026-04-10,2026-04,19.0,0.04050065573421463,1.0,2,True,False,0.0,0.0,-3.2304143886268544,2026-02,CatBoost-79 · M-2,historical_proxy,evaluated,2026-10-01T21:57:45.410068+00:00,2026-03-31,,,
2026-04-10,2026-04,20.0,0.052111303258535364,1.0,2,True,False,0.0,0.0,-2.978350675209271,2026-02,CatBoost-79 · M-2,historical_proxy,evaluated,2026-10-01T21:57:45.410068+00:00,2026-03-31,,,
2026-04-10,2026-04,21.0,0.0018878453625669428,1.0,2,False,False,0.0,0.0,-6.296296394627713,2026-02,CatBoost-79 · M-2,historical_proxy,evaluated,2026-10-01T21:57:45.410068+00:00,2026-03-31,,,
2026-04-13,2026-04,8.0,0.29486621931133095,0.0,2,True,False,0.0,0.0,-1.1838458376623,2026-02,CatBoost-79 · M-2,historical_proxy,evaluated,2026-10-01T21:57:45.410068+00:00,2026-03-31,,,
2026-04-13,2026-04,9.0,0.2613390625196221,0.0,2,True,False,0.0,0.0,-1.3045489429340738,2026-02,CatBoost-79 · M-2,historical_proxy,evaluated,2026-10-01T21:57:45.410068+00:00,2026-03-31,,,
2026-04-13,2026-04,10.0,0.07368936251413336,0.0,2,False,False,0.0,0.0,-2.570509143455487,2026-02,CatBoost-79 · M-2,historical_proxy,evaluated,2026-10-01T21:57:45.410068+00:00,2026-03-31,,,
2026-04-13,2026-04,11.0,0.007690475241066007,0.0,2,False,False,0.0,0.0,-4.830385015796223,2026-02,CatBoost-79 · M-2,historical_proxy,evaluated,2026-10-01T21:57:45.410068+00:00,2026-03-31,,,
2026-04-13,2026-04,12.0,0.11230382099648528,0.0,2,False,False,0.0,0.0,-2.149159711215305,2026-02,CatBoost-79 · M-2,historical_proxy,evaluated,2026-10-01T21:57:45.410068+00:00,2026-03-31,,,
2026-04-13,2026-04,13.0,0.024424778300297816,0.0,2,False,True,0.0,0.0,-3.674769476148549,2026-02,CatBoost-79 · M-2,historical_proxy,evaluated,2026-10-01T21:57:45.410068+00:00,2026-03-31,,,
2026-04-13,2026-04,14.0,0.007935327917985697,0.0,2,False,False,0.0,0.0,-4.799042918640243,2026-02,CatBoost-79 · M-2,historical_proxy,evaluated,2026-10-01T21:57:45.410068+00:00,2026-03-31,,,
2026-04-13,2026-04,15.0,0.007863136413152,0.0,2,False,False,0.0,0.0,-4.808182035682702,2026-02,CatBoost-79 · M-2,historical_proxy,evaluated,2026-10-01T21:57:45.410068+00:00,2026-03-31,,,
2026-04-13,2026-04,18.0,0.011208386042733314,1.0,2,False,False,0.0,0.0,-4.453705345342554,2026-02,CatBoost-79 · M-2,historical_proxy,evaluated,2026-10-01T21:57:45.410068+00:00,2026-03-31,,,
2026-04-13,2026-04,19.0,0.04398150368873307,1.0,2,True,False,0.0,0.0,-3.086598422455673,2026-02,CatBoost-79 · M-2,historical_proxy,evaluated,2026-10-01T21:57:45.410068+00:00,2026-03-31,,,
2026-04-13,2026-04,20.0,0.15227242728547893,1.0,2,True,False,0.0,0.0,-1.8446963958894413,2026-02,CatBoost-79 · M-2,historical_proxy,evaluated,2026-10-01T21:57:45.410068+00:00,2026-03-31,,,
2026-04-13,2026-04,21.0,0.00242549976898145,1.0,2,False,False,0.0,0.0,-5.9843300038253995,2026-02,CatBoost-79 · M-2,historical_proxy,evaluated,2026-10-01T21:57:45.410068+00:00,2026-03-31,,,
2026-04-14,2026-04,8.0,0.22999284762268637,0.0,2,True,False,0.0,0.0,-1.411561650018854,2026-02,CatBoost-79 · M-2,historical_proxy,evaluated,2026-10-01T21:57:45.410068+00:00,2026-03-31,,,
2026-04-14,2026-04,9.0,0.26909515254123473,0.0,2,True,False,0.0,0.0,-1.2545448171915408,2026-02,CatBoost-79 · M-2,historical_proxy,evaluated,2026-10-01T21:57:45.410068+00:00,2026-03-31,,,
2026-04-14,2026-04,10.0,0.05306603366046081,0.0,2,False,True,0.0,0.0,-2.878072805003727,2026-02,CatBoost-79 · M-2,historical_proxy,evaluated,2026-10-01T21:57:45.410068+00:00,2026-03-31,,,
2026-04-14,2026-04,11.0,0.010842193407222927,0.0,2,False,False,0.0,0.0,-4.466164541783351,2026-02,CatBoost-79 · M-2,historical_proxy,evaluated,2026-10-01T21:57:45.410068+00:00,2026-03-31,,,
2026-04-14,2026-04,12.0,0.14119224842953074,0.0,2,False,False,0.0,0.0,-1.8994874354215046,2026-02,CatBoost-79 · M-2,historical_proxy,evaluated,2026-10-01T21:57:45.410068+00:00,2026-03-31,,,
2026-04-14,2026-04,13.0,0.03241771529237818,0.0,2,False,False,0.0,0.0,-3.3709048195076035,2026-02,CatBoost-79 · M-2,historical_proxy,evaluated,2026-10-01T21:57:45.410068+00:00,2026-03-31,,,
2026-04-14,2026-04,14.0,0.006910420374301372,0.0,2,False,False,0.0,0.0,-4.916579389592492,2026-02,CatBoost-79 · M-2,historical_proxy,evaluated,2026-10-01T21:57:45.410068+00:00,2026-03-31,,,
2026-04-14,2026-04,15.0,0.011462789192562196,0.0,2,False,False,0.0,0.0,-4.41050379445226,2026-02,CatBoost-79 · M-2,historical_proxy,evaluated,2026-10-01T21:57:45.410068+00:00,2026-03-31,,,
2026-04-14,2026-04,18.0,0.015876305975160036,1.0,2,False,False,0.0,0.0,-4.084782053618956,2026-02,CatBoost-79 · M-2,historical_proxy,evaluated,2026-10-01T21:57:45.410068+00:00,2026-03-31,,,
2026-04-14,2026-04,19.0,0.05401485261289508,1.0,2,True,False,0.0,0.0,-2.8603508040335033,2026-02,CatBoost-79 · M-2,historical_proxy,evaluated,2026-10-01T21:57:45.410068+00:00,2026-03-31,,,
2026-04-14,2026-04,20.0,0.17072250847049433,1.0,2,True,False,0.0,0.0,-1.7095703802427644,2026-02,CatBoost-79 · M-2,historical_proxy,evaluated,2026-10-01T21:57:45.410068+00:00,2026-03-31,,,
2026-04-14,2026-04,21.0,0.004406932421073267,1.0,2,False,False,0.0,0.0,-5.366431009874842,2026-02,CatBoost-79 · M-2,historical_proxy,evaluated,2026-10-01T21:57:45.410068+00:00,2026-03-31,,,
2026-04-15,2026-04,8.0,0.18265639396569444,0.0,2,False,False,0.0,1.0,-1.7715961464956367,2026-02,CatBoost-79 · M-2,historical_proxy,evaluated,2026-10-01T21:57:45.410068+00:00,2026-03-31,,,
2026-04-15,2026-04,9.0,0.2520682537727874,0.0,2,True,False,0.0,1.0,-1.4495030066367236,2026-02,CatBoost-79 · M-2,historical_proxy,evaluated,2026-10-01T21:57:45.410068+00:00,2026-03-31,,,
2026-04-15,2026-04,10.0,0.07021345344344546,0.0,2,False,False,0.0,1.0,-2.727662968616248,2026-02,CatBoost-79 · M-2,historical_proxy,evaluated,2026-10-01T21:57:45.410068+00:00,2026-03-31,,,
2026-04-15,2026-04,11.0,0.010722074167559345,0.0,2,False,False,0.0,1.0,-4.606898283073592,2026-02,CatBoost-79 · M-2,historical_proxy,evaluated,2026-10-01T21:57:45.410068+00:00,2026-03-31,,,
2026-04-15,2026-04,12.0,0.1854120854632508,0.0,2,True,False,0.0,1.0,-1.7566220688869045,2026-02,CatBoost-79 · M-2,historical_proxy,evaluated,2026-10-01T21:57:45.410068+00:00,2026-03-31,,,
2026-04-15,2026-04,13.0,0.04545355733974087,0.0,2,False,False,0.0,1.0,-3.1625118189182433,2026-02,CatBoost-79 · M-2,historical_proxy,evaluated,2026-10-01T21:57:45.410068+00:00,2026-03-31,,,
2026-04-15,2026-04,14.0,0.011122172518785955,0.0,2,False,False,0.0,1.0,-4.570262265645532,2026-02,CatBoost-79 · M-2,historical_proxy,evaluated,2026-10-01T21:57:45.410068+00:00,2026-03-31,,,
2026-04-15,2026-04,15.0,0.008024553260261514,0.0,2,False,False,0.0,1.0,-4.896696906816786,2026-02,CatBoost-79 · M-2,historical_proxy,evaluated,2026-10-01T21:57:45.410068+00:00,2026-03-31,,,
2026-04-15,2026-04,18.0,0.008922320536134499,1.0,2,False,False,0.0,1.0,-4.790646843230387,2026-02,CatBoost-79 · M-2,historical_proxy,evaluated,2026-10-01T21:57:45.410068+00:00,2026-03-31,,,
2026-04-15,2026-04,19.0,0.09486116866718275,1.0,2,True,False,0.0,1.0,-2.426788465491049,2026-02,CatBoost-79 · M-2,historical_proxy,evaluated,2026-10-01T21:57:45.410068+00:00,2026-03-31,,,
2026-04-15,2026-04,20.0,0.1261035872598843,1.0,2,True,True,0.0,1.0,-2.1420992154748624,2026-02,CatBoost-79 · M-2,historical_proxy,evaluated,2026-10-01T21:57:45.410068+00:00,2026-03-31,,,
2026-04-15,2026-04,21.0,0.004440379605272689,1.0,2,False,False,0.0,1.0,-5.48846303630754,2026-02,CatBoost-79 · M-2,historical_proxy,evaluated,2026-10-01T21:57:45.410068+00:00,2026-03-31,,,
2026-04-16,2026-04,8.0,0.22075412527691682,0.0,2,True,False,0.0,1.0,-1.5957204947598442,2026-02,CatBoost-79 · M-2,historical_proxy,evaluated,2026-10-01T21:57:45.410068+00:00,2026-03-31,,,
2026-04-16,2026-04,9.0,0.2672374196065993,0.0,2,True,False,0.0,1.0,-1.40463254632526,2026-02,CatBoost-79 · M-2,historical_proxy,evaluated,2026-10-01T21:57:45.410068+00:00,2026-03-31,,,
2026-04-16,2026-04,10.0,0.06736688876927846,0.0,2,False,False,0.0,1.0,-2.7826163889629236,2026-02,CatBoost-79 · M-2,historical_proxy,evaluated,2026-10-01T21:57:45.410068+00:00,2026-03-31,,,
2026-04-16,2026-04,11.0,0.01454451850748615,0.0,2,False,False,0.0,1.0,-4.3155558338660445,2026-02,CatBoost-79 · M-2,historical_proxy,evaluated,2026-10-01T21:57:45.410068+00:00,2026-03-31,,,
2026-04-16,2026-04,12.0,0.17448317958106974,0.0,2,False,False,0.0,1.0,-1.8309416767095497,2026-02,CatBoost-79 · M-2,historical_proxy,evaluated,2026-10-01T21:57:45.410068+00:00,2026-03-31,,,
2026-04-16,2026-04,13.0,0.037621872793741365,0.0,2,False,False,0.0,1.0,-3.365184417122177,2026-02,CatBoost-79 · M-2,historical_proxy,evaluated,2026-10-01T21:57:45.410068+00:00,2026-03-31,,,
2026-04-16,2026-04,14.0,0.008257786948240413,0.0,2,False,False,0.0,1.0,-4.881613393927439,2026-02,CatBoost-79 · M-2,historical_proxy,evaluated,2026-10-01T21:57:45.410068+00:00,2026-03-31,,,
2026-04-16,2026-04,15.0,0.00726292776283505,0.0,2,False,False,0.0,1.0,-5.009987000958724,2026-02,CatBoost-79 · M-2,historical_proxy,evaluated,2026-10-01T21:57:45.410068+00:00,2026-03-31,,,
2026-04-16,2026-04,18.0,0.013433544001273338,1.0,2,False,False,0.0,1.0,-4.395015158981973,2026-02,CatBoost-79 · M-2,historical_proxy,evaluated,2026-10-01T21:57:45.410068+00:00,2026-03-31,,,
2026-04-16,2026-04,19.0,0.07418458229109466,1.0,2,True,False,0.0,1.0,-2.686213678871892,2026-02,CatBoost-79 · M-2,historical_proxy,evaluated,2026-10-01T21:57:45.410068+00:00,2026-03-31,,,
2026-04-16,2026-04,20.0,0.11119644743631708,1.0,2,True,True,0.0,1.0,-2.2814715878294405,2026-02,CatBoost-79 · M-2,historical_proxy,evaluated,2026-10-01T21:57:45.410068+00:00,2026-03-31,,,
2026-04-16,2026-04,21.0,0.003656707025147596,1.0,2,False,False,0.0,1.0,-5.6962069991031,2026-02,CatBoost-79 · M-2,historical_proxy,evaluated,2026-10-01T21:57:45.410068+00:00,2026-03-31,,,
2026-04-17,2026-04,8.0,0.24393784933094292,0.0,2,True,False,1.0,1.0,-1.3830940597680494,2026-02,CatBoost-79 · M-2,historical_proxy,evaluated,2026-10-01T21:57:45.410068+00:00,2026-03-31,,,
2026-04-17,2026-04,9.0,0.3267976979537056,0.0,2,True,True,1.0,1.0,-1.0906662180031363,2026-02,CatBoost-79 · M-2,historical_proxy,evaluated,2026-10-01T21:57:45.410068+00:00,2026-03-31,,,
2026-04-17,2026-04,10.0,0.093165673414152,0.0,2,False,False,1.0,1.0,-2.3456281939174315,2026-02,CatBoost-79 · M-2,historical_proxy,evaluated,2026-10-01T21:57:45.410068+00:00,2026-03-31,,,
2026-04-17,2026-04,11.0,0.014811812115966784,0.0,2,False,False,1.0,1.0,-4.184582558370263,2026-02,CatBoost-79 · M-2,historical_proxy,evaluated,2026-10-01T21:57:45.410068+00:00,2026-03-31,,,
2026-04-17,2026-04,12.0,0.12641677892839825,0.0,2,False,False,1.0,1.0,-2.0404233191692107,2026-02,CatBoost-79 · M-2,historical_proxy,evaluated,2026-10-01T21:57:45.410068+00:00,2026-03-31,,,
2026-04-17,2026-04,13.0,0.03051151712976581,0.0,2,False,False,1.0,1.0,-3.461903313610527,2026-02,CatBoost-79 · M-2,historical_proxy,evaluated,2026-10-01T21:57:45.410068+00:00,2026-03-31,,,
2026-04-17,2026-04,14.0,0.00898119791519977,0.0,2,False,False,1.0,1.0,-4.684874265212347,2026-02,CatBoost-79 · M-2,historical_proxy,evaluated,2026-10-01T21:57:45.410068+00:00,2026-03-31,,,
2026-04-17,2026-04,15.0,0.005212733847809101,0.0,2,False,False,1.0,1.0,-5.2289030877512195,2026-02,CatBoost-79 · M-2,historical_proxy,evaluated,2026-10-01T21:57:45.410068+00:00,2026-03-31,,,
2026-04-17,2026-04,18.0,0.014823363854371307,1.0,2,False,False,1.0,1.0,-4.183802961920344,2026-02,CatBoost-79 · M-2,historical_proxy,evaluated,2026-10-01T21:57:45.410068+00:00,2026-03-31,,,
2026-04-17,2026-04,19.0,0.04572320424908601,1.0,2,True,False,1.0,1.0,-3.0574016160998054,2026-02,CatBoost-79 · M-2,historical_proxy,evaluated,2026-10-01T21:57:45.410068+00:00,2026-03-31,,,
2026-04-17,2026-04,20.0,0.08787133304456421,1.0,2,True,False,1.0,1.0,-2.4041339167213236,2026-02,CatBoost-79 · M-2,historical_proxy,evaluated,2026-10-01T21:57:45.410068+00:00,2026-03-31,,,
2026-04-17,2026-04,21.0,0.0017468382160382447,1.0,2,False,False,1.0,1.0,-6.3222001166277595,2026-02,CatBoost-79 · M-2,historical_proxy,evaluated,2026-10-01T21:57:45.410068+00:00,2026-03-31,,,
2026-04-20,2026-04,8.0,0.16855590093731626,0.0,2,False,False,0.0,0.0,-1.9160269219243904,2026-02,CatBoost-79 · M-2,historical_proxy,evaluated,2026-10-01T21:57:45.410068+00:00,2026-03-31,,,
2026-04-20,2026-04,9.0,0.23219632428064127,0.0,2,True,False,0.0,0.0,-1.5957111338353025,2026-02,CatBoost-79 · M-2,historical_proxy,evaluated,2026-10-01T21:57:45.410068+00:00,2026-03-31,,,
2026-04-20,2026-04,10.0,0.07695674724253133,0.0,2,False,False,0.0,0.0,-2.700050833097787,2026-02,CatBoost-79 · M-2,historical_proxy,evaluated,2026-10-01T21:57:45.410068+00:00,2026-03-31,,,
2026-04-20,2026-04,11.0,0.015005292031024334,0.0,2,False,False,0.0,0.0,-4.334891432051917,2026-02,CatBoost-79 · M-2,historical_proxy,evaluated,2026-10-01T21:57:45.410068+00:00,2026-03-31,,,
2026-04-20,2026-04,12.0,0.1725065558900542,0.0,2,True,False,0.0,0.0,-1.8928591320934287,2026-02,CatBoost-79 · M-2,historical_proxy,evaluated,2026-10-01T21:57:45.410068+00:00,2026-03-31,,,
2026-04-20,2026-04,13.0,0.030541265303811297,0.0,2,False,False,0.0,0.0,-3.6242156430350767,2026-02,CatBoost-79 · M-2,historical_proxy,evaluated,2026-10-01T21:57:45.410068+00:00,2026-03-31,,,
2026-04-20,2026-04,14.0,0.010353175634740164,0.0,2,False,False,0.0,0.0,-4.706001075739491,2026-02,CatBoost-79 · M-2,historical_proxy,evaluated,2026-10-01T21:57:45.410068+00:00,2026-03-31,,,
2026-04-20,2026-04,15.0,0.01249853677762403,0.0,2,False,True,0.0,0.0,-4.51768279333602,2026-02,CatBoost-79 · M-2,historical_proxy,evaluated,2026-10-01T21:57:45.410068+00:00,2026-03-31,,,
2026-04-20,2026-04,18.0,0.0366032825902158,1.0,2,False,False,0.0,0.0,-3.4431564483595682,2026-02,CatBoost-79 · M-2,historical_proxy,evaluated,2026-10-01T21:57:45.410068+00:00,2026-03-31,,,
2026-04-20,2026-04,19.0,0.10539774888916324,1.0,2,True,False,0.0,0.0,-2.3855530949110437,2026-02,CatBoost-79 · M-2,historical_proxy,evaluated,2026-10-01T21:57:45.410068+00:00,2026-03-31,,,
2026-04-20,2026-04,20.0,0.1358474953505041,1.0,2,True,False,0.0,0.0,-2.131761474175204,2026-02,CatBoost-79 · M-2,historical_proxy,evaluated,2026-10-01T21:57:45.410068+00:00,2026-03-31,,,
2026-04-20,2026-04,21.0,0.003537675072373989,1.0,2,False,False,0.0,0.0,-5.779824620833912,2026-02,CatBoost-79 · M-2,historical_proxy,evaluated,2026-10-01T21:57:45.410068+00:00,2026-03-31,,,
2026-04-21,2026-04,8.0,0.1531807960778488,0.0,2,True,False,1.0,1.0,-1.8815353385750901,2026-02,CatBoost-79 · M-2,historical_proxy,evaluated,2026-10-01T21:57:45.410068+00:00,2026-03-31,,,
2026-04-21,2026-04,9.0,0.3204364460759024,0.0,2,True,True,1.0,1.0,-1.1434702755296926,2026-02,CatBoost-79 · M-2,historical_proxy,evaluated,2026-10-01T21:57:45.410068+00:00,2026-03-31,,,
2026-04-21,2026-04,10.0,0.09941524448278825,0.0,2,False,False,1.0,1.0,-2.313848769130793,2026-02,CatBoost-79 · M-2,historical_proxy,evaluated,2026-10-01T21:57:45.410068+00:00,2026-03-31,,,
2026-04-21,2026-04,11.0,0.010976529122414239,0.0,2,False,False,1.0,1.0,-4.51739495901346,2026-02,CatBoost-79 · M-2,historical_proxy,evaluated,2026-10-01T21:57:45.410068+00:00,2026-03-31,,,
2026-04-21,2026-04,12.0,0.13037216541973687,0.0,2,False,False,1.0,1.0,-2.042761064714503,2026-02,CatBoost-79 · M-2,historical_proxy,evaluated,2026-10-01T21:57:45.410068+00:00,2026-03-31,,,
2026-04-21,2026-04,13.0,0.028459960301627292,0.0,2,False,False,1.0,1.0,-3.564656038274455,2026-02,CatBoost-79 · M-2,historical_proxy,evaluated,2026-10-01T21:57:45.410068+00:00,2026-03-31,,,
2026-04-21,2026-04,14.0,0.008678977227790204,0.0,2,False,False,1.0,1.0,-4.752250545222193,2026-02,CatBoost-79 · M-2,historical_proxy,evaluated,2026-10-01T21:57:45.410068+00:00,2026-03-31,,,
2026-04-21,2026-04,15.0,0.013816448514846287,0.0,2,False,False,1.0,1.0,-4.287294432297598,2026-02,CatBoost-79 · M-2,historical_proxy,evaluated,2026-10-01T21:57:45.410068+00:00,2026-03-31,,,
2026-04-21,2026-04,18.0,0.020722144010008162,1.0,2,False,False,1.0,1.0,-3.8819513486275317,2026-02,CatBoost-79 · M-2,historical_proxy,evaluated,2026-10-01T21:57:45.410068+00:00,2026-03-31,,,
2026-04-21,2026-04,19.0,0.08427424535576446,1.0,2,True,False,1.0,1.0,-2.4790779295165413,2026-02,CatBoost-79 · M-2,historical_proxy,evaluated,2026-10-01T21:57:45.410068+00:00,2026-03-31,,,
2026-04-21,2026-04,20.0,0.12707380531391146,1.0,2,True,False,1.0,1.0,-2.0683861741883796,2026-02,CatBoost-79 · M-2,historical_proxy,evaluated,2026-10-01T21:57:45.410068+00:00,2026-03-31,,,
2026-04-21,2026-04,21.0,0.0025932380973615384,1.0,2,False,False,1.0,1.0,-5.960246910586669,2026-02,CatBoost-79 · M-2,historical_proxy,evaluated,2026-10-01T21:57:45.410068+00:00,2026-03-31,,,
2026-04-22,2026-04,8.0,0.1841532832213848,0.0,2,True,False,0.0,0.0,-1.724955785007666,2026-02,CatBoost-79 · M-2,historical_proxy,evaluated,2026-10-01T21:57:45.410068+00:00,2026-03-31,,,
2026-04-22,2026-04,9.0,0.2454070065903293,0.0,2,True,False,0.0,0.0,-1.4378061732176755,2026-02,CatBoost-79 · M-2,historical_proxy,evaluated,2026-10-01T21:57:45.410068+00:00,2026-03-31,,,
2026-04-22,2026-04,10.0,0.05545549168956295,0.0,2,False,False,0.0,0.0,-2.9251435093219027,2026-02,CatBoost-79 · M-2,historical_proxy,evaluated,2026-10-01T21:57:45.410068+00:00,2026-03-31,,,
2026-04-22,2026-04,11.0,0.00901526671880099,0.0,2,False,False,0.0,0.0,-4.741804814469962,2026-02,CatBoost-79 · M-2,historical_proxy,evaluated,2026-10-01T21:57:45.410068+00:00,2026-03-31,,,
2026-04-22,2026-04,12.0,0.09862911260853015,0.0,2,False,False,0.0,0.0,-2.34935777905031,2026-02,CatBoost-79 · M-2,historical_proxy,evaluated,2026-10-01T21:57:45.410068+00:00,2026-03-31,,,
2026-04-22,2026-04,13.0,0.026606305073672135,0.0,2,False,True,0.0,0.0,-3.6595760362551033,2026-02,CatBoost-79 · M-2,historical_proxy,evaluated,2026-10-01T21:57:45.410068+00:00,2026-03-31,,,
2026-04-22,2026-04,14.0,0.008564340497401486,0.0,2,False,False,0.0,0.0,-4.793117127707891,2026-02,CatBoost-79 · M-2,historical_proxy,evaluated,2026-10-01T21:57:45.410068+00:00,2026-03-31,,,
2026-04-22,2026-04,15.0,0.00781189885544673,0.0,2,False,False,0.0,0.0,-4.88507619120056,2026-02,CatBoost-79 · M-2,historical_proxy,evaluated,2026-10-01T21:57:45.410068+00:00,2026-03-31,,,
2026-04-22,2026-04,18.0,0.028264135218426797,1.0,2,False,False,0.0,0.0,-3.5991305626322356,2026-02,CatBoost-79 · M-2,historical_proxy,evaluated,2026-10-01T21:57:45.410068+00:00,2026-03-31,,,
2026-04-22,2026-04,19.0,0.13753349355663427,1.0,2,True,False,0.0,0.0,-2.0168567798534127,2026-02,CatBoost-79 · M-2,historical_proxy,evaluated,2026-10-01T21:57:45.410068+00:00,2026-03-31,,,
2026-04-22,2026-04,20.0,0.19310550526193404,1.0,2,True,False,0.0,0.0,-1.6774875578703943,2026-02,CatBoost-79 · M-2,historical_proxy,evaluated,2026-10-01T21:57:45.410068+00:00,2026-03-31,,,
2026-04-22,2026-04,21.0,0.005454160707876274,1.0,2,False,False,0.0,0.0,-5.2443455067531906,2026-02,CatBoost-79 · M-2,historical_proxy,evaluated,2026-10-01T21:57:45.410068+00:00,2026-03-31,,,
2026-04-23,2026-04,8.0,0.16422590720723687,0.0,2,True,False,1.0,1.0,-1.8763287848813872,2026-02,CatBoost-79 · M-2,historical_proxy,evaluated,2026-10-01T21:57:45.410068+00:00,2026-03-31,,,
2026-04-23,2026-04,9.0,0.26340433491744786,0.0,2,True,True,1.0,1.0,-1.4038815010980978,2026-02,CatBoost-79 · M-2,historical_proxy,evaluated,2026-10-01T21:57:45.410068+00:00,2026-03-31,,,
2026-04-23,2026-04,10.0,0.09697159018719512,0.0,2,False,False,1.0,1.0,-2.4031536968810143,2026-02,CatBoost-79 · M-2,historical_proxy,evaluated,2026-10-01T21:57:45.410068+00:00,2026-03-31,,,
2026-04-23,2026-04,11.0,0.016620744465054772,0.0,2,False,False,1.0,1.0,-4.1669201660685085,2026-02,CatBoost-79 · M-2,historical_proxy,evaluated,2026-10-01T21:57:45.410068+00:00,2026-03-31,,,
2026-04-23,2026-04,12.0,0.09748126903864754,0.0,2,False,False,1.0,1.0,-2.3979115006934966,2026-02,CatBoost-79 · M-2,historical_proxy,evaluated,2026-10-01T21:57:45.410068+00:00,2026-03-31,,,
2026-04-23,2026-04,13.0,0.02505355524831094,0.0,2,False,False,1.0,1.0,-3.756556004276617,2026-02,CatBoost-79 · M-2,historical_proxy,evaluated,2026-10-01T21:57:45.410068+00:00,2026-03-31,,,
2026-04-23,2026-04,14.0,0.011345788224786109,0.0,2,False,False,1.0,1.0,-4.548725154274229,2026-02,CatBoost-79 · M-2,historical_proxy,evaluated,2026-10-01T21:57:45.410068+00:00,2026-03-31,,,
2026-04-23,2026-04,15.0,0.012104523697258798,0.0,2,False,False,1.0,1.0,-4.483992505804899,2026-02,CatBoost-79 · M-2,historical_proxy,evaluated,2026-10-01T21:57:45.410068+00:00,2026-03-31,,,
2026-04-23,2026-04,18.0,0.02551835570669751,1.0,2,False,False,1.0,1.0,-3.7381737229721677,2026-02,CatBoost-79 · M-2,historical_proxy,evaluated,2026-10-01T21:57:45.410068+00:00,2026-03-31,,,
2026-04-23,2026-04,19.0,0.08840458820249514,1.0,2,True,False,1.0,1.0,-2.49564787677736,2026-02,CatBoost-79 · M-2,historical_proxy,evaluated,2026-10-01T21:57:45.410068+00:00,2026-03-31,,,
2026-04-23,2026-04,20.0,0.19518082976329926,1.0,2,True,False,1.0,1.0,-1.703645286840781,2026-02,CatBoost-79 · M-2,historical_proxy,evaluated,2026-10-01T21:57:45.410068+00:00,2026-03-31,,,
2026-04-23,2026-04,21.0,0.0036885133415700453,1.0,2,False,False,1.0,1.0,-5.672348259409543,2026-02,CatBoost-79 · M-2,historical_proxy,evaluated,2026-10-01T21:57:45.410068+00:00,2026-03-31,,,
2026-04-24,2026-04,8.0,0.19942063614557798,0.0,2,True,False,0.0,0.0,-1.5675012277360933,2026-02,CatBoost-79 · M-2,historical_proxy,evaluated,2026-10-01T21:57:45.410068+00:00,2026-03-31,,,
2026-04-24,2026-04,9.0,0.34515942578770487,0.0,2,True,False,0.0,0.0,-1.0189111570836917,2026-02,CatBoost-79 · M-2,historical_proxy,evaluated,2026-10-01T21:57:45.410068+00:00,2026-03-31,,,
2026-04-24,2026-04,10.0,0.10320662425572075,0.0,2,False,True,0.0,0.0,-2.2261845315985878,2026-02,CatBoost-79 · M-2,historical_proxy,evaluated,2026-10-01T21:57:45.410068+00:00,2026-03-31,,,
2026-04-24,2026-04,11.0,0.011184102703763191,0.0,2,False,False,0.0,0.0,-4.448424202563624,2026-02,CatBoost-79 · M-2,historical_proxy,evaluated,2026-10-01T21:57:45.410068+00:00,2026-03-31,,,
2026-04-24,2026-04,12.0,0.0912759930909197,0.0,2,False,False,0.0,0.0,-2.349029763420687,2026-02,CatBoost-79 · M-2,historical_proxy,evaluated,2026-10-01T21:57:45.410068+00:00,2026-03-31,,,
2026-04-24,2026-04,13.0,0.02391817815810511,0.0,2,False,False,0.0,0.0,-3.6882788088874876,2026-02,CatBoost-79 · M-2,historical_proxy,evaluated,2026-10-01T21:57:45.410068+00:00,2026-03-31,,,
2026-04-24,2026-04,14.0,0.008433708197958962,0.0,2,False,False,0.0,0.0,-4.730681014682139,2026-02,CatBoost-79 · M-2,historical_proxy,evaluated,2026-10-01T21:57:45.410068+00:00,2026-03-31,,,
2026-04-24,2026-04,15.0,0.008052368436090328,0.0,2,False,False,0.0,0.0,-4.776951307289555,2026-02,CatBoost-79 · M-2,historical_proxy,evaluated,2026-10-01T21:57:45.410068+00:00,2026-03-31,,,
2026-04-24,2026-04,18.0,0.011942406045100844,1.0,2,False,False,0.0,0.0,-4.382821972131724,2026-02,CatBoost-79 · M-2,historical_proxy,evaluated,2026-10-01T21:57:45.410068+00:00,2026-03-31,,,
2026-04-24,2026-04,19.0,0.06155088141674749,1.0,2,True,False,0.0,0.0,-2.7430533982454697,2026-02,CatBoost-79 · M-2,historical_proxy,evaluated,2026-10-01T21:57:45.410068+00:00,2026-03-31,,,
2026-04-24,2026-04,20.0,0.13024340787785085,1.0,2,True,False,0.0,0.0,-1.9935125030602883,2026-02,CatBoost-79 · M-2,historical_proxy,evaluated,2026-10-01T21:57:45.410068+00:00,2026-03-31,,,
2026-04-24,2026-04,21.0,0.005612267884459839,1.0,2,False,False,0.0,0.0,-5.137962675786444,2026-02,CatBoost-79 · M-2,historical_proxy,evaluated,2026-10-01T21:57:45.410068+00:00,2026-03-31,,,
2026-04-27,2026-04,8.0,0.20700349547189587,0.0,2,True,False,0.0,0.0,-1.5722632163044519,2026-02,CatBoost-79 · M-2,historical_proxy,evaluated,2026-10-01T21:57:45.410068+00:00,2026-03-31,,,
2026-04-27,2026-04,9.0,0.2848151670755268,0.0,2,True,False,0.0,0.0,-1.253158462464173,2026-02,CatBoost-79 · M-2,historical_proxy,evaluated,2026-10-01T21:57:45.410068+00:00,2026-03-31,,,
2026-04-27,2026-04,10.0,0.0612840335029957,0.0,2,False,True,0.0,0.0,-2.7894795516273323,2026-02,CatBoost-79 · M-2,historical_proxy,evaluated,2026-10-01T21:57:45.410068+00:00,2026-03-31,,,
2026-04-27,2026-04,11.0,0.013879330940395073,0.0,2,False,False,0.0,0.0,-4.274598144989625,2026-02,CatBoost-79 · M-2,historical_proxy,evaluated,2026-10-01T21:57:45.410068+00:00,2026-03-31,,,
2026-04-27,2026-04,12.0,0.13229055467981135,0.0,2,False,False,0.0,0.0,-2.01999822039132,2026-02,CatBoost-79 · M-2,historical_proxy,evaluated,2026-10-01T21:57:45.410068+00:00,2026-03-31,,,
2026-04-27,2026-04,13.0,0.03176548255956111,0.0,2,False,False,0.0,0.0,-3.4466186496125792,2026-02,CatBoost-79 · M-2,historical_proxy,evaluated,2026-10-01T21:57:45.410068+00:00,2026-03-31,,,
2026-04-27,2026-04,14.0,0.011210267455554446,0.0,2,False,False,0.0,0.0,-4.488168800307609,2026-02,CatBoost-79 · M-2,historical_proxy,evaluated,2026-10-01T21:57:45.410068+00:00,2026-03-31,,,
2026-04-27,2026-04,15.0,0.009642032914147397,0.0,2,False,False,0.0,0.0,-4.638866926164883,2026-02,CatBoost-79 · M-2,historical_proxy,evaluated,2026-10-01T21:57:45.410068+00:00,2026-03-31,,,
2026-04-27,2026-04,18.0,0.013481208676771,1.0,2,False,False,0.0,0.0,-4.3037021298514775,2026-02,CatBoost-79 · M-2,historical_proxy,evaluated,2026-10-01T21:57:45.410068+00:00,2026-03-31,,,
2026-04-27,2026-04,19.0,0.06954102068139595,1.0,2,True,False,0.0,0.0,-2.663082091677207,2026-02,CatBoost-79 · M-2,historical_proxy,evaluated,2026-10-01T21:57:45.410068+00:00,2026-03-31,,,
2026-04-27,2026-04,20.0,0.16062126449243336,1.0,2,True,False,0.0,0.0,-1.825949696464088,2026-02,CatBoost-79 · M-2,historical_proxy,evaluated,2026-10-01T21:57:45.410068+00:00,2026-03-31,,,
2026-04-27,2026-04,21.0,0.004466141549512031,1.0,2,False,False,0.0,0.0,-5.408474047929371,2026-02,CatBoost-79 · M-2,historical_proxy,evaluated,2026-10-01T21:57:45.410068+00:00,2026-03-31,,,
2026-04-28,2026-04,8.0,0.12291053516189335,0.0,2,False,False,0.0,0.0,-2.2333915991083626,2026-02,CatBoost-79 · M-2,historical_proxy,evaluated,2026-10-01T21:57:45.410068+00:00,2026-03-31,,,
2026-04-28,2026-04,9.0,0.1733078610548676,0.0,2,True,False,0.0,0.0,-1.8897787767657328,2026-02,CatBoost-79 · M-2,historical_proxy,evaluated,2026-10-01T21:57:45.410068+00:00,2026-03-31,,,
2026-04-28,2026-04,10.0,0.06586033343823595,0.0,2,False,False,0.0,0.0,-2.857311993652168,2026-02,CatBoost-79 · M-2,historical_proxy,evaluated,2026-10-01T21:57:45.410068+00:00,2026-03-31,,,
2026-04-28,2026-04,11.0,0.013025229838008141,0.0,2,False,False,0.0,0.0,-4.477960100025322,2026-02,CatBoost-79 · M-2,historical_proxy,evaluated,2026-10-01T21:57:45.410068+00:00,2026-03-31,,,
2026-04-28,2026-04,12.0,0.22456707558766653,0.0,2,True,False,0.0,0.0,-1.6306738931909026,2026-02,CatBoost-79 · M-2,historical_proxy,evaluated,2026-10-01T21:57:45.410068+00:00,2026-03-31,,,
2026-04-28,2026-04,13.0,0.06450844368554773,0.0,2,False,True,0.0,0.0,-2.8780522083341658,2026-02,CatBoost-79 · M-2,historical_proxy,evaluated,2026-10-01T21:57:45.410068+00:00,2026-03-31,,,
2026-04-28,2026-04,14.0,0.01777387224964035,0.0,2,False,False,0.0,0.0,-4.167118805616016,2026-02,CatBoost-79 · M-2,historical_proxy,evaluated,2026-10-01T21:57:45.410068+00:00,2026-03-31,,,
2026-04-28,2026-04,15.0,0.014996398419841,0.0,2,False,False,0.0,0.0,-4.337038266493025,2026-02,CatBoost-79 · M-2,historical_proxy,evaluated,2026-10-01T21:57:45.410068+00:00,2026-03-31,,,
2026-04-28,2026-04,18.0,0.022862324800409763,1.0,2,False,False,0.0,0.0,-3.91535798291979,2026-02,CatBoost-79 · M-2,historical_proxy,evaluated,2026-10-01T21:57:45.410068+00:00,2026-03-31,,,
2026-04-28,2026-04,19.0,0.09412668536472475,1.0,2,True,False,0.0,0.0,-2.500206741860319,2026-02,CatBoost-79 · M-2,historical_proxy,evaluated,2026-10-01T21:57:45.410068+00:00,2026-03-31,,,
2026-04-28,2026-04,20.0,0.1800340038900787,1.0,2,True,False,0.0,0.0,-1.8517025898720927,2026-02,CatBoost-79 · M-2,historical_proxy,evaluated,2026-10-01T21:57:45.410068+00:00,2026-03-31,,,
2026-04-28,2026-04,21.0,0.0060272365090861596,1.0,2,False,False,0.0,0.0,-5.248559718096568,2026-02,CatBoost-79 · M-2,historical_proxy,evaluated,2026-10-01T21:57:45.410068+00:00,2026-03-31,,,
2026-04-29,2026-04,8.0,0.191814818617656,0.0,2,True,False,1.0,1.0,-1.7926109865089614,2026-02,CatBoost-79 · M-2,historical_proxy,evaluated,2026-10-01T21:57:45.410068+00:00,2026-03-31,,,
2026-04-29,2026-04,9.0,0.21868624695872282,0.0,2,True,False,1.0,1.0,-1.6615033664684076,2026-02,CatBoost-79 · M-2,historical_proxy,evaluated,2026-10-01T21:57:45.410068+00:00,2026-03-31,,,
2026-04-29,2026-04,10.0,0.06000039755605386,0.0,2,False,False,1.0,1.0,-2.95479021861973,2026-02,CatBoost-79 · M-2,historical_proxy,evaluated,2026-10-01T21:57:45.410068+00:00,2026-03-31,,,
2026-04-29,2026-04,11.0,0.012083647153764763,0.0,2,False,False,1.0,1.0,-4.557288343112736,2026-02,CatBoost-79 · M-2,historical_proxy,evaluated,2026-10-01T21:57:45.410068+00:00,2026-03-31,,,
2026-04-29,2026-04,12.0,0.13198781995140121,0.0,2,False,False,1.0,1.0,-2.1664317615206086,2026-02,CatBoost-79 · M-2,historical_proxy,evaluated,2026-10-01T21:57:45.410068+00:00,2026-03-31,,,
2026-04-29,2026-04,13.0,0.029885399184984562,0.0,2,False,False,1.0,1.0,-3.6517713671977,2026-02,CatBoost-79 · M-2,historical_proxy,evaluated,2026-10-01T21:57:45.410068+00:00,2026-03-31,,,
2026-04-29,2026-04,14.0,0.00988892171657815,0.0,2,False,False,1.0,1.0,-4.757726294709729,2026-02,CatBoost-79 · M-2,historical_proxy,evaluated,2026-10-01T21:57:45.410068+00:00,2026-03-31,,,
2026-04-29,2026-04,15.0,0.008850326843887105,0.0,2,False,False,1.0,1.0,-4.868687016903556,2026-02,CatBoost-79 · M-2,historical_proxy,evaluated,2026-10-01T21:57:45.410068+00:00,2026-03-31,,,
2026-04-29,2026-04,18.0,0.02155807322728354,1.0,2,False,False,1.0,1.0,-3.978391032643622,2026-02,CatBoost-79 · M-2,historical_proxy,evaluated,2026-10-01T21:57:45.410068+00:00,2026-03-31,,,
2026-04-29,2026-04,19.0,0.07243992439492793,1.0,2,True,False,1.0,1.0,-2.766383817431768,2026-02,CatBoost-79 · M-2,historical_proxy,evaluated,2026-10-01T21:57:45.410068+00:00,2026-03-31,,,
2026-04-29,2026-04,20.0,0.23710589321687875,1.0,2,True,True,1.0,1.0,-1.580634558585151,2026-02,CatBoost-79 · M-2,historical_proxy,evaluated,2026-10-01T21:57:45.410068+00:00,2026-03-31,,,
2026-04-29,2026-04,21.0,0.005698531177861323,1.0,2,False,False,1.0,1.0,-5.308932953215392,2026-02,CatBoost-79 · M-2,historical_proxy,evaluated,2026-10-01T21:57:45.410068+00:00,2026-03-31,,,
2026-04-30,2026-04,8.0,0.1846484773903919,0.0,2,True,False,1.0,1.0,-1.6823677771937844,2026-02,CatBoost-79 · M-2,historical_proxy,evaluated,2026-10-01T21:57:45.410068+00:00,2026-03-31,,,
2026-04-30,2026-04,9.0,0.26879056061156736,0.0,2,True,True,1.0,1.0,-1.3068891812758154,2026-02,CatBoost-79 · M-2,historical_proxy,evaluated,2026-10-01T21:57:45.410068+00:00,2026-03-31,,,
2026-04-30,2026-04,10.0,0.07135920636531216,0.0,2,False,False,1.0,1.0,-2.633095305888179,2026-02,CatBoost-79 · M-2,historical_proxy,evaluated,2026-10-01T21:57:45.410068+00:00,2026-03-31,,,
2026-04-30,2026-04,11.0,0.021120099739203643,0.0,2,False,False,1.0,1.0,-3.8505964912086763,2026-02,CatBoost-79 · M-2,historical_proxy,evaluated,2026-10-01T21:57:45.410068+00:00,2026-03-31,,,
2026-04-30,2026-04,12.0,0.17379663204943485,0.0,2,False,False,1.0,1.0,-1.742935838203881,2026-02,CatBoost-79 · M-2,historical_proxy,evaluated,2026-10-01T21:57:45.410068+00:00,2026-03-31,,,
2026-04-30,2026-04,13.0,0.0301034598858451,0.0,2,False,False,1.0,1.0,-3.4961815610131652,2026-02,CatBoost-79 · M-2,historical_proxy,evaluated,2026-10-01T21:57:45.410068+00:00,2026-03-31,,,
2026-04-30,2026-04,14.0,0.010413773850855764,0.0,2,False,False,1.0,1.0,-4.557692333907956,2026-02,CatBoost-79 · M-2,historical_proxy,evaluated,2026-10-01T21:57:45.410068+00:00,2026-03-31,,,
2026-04-30,2026-04,15.0,0.008593083581971467,0.0,2,False,False,1.0,1.0,-4.749864027500963,2026-02,CatBoost-79 · M-2,historical_proxy,evaluated,2026-10-01T21:57:45.410068+00:00,2026-03-31,,,
2026-04-30,2026-04,18.0,0.006675902675696026,1.0,2,False,False,1.0,1.0,-5.002317245078499,2026-02,CatBoost-79 · M-2,historical_proxy,evaluated,2026-10-01T21:57:45.410068+00:00,2026-03-31,,,
2026-04-30,2026-04,19.0,0.043392747423139116,1.0,2,True,False,1.0,1.0,-3.1305293554597613,2026-02,CatBoost-79 · M-2,historical_proxy,evaluated,2026-10-01T21:57:45.410068+00:00,2026-03-31,,,
2026-04-30,2026-04,20.0,0.17660979974493496,1.0,2,True,False,1.0,1.0,-1.7268788947110563,2026-02,CatBoost-79 · M-2,historical_proxy,evaluated,2026-10-01T21:57:45.410068+00:00,2026-03-31,,,
2026-04-30,2026-04,21.0,0.004496256681647695,1.0,2,False,False,1.0,1.0,-5.397576470460193,2026-02,CatBoost-79 · M-2,historical_proxy,evaluated,2026-10-01T21:57:45.410068+00:00,2026-03-31,,,
2026-05-04,2026-05,8.0,0.1486177105487327,0.0,2,False,False,0.0,0.0,-1.883605564457173,2026-03,CatBoost-79 · M-2,historical_proxy,evaluated,2026-10-01T21:57:48.135593+00:00,2026-04-30,,,
2026-05-04,2026-05,9.0,0.34406123649984366,0.0,2,True,False,0.0,0.0,-1.0441632177239684,2026-03,CatBoost-79 · M-2,historical_proxy,evaluated,2026-10-01T21:57:48.135593+00:00,2026-04-30,,,
2026-05-04,2026-05,10.0,0.21099532524016773,0.0,2,True,False,0.0,0.0,-1.5331468943650928,2026-03,CatBoost-79 · M-2,historical_proxy,evaluated,2026-10-01T21:57:48.135593+00:00,2026-04-30,,,
2026-05-04,2026-05,11.0,0.03655700383457417,0.0,2,False,True,0.0,0.0,-3.2861100811165245,2026-03,CatBoost-79 · M-2,historical_proxy,evaluated,2026-10-01T21:57:48.135593+00:00,2026-04-30,,,
2026-05-04,2026-05,12.0,0.1694803303543749,0.0,2,False,False,0.0,0.0,-1.7522459973560414,2026-03,CatBoost-79 · M-2,historical_proxy,evaluated,2026-10-01T21:57:48.135593+00:00,2026-04-30,,,
2026-05-04,2026-05,13.0,0.01797646686787072,0.0,2,False,False,0.0,0.0,-3.995919366057185,2026-03,CatBoost-79 · M-2,historical_proxy,evaluated,2026-10-01T21:57:48.135593+00:00,2026-04-30,,,
2026-05-04,2026-05,14.0,0.01810920176441336,0.0,2,False,False,0.0,0.0,-3.988562678473618,2026-03,CatBoost-79 · M-2,historical_proxy,evaluated,2026-10-01T21:57:48.135593+00:00,2026-04-30,,,
2026-05-04,2026-05,15.0,0.007050036914533432,0.0,2,False,False,0.0,0.0,-4.9319500194213575,2026-03,CatBoost-79 · M-2,historical_proxy,evaluated,2026-10-01T21:57:48.135593+00:00,2026-04-30,,,
2026-05-04,2026-05,20.0,0.04017443891963774,1.0,2,True,False,0.0,0.0,-3.191751926718015,2026-03,CatBoost-79 · M-2,historical_proxy,evaluated,2026-10-01T21:57:48.135593+00:00,2026-04-30,,,
2026-05-04,2026-05,21.0,0.006978249055851543,1.0,2,True,False,0.0,0.0,-4.942184838627303,2026-03,CatBoost-79 · M-2,historical_proxy,evaluated,2026-10-01T21:57:48.135593+00:00,2026-04-30,,,
2026-05-05,2026-05,8.0,0.21432209186066437,0.0,2,True,False,1.0,1.0,-1.5455372067702131,2026-03,CatBoost-79 · M-2,historical_proxy,evaluated,2026-10-01T21:57:48.135593+00:00,2026-04-30,,,
2026-05-05,2026-05,9.0,0.3274849957755393,0.0,2,True,True,1.0,1.0,-1.1215749528137349,2026-03,CatBoost-79 · M-2,historical_proxy,evaluated,2026-10-01T21:57:48.135593+00:00,2026-04-30,,,
2026-05-05,2026-05,10.0,0.08481541656565839,0.0,2,False,False,1.0,1.0,-2.472539867015965,2026-03,CatBoost-79 · M-2,historical_proxy,evaluated,2026-10-01T21:57:48.135593+00:00,2026-04-30,,,
2026-05-05,2026-05,11.0,0.02121402280077704,0.0,2,False,False,1.0,1.0,-3.858354776532415,2026-03,CatBoost-79 · M-2,historical_proxy,evaluated,2026-10-01T21:57:48.135593+00:00,2026-04-30,,,
2026-05-05,2026-05,12.0,0.1586182074269896,0.0,2,False,False,1.0,1.0,-1.8465170888752744,2026-03,CatBoost-79 · M-2,historical_proxy,evaluated,2026-10-01T21:57:48.135593+00:00,2026-04-30,,,
2026-05-05,2026-05,13.0,0.021785435875360765,0.0,2,False,False,1.0,1.0,-3.831775524994837,2026-03,CatBoost-79 · M-2,historical_proxy,evaluated,2026-10-01T21:57:48.135593+00:00,2026-04-30,,,
2026-05-05,2026-05,14.0,0.01476316843184041,0.0,2,False,False,1.0,1.0,-4.220881732874438,2026-03,CatBoost-79 · M-2,historical_proxy,evaluated,2026-10-01T21:57:48.135593+00:00,2026-04-30,,,
2026-05-05,2026-05,15.0,0.005940227694567677,0.0,2,False,False,1.0,1.0,-5.131269727355008,2026-03,CatBoost-79 · M-2,historical_proxy,evaluated,2026-10-01T21:57:48.135593+00:00,2026-04-30,,,
2026-05-05,2026-05,20.0,0.1417351858582836,1.0,2,True,False,1.0,1.0,-1.9590567642035432,2026-03,CatBoost-79 · M-2,historical_proxy,evaluated,2026-10-01T21:57:48.135593+00:00,2026-04-30,,,
2026-05-05,2026-05,21.0,0.00932124771031879,1.0,2,True,False,1.0,1.0,-4.680720698178861,2026-03,CatBoost-79 · M-2,historical_proxy,evaluated,2026-10-01T21:57:48.135593+00:00,2026-04-30,,,
2026-05-06,2026-05,8.0,0.12345807488807704,0.0,2,False,False,1.0,1.0,-2.176083550643999,2026-03,CatBoost-79 · M-2,historical_proxy,evaluated,2026-10-01T21:57:48.135593+00:00,2026-04-30,,,
2026-05-06,2026-05,9.0,0.26970074054587284,0.0,2,True,False,1.0,1.0,-1.3946721985317085,2026-03,CatBoost-79 · M-2,historical_proxy,evaluated,2026-10-01T21:57:48.135593+00:00,2026-04-30,,,
2026-05-06,2026-05,10.0,0.12615287485049187,0.0,2,False,False,1.0,1.0,-2.154490710515809,2026-03,CatBoost-79 · M-2,historical_proxy,evaluated,2026-10-01T21:57:48.135593+00:00,2026-04-30,,,
2026-05-06,2026-05,11.0,0.024075580253160832,0.0,2,False,False,1.0,1.0,-3.8107871151966677,2026-03,CatBoost-79 · M-2,historical_proxy,evaluated,2026-10-01T21:57:48.135593+00:00,2026-04-30,,,
2026-05-06,2026-05,12.0,0.22246467601931186,0.0,2,True,True,1.0,1.0,-1.5872168449481086,2026-03,CatBoost-79 · M-2,historical_proxy,evaluated,2026-10-01T21:57:48.135593+00:00,2026-04-30,,,
2026-05-06,2026-05,13.0,0.036987166493094664,0.0,2,False,False,1.0,1.0,-3.381414173547684,2026-03,CatBoost-79 · M-2,historical_proxy,evaluated,2026-10-01T21:57:48.135593+00:00,2026-04-30,,,
2026-05-06,2026-05,14.0,0.020766902254439105,0.0,2,False,False,1.0,1.0,-3.9586246929105426,2026-03,CatBoost-79 · M-2,historical_proxy,evaluated,2026-10-01T21:57:48.135593+00:00,2026-04-30,,,
2026-05-06,2026-05,15.0,0.011648724393839129,0.0,2,False,False,1.0,1.0,-4.536788494561287,2026-03,CatBoost-79 · M-2,historical_proxy,evaluated,2026-10-01T21:57:48.135593+00:00,2026-04-30,,,
2026-05-06,2026-05,20.0,0.15390865783451113,1.0,2,True,False,1.0,1.0,-1.9556258789898677,2026-03,CatBoost-79 · M-2,historical_proxy,evaluated,2026-10-01T21:57:48.135593+00:00,2026-04-30,,,
2026-05-06,2026-05,21.0,0.010836602467201537,1.0,2,True,False,1.0,1.0,-4.609055653138481,2026-03,CatBoost-79 · M-2,historical_proxy,evaluated,2026-10-01T21:57:48.135593+00:00,2026-04-30,,,
2026-05-07,2026-05,8.0,0.10863163824380657,0.0,2,False,False,1.0,1.0,-2.3594083387850753,2026-03,CatBoost-79 · M-2,historical_proxy,evaluated,2026-10-01T21:57:48.135593+00:00,2026-04-30,,,
2026-05-07,2026-05,9.0,0.2738823802972058,0.0,2,True,False,1.0,1.0,-1.4346722868314716,2026-03,CatBoost-79 · M-2,historical_proxy,evaluated,2026-10-01T21:57:48.135593+00:00,2026-04-30,,,
2026-05-07,2026-05,10.0,0.13792077422617105,0.0,2,False,False,1.0,1.0,-2.12069161158048,2026-03,CatBoost-79 · M-2,historical_proxy,evaluated,2026-10-01T21:57:48.135593+00:00,2026-04-30,,,
2026-05-07,2026-05,11.0,0.018793806123139304,0.0,2,False,False,1.0,1.0,-4.1138436780525485,2026-03,CatBoost-79 · M-2,historical_proxy,evaluated,2026-10-01T21:57:48.135593+00:00,2026-04-30,,,
2026-05-07,2026-05,12.0,0.24140814504508024,0.0,2,True,True,1.0,1.0,-1.5608819831085976,2026-03,CatBoost-79 · M-2,historical_proxy,evaluated,2026-10-01T21:57:48.135593+00:00,2026-04-30,,,
2026-05-07,2026-05,13.0,0.030124629023259547,0.0,2,False,False,1.0,1.0,-3.6420279549145356,2026-03,CatBoost-79 · M-2,historical_proxy,evaluated,2026-10-01T21:57:48.135593+00:00,2026-04-30,,,
2026-05-07,2026-05,14.0,0.018541677061666952,0.0,2,False,False,1.0,1.0,-4.127350019621567,2026-03,CatBoost-79 · M-2,historical_proxy,evaluated,2026-10-01T21:57:48.135593+00:00,2026-04-30,,,
2026-05-07,2026-05,15.0,0.02269769308893282,0.0,2,False,False,1.0,1.0,-3.9251077387840545,2026-03,CatBoost-79 · M-2,historical_proxy,evaluated,2026-10-01T21:57:48.135593+00:00,2026-04-30,,,
2026-05-07,2026-05,20.0,0.13111323379314313,1.0,2,True,False,1.0,1.0,-2.171309702128797,2026-03,CatBoost-79 · M-2,historical_proxy,evaluated,2026-10-01T21:57:48.135593+00:00,2026-04-30,,,
2026-05-07,2026-05,21.0,0.016886023097594575,1.0,2,True,False,1.0,1.0,-4.220884787967854,2026-03,CatBoost-79 · M-2,historical_proxy,evaluated,2026-10-01T21:57:48.135593+00:00,2026-04-30,,,
2026-05-08,2026-05,8.0,0.1610554004722498,0.0,2,False,False,0.0,0.0,-1.814381892800703,2026-03,CatBoost-79 · M-2,historical_proxy,evaluated,2026-10-01T21:57:48.135593+00:00,2026-04-30,,,
2026-05-08,2026-05,9.0,0.3587294901948639,0.0,2,True,False,0.0,0.0,-1.013561705656633,2026-03,CatBoost-79 · M-2,historical_proxy,evaluated,2026-10-01T21:57:48.135593+00:00,2026-04-30,,,
2026-05-08,2026-05,10.0,0.10358403602180373,0.0,2,False,False,0.0,0.0,-2.255747075409365,2026-03,CatBoost-79 · M-2,historical_proxy,evaluated,2026-10-01T21:57:48.135593+00:00,2026-04-30,,,
2026-05-08,2026-05,11.0,0.01937800888078229,0.0,2,False,True,0.0,0.0,-3.9319914406529506,2026-03,CatBoost-79 · M-2,historical_proxy,evaluated,2026-10-01T21:57:48.135593+00:00,2026-04-30,,,
2026-05-08,2026-05,12.0,0.1863505926460872,0.0,2,True,False,0.0,0.0,-1.6685004947025646,2026-03,CatBoost-79 · M-2,historical_proxy,evaluated,2026-10-01T21:57:48.135593+00:00,2026-04-30,,,
2026-05-08,2026-05,13.0,0.02195917595089875,0.0,2,False,False,0.0,0.0,-3.8069452099750154,2026-03,CatBoost-79 · M-2,historical_proxy,evaluated,2026-10-01T21:57:48.135593+00:00,2026-04-30,,,
2026-05-08,2026-05,14.0,0.016138973551894326,0.0,2,False,False,0.0,0.0,-4.114893236625103,2026-03,CatBoost-79 · M-2,historical_proxy,evaluated,2026-10-01T21:57:48.135593+00:00,2026-04-30,,,
2026-05-08,2026-05,15.0,0.014477421182765302,0.0,2,False,False,0.0,0.0,-4.223540024923794,2026-03,CatBoost-79 · M-2,historical_proxy,evaluated,2026-10-01T21:57:48.135593+00:00,2026-04-30,,,
2026-05-08,2026-05,20.0,0.10908133604039791,1.0,2,True,False,0.0,0.0,-2.2040364947434683,2026-03,CatBoost-79 · M-2,historical_proxy,evaluated,2026-10-01T21:57:48.135593+00:00,2026-04-30,,,
2026-05-08,2026-05,21.0,0.009245565058256881,1.0,2,True,False,0.0,0.0,-4.671986317519156,2026-03,CatBoost-79 · M-2,historical_proxy,evaluated,2026-10-01T21:57:48.135593+00:00,2026-04-30,,,
2026-05-12,2026-05,8.0,0.1359431010852747,0.0,2,False,False,1.0,1.0,-2.1849162403685285,2026-03,CatBoost-79 · M-2,historical_proxy,evaluated,2026-10-01T21:57:48.135593+00:00,2026-04-30,,,
2026-05-12,2026-05,9.0,0.3377551883658952,0.0,2,True,True,1.0,1.0,-1.274831325909249,2026-03,CatBoost-79 · M-2,historical_proxy,evaluated,2026-10-01T21:57:48.135593+00:00,2026-04-30,,,
2026-05-12,2026-05,10.0,0.14955840772670057,0.0,2,True,False,1.0,1.0,-2.089465660521109,2026-03,CatBoost-79 · M-2,historical_proxy,evaluated,2026-10-01T21:57:48.135593+00:00,2026-04-30,,,
2026-05-12,2026-05,11.0,0.025759616194699218,0.0,2,False,False,1.0,1.0,-3.8483446623375657,2026-03,CatBoost-79 · M-2,historical_proxy,evaluated,2026-10-01T21:57:48.135593+00:00,2026-04-30,,,
2026-05-12,2026-05,12.0,0.14527897982635463,0.0,2,False,False,1.0,1.0,-2.1184967714806526,2026-03,CatBoost-79 · M-2,historical_proxy,evaluated,2026-10-01T21:57:48.135593+00:00,2026-04-30,,,
2026-05-12,2026-05,13.0,0.02414340134448421,0.0,2,False,False,1.0,1.0,-3.9131415576791104,2026-03,CatBoost-79 · M-2,historical_proxy,evaluated,2026-10-01T21:57:48.135593+00:00,2026-04-30,,,
2026-05-12,2026-05,14.0,0.020586762162623992,0.0,2,False,False,1.0,1.0,-4.072504408422475,2026-03,CatBoost-79 · M-2,historical_proxy,evaluated,2026-10-01T21:57:48.135593+00:00,2026-04-30,,,
2026-05-12,2026-05,15.0,0.009888377525504949,0.0,2,False,False,1.0,1.0,-4.805792584033752,2026-03,CatBoost-79 · M-2,historical_proxy,evaluated,2026-10-01T21:57:48.135593+00:00,2026-04-30,,,
2026-05-12,2026-05,20.0,0.13981929171364965,1.0,2,True,False,1.0,1.0,-2.156801848818877,2026-03,CatBoost-79 · M-2,historical_proxy,evaluated,2026-10-01T21:57:48.135593+00:00,2026-04-30,,,
2026-05-12,2026-05,21.0,0.011266874054813004,1.0,2,True,False,1.0,1.0,-4.675285743305248,2026-03,CatBoost-79 · M-2,historical_proxy,evaluated,2026-10-01T21:57:48.135593+00:00,2026-04-30,,,
2026-05-13,2026-05,8.0,0.11008725414633933,0.0,2,False,False,1.0,1.0,-2.388262322769998,2026-03,CatBoost-79 · M-2,historical_proxy,evaluated,2026-10-01T21:57:48.135593+00:00,2026-04-30,,,
2026-05-13,2026-05,9.0,0.313320473476129,0.0,2,True,True,1.0,1.0,-1.3423090499860282,2026-03,CatBoost-79 · M-2,historical_proxy,evaluated,2026-10-01T21:57:48.135593+00:00,2026-04-30,,,
2026-05-13,2026-05,10.0,0.1431382394098867,0.0,2,False,False,1.0,1.0,-2.125724721184683,2026-03,CatBoost-79 · M-2,historical_proxy,evaluated,2026-10-01T21:57:48.135593+00:00,2026-04-30,,,
2026-05-13,2026-05,11.0,0.02332109215408255,0.0,2,False,False,1.0,1.0,-3.9401773998911525,2026-03,CatBoost-79 · M-2,historical_proxy,evaluated,2026-10-01T21:57:48.135593+00:00,2026-04-30,,,
2026-05-13,2026-05,12.0,0.2657901483936835,0.0,2,True,False,1.0,1.0,-1.5068285120316263,2026-03,CatBoost-79 · M-2,historical_proxy,evaluated,2026-10-01T21:57:48.135593+00:00,2026-04-30,,,
2026-05-13,2026-05,13.0,0.030429739244916897,0.0,2,False,False,1.0,1.0,-3.6741151987836673,2026-03,CatBoost-79 · M-2,historical_proxy,evaluated,2026-10-01T21:57:48.135593+00:00,2026-04-30,,,
2026-05-13,2026-05,14.0,0.031159272041917485,0.0,2,False,False,1.0,1.0,-3.650423734853635,2026-03,CatBoost-79 · M-2,historical_proxy,evaluated,2026-10-01T21:57:48.135593+00:00,2026-04-30,,,
2026-05-13,2026-05,15.0,0.011283782883551946,0.0,2,False,False,1.0,1.0,-4.6661690417766,2026-03,CatBoost-79 · M-2,historical_proxy,evaluated,2026-10-01T21:57:48.135593+00:00,2026-04-30,,,
2026-05-13,2026-05,20.0,0.062012273328391786,1.0,2,True,False,1.0,1.0,-2.9622032712785047,2026-03,CatBoost-79 · M-2,historical_proxy,evaluated,2026-10-01T21:57:48.135593+00:00,2026-04-30,,,
2026-05-13,2026-05,21.0,0.009457724921100766,1.0,2,True,False,1.0,1.0,-4.842703734100161,2026-03,CatBoost-79 · M-2,historical_proxy,evaluated,2026-10-01T21:57:48.135593+00:00,2026-04-30,,,
2026-05-14,2026-05,8.0,0.14409938522047563,0.0,2,False,False,0.0,1.0,-1.7760741205857271,2026-03,CatBoost-79 · M-2,historical_proxy,evaluated,2026-10-01T21:57:48.135593+00:00,2026-04-30,,,
2026-05-14,2026-05,9.0,0.35674270488793114,0.0,2,True,False,0.0,1.0,-0.8695625499022009,2026-03,CatBoost-79 · M-2,historical_proxy,evaluated,2026-10-01T21:57:48.135593+00:00,2026-04-30,,,
2026-05-14,2026-05,10.0,0.1708275078315937,0.0,2,True,False,0.0,1.0,-1.6059230359775558,2026-03,CatBoost-79 · M-2,historical_proxy,evaluated,2026-10-01T21:57:48.135593+00:00,2026-04-30,,,
2026-05-14,2026-05,11.0,0.030501099818844954,0.0,2,False,False,0.0,1.0,-3.328814614645092,2026-03,CatBoost-79 · M-2,historical_proxy,evaluated,2026-10-01T21:57:48.135593+00:00,2026-04-30,,,
2026-05-14,2026-05,12.0,0.16414848556336703,0.0,2,False,False,0.0,1.0,-1.6458059392689048,2026-03,CatBoost-79 · M-2,historical_proxy,evaluated,2026-10-01T21:57:48.135593+00:00,2026-04-30,,,
2026-05-14,2026-05,13.0,0.024362320714071607,0.0,2,False,False,0.0,1.0,-3.5535396515300186,2026-03,CatBoost-79 · M-2,historical_proxy,evaluated,2026-10-01T21:57:48.135593+00:00,2026-04-30,,,
2026-05-14,2026-05,14.0,0.018402322490112095,0.0,2,False,False,0.0,1.0,-3.834100478304308,2026-03,CatBoost-79 · M-2,historical_proxy,evaluated,2026-10-01T21:57:48.135593+00:00,2026-04-30,,,
2026-05-14,2026-05,15.0,0.008767017849867269,0.0,2,False,False,0.0,1.0,-4.575580648609093,2026-03,CatBoost-79 · M-2,historical_proxy,evaluated,2026-10-01T21:57:48.135593+00:00,2026-04-30,,,
2026-05-14,2026-05,20.0,0.07150998492525787,1.0,2,True,True,0.0,1.0,-2.4767402679883745,2026-03,CatBoost-79 · M-2,historical_proxy,evaluated,2026-10-01T21:57:48.135593+00:00,2026-04-30,,,
2026-05-14,2026-05,21.0,0.010639170698478669,1.0,2,True,False,0.0,1.0,-4.382034818239019,2026-03,CatBoost-79 · M-2,historical_proxy,evaluated,2026-10-01T21:57:48.135593+00:00,2026-04-30,,,
2026-05-15,2026-05,8.0,0.14576528625706453,0.0,2,False,False,1.0,1.0,-1.9830257447188147,2026-03,CatBoost-79 · M-2,historical_proxy,evaluated,2026-10-01T21:57:48.135593+00:00,2026-04-30,,,
2026-05-15,2026-05,9.0,0.2767815145825497,0.0,2,True,False,1.0,1.0,-1.3417950054937904,2026-03,CatBoost-79 · M-2,historical_proxy,evaluated,2026-10-01T21:57:48.135593+00:00,2026-04-30,,,
2026-05-15,2026-05,10.0,0.16430418028265484,0.0,2,False,False,1.0,1.0,-1.863303976723865,2026-03,CatBoost-79 · M-2,historical_proxy,evaluated,2026-10-01T21:57:48.135593+00:00,2026-04-30,,,
2026-05-15,2026-05,11.0,0.03721020637190656,0.0,2,False,False,1.0,1.0,-3.348440355945605,2026-03,CatBoost-79 · M-2,historical_proxy,evaluated,2026-10-01T21:57:48.135593+00:00,2026-04-30,,,
2026-05-15,2026-05,12.0,0.22906349909665497,0.0,2,True,True,1.0,1.0,-1.5310241906812219,2026-03,CatBoost-79 · M-2,historical_proxy,evaluated,2026-10-01T21:57:48.135593+00:00,2026-04-30,,,
2026-05-15,2026-05,13.0,0.04235551075285903,0.0,2,False,False,1.0,1.0,-3.218924907762638,2026-03,CatBoost-79 · M-2,historical_proxy,evaluated,2026-10-01T21:57:48.135593+00:00,2026-04-30,,,
2026-05-15,2026-05,14.0,0.03816260723972368,0.0,2,False,False,1.0,1.0,-3.3231672762915103,2026-03,CatBoost-79 · M-2,historical_proxy,evaluated,2026-10-01T21:57:48.135593+00:00,2026-04-30,,,
2026-05-15,2026-05,15.0,0.013051133270630382,0.0,2,False,False,1.0,1.0,-4.396148473770153,2026-03,CatBoost-79 · M-2,historical_proxy,evaluated,2026-10-01T21:57:48.135593+00:00,2026-04-30,,,
2026-05-15,2026-05,20.0,0.047788034586737096,1.0,2,True,False,1.0,1.0,-3.0982481587214385,2026-03,CatBoost-79 · M-2,historical_proxy,evaluated,2026-10-01T21:57:48.135593+00:00,2026-04-30,,,
2026-05-15,2026-05,21.0,0.005518027559219183,1.0,2,True,False,1.0,1.0,-5.257002974225389,2026-03,CatBoost-79 · M-2,historical_proxy,evaluated,2026-10-01T21:57:48.135593+00:00,2026-04-30,,,
2026-05-18,2026-05,8.0,0.10613408774500532,0.0,2,False,False,1.0,1.0,-2.131619636139374,2026-03,CatBoost-79 · M-2,historical_proxy,evaluated,2026-10-01T21:57:48.135593+00:00,2026-04-30,,,
2026-05-18,2026-05,9.0,0.20048151180062623,0.0,2,True,False,1.0,1.0,-1.4956008775421206,2026-03,CatBoost-79 · M-2,historical_proxy,evaluated,2026-10-01T21:57:48.135593+00:00,2026-04-30,,,
2026-05-18,2026-05,10.0,0.11690139019081193,0.0,2,False,False,1.0,1.0,-2.0349921490221226,2026-03,CatBoost-79 · M-2,historical_proxy,evaluated,2026-10-01T21:57:48.135593+00:00,2026-04-30,,,
2026-05-18,2026-05,11.0,0.024237004152909605,0.0,2,False,False,1.0,1.0,-3.6084423470548788,2026-03,CatBoost-79 · M-2,historical_proxy,evaluated,2026-10-01T21:57:48.135593+00:00,2026-04-30,,,
2026-05-18,2026-05,12.0,0.346916165837372,0.0,2,True,True,1.0,1.0,-0.9472397558192609,2026-03,CatBoost-79 · M-2,historical_proxy,evaluated,2026-10-01T21:57:48.135593+00:00,2026-04-30,,,
2026-05-18,2026-05,13.0,0.05379401561173628,0.0,2,False,False,1.0,1.0,-2.811160682568222,2026-03,CatBoost-79 · M-2,historical_proxy,evaluated,2026-10-01T21:57:48.135593+00:00,2026-04-30,,,
2026-05-18,2026-05,14.0,0.034473476854934196,0.0,2,False,False,1.0,1.0,-3.256132668010722,2026-03,CatBoost-79 · M-2,historical_proxy,evaluated,2026-10-01T21:57:48.135593+00:00,2026-04-30,,,
2026-05-18,2026-05,15.0,0.011325493666633846,0.0,2,False,False,1.0,1.0,-4.369266648274617,2026-03,CatBoost-79 · M-2,historical_proxy,evaluated,2026-10-01T21:57:48.135593+00:00,2026-04-30,,,
2026-05-18,2026-05,20.0,0.09733723964967075,1.0,2,True,False,1.0,1.0,-2.218141263384528,2026-03,CatBoost-79 · M-2,historical_proxy,evaluated,2026-10-01T21:57:48.135593+00:00,2026-04-30,,,
2026-05-18,2026-05,21.0,0.008399614490299863,1.0,2,True,False,1.0,1.0,-4.668137098782221,2026-03,CatBoost-79 · M-2,historical_proxy,evaluated,2026-10-01T21:57:48.135593+00:00,2026-04-30,,,
2026-05-19,2026-05,8.0,0.11094593479969565,0.0,2,False,False,0.0,0.0,-2.0934894072179384,2026-03,CatBoost-79 · M-2,historical_proxy,evaluated,2026-10-01T21:57:48.135593+00:00,2026-04-30,,,
2026-05-19,2026-05,9.0,0.23745993790008801,0.0,2,True,False,0.0,0.0,-1.332533489274391,2026-03,CatBoost-79 · M-2,historical_proxy,evaluated,2026-10-01T21:57:48.135593+00:00,2026-04-30,,,
2026-05-19,2026-05,10.0,0.09186784714061251,0.0,2,False,True,0.0,0.0,-2.2821813157442796,2026-03,CatBoost-79 · M-2,historical_proxy,evaluated,2026-10-01T21:57:48.135593+00:00,2026-04-30,,,
2026-05-19,2026-05,11.0,0.03320659604272765,0.0,2,False,False,0.0,0.0,-3.299783883819889,2026-03,CatBoost-79 · M-2,historical_proxy,evaluated,2026-10-01T21:57:48.135593+00:00,2026-04-30,,,
2026-05-19,2026-05,12.0,0.3345474179345329,0.0,2,True,False,0.0,0.0,-0.9897537888212102,2026-03,CatBoost-79 · M-2,historical_proxy,evaluated,2026-10-01T21:57:48.135593+00:00,2026-04-30,,,
2026-05-19,2026-05,13.0,0.06211390142834452,0.0,2,False,False,0.0,0.0,-2.673562596578224,2026-03,CatBoost-79 · M-2,historical_proxy,evaluated,2026-10-01T21:57:48.135593+00:00,2026-04-30,,,
2026-05-19,2026-05,14.0,0.03677893326129256,0.0,2,False,False,0.0,0.0,-3.1976072004665705,2026-03,CatBoost-79 · M-2,historical_proxy,evaluated,2026-10-01T21:57:48.135593+00:00,2026-04-30,,,
2026-05-19,2026-05,15.0,0.008493771234663033,0.0,2,False,False,0.0,0.0,-4.663199317046542,2026-03,CatBoost-79 · M-2,historical_proxy,evaluated,2026-10-01T21:57:48.135593+00:00,2026-04-30,,,
2026-05-19,2026-05,20.0,0.07938467691436786,1.0,2,True,False,0.0,0.0,-2.428227052330882,2026-03,CatBoost-79 · M-2,historical_proxy,evaluated,2026-10-01T21:57:48.135593+00:00,2026-04-30,,,
2026-05-19,2026-05,21.0,0.005200983343675284,1.0,2,True,False,0.0,0.0,-5.153684703732336,2026-03,CatBoost-79 · M-2,historical_proxy,evaluated,2026-10-01T21:57:48.135593+00:00,2026-04-30,,,
2026-05-20,2026-05,8.0,0.11357919449485428,0.0,2,False,False,1.0,1.0,-2.4162918294800058,2026-03,CatBoost-79 · M-2,historical_proxy,evaluated,2026-10-01T21:57:48.135593+00:00,2026-04-30,,,
2026-05-20,2026-05,9.0,0.2365444554229119,0.0,2,True,True,1.0,1.0,-1.6826560094839167,2026-03,CatBoost-79 · M-2,historical_proxy,evaluated,2026-10-01T21:57:48.135593+00:00,2026-04-30,,,
2026-05-20,2026-05,10.0,0.1481199258198456,0.0,2,False,False,1.0,1.0,-2.150769916707158,2026-03,CatBoost-79 · M-2,historical_proxy,evaluated,2026-10-01T21:57:48.135593+00:00,2026-04-30,,,
2026-05-20,2026-05,11.0,0.0559097140274765,0.0,2,False,False,1.0,1.0,-3.1250540317883115,2026-03,CatBoost-79 · M-2,historical_proxy,evaluated,2026-10-01T21:57:48.135593+00:00,2026-04-30,,,
2026-05-20,2026-05,12.0,0.26316616575901414,0.0,2,True,False,1.0,1.0,-1.576006530301106,2026-03,CatBoost-79 · M-2,historical_proxy,evaluated,2026-10-01T21:57:48.135593+00:00,2026-04-30,,,
2026-05-20,2026-05,13.0,0.04688981204097765,0.0,2,False,False,1.0,1.0,-3.300991747357541,2026-03,CatBoost-79 · M-2,historical_proxy,evaluated,2026-10-01T21:57:48.135593+00:00,2026-04-30,,,
2026-05-20,2026-05,14.0,0.040512927834369175,0.0,2,False,False,1.0,1.0,-3.44717104297719,2026-03,CatBoost-79 · M-2,historical_proxy,evaluated,2026-10-01T21:57:48.135593+00:00,2026-04-30,,,
2026-05-20,2026-05,15.0,0.012137307565096928,0.0,2,False,False,1.0,1.0,-4.652508193024408,2026-03,CatBoost-79 · M-2,historical_proxy,evaluated,2026-10-01T21:57:48.135593+00:00,2026-04-30,,,
2026-05-20,2026-05,20.0,0.07486751239206163,1.0,2,True,False,1.0,1.0,-2.8330721219476933,2026-03,CatBoost-79 · M-2,historical_proxy,evaluated,2026-10-01T21:57:48.135593+00:00,2026-04-30,,,
2026-05-20,2026-05,21.0,0.008272984643392217,1.0,2,True,False,1.0,1.0,-5.035796827966979,2026-03,CatBoost-79 · M-2,historical_proxy,evaluated,2026-10-01T21:57:48.135593+00:00,2026-04-30,,,
2026-05-21,2026-05,8.0,0.1396534451091965,0.0,2,False,False,0.0,0.0,-1.9174524332334644,2026-03,CatBoost-79 · M-2,historical_proxy,evaluated,2026-10-01T21:57:48.135593+00:00,2026-04-30,,,
2026-05-21,2026-05,9.0,0.313493215103893,0.0,2,True,False,0.0,0.0,-1.1088386774902343,2026-03,CatBoost-79 · M-2,historical_proxy,evaluated,2026-10-01T21:57:48.135593+00:00,2026-04-30,,,
2026-05-21,2026-05,10.0,0.12556260563482882,0.0,2,False,False,0.0,0.0,-2.0238119110495725,2026-03,CatBoost-79 · M-2,historical_proxy,evaluated,2026-10-01T21:57:48.135593+00:00,2026-04-30,,,
2026-05-21,2026-05,11.0,0.025361318067242407,0.0,2,False,False,0.0,0.0,-3.623391292438427,2026-03,CatBoost-79 · M-2,historical_proxy,evaluated,2026-10-01T21:57:48.135593+00:00,2026-04-30,,,
2026-05-21,2026-05,12.0,0.17114722282174344,0.0,2,True,False,0.0,0.0,-1.7140922566473231,2026-03,CatBoost-79 · M-2,historical_proxy,evaluated,2026-10-01T21:57:48.135593+00:00,2026-04-30,,,
2026-05-21,2026-05,13.0,0.03977595075444714,0.0,2,False,False,0.0,0.0,-3.1733539176616756,2026-03,CatBoost-79 · M-2,historical_proxy,evaluated,2026-10-01T21:57:48.135593+00:00,2026-04-30,,,
2026-05-21,2026-05,14.0,0.019968721154890814,0.0,2,False,True,0.0,0.0,-3.8624492878529297,2026-03,CatBoost-79 · M-2,historical_proxy,evaluated,2026-10-01T21:57:48.135593+00:00,2026-04-30,,,
2026-05-21,2026-05,15.0,0.009049911037796475,0.0,2,False,False,0.0,0.0,-4.653861467331403,2026-03,CatBoost-79 · M-2,historical_proxy,evaluated,2026-10-01T21:57:48.135593+00:00,2026-04-30,,,
2026-05-21,2026-05,20.0,0.14660912049187208,1.0,2,True,False,0.0,0.0,-1.8688463939491138,2026-03,CatBoost-79 · M-2,historical_proxy,evaluated,2026-10-01T21:57:48.135593+00:00,2026-04-30,,,
2026-05-21,2026-05,21.0,0.009378489824089275,1.0,2,True,False,0.0,0.0,-4.6181976444249155,2026-03,CatBoost-79 · M-2,historical_proxy,evaluated,2026-10-01T21:57:48.135593+00:00,2026-04-30,,,
2026-05-22,2026-05,8.0,0.1737516206745455,0.0,2,False,False,0.0,0.0,-1.7745997786112495,2026-03,CatBoost-79 · M-2,historical_proxy,evaluated,2026-10-01T21:57:48.135593+00:00,2026-04-30,,,
2026-05-22,2026-05,9.0,0.28398528862029937,0.0,2,True,False,0.0,0.0,-1.2833041544491743,2026-03,CatBoost-79 · M-2,historical_proxy,evaluated,2026-10-01T21:57:48.135593+00:00,2026-04-30,,,
2026-05-22,2026-05,10.0,0.15879571403574752,0.0,2,False,False,0.0,0.0,-1.8646080318864486,2026-03,CatBoost-79 · M-2,historical_proxy,evaluated,2026-10-01T21:57:48.135593+00:00,2026-04-30,,,
2026-05-22,2026-05,11.0,0.03335510880374387,0.0,2,False,False,0.0,0.0,-3.425015642487753,2026-03,CatBoost-79 · M-2,historical_proxy,evaluated,2026-10-01T21:57:48.135593+00:00,2026-04-30,,,
2026-05-22,2026-05,12.0,0.20254361429159434,0.0,2,True,False,0.0,0.0,-1.6212713480623628,2026-03,CatBoost-79 · M-2,historical_proxy,evaluated,2026-10-01T21:57:48.135593+00:00,2026-04-30,,,
2026-05-22,2026-05,13.0,0.04509643424242457,0.0,2,False,False,0.0,0.0,-3.1234234106138463,2026-03,CatBoost-79 · M-2,historical_proxy,evaluated,2026-10-01T21:57:48.135593+00:00,2026-04-30,,,
2026-05-22,2026-05,14.0,0.02968946527344834,0.0,2,False,False,0.0,0.0,-3.5414343123475334,2026-03,CatBoost-79 · M-2,historical_proxy,evaluated,2026-10-01T21:57:48.135593+00:00,2026-04-30,,,
2026-05-22,2026-05,15.0,0.01633374773324019,0.0,2,False,True,0.0,0.0,-4.138993210092396,2026-03,CatBoost-79 · M-2,historical_proxy,evaluated,2026-10-01T21:57:48.135593+00:00,2026-04-30,,,
2026-05-22,2026-05,20.0,0.04927572606837605,1.0,2,True,False,0.0,0.0,-3.034795002680319,2026-03,CatBoost-79 · M-2,historical_proxy,evaluated,2026-10-01T21:57:48.135593+00:00,2026-04-30,,,
2026-05-22,2026-05,21.0,0.007173280256580287,1.0,2,True,False,0.0,0.0,-4.961863543213443,2026-03,CatBoost-79 · M-2,historical_proxy,evaluated,2026-10-01T21:57:48.135593+00:00,2026-04-30,,,
2026-05-25,2026-05,8.0,0.13892717750652162,0.0,2,False,False,0.0,0.0,-2.0394516252909227,2026-03,CatBoost-79 · M-2,historical_proxy,evaluated,2026-10-01T21:57:48.135593+00:00,2026-04-30,,,
2026-05-25,2026-05,9.0,0.2350632321305147,0.0,2,True,False,0.0,0.0,-1.5135469674594484,2026-03,CatBoost-79 · M-2,historical_proxy,evaluated,2026-10-01T21:57:48.135593+00:00,2026-04-30,,,
2026-05-25,2026-05,10.0,0.15001409236757252,0.0,2,False,False,0.0,0.0,-1.9626722795053315,2026-03,CatBoost-79 · M-2,historical_proxy,evaluated,2026-10-01T21:57:48.135593+00:00,2026-04-30,,,
2026-05-25,2026-05,11.0,0.04128680541736261,0.0,2,False,False,0.0,0.0,-3.2528585508036607,2026-03,CatBoost-79 · M-2,historical_proxy,evaluated,2026-10-01T21:57:48.135593+00:00,2026-04-30,,,
2026-05-25,2026-05,12.0,0.2510882971073317,0.0,2,True,False,0.0,0.0,-1.4475968597304367,2026-03,CatBoost-79 · M-2,historical_proxy,evaluated,2026-10-01T21:57:48.135593+00:00,2026-04-30,,,
2026-05-25,2026-05,13.0,0.051761086319834664,0.0,2,False,False,0.0,0.0,-3.0267628807013423,2026-03,CatBoost-79 · M-2,historical_proxy,evaluated,2026-10-01T21:57:48.135593+00:00,2026-04-30,,,
2026-05-25,2026-05,14.0,0.04133101811488808,0.0,2,False,True,0.0,0.0,-3.2517882562871563,2026-03,CatBoost-79 · M-2,historical_proxy,evaluated,2026-10-01T21:57:48.135593+00:00,2026-04-30,,,
2026-05-25,2026-05,15.0,0.014451021756720165,0.0,2,False,False,0.0,0.0,-4.302636396439551,2026-03,CatBoost-79 · M-2,historical_proxy,evaluated,2026-10-01T21:57:48.135593+00:00,2026-04-30,,,
2026-05-25,2026-05,20.0,0.06690230362678078,1.0,2,True,False,0.0,0.0,-2.770168117881324,2026-03,CatBoost-79 · M-2,historical_proxy,evaluated,2026-10-01T21:57:48.135593+00:00,2026-04-30,,,
2026-05-25,2026-05,21.0,0.009174965652473128,1.0,2,True,False,0.0,0.0,-4.756922867971828,2026-03,CatBoost-79 · M-2,historical_proxy,evaluated,2026-10-01T21:57:48.135593+00:00,2026-04-30,,,
2026-05-26,2026-05,8.0,0.08853622231622017,0.0,2,False,False,0.0,0.0,-2.460453397553331,2026-03,CatBoost-79 · M-2,historical_proxy,evaluated,2026-10-01T21:57:48.135593+00:00,2026-04-30,,,
2026-05-26,2026-05,9.0,0.2143762443312951,0.0,2,True,False,0.0,0.0,-1.5761325351747033,2026-03,CatBoost-79 · M-2,historical_proxy,evaluated,2026-10-01T21:57:48.135593+00:00,2026-04-30,,,
2026-05-26,2026-05,10.0,0.11220157570599186,0.0,2,False,False,0.0,0.0,-2.2235681208235123,2026-03,CatBoost-79 · M-2,historical_proxy,evaluated,2026-10-01T21:57:48.135593+00:00,2026-04-30,,,
2026-05-26,2026-05,11.0,0.037680792815833496,0.0,2,False,False,0.0,0.0,-3.3147146672921926,2026-03,CatBoost-79 · M-2,historical_proxy,evaluated,2026-10-01T21:57:48.135593+00:00,2026-04-30,,,
2026-05-26,2026-05,12.0,0.302236079373876,0.0,2,True,False,0.0,0.0,-1.2326567257667664,2026-03,CatBoost-79 · M-2,historical_proxy,evaluated,2026-10-01T21:57:48.135593+00:00,2026-04-30,,,
2026-05-26,2026-05,13.0,0.058299167380192474,0.0,2,False,True,0.0,0.0,-2.8782773459278044,2026-03,CatBoost-79 · M-2,historical_proxy,evaluated,2026-10-01T21:57:48.135593+00:00,2026-04-30,,,
2026-05-26,2026-05,14.0,0.05300665982312403,0.0,2,False,False,0.0,0.0,-2.9734475948409003,2026-03,CatBoost-79 · M-2,historical_proxy,evaluated,2026-10-01T21:57:48.135593+00:00,2026-04-30,,,
2026-05-26,2026-05,15.0,0.013494632168336164,0.0,2,False,False,0.0,0.0,-4.3415731683254775,2026-03,CatBoost-79 · M-2,historical_proxy,evaluated,2026-10-01T21:57:48.135593+00:00,2026-04-30,,,
2026-05-26,2026-05,20.0,0.11061430710403226,1.0,2,True,False,0.0,0.0,-2.237815717829198,2026-03,CatBoost-79 · M-2,historical_proxy,evaluated,2026-10-01T21:57:48.135593+00:00,2026-04-30,,,
2026-05-26,2026-05,21.0,0.009554318981098467,1.0,2,True,False,0.0,0.0,-4.686871855950498,2026-03,CatBoost-79 · M-2,historical_proxy,evaluated,2026-10-01T21:57:48.135593+00:00,2026-04-30,,,
2026-05-27,2026-05,8.0,0.08974420838631648,0.0,2,False,False,0.0,0.0,-2.4595248990671448,2026-03,CatBoost-79 · M-2,historical_proxy,evaluated,2026-10-01T21:57:48.135593+00:00,2026-04-30,,,
2026-05-27,2026-05,9.0,0.17561488258087643,0.0,2,True,False,0.0,0.0,-1.7881949634905883,2026-03,CatBoost-79 · M-2,historical_proxy,evaluated,2026-10-01T21:57:48.135593+00:00,2026-04-30,,,
2026-05-27,2026-05,10.0,0.13308730728704066,0.0,2,False,False,0.0,0.0,-2.0654830352160705,2026-03,CatBoost-79 · M-2,historical_proxy,evaluated,2026-10-01T21:57:48.135593+00:00,2026-04-30,,,
2026-05-27,2026-05,11.0,0.045319525053043576,0.0,2,False,False,0.0,0.0,-3.142750437587286,2026-03,CatBoost-79 · M-2,historical_proxy,evaluated,2026-10-01T21:57:48.135593+00:00,2026-04-30,,,
2026-05-27,2026-05,12.0,0.367397497407045,0.0,2,True,False,0.0,0.0,-1.0500440327111973,2026-03,CatBoost-79 · M-2,historical_proxy,evaluated,2026-10-01T21:57:48.135593+00:00,2026-04-30,,,
2026-05-27,2026-05,13.0,0.06478508461619835,0.0,2,False,True,0.0,0.0,-2.785412992650979,2026-03,CatBoost-79 · M-2,historical_proxy,evaluated,2026-10-01T21:57:48.135593+00:00,2026-04-30,,,
2026-05-27,2026-05,14.0,0.0558738006544689,0.0,2,False,False,0.0,0.0,-2.9333928059323866,2026-03,CatBoost-79 · M-2,historical_proxy,evaluated,2026-10-01T21:57:48.135593+00:00,2026-04-30,,,
2026-05-27,2026-05,15.0,0.013657016333606586,0.0,2,False,False,0.0,0.0,-4.34223498715531,2026-03,CatBoost-79 · M-2,historical_proxy,evaluated,2026-10-01T21:57:48.135593+00:00,2026-04-30,,,
2026-05-27,2026-05,20.0,0.04792423360286518,1.0,2,True,False,0.0,0.0,-3.0868670966287697,2026-03,CatBoost-79 · M-2,historical_proxy,evaluated,2026-10-01T21:57:48.135593+00:00,2026-04-30,,,
2026-05-27,2026-05,21.0,0.0065964440785387934,1.0,2,True,False,0.0,0.0,-5.069957665977292,2026-03,CatBoost-79 · M-2,historical_proxy,evaluated,2026-10-01T21:57:48.135593+00:00,2026-04-30,,,
2026-05-28,2026-05,8.0,0.09470099782092979,0.0,2,False,False,0.0,0.0,-2.435136593001778,2026-03,CatBoost-79 · M-2,historical_proxy,evaluated,2026-10-01T21:57:48.135593+00:00,2026-04-30,,,
2026-05-28,2026-05,9.0,0.24992650190448853,0.0,2,True,False,0.0,0.0,-1.4646942475341778,2026-03,CatBoost-79 · M-2,historical_proxy,evaluated,2026-10-01T21:57:48.135593+00:00,2026-04-30,,,
2026-05-28,2026-05,10.0,0.1322970860267967,0.0,2,False,True,0.0,0.0,-2.1008110844084245,2026-03,CatBoost-79 · M-2,historical_proxy,evaluated,2026-10-01T21:57:48.135593+00:00,2026-04-30,,,
2026-05-28,2026-05,11.0,0.029937933770467263,0.0,2,False,False,0.0,0.0,-3.586734765522568,2026-03,CatBoost-79 · M-2,historical_proxy,evaluated,2026-10-01T21:57:48.135593+00:00,2026-04-30,,,
2026-05-28,2026-05,12.0,0.22451225897796903,0.0,2,True,False,0.0,0.0,-1.5719308184061611,2026-03,CatBoost-79 · M-2,historical_proxy,evaluated,2026-10-01T21:57:48.135593+00:00,2026-04-30,,,
2026-05-28,2026-05,13.0,0.04364023769759269,0.0,2,False,False,0.0,0.0,-3.209881522057509,2026-03,CatBoost-79 · M-2,historical_proxy,evaluated,2026-10-01T21:57:48.135593+00:00,2026-04-30,,,
2026-05-28,2026-05,14.0,0.03188466940177261,0.0,2,False,False,0.0,0.0,-3.5237358185329093,2026-03,CatBoost-79 · M-2,historical_proxy,evaluated,2026-10-01T21:57:48.135593+00:00,2026-04-30,,,
2026-05-28,2026-05,15.0,0.017869569910108785,0.0,2,False,False,0.0,0.0,-4.102761868613602,2026-03,CatBoost-79 · M-2,historical_proxy,evaluated,2026-10-01T21:57:48.135593+00:00,2026-04-30,,,
2026-05-28,2026-05,20.0,0.1632951811859472,1.0,2,True,False,0.0,0.0,-1.8903016392145429,2026-03,CatBoost-79 · M-2,historical_proxy,evaluated,2026-10-01T21:57:48.135593+00:00,2026-04-30,,,
2026-05-28,2026-05,21.0,0.011935563303927277,1.0,2,True,False,0.0,0.0,-4.506338673465261,2026-03,CatBoost-79 · M-2,historical_proxy,evaluated,2026-10-01T21:57:48.135593+00:00,2026-04-30,,,
2026-05-29,2026-05,8.0,0.178716635467965,0.0,2,True,False,0.0,0.0,-1.6630237473025902,2026-03,CatBoost-79 · M-2,historical_proxy,evaluated,2026-10-01T21:57:48.135593+00:00,2026-04-30,,,
2026-05-29,2026-05,9.0,0.3430973813106063,0.0,2,True,False,0.0,0.0,-1.0108109393323528,2026-03,CatBoost-79 · M-2,historical_proxy,evaluated,2026-10-01T21:57:48.135593+00:00,2026-04-30,,,
2026-05-29,2026-05,10.0,0.15068002033089656,0.0,2,False,False,0.0,0.0,-1.833666738978405,2026-03,CatBoost-79 · M-2,historical_proxy,evaluated,2026-10-01T21:57:48.135593+00:00,2026-04-30,,,
2026-05-29,2026-05,11.0,0.028331304754925554,0.0,2,False,False,0.0,0.0,-3.5048578883558275,2026-03,CatBoost-79 · M-2,historical_proxy,evaluated,2026-10-01T21:57:48.135593+00:00,2026-04-30,,,
2026-05-29,2026-05,12.0,0.17048081373208077,0.0,2,False,True,0.0,0.0,-1.710202495768826,2026-03,CatBoost-79 · M-2,historical_proxy,evaluated,2026-10-01T21:57:48.135593+00:00,2026-04-30,,,
2026-05-29,2026-05,13.0,0.03272219300464288,0.0,2,False,False,0.0,0.0,-3.3607717238720127,2026-03,CatBoost-79 · M-2,historical_proxy,evaluated,2026-10-01T21:57:48.135593+00:00,2026-04-30,,,
2026-05-29,2026-05,14.0,0.01896132367710933,0.0,2,False,False,0.0,0.0,-3.9064239481463665,2026-03,CatBoost-79 · M-2,historical_proxy,evaluated,2026-10-01T21:57:48.135593+00:00,2026-04-30,,,
2026-05-29,2026-05,15.0,0.00920613593558011,0.0,2,False,False,0.0,0.0,-4.628955045467292,2026-03,CatBoost-79 · M-2,historical_proxy,evaluated,2026-10-01T21:57:48.135593+00:00,2026-04-30,,,
2026-05-29,2026-05,20.0,0.06006506346496853,1.0,2,True,False,0.0,0.0,-2.753396890952274,2026-03,CatBoost-79 · M-2,historical_proxy,evaluated,2026-10-01T21:57:48.135593+00:00,2026-04-30,,,
2026-05-29,2026-05,21.0,0.007739128321224922,1.0,2,True,False,0.0,0.0,-4.802536195467127,2026-03,CatBoost-79 · M-2,historical_proxy,evaluated,2026-10-01T21:57:48.135593+00:00,2026-04-30,,,
2026-06-01,2026-06,8.0,0.059454034423051014,0.0,2,False,False,1.0,1.0,-2.7766508642900063,2026-04,CatBoost-79 · M-2,historical_proxy,evaluated,2026-10-01T21:57:51.328864+00:00,2026-05-31,,,
2026-06-01,2026-06,9.0,0.2492898006330975,0.0,2,True,True,1.0,1.0,-1.343238269909625,2026-04,CatBoost-79 · M-2,historical_proxy,evaluated,2026-10-01T21:57:51.328864+00:00,2026-05-31,,,
2026-06-01,2026-06,10.0,0.16723253117637793,0.0,2,False,False,1.0,1.0,-1.742469101403534,2026-04,CatBoost-79 · M-2,historical_proxy,evaluated,2026-10-01T21:57:51.328864+00:00,2026-05-31,,,
2026-06-01,2026-06,11.0,0.02914349948933618,0.0,2,False,False,1.0,1.0,-3.4896224617342,2026-04,CatBoost-79 · M-2,historical_proxy,evaluated,2026-10-01T21:57:51.328864+00:00,2026-05-31,,,
2026-06-01,2026-06,12.0,0.3025235184916105,0.0,2,True,False,1.0,1.0,-1.1496953260524954,2026-04,CatBoost-79 · M-2,historical_proxy,evaluated,2026-10-01T21:57:51.328864+00:00,2026-05-31,,,
2026-06-01,2026-06,13.0,0.1072193171746892,0.0,2,False,False,1.0,1.0,-2.1869779176527846,2026-04,CatBoost-79 · M-2,historical_proxy,evaluated,2026-10-01T21:57:51.328864+00:00,2026-05-31,,,
2026-06-01,2026-06,14.0,0.03896128834886361,0.0,2,False,False,1.0,1.0,-3.199285800850705,2026-04,CatBoost-79 · M-2,historical_proxy,evaluated,2026-10-01T21:57:51.328864+00:00,2026-05-31,,,
2026-06-01,2026-06,15.0,0.028083367271879097,0.0,2,False,False,1.0,1.0,-3.526676858523106,2026-04,CatBoost-79 · M-2,historical_proxy,evaluated,2026-10-01T21:57:51.328864+00:00,2026-05-31,,,
2026-06-01,2026-06,16.0,0.0040687900237020855,0.0,2,False,False,1.0,1.0,-5.458508683800004,2026-04,CatBoost-79 · M-2,historical_proxy,evaluated,2026-10-01T21:57:51.328864+00:00,2026-05-31,,,
2026-06-01,2026-06,20.0,0.009649704102276975,1.0,2,True,False,1.0,1.0,-4.594927095676652,2026-04,CatBoost-79 · M-2,historical_proxy,evaluated,2026-10-01T21:57:51.328864+00:00,2026-05-31,,,
2026-06-01,2026-06,21.0,0.004374148865115836,1.0,2,True,False,1.0,1.0,-5.386142391814107,2026-04,CatBoost-79 · M-2,historical_proxy,evaluated,2026-10-01T21:57:51.328864+00:00,2026-05-31,,,
2026-06-02,2026-06,8.0,0.03606090970986705,0.0,2,False,True,0.0,0.0,-3.495473863616655,2026-04,CatBoost-79 · M-2,historical_proxy,evaluated,2026-10-01T21:57:51.328864+00:00,2026-05-31,,,
2026-06-02,2026-06,9.0,0.17010695133602868,0.0,2,False,False,0.0,0.0,-1.9442559440061973,2026-04,CatBoost-79 · M-2,historical_proxy,evaluated,2026-10-01T21:57:51.328864+00:00,2026-05-31,,,
2026-06-02,2026-06,10.0,0.19806477402151973,0.0,2,True,False,0.0,0.0,-1.7920891900277807,2026-04,CatBoost-79 · M-2,historical_proxy,evaluated,2026-10-01T21:57:51.328864+00:00,2026-05-31,,,
2026-06-02,2026-06,11.0,0.034057137159354045,0.0,2,False,False,0.0,0.0,-3.552643689911001,2026-04,CatBoost-79 · M-2,historical_proxy,evaluated,2026-10-01T21:57:51.328864+00:00,2026-05-31,,,
2026-06-02,2026-06,12.0,0.3007927775289638,0.0,2,True,False,0.0,0.0,-1.3742617278330589,2026-04,CatBoost-79 · M-2,historical_proxy,evaluated,2026-10-01T21:57:51.328864+00:00,2026-05-31,,,
2026-06-02,2026-06,13.0,0.13043883156429906,0.0,2,False,False,0.0,0.0,-2.2097789155137586,2026-04,CatBoost-79 · M-2,historical_proxy,evaluated,2026-10-01T21:57:51.328864+00:00,2026-05-31,,,
2026-06-02,2026-06,14.0,0.04436537348158943,0.0,2,False,False,0.0,0.0,-3.288224020110533,2026-04,CatBoost-79 · M-2,historical_proxy,evaluated,2026-10-01T21:57:51.328864+00:00,2026-05-31,,,
2026-06-02,2026-06,15.0,0.042515531839341286,0.0,2,False,False,0.0,0.0,-3.330813844534756,2026-04,CatBoost-79 · M-2,historical_proxy,evaluated,2026-10-01T21:57:51.328864+00:00,2026-05-31,,,
2026-06-02,2026-06,16.0,0.009600107230236823,0.0,2,False,False,0.0,0.0,-4.818909040518278,2026-04,CatBoost-79 · M-2,historical_proxy,evaluated,2026-10-01T21:57:51.328864+00:00,2026-05-31,,,
2026-06-02,2026-06,20.0,0.02555205660453768,1.0,2,True,False,0.0,0.0,-3.839965502007438,2026-04,CatBoost-79 · M-2,historical_proxy,evaluated,2026-10-01T21:57:51.328864+00:00,2026-05-31,,,
2026-06-02,2026-06,21.0,0.008445549524262528,1.0,2,True,False,0.0,0.0,-4.947043689642651,2026-04,CatBoost-79 · M-2,historical_proxy,evaluated,2026-10-01T21:57:51.328864+00:00,2026-05-31,,,
2026-06-03,2026-06,8.0,0.05388326651046138,0.0,2,False,False,0.0,0.0,-2.9184556369982477,2026-04,CatBoost-79 · M-2,historical_proxy,evaluated,2026-10-01T21:57:51.328864+00:00,2026-05-31,,,
2026-06-03,2026-06,9.0,0.24897289215691018,0.0,2,True,False,0.0,0.0,-1.3879315886623398,2026-04,CatBoost-79 · M-2,historical_proxy,evaluated,2026-10-01T21:57:51.328864+00:00,2026-05-31,,,
2026-06-03,2026-06,10.0,0.18133327670997554,0.0,2,False,False,0.0,0.0,-1.7049389664342849,2026-04,CatBoost-79 · M-2,historical_proxy,evaluated,2026-10-01T21:57:51.328864+00:00,2026-05-31,,,
2026-06-03,2026-06,11.0,0.023637016755901692,0.0,2,False,False,0.0,0.0,-3.7424616225450476,2026-04,CatBoost-79 · M-2,historical_proxy,evaluated,2026-10-01T21:57:51.328864+00:00,2026-05-31,,,
2026-06-03,2026-06,12.0,0.3030139800225746,0.0,2,True,False,0.0,0.0,-1.191496669227527,2026-04,CatBoost-79 · M-2,historical_proxy,evaluated,2026-10-01T21:57:51.328864+00:00,2026-05-31,,,
2026-06-03,2026-06,13.0,0.10471640811702548,0.0,2,False,True,0.0,0.0,-2.2540197912231306,2026-04,CatBoost-79 · M-2,historical_proxy,evaluated,2026-10-01T21:57:51.328864+00:00,2026-05-31,,,
2026-06-03,2026-06,14.0,0.034471229049789595,0.0,2,False,False,0.0,0.0,-3.365150576831294,2026-04,CatBoost-79 · M-2,historical_proxy,evaluated,2026-10-01T21:57:51.328864+00:00,2026-05-31,,,
2026-06-03,2026-06,15.0,0.02874865241257558,0.0,2,False,False,0.0,0.0,-3.546684718822167,2026-04,CatBoost-79 · M-2,historical_proxy,evaluated,2026-10-01T21:57:51.328864+00:00,2026-05-31,,,
2026-06-03,2026-06,16.0,0.008488675913243105,0.0,2,False,False,0.0,0.0,-4.766542582593462,2026-04,CatBoost-79 · M-2,historical_proxy,evaluated,2026-10-01T21:57:51.328864+00:00,2026-05-31,,,
2026-06-03,2026-06,20.0,0.008378065071608898,1.0,2,True,False,0.0,0.0,-4.779658622904074,2026-04,CatBoost-79 · M-2,historical_proxy,evaluated,2026-10-01T21:57:51.328864+00:00,2026-05-31,,,
2026-06-03,2026-06,21.0,0.0043565372799340375,1.0,2,True,False,0.0,0.0,-5.433598072395325,2026-04,CatBoost-79 · M-2,historical_proxy,evaluated,2026-10-01T21:57:51.328864+00:00,2026-05-31,,,
2026-06-04,2026-06,8.0,0.039940142572274046,0.0,2,False,False,0.0,0.0,-3.3442369041358044,2026-04,CatBoost-79 · M-2,historical_proxy,evaluated,2026-10-01T21:57:51.328864+00:00,2026-05-31,,,
2026-06-04,2026-06,9.0,0.15855528148475342,0.0,2,False,True,0.0,0.0,-1.9655154901867782,2026-04,CatBoost-79 · M-2,historical_proxy,evaluated,2026-10-01T21:57:51.328864+00:00,2026-05-31,,,
2026-06-04,2026-06,10.0,0.15662596964715322,0.0,2,False,False,0.0,0.0,-1.9777581976977168,2026-04,CatBoost-79 · M-2,historical_proxy,evaluated,2026-10-01T21:57:51.328864+00:00,2026-05-31,,,
2026-06-04,2026-06,11.0,0.02154445194673908,0.0,2,False,False,0.0,0.0,-3.9615004686420265,2026-04,CatBoost-79 · M-2,historical_proxy,evaluated,2026-10-01T21:57:51.328864+00:00,2026-05-31,,,
2026-06-04,2026-06,12.0,0.3272234686782199,0.0,2,True,False,0.0,0.0,-1.2409754738328445,2026-04,CatBoost-79 · M-2,historical_proxy,evaluated,2026-10-01T21:57:51.328864+00:00,2026-05-31,,,
2026-06-04,2026-06,13.0,0.16024537157912064,0.0,2,True,False,0.0,0.0,-1.954912588896361,2026-04,CatBoost-79 · M-2,historical_proxy,evaluated,2026-10-01T21:57:51.328864+00:00,2026-05-31,,,
2026-06-04,2026-06,14.0,0.060460457256595025,0.0,2,False,False,0.0,0.0,-2.92962924949518,2026-04,CatBoost-79 · M-2,historical_proxy,evaluated,2026-10-01T21:57:51.328864+00:00,2026-05-31,,,
2026-06-04,2026-06,15.0,0.0320081451380793,0.0,2,False,False,0.0,0.0,-3.5656283958024217,2026-04,CatBoost-79 · M-2,historical_proxy,evaluated,2026-10-01T21:57:51.328864+00:00,2026-05-31,,,
2026-06-04,2026-06,16.0,0.008022416027985289,0.0,2,False,False,0.0,0.0,-4.949379174894575,2026-04,CatBoost-79 · M-2,historical_proxy,evaluated,2026-10-01T21:57:51.328864+00:00,2026-05-31,,,
2026-06-04,2026-06,20.0,0.0283741410608226,1.0,2,True,False,0.0,0.0,-3.6861405974192802,2026-04,CatBoost-79 · M-2,historical_proxy,evaluated,2026-10-01T21:57:51.328864+00:00,2026-05-31,,,
2026-06-04,2026-06,21.0,0.007000154608257378,1.0,2,True,False,0.0,0.0,-5.085686566073133,2026-04,CatBoost-79 · M-2,historical_proxy,evaluated,2026-10-01T21:57:51.328864+00:00,2026-05-31,,,
2026-06-05,2026-06,8.0,0.0756637026021453,0.0,2,False,False,1.0,1.0,-2.641254850753975,2026-04,CatBoost-79 · M-2,historical_proxy,evaluated,2026-10-01T21:57:51.328864+00:00,2026-05-31,,,
2026-06-05,2026-06,9.0,0.26246029023011563,0.0,2,True,False,1.0,1.0,-1.3974536108665576,2026-04,CatBoost-79 · M-2,historical_proxy,evaluated,2026-10-01T21:57:51.328864+00:00,2026-05-31,,,
2026-06-05,2026-06,10.0,0.11804068093190274,0.0,2,False,False,1.0,1.0,-2.196524087429157,2026-04,CatBoost-79 · M-2,historical_proxy,evaluated,2026-10-01T21:57:51.328864+00:00,2026-05-31,,,
2026-06-05,2026-06,11.0,0.022878291311546717,0.0,2,False,False,1.0,1.0,-3.837364922857644,2026-04,CatBoost-79 · M-2,historical_proxy,evaluated,2026-10-01T21:57:51.328864+00:00,2026-05-31,,,
2026-06-05,2026-06,12.0,0.33634439909697156,0.0,2,True,True,1.0,1.0,-1.1494177738165672,2026-04,CatBoost-79 · M-2,historical_proxy,evaluated,2026-10-01T21:57:51.328864+00:00,2026-05-31,,,
2026-06-05,2026-06,13.0,0.08431366670338238,0.0,2,False,False,1.0,1.0,-2.5330094344229948,2026-04,CatBoost-79 · M-2,historical_proxy,evaluated,2026-10-01T21:57:51.328864+00:00,2026-05-31,,,
2026-06-05,2026-06,14.0,0.029467204967898782,0.0,2,False,False,1.0,1.0,-3.5842754571911373,2026-04,CatBoost-79 · M-2,historical_proxy,evaluated,2026-10-01T21:57:51.328864+00:00,2026-05-31,,,
2026-06-05,2026-06,15.0,0.03854578145496895,0.0,2,False,False,1.0,1.0,-3.3157067426004416,2026-04,CatBoost-79 · M-2,historical_proxy,evaluated,2026-10-01T21:57:51.328864+00:00,2026-05-31,,,
2026-06-05,2026-06,16.0,0.007395654316498248,0.0,2,False,False,1.0,1.0,-4.966660832959744,2026-04,CatBoost-79 · M-2,historical_proxy,evaluated,2026-10-01T21:57:51.328864+00:00,2026-05-31,,,
2026-06-05,2026-06,20.0,0.020848354725126066,1.0,2,True,False,1.0,1.0,-3.9302783710757754,2026-04,CatBoost-79 · M-2,historical_proxy,evaluated,2026-10-01T21:57:51.328864+00:00,2026-05-31,,,
2026-06-05,2026-06,21.0,0.004041973659443595,1.0,2,True,False,1.0,1.0,-5.570820303894539,2026-04,CatBoost-79 · M-2,historical_proxy,evaluated,2026-10-01T21:57:51.328864+00:00,2026-05-31,,,
2026-06-08,2026-06,8.0,0.05408985958755726,0.0,2,False,False,0.0,0.0,-2.927304346471948,2026-04,CatBoost-79 · M-2,historical_proxy,evaluated,2026-10-01T21:57:51.328864+00:00,2026-05-31,,,
2026-06-08,2026-06,9.0,0.18801277421889517,0.0,2,True,False,0.0,0.0,-1.6814411679535626,2026-04,CatBoost-79 · M-2,historical_proxy,evaluated,2026-10-01T21:57:51.328864+00:00,2026-05-31,,,
2026-06-08,2026-06,10.0,0.15378538605059397,0.0,2,False,True,0.0,0.0,-1.882393043067956,2026-04,CatBoost-79 · M-2,historical_proxy,evaluated,2026-10-01T21:57:51.328864+00:00,2026-05-31,,,
2026-06-08,2026-06,11.0,0.02518208166438087,0.0,2,False,False,0.0,0.0,-3.69181837990731,2026-04,CatBoost-79 · M-2,historical_proxy,evaluated,2026-10-01T21:57:51.328864+00:00,2026-05-31,,,
2026-06-08,2026-06,12.0,0.3897621163921308,0.0,2,True,False,0.0,0.0,-0.952414481393244,2026-04,CatBoost-79 · M-2,historical_proxy,evaluated,2026-10-01T21:57:51.328864+00:00,2026-05-31,,,
2026-06-08,2026-06,13.0,0.11512927795660186,0.0,2,False,False,0.0,0.0,-2.171895423330761,2026-04,CatBoost-79 · M-2,historical_proxy,evaluated,2026-10-01T21:57:51.328864+00:00,2026-05-31,,,
2026-06-08,2026-06,14.0,0.03630006976726557,0.0,2,False,False,0.0,0.0,-3.3261314132158026,2026-04,CatBoost-79 · M-2,historical_proxy,evaluated,2026-10-01T21:57:51.328864+00:00,2026-05-31,,,
2026-06-08,2026-06,15.0,0.017925423285474803,0.0,2,False,False,0.0,0.0,-4.031731075988698,2026-04,CatBoost-79 · M-2,historical_proxy,evaluated,2026-10-01T21:57:51.328864+00:00,2026-05-31,,,
2026-06-08,2026-06,16.0,0.006285998896774832,0.0,2,False,False,0.0,0.0,-5.079626313577757,2026-04,CatBoost-79 · M-2,historical_proxy,evaluated,2026-10-01T21:57:51.328864+00:00,2026-05-31,,,
2026-06-08,2026-06,20.0,0.009326731008699081,1.0,2,True,False,0.0,0.0,-4.685066497185728,2026-04,CatBoost-79 · M-2,historical_proxy,evaluated,2026-10-01T21:57:51.328864+00:00,2026-05-31,,,
2026-06-08,2026-06,21.0,0.004200281171625794,1.0,2,True,False,0.0,0.0,-5.482799607774247,2026-04,CatBoost-79 · M-2,historical_proxy,evaluated,2026-10-01T21:57:51.328864+00:00,2026-05-31,,,
2026-06-09,2026-06,8.0,0.046399975874239135,0.0,2,False,False,1.0,1.0,-2.9360636145272845,2026-04,CatBoost-79 · M-2,historical_proxy,evaluated,2026-10-01T21:57:51.328864+00:00,2026-05-31,,,
2026-06-09,2026-06,9.0,0.2385892851601785,0.0,2,True,False,1.0,1.0,-1.2986189522763025,2026-04,CatBoost-79 · M-2,historical_proxy,evaluated,2026-10-01T21:57:51.328864+00:00,2026-05-31,,,
2026-06-09,2026-06,10.0,0.14986524420876354,0.0,2,False,False,1.0,1.0,-1.763626035430856,2026-04,CatBoost-79 · M-2,historical_proxy,evaluated,2026-10-01T21:57:51.328864+00:00,2026-05-31,,,
2026-06-09,2026-06,11.0,0.014804813876772528,0.0,2,False,False,1.0,1.0,-4.0784101639796555,2026-04,CatBoost-79 · M-2,historical_proxy,evaluated,2026-10-01T21:57:51.328864+00:00,2026-05-31,,,
2026-06-09,2026-06,12.0,0.3280343872456803,0.0,2,True,True,1.0,1.0,-0.980244111755054,2026-04,CatBoost-79 · M-2,historical_proxy,evaluated,2026-10-01T21:57:51.328864+00:00,2026-05-31,,,
2026-06-09,2026-06,13.0,0.14944672423564892,0.0,2,False,False,1.0,1.0,-1.7664225841158225,2026-04,CatBoost-79 · M-2,historical_proxy,evaluated,2026-10-01T21:57:51.328864+00:00,2026-05-31,,,
2026-06-09,2026-06,14.0,0.04395162223169298,0.0,2,False,False,1.0,1.0,-2.990273019511362,2026-04,CatBoost-79 · M-2,historical_proxy,evaluated,2026-10-01T21:57:51.328864+00:00,2026-05-31,,,
2026-06-09,2026-06,15.0,0.00986706930707973,0.0,2,False,False,1.0,1.0,-4.484159673828368,2026-04,CatBoost-79 · M-2,historical_proxy,evaluated,2026-10-01T21:57:51.328864+00:00,2026-05-31,,,
2026-06-09,2026-06,16.0,0.0031696961452753144,0.0,2,False,False,1.0,1.0,-5.619726823738094,2026-04,CatBoost-79 · M-2,historical_proxy,evaluated,2026-10-01T21:57:51.328864+00:00,2026-05-31,,,
2026-06-09,2026-06,20.0,0.012522125407995669,1.0,2,True,False,1.0,1.0,-4.245865441521417,2026-04,CatBoost-79 · M-2,historical_proxy,evaluated,2026-10-01T21:57:51.328864+00:00,2026-05-31,,,
2026-06-09,2026-06,21.0,0.0033490563066734293,1.0,2,True,False,1.0,1.0,-5.564683947155867,2026-04,CatBoost-79 · M-2,historical_proxy,evaluated,2026-10-01T21:57:51.328864+00:00,2026-05-31,,,
2026-06-10,2026-06,8.0,0.03395307541527878,0.0,2,False,False,0.0,0.0,-3.421403117356129,2026-04,CatBoost-79 · M-2,historical_proxy,evaluated,2026-10-01T21:57:51.328864+00:00,2026-05-31,,,
2026-06-10,2026-06,9.0,0.2172632231259026,0.0,2,True,False,0.0,0.0,-1.5652729256290057,2026-04,CatBoost-79 · M-2,historical_proxy,evaluated,2026-10-01T21:57:51.328864+00:00,2026-05-31,,,
2026-06-10,2026-06,10.0,0.17718955519283358,0.0,2,False,False,0.0,0.0,-1.7691624610375611,2026-04,CatBoost-79 · M-2,historical_proxy,evaluated,2026-10-01T21:57:51.328864+00:00,2026-05-31,,,
2026-06-10,2026-06,11.0,0.026824781614664606,0.0,2,False,False,0.0,0.0,-3.6570564064928655,2026-04,CatBoost-79 · M-2,historical_proxy,evaluated,2026-10-01T21:57:51.328864+00:00,2026-05-31,,,
2026-06-10,2026-06,12.0,0.345800442755364,0.0,2,True,False,0.0,0.0,-1.1005207002360105,2026-04,CatBoost-79 · M-2,historical_proxy,evaluated,2026-10-01T21:57:51.328864+00:00,2026-05-31,,,
2026-06-10,2026-06,13.0,0.1336286388453761,0.0,2,False,True,0.0,0.0,-2.0513179531190118,2026-04,CatBoost-79 · M-2,historical_proxy,evaluated,2026-10-01T21:57:51.328864+00:00,2026-05-31,,,
2026-06-10,2026-06,14.0,0.031765152386588474,0.0,2,False,False,0.0,0.0,-3.488012701846132,2026-04,CatBoost-79 · M-2,historical_proxy,evaluated,2026-10-01T21:57:51.328864+00:00,2026-05-31,,,
2026-06-10,2026-06,15.0,0.011428800815664693,0.0,2,False,False,0.0,0.0,-4.5102459970764635,2026-04,CatBoost-79 · M-2,historical_proxy,evaluated,2026-10-01T21:57:51.328864+00:00,2026-05-31,,,
2026-06-10,2026-06,16.0,0.005246994008410699,0.0,2,False,False,0.0,0.0,-5.2887272110679655,2026-04,CatBoost-79 · M-2,historical_proxy,evaluated,2026-10-01T21:57:51.328864+00:00,2026-05-31,,,
2026-06-10,2026-06,20.0,0.014050957021059043,1.0,2,True,False,0.0,0.0,-4.30369204502639,2026-04,CatBoost-79 · M-2,historical_proxy,evaluated,2026-10-01T21:57:51.328864+00:00,2026-05-31,,,
2026-06-10,2026-06,21.0,0.002848378818857406,1.0,2,True,False,0.0,0.0,-5.899632556920621,2026-04,CatBoost-79 · M-2,historical_proxy,evaluated,2026-10-01T21:57:51.328864+00:00,2026-05-31,,,
2026-06-11,2026-06,8.0,0.03963078451793592,0.0,2,False,True,0.0,0.0,-3.147635477081211,2026-04,CatBoost-79 · M-2,historical_proxy,evaluated,2026-10-01T21:57:51.328864+00:00,2026-05-31,,,
2026-06-11,2026-06,9.0,0.3059061478391944,0.0,2,True,False,0.0,0.0,-1.1039633316490967,2026-04,CatBoost-79 · M-2,historical_proxy,evaluated,2026-10-01T21:57:51.328864+00:00,2026-05-31,,,
2026-06-11,2026-06,10.0,0.14396736102137156,0.0,2,False,False,0.0,0.0,-1.8576550658385576,2026-04,CatBoost-79 · M-2,historical_proxy,evaluated,2026-10-01T21:57:51.328864+00:00,2026-05-31,,,
2026-06-11,2026-06,11.0,0.026141937093400403,0.0,2,False,False,0.0,0.0,-3.563700870131391,2026-04,CatBoost-79 · M-2,historical_proxy,evaluated,2026-10-01T21:57:51.328864+00:00,2026-05-31,,,
2026-06-11,2026-06,12.0,0.29222432049419667,0.0,2,True,False,0.0,0.0,-1.1497199519413828,2026-04,CatBoost-79 · M-2,historical_proxy,evaluated,2026-10-01T21:57:51.328864+00:00,2026-05-31,,,
2026-06-11,2026-06,13.0,0.12164695387650691,0.0,2,False,False,0.0,0.0,-2.0261186512951577,2026-04,CatBoost-79 · M-2,historical_proxy,evaluated,2026-10-01T21:57:51.328864+00:00,2026-05-31,,,
2026-06-11,2026-06,14.0,0.0318835007865341,0.0,2,False,False,0.0,0.0,-3.3651530208845646,2026-04,CatBoost-79 · M-2,historical_proxy,evaluated,2026-10-01T21:57:51.328864+00:00,2026-05-31,,,
2026-06-11,2026-06,15.0,0.023348898518247688,0.0,2,False,False,0.0,0.0,-3.676691869813397,2026-04,CatBoost-79 · M-2,historical_proxy,evaluated,2026-10-01T21:57:51.328864+00:00,2026-05-31,,,
2026-06-11,2026-06,16.0,0.004336685861623679,0.0,2,False,False,0.0,0.0,-5.360131250102383,2026-04,CatBoost-79 · M-2,historical_proxy,evaluated,2026-10-01T21:57:51.328864+00:00,2026-05-31,,,
2026-06-11,2026-06,20.0,0.008361529242628101,1.0,2,True,False,0.0,0.0,-4.703600346022145,2026-04,CatBoost-79 · M-2,historical_proxy,evaluated,2026-10-01T21:57:51.328864+00:00,2026-05-31,,,
2026-06-11,2026-06,21.0,0.002551880748360508,1.0,2,True,False,0.0,0.0,-5.890411044457723,2026-04,CatBoost-79 · M-2,historical_proxy,evaluated,2026-10-01T21:57:51.328864+00:00,2026-05-31,,,
2026-06-15,2026-06,8.0,0.05853592980075845,0.0,2,False,False,0.0,0.0,-2.872361462944474,2026-04,CatBoost-79 · M-2,historical_proxy,evaluated,2026-10-01T21:57:51.328864+00:00,2026-05-31,,,
2026-06-15,2026-06,9.0,0.20396534738558608,0.0,2,True,False,0.0,0.0,-1.6240520996179844,2026-04,CatBoost-79 · M-2,historical_proxy,evaluated,2026-10-01T21:57:51.328864+00:00,2026-05-31,,,
2026-06-15,2026-06,10.0,0.14940280934183822,0.0,2,False,False,0.0,0.0,-1.9353561365922902,2026-04,CatBoost-79 · M-2,historical_proxy,evaluated,2026-10-01T21:57:51.328864+00:00,2026-05-31,,,
2026-06-15,2026-06,11.0,0.017307496570891274,0.0,2,False,False,0.0,0.0,-4.090862477834908,2026-04,CatBoost-79 · M-2,historical_proxy,evaluated,2026-10-01T21:57:51.328864+00:00,2026-05-31,,,
2026-06-15,2026-06,12.0,0.32434857710818166,0.0,2,True,False,0.0,0.0,-1.160183420529483,2026-04,CatBoost-79 · M-2,historical_proxy,evaluated,2026-10-01T21:57:51.328864+00:00,2026-05-31,,,
2026-06-15,2026-06,13.0,0.13357041915819248,0.0,2,False,True,0.0,0.0,-2.047373390176071,2026-04,CatBoost-79 · M-2,historical_proxy,evaluated,2026-10-01T21:57:51.328864+00:00,2026-05-31,,,
2026-06-15,2026-06,14.0,0.053479494389479,0.0,2,False,False,0.0,0.0,-2.9627039152856205,2026-04,CatBoost-79 · M-2,historical_proxy,evaluated,2026-10-01T21:57:51.328864+00:00,2026-05-31,,,
2026-06-15,2026-06,15.0,0.03933093150395499,0.0,2,False,False,0.0,0.0,-3.269990942802113,2026-04,CatBoost-79 · M-2,historical_proxy,evaluated,2026-10-01T21:57:51.328864+00:00,2026-05-31,,,
2026-06-15,2026-06,16.0,0.006780190719236956,0.0,2,False,False,0.0,0.0,-5.027996982038809,2026-04,CatBoost-79 · M-2,historical_proxy,evaluated,2026-10-01T21:57:51.328864+00:00,2026-05-31,,,
2026-06-15,2026-06,20.0,0.009961008788845704,1.0,2,True,False,0.0,0.0,-4.6433238627881686,2026-04,CatBoost-79 · M-2,historical_proxy,evaluated,2026-10-01T21:57:51.328864+00:00,2026-05-31,,,
2026-06-15,2026-06,21.0,0.003317795233035219,1.0,2,True,False,0.0,0.0,-5.7427017373862945,2026-04,CatBoost-79 · M-2,historical_proxy,evaluated,2026-10-01T21:57:51.328864+00:00,2026-05-31,,,
2026-06-16,2026-06,8.0,0.052784745316741134,0.0,2,False,False,1.0,1.0,-2.9730541677275553,2026-04,CatBoost-79 · M-2,historical_proxy,evaluated,2026-10-01T21:57:51.328864+00:00,2026-05-31,,,
2026-06-16,2026-06,9.0,0.17602139310173745,0.0,2,True,False,1.0,1.0,-1.768670862874531,2026-04,CatBoost-79 · M-2,historical_proxy,evaluated,2026-10-01T21:57:51.328864+00:00,2026-05-31,,,
2026-06-16,2026-06,10.0,0.09151644814320485,0.0,2,False,False,1.0,1.0,-2.422757684985987,2026-04,CatBoost-79 · M-2,historical_proxy,evaluated,2026-10-01T21:57:51.328864+00:00,2026-05-31,,,
2026-06-16,2026-06,11.0,0.015846835714570802,0.0,2,False,False,1.0,1.0,-4.176306561306864,2026-04,CatBoost-79 · M-2,historical_proxy,evaluated,2026-10-01T21:57:51.328864+00:00,2026-05-31,,,
2026-06-16,2026-06,12.0,0.4231789166938085,0.0,2,True,True,1.0,1.0,-0.8914813417136407,2026-04,CatBoost-79 · M-2,historical_proxy,evaluated,2026-10-01T21:57:51.328864+00:00,2026-05-31,,,
2026-06-16,2026-06,13.0,0.12255423581742651,0.0,2,False,False,1.0,1.0,-2.1307227288698,2026-04,CatBoost-79 · M-2,historical_proxy,evaluated,2026-10-01T21:57:51.328864+00:00,2026-05-31,,,
2026-06-16,2026-06,14.0,0.06900950985897619,0.0,2,False,False,1.0,1.0,-2.705032083096757,2026-04,CatBoost-79 · M-2,historical_proxy,evaluated,2026-10-01T21:57:51.328864+00:00,2026-05-31,,,
2026-06-16,2026-06,15.0,0.028641485618875164,0.0,2,False,False,1.0,1.0,-3.5844201893257295,2026-04,CatBoost-79 · M-2,historical_proxy,evaluated,2026-10-01T21:57:51.328864+00:00,2026-05-31,,,
2026-06-16,2026-06,16.0,0.004883176522645066,0.0,2,False,False,1.0,1.0,-5.353480467364645,2026-04,CatBoost-79 · M-2,historical_proxy,evaluated,2026-10-01T21:57:51.328864+00:00,2026-05-31,,,
2026-06-16,2026-06,20.0,0.008438485083186927,1.0,2,True,False,1.0,1.0,-4.8064736022565295,2026-04,CatBoost-79 · M-2,historical_proxy,evaluated,2026-10-01T21:57:51.328864+00:00,2026-05-31,,,
2026-06-16,2026-06,21.0,0.00712476812882744,1.0,2,True,False,1.0,1.0,-4.975699219937584,2026-04,CatBoost-79 · M-2,historical_proxy,evaluated,2026-10-01T21:57:51.328864+00:00,2026-05-31,,,
2026-06-17,2026-06,8.0,0.03546593829498987,0.0,2,False,False,1.0,1.0,-3.3159685559378214,2026-04,CatBoost-79 · M-2,historical_proxy,evaluated,2026-10-01T21:57:51.328864+00:00,2026-05-31,,,
2026-06-17,2026-06,9.0,0.15518903511052456,0.0,2,False,False,1.0,1.0,-1.8398973519787418,2026-04,CatBoost-79 · M-2,historical_proxy,evaluated,2026-10-01T21:57:51.328864+00:00,2026-05-31,,,
2026-06-17,2026-06,10.0,0.11714407083077297,0.0,2,False,False,1.0,1.0,-2.1211367552711597,2026-04,CatBoost-79 · M-2,historical_proxy,evaluated,2026-10-01T21:57:51.328864+00:00,2026-05-31,,,
2026-06-17,2026-06,11.0,0.022700397086030836,0.0,2,False,False,1.0,1.0,-3.762158890059925,2026-04,CatBoost-79 · M-2,historical_proxy,evaluated,2026-10-01T21:57:51.328864+00:00,2026-05-31,,,
2026-06-17,2026-06,12.0,0.40646965998650286,0.0,2,True,True,1.0,1.0,-0.8770320181481763,2026-04,CatBoost-79 · M-2,historical_proxy,evaluated,2026-10-01T21:57:51.328864+00:00,2026-05-31,,,
2026-06-17,2026-06,13.0,0.15577526879181586,0.0,2,True,False,1.0,1.0,-1.8361269232289954,2026-04,CatBoost-79 · M-2,historical_proxy,evaluated,2026-10-01T21:57:51.328864+00:00,2026-05-31,,,
2026-06-17,2026-06,14.0,0.05778797608412723,0.0,2,False,False,1.0,1.0,-2.8277605793592713,2026-04,CatBoost-79 · M-2,historical_proxy,evaluated,2026-10-01T21:57:51.328864+00:00,2026-05-31,,,
2026-06-17,2026-06,15.0,0.03327543515511523,0.0,2,False,False,1.0,1.0,-3.3797218654361583,2026-04,CatBoost-79 · M-2,historical_proxy,evaluated,2026-10-01T21:57:51.328864+00:00,2026-05-31,,,
2026-06-17,2026-06,16.0,0.006210130091632864,0.0,2,False,False,1.0,1.0,-5.0583594627118575,2026-04,CatBoost-79 · M-2,historical_proxy,evaluated,2026-10-01T21:57:51.328864+00:00,2026-05-31,,,
2026-06-17,2026-06,20.0,0.005927249364796664,1.0,2,True,False,1.0,1.0,-5.10498105256654,2026-04,CatBoost-79 · M-2,historical_proxy,evaluated,2026-10-01T21:57:51.328864+00:00,2026-05-31,,,
2026-06-17,2026-06,21.0,0.004054839203691131,1.0,2,True,False,1.0,1.0,-5.484630274226791,2026-04,CatBoost-79 · M-2,historical_proxy,evaluated,2026-10-01T21:57:51.328864+00:00,2026-05-31,,,
2026-06-18,2026-06,8.0,0.04795770397841765,0.0,2,False,False,1.0,1.0,-3.1400631755124517,2026-04,CatBoost-79 · M-2,historical_proxy,evaluated,2026-10-01T21:57:51.328864+00:00,2026-05-31,,,
2026-06-18,2026-06,9.0,0.1389549443400975,0.0,2,False,False,1.0,1.0,-2.0762328917007338,2026-04,CatBoost-79 · M-2,historical_proxy,evaluated,2026-10-01T21:57:51.328864+00:00,2026-05-31,,,
2026-06-18,2026-06,10.0,0.10754849862439178,0.0,2,False,False,1.0,1.0,-2.332440735023588,2026-04,CatBoost-79 · M-2,historical_proxy,evaluated,2026-10-01T21:57:51.328864+00:00,2026-05-31,,,
2026-06-18,2026-06,11.0,0.014953633219470281,0.0,2,False,False,1.0,1.0,-4.3054283358233825,2026-04,CatBoost-79 · M-2,historical_proxy,evaluated,2026-10-01T21:57:51.328864+00:00,2026-05-31,,,
2026-06-18,2026-06,12.0,0.34453712421110927,0.0,2,True,True,1.0,1.0,-1.16818078361367,2026-04,CatBoost-79 · M-2,historical_proxy,evaluated,2026-10-01T21:57:51.328864+00:00,2026-05-31,,,
2026-06-18,2026-06,13.0,0.22259404638289976,0.0,2,True,False,1.0,1.0,-1.6050329381733939,2026-04,CatBoost-79 · M-2,historical_proxy,evaluated,2026-10-01T21:57:51.328864+00:00,2026-05-31,,,
2026-06-18,2026-06,14.0,0.06766357684533576,0.0,2,False,False,1.0,1.0,-2.7958346039011683,2026-04,CatBoost-79 · M-2,historical_proxy,evaluated,2026-10-01T21:57:51.328864+00:00,2026-05-31,,,
2026-06-18,2026-06,15.0,0.035937981126064084,0.0,2,False,False,1.0,1.0,-3.428587924524438,2026-04,CatBoost-79 · M-2,historical_proxy,evaluated,2026-10-01T21:57:51.328864+00:00,2026-05-31,,,
2026-06-18,2026-06,16.0,0.005920176904901477,0.0,2,False,False,1.0,1.0,-5.232016299813939,2026-04,CatBoost-79 · M-2,historical_proxy,evaluated,2026-10-01T21:57:51.328864+00:00,2026-05-31,,,
2026-06-18,2026-06,20.0,0.009036214571921775,1.0,2,True,False,1.0,1.0,-4.8091422861849855,2026-04,CatBoost-79 · M-2,historical_proxy,evaluated,2026-10-01T21:57:51.328864+00:00,2026-05-31,,,
2026-06-18,2026-06,21.0,0.004896099795390698,1.0,2,True,False,1.0,1.0,-5.4219437028003075,2026-04,CatBoost-79 · M-2,historical_proxy,evaluated,2026-10-01T21:57:51.328864+00:00,2026-05-31,,,
2026-06-19,2026-06,8.0,0.04267364368847155,0.0,2,False,False,0.0,0.0,-3.1814918215099963,2026-04,CatBoost-79 · M-2,historical_proxy,evaluated,2026-10-01T21:57:51.328864+00:00,2026-05-31,,,
2026-06-19,2026-06,9.0,0.17459987582179926,0.0,2,True,False,0.0,0.0,-1.7725763751515768,2026-04,CatBoost-79 · M-2,historical_proxy,evaluated,2026-10-01T21:57:51.328864+00:00,2026-05-31,,,
2026-06-19,2026-06,10.0,0.12562444435695921,0.0,2,False,False,0.0,0.0,-2.101776451567094,2026-04,CatBoost-79 · M-2,historical_proxy,evaluated,2026-10-01T21:57:51.328864+00:00,2026-05-31,,,
2026-06-19,2026-06,11.0,0.023530099688910674,0.0,2,False,False,0.0,0.0,-3.776792867938389,2026-04,CatBoost-79 · M-2,historical_proxy,evaluated,2026-10-01T21:57:51.328864+00:00,2026-05-31,,,
2026-06-19,2026-06,12.0,0.39676103174628174,0.0,2,True,False,0.0,0.0,-0.9517391430378795,2026-04,CatBoost-79 · M-2,historical_proxy,evaluated,2026-10-01T21:57:51.328864+00:00,2026-05-31,,,
2026-06-19,2026-06,13.0,0.12827557574035078,0.0,2,False,True,0.0,0.0,-2.0808924221949194,2026-04,CatBoost-79 · M-2,historical_proxy,evaluated,2026-10-01T21:57:51.328864+00:00,2026-05-31,,,
2026-06-19,2026-06,14.0,0.05598647716241999,0.0,2,False,False,0.0,0.0,-2.90996312500963,2026-04,CatBoost-79 · M-2,historical_proxy,evaluated,2026-10-01T21:57:51.328864+00:00,2026-05-31,,,
2026-06-19,2026-06,15.0,0.031245730272109352,0.0,2,False,False,0.0,0.0,-3.4931905717864677,2026-04,CatBoost-79 · M-2,historical_proxy,evaluated,2026-10-01T21:57:51.328864+00:00,2026-05-31,,,
2026-06-19,2026-06,16.0,0.00979134267054927,0.0,2,False,False,0.0,0.0,-4.653574713057892,2026-04,CatBoost-79 · M-2,historical_proxy,evaluated,2026-10-01T21:57:51.328864+00:00,2026-05-31,,,
2026-06-19,2026-06,20.0,0.007801041257738668,1.0,2,True,False,0.0,0.0,-4.880816087973654,2026-04,CatBoost-79 · M-2,historical_proxy,evaluated,2026-10-01T21:57:51.328864+00:00,2026-05-31,,,
2026-06-19,2026-06,21.0,0.0037107375944094,1.0,2,True,False,0.0,0.0,-5.623842637973444,2026-04,CatBoost-79 · M-2,historical_proxy,evaluated,2026-10-01T21:57:51.328864+00:00,2026-05-31,,,
2026-06-22,2026-06,8.0,0.05679264646913491,0.0,2,False,False,0.0,0.0,-2.7788271078486595,2026-04,CatBoost-79 · M-2,historical_proxy,evaluated,2026-10-01T21:57:51.328864+00:00,2026-05-31,,,
2026-06-22,2026-06,9.0,0.1468353952810771,0.0,2,True,False,0.0,0.0,-1.8289217622366236,2026-04,CatBoost-79 · M-2,historical_proxy,evaluated,2026-10-01T21:57:51.328864+00:00,2026-05-31,,,
2026-06-22,2026-06,10.0,0.11449023082826841,0.0,2,False,False,0.0,0.0,-2.0777444625458843,2026-04,CatBoost-79 · M-2,historical_proxy,evaluated,2026-10-01T21:57:51.328864+00:00,2026-05-31,,,
2026-06-22,2026-06,11.0,0.020413045666195288,0.0,2,False,False,0.0,0.0,-3.802059771720747,2026-04,CatBoost-79 · M-2,historical_proxy,evaluated,2026-10-01T21:57:51.328864+00:00,2026-05-31,,,
2026-06-22,2026-06,12.0,0.40871560909668847,0.0,2,True,False,0.0,0.0,-0.8052143797178094,2026-04,CatBoost-79 · M-2,historical_proxy,evaluated,2026-10-01T21:57:51.328864+00:00,2026-05-31,,,
2026-06-22,2026-06,13.0,0.14084143791900902,0.0,2,False,False,0.0,0.0,-1.8705992577958213,2026-04,CatBoost-79 · M-2,historical_proxy,evaluated,2026-10-01T21:57:51.328864+00:00,2026-05-31,,,
2026-06-22,2026-06,14.0,0.06352294439932611,0.0,2,False,True,0.0,0.0,-2.6668327918648203,2026-04,CatBoost-79 · M-2,historical_proxy,evaluated,2026-10-01T21:57:51.328864+00:00,2026-05-31,,,
2026-06-22,2026-06,15.0,0.03407546629863211,0.0,2,False,False,0.0,0.0,-3.2896562996548013,2026-04,CatBoost-79 · M-2,historical_proxy,evaluated,2026-10-01T21:57:51.328864+00:00,2026-05-31,,,
2026-06-22,2026-06,16.0,0.006989355776353122,0.0,2,False,False,0.0,0.0,-4.87384557323653,2026-04,CatBoost-79 · M-2,historical_proxy,evaluated,2026-10-01T21:57:51.328864+00:00,2026-05-31,,,
2026-06-22,2026-06,20.0,0.004937014286499151,1.0,2,True,False,0.0,0.0,-5.2214732085893045,2026-04,CatBoost-79 · M-2,historical_proxy,evaluated,2026-10-01T21:57:51.328864+00:00,2026-05-31,,,
2026-06-22,2026-06,21.0,0.0023868539788163075,1.0,2,True,False,0.0,0.0,-5.948257789653967,2026-04,CatBoost-79 · M-2,historical_proxy,evaluated,2026-10-01T21:57:51.328864+00:00,2026-05-31,,,
2026-06-23,2026-06,8.0,0.03505076342451718,0.0,2,False,False,1.0,1.0,-3.4604404638194772,2026-04,CatBoost-79 · M-2,historical_proxy,evaluated,2026-10-01T21:57:51.328864+00:00,2026-05-31,,,
2026-06-23,2026-06,9.0,0.17018782698612356,0.0,2,True,True,1.0,1.0,-1.8803351663153964,2026-04,CatBoost-79 · M-2,historical_proxy,evaluated,2026-10-01T21:57:51.328864+00:00,2026-05-31,,,
2026-06-23,2026-06,10.0,0.12450752017331869,0.0,2,False,False,1.0,1.0,-2.192871740997084,2026-04,CatBoost-79 · M-2,historical_proxy,evaluated,2026-10-01T21:57:51.328864+00:00,2026-05-31,,,
2026-06-23,2026-06,11.0,0.042485165192471856,0.0,2,False,False,1.0,1.0,-3.2680828973742413,2026-04,CatBoost-79 · M-2,historical_proxy,evaluated,2026-10-01T21:57:51.328864+00:00,2026-05-31,,,
2026-06-23,2026-06,12.0,0.33748330761608125,0.0,2,True,False,1.0,1.0,-1.195721807902065,2026-04,CatBoost-79 · M-2,historical_proxy,evaluated,2026-10-01T21:57:51.328864+00:00,2026-05-31,,,
2026-06-23,2026-06,13.0,0.164022167027825,0.0,2,False,False,1.0,1.0,-1.9172362745821319,2026-04,CatBoost-79 · M-2,historical_proxy,evaluated,2026-10-01T21:57:51.328864+00:00,2026-05-31,,,
2026-06-23,2026-06,14.0,0.08030896310744029,0.0,2,False,False,1.0,1.0,-2.6313566230855625,2026-04,CatBoost-79 · M-2,historical_proxy,evaluated,2026-10-01T21:57:51.328864+00:00,2026-05-31,,,
2026-06-23,2026-06,15.0,0.028321346382434942,0.0,2,False,False,1.0,1.0,-3.6736220486281104,2026-04,CatBoost-79 · M-2,historical_proxy,evaluated,2026-10-01T21:57:51.328864+00:00,2026-05-31,,,
2026-06-23,2026-06,16.0,0.004969501349289301,0.0,2,False,False,1.0,1.0,-5.41391835513622,2026-04,CatBoost-79 · M-2,historical_proxy,evaluated,2026-10-01T21:57:51.328864+00:00,2026-05-31,,,
2026-06-23,2026-06,20.0,0.008976073356402669,1.0,2,True,False,1.0,1.0,-4.822675336824503,2026-04,CatBoost-79 · M-2,historical_proxy,evaluated,2026-10-01T21:57:51.328864+00:00,2026-05-31,,,
2026-06-23,2026-06,21.0,0.0036873653840953395,1.0,2,True,False,1.0,1.0,-5.712325643084668,2026-04,CatBoost-79 · M-2,historical_proxy,evaluated,2026-10-01T21:57:51.328864+00:00,2026-05-31,,,
2026-06-24,2026-06,8.0,0.04296861233997029,0.0,2,False,False,0.0,0.0,-3.1571866614324104,2026-04,CatBoost-79 · M-2,historical_proxy,evaluated,2026-10-01T21:57:51.328864+00:00,2026-05-31,,,
2026-06-24,2026-06,9.0,0.22579766023991987,0.0,2,True,False,0.0,0.0,-1.4980172754327215,2026-04,CatBoost-79 · M-2,historical_proxy,evaluated,2026-10-01T21:57:51.328864+00:00,2026-05-31,,,
2026-06-24,2026-06,10.0,0.13008561332967025,0.0,2,False,False,0.0,0.0,-2.049463767232086,2026-04,CatBoost-79 · M-2,historical_proxy,evaluated,2026-10-01T21:57:51.328864+00:00,2026-05-31,,,
2026-06-24,2026-06,11.0,0.01989794169943065,0.0,2,False,False,0.0,0.0,-3.9270402708123417,2026-04,CatBoost-79 · M-2,historical_proxy,evaluated,2026-10-01T21:57:51.328864+00:00,2026-05-31,,,
2026-06-24,2026-06,12.0,0.3594241464005494,0.0,2,True,False,0.0,0.0,-1.0331534076008924,2026-04,CatBoost-79 · M-2,historical_proxy,evaluated,2026-10-01T21:57:51.328864+00:00,2026-05-31,,,
2026-06-24,2026-06,13.0,0.1284734124879853,0.0,2,False,False,0.0,0.0,-2.061934588785053,2026-04,CatBoost-79 · M-2,historical_proxy,evaluated,2026-10-01T21:57:51.328864+00:00,2026-05-31,,,
2026-06-24,2026-06,14.0,0.036887035656625586,0.0,2,False,True,0.0,0.0,-3.3097964129096136,2026-04,CatBoost-79 · M-2,historical_proxy,evaluated,2026-10-01T21:57:51.328864+00:00,2026-05-31,,,
2026-06-24,2026-06,15.0,0.03157408235865922,0.0,2,False,False,0.0,0.0,-3.4653199594648996,2026-04,CatBoost-79 · M-2,historical_proxy,evaluated,2026-10-01T21:57:51.328864+00:00,2026-05-31,,,
2026-06-24,2026-06,16.0,0.007478990066350572,0.0,2,False,False,0.0,0.0,-4.905558800000813,2026-04,CatBoost-79 · M-2,historical_proxy,evaluated,2026-10-01T21:57:51.328864+00:00,2026-05-31,,,
2026-06-24,2026-06,20.0,0.012048822661325407,1.0,2,True,False,0.0,0.0,-4.428689614294946,2026-04,CatBoost-79 · M-2,historical_proxy,evaluated,2026-10-01T21:57:51.328864+00:00,2026-05-31,,,
2026-06-24,2026-06,21.0,0.005363682759513399,1.0,2,True,False,0.0,0.0,-5.238005743855189,2026-04,CatBoost-79 · M-2,historical_proxy,evaluated,2026-10-01T21:57:51.328864+00:00,2026-05-31,,,
2026-06-25,2026-06,8.0,0.05220473581136392,0.0,2,False,False,1.0,1.0,-3.0545287509286485,2026-04,CatBoost-79 · M-2,historical_proxy,evaluated,2026-10-01T21:57:51.328864+00:00,2026-05-31,,,
2026-06-25,2026-06,9.0,0.19918070534806215,0.0,2,True,True,1.0,1.0,-1.7154894863009689,2026-04,CatBoost-79 · M-2,historical_proxy,evaluated,2026-10-01T21:57:51.328864+00:00,2026-05-31,,,
2026-06-25,2026-06,10.0,0.15789394274057691,0.0,2,False,False,1.0,1.0,-1.947778406896187,2026-04,CatBoost-79 · M-2,historical_proxy,evaluated,2026-10-01T21:57:51.328864+00:00,2026-05-31,,,
2026-06-25,2026-06,11.0,0.020123058532930622,0.0,2,False,False,1.0,1.0,-4.007835617819994,2026-04,CatBoost-79 · M-2,historical_proxy,evaluated,2026-10-01T21:57:51.328864+00:00,2026-05-31,,,
2026-06-25,2026-06,12.0,0.33888266607791945,0.0,2,True,False,1.0,1.0,-1.1840480363540442,2026-04,CatBoost-79 · M-2,historical_proxy,evaluated,2026-10-01T21:57:51.328864+00:00,2026-05-31,,,
2026-06-25,2026-06,13.0,0.12530859403761863,0.0,2,False,False,1.0,1.0,-2.1789225188171804,2026-04,CatBoost-79 · M-2,historical_proxy,evaluated,2026-10-01T21:57:51.328864+00:00,2026-05-31,,,
2026-06-25,2026-06,14.0,0.043389635125274544,0.0,2,False,False,1.0,1.0,-3.239481375472105,2026-04,CatBoost-79 · M-2,historical_proxy,evaluated,2026-10-01T21:57:51.328864+00:00,2026-05-31,,,
2026-06-25,2026-06,15.0,0.038376762424611646,0.0,2,False,False,1.0,1.0,-3.3622498348306444,2026-04,CatBoost-79 · M-2,historical_proxy,evaluated,2026-10-01T21:57:51.328864+00:00,2026-05-31,,,
2026-06-25,2026-06,16.0,0.009208080929766807,0.0,2,False,False,1.0,1.0,-4.789620505605596,2026-04,CatBoost-79 · M-2,historical_proxy,evaluated,2026-10-01T21:57:51.328864+00:00,2026-05-31,,,
2026-06-25,2026-06,20.0,0.010335065847915596,1.0,2,True,False,1.0,1.0,-4.674159401592941,2026-04,CatBoost-79 · M-2,historical_proxy,evaluated,2026-10-01T21:57:51.328864+00:00,2026-05-31,,,
2026-06-25,2026-06,21.0,0.005096753123959618,1.0,2,True,False,1.0,1.0,-5.381098271431048,2026-04,CatBoost-79 · M-2,historical_proxy,evaluated,2026-10-01T21:57:51.328864+00:00,2026-05-31,,,
2026-06-26,2026-06,8.0,0.049684126110195626,0.0,2,False,False,1.0,1.0,-3.0897659493134793,2026-04,CatBoost-79 · M-2,historical_proxy,evaluated,2026-10-01T21:57:51.328864+00:00,2026-05-31,,,
2026-06-26,2026-06,9.0,0.2084289619577669,0.0,2,True,False,1.0,1.0,-1.655853164088516,2026-04,CatBoost-79 · M-2,historical_proxy,evaluated,2026-10-01T21:57:51.328864+00:00,2026-05-31,,,
2026-06-26,2026-06,10.0,0.15045457043532207,0.0,2,False,False,1.0,1.0,-1.9817902561896776,2026-04,CatBoost-79 · M-2,historical_proxy,evaluated,2026-10-01T21:57:51.328864+00:00,2026-05-31,,,
2026-06-26,2026-06,11.0,0.02447575362757051,0.0,2,False,False,1.0,1.0,-3.797768457566179,2026-04,CatBoost-79 · M-2,historical_proxy,evaluated,2026-10-01T21:57:51.328864+00:00,2026-05-31,,,
2026-06-26,2026-06,12.0,0.29957551684016653,0.0,2,True,True,1.0,1.0,-1.2930849084260863,2026-04,CatBoost-79 · M-2,historical_proxy,evaluated,2026-10-01T21:57:51.328864+00:00,2026-05-31,,,
2026-06-26,2026-06,13.0,0.1509200899436424,0.0,2,False,False,1.0,1.0,-1.9787009461728917,2026-04,CatBoost-79 · M-2,historical_proxy,evaluated,2026-10-01T21:57:51.328864+00:00,2026-05-31,,,
2026-06-26,2026-06,14.0,0.057933897736044314,0.0,2,False,False,1.0,1.0,-2.9361487708428577,2026-04,CatBoost-79 · M-2,historical_proxy,evaluated,2026-10-01T21:57:51.328864+00:00,2026-05-31,,,
2026-06-26,2026-06,15.0,0.0377480877275737,0.0,2,False,False,1.0,1.0,-3.364516619049079,2026-04,CatBoost-79 · M-2,historical_proxy,evaluated,2026-10-01T21:57:51.328864+00:00,2026-05-31,,,
2026-06-26,2026-06,16.0,0.007016850713020443,0.0,2,False,False,1.0,1.0,-5.047136936237398,2026-04,CatBoost-79 · M-2,historical_proxy,evaluated,2026-10-01T21:57:51.328864+00:00,2026-05-31,,,
2026-06-26,2026-06,20.0,0.01020034730358052,1.0,2,True,False,1.0,1.0,-4.673029668156632,2026-04,CatBoost-79 · M-2,historical_proxy,evaluated,2026-10-01T21:57:51.328864+00:00,2026-05-31,,,
2026-06-26,2026-06,21.0,0.0035617976051170136,1.0,2,True,False,1.0,1.0,-5.72518607455826,2026-04,CatBoost-79 · M-2,historical_proxy,evaluated,2026-10-01T21:57:51.328864+00:00,2026-05-31,,,
2026-06-29,2026-06,8.0,0.04604818566378313,0.0,2,False,False,1.0,1.0,-2.9020204511189913,2026-04,CatBoost-79 · M-2,historical_proxy,evaluated,2026-10-01T21:57:51.328864+00:00,2026-05-31,,,
2026-06-29,2026-06,9.0,0.2458734811851695,0.0,2,True,False,1.0,1.0,-1.2268917142704487,2026-04,CatBoost-79 · M-2,historical_proxy,evaluated,2026-10-01T21:57:51.328864+00:00,2026-05-31,,,
2026-06-29,2026-06,10.0,0.17915487868917584,0.0,2,False,False,1.0,1.0,-1.5434581379712635,2026-04,CatBoost-79 · M-2,historical_proxy,evaluated,2026-10-01T21:57:51.328864+00:00,2026-05-31,,,
2026-06-29,2026-06,11.0,0.01762119920430534,0.0,2,False,False,1.0,1.0,-3.862606136317467,2026-04,CatBoost-79 · M-2,historical_proxy,evaluated,2026-10-01T21:57:51.328864+00:00,2026-05-31,,,
2026-06-29,2026-06,12.0,0.31043308652673324,0.0,2,True,True,1.0,1.0,-0.9937404379575457,2026-04,CatBoost-79 · M-2,historical_proxy,evaluated,2026-10-01T21:57:51.328864+00:00,2026-05-31,,,
2026-06-29,2026-06,13.0,0.11077179574294822,0.0,2,False,False,1.0,1.0,-2.024236622924614,2026-04,CatBoost-79 · M-2,historical_proxy,evaluated,2026-10-01T21:57:51.328864+00:00,2026-05-31,,,
2026-06-29,2026-06,14.0,0.04374700544112914,0.0,2,False,False,1.0,1.0,-2.953285650376643,2026-04,CatBoost-79 · M-2,historical_proxy,evaluated,2026-10-01T21:57:51.328864+00:00,2026-05-31,,,
2026-06-29,2026-06,15.0,0.033003559671061576,0.0,2,False,False,1.0,1.0,-3.235093389308649,2026-04,CatBoost-79 · M-2,historical_proxy,evaluated,2026-10-01T21:57:51.328864+00:00,2026-05-31,,,
2026-06-29,2026-06,16.0,0.006244539661908948,0.0,2,False,False,1.0,1.0,-4.900001385982175,2026-04,CatBoost-79 · M-2,historical_proxy,evaluated,2026-10-01T21:57:51.328864+00:00,2026-05-31,,,
2026-06-29,2026-06,20.0,0.0050176162285418885,1.0,2,True,False,1.0,1.0,-5.118753847725529,2026-04,CatBoost-79 · M-2,historical_proxy,evaluated,2026-10-01T21:57:51.328864+00:00,2026-05-31,,,
2026-06-29,2026-06,21.0,0.002084651985243146,1.0,2,True,False,1.0,1.0,-5.997106886011054,2026-04,CatBoost-79 · M-2,historical_proxy,evaluated,2026-10-01T21:57:51.328864+00:00,2026-05-31,,,
2026-06-30,2026-06,8.0,0.05460447142006287,0.0,2,False,False,1.0,1.0,-2.8580031853179,2026-04,CatBoost-79 · M-2,historical_proxy,evaluated,2026-10-01T21:57:51.328864+00:00,2026-05-31,,,
2026-06-30,2026-06,9.0,0.2046622634423627,0.0,2,True,True,1.0,1.0,-1.536757833733626,2026-04,CatBoost-79 · M-2,historical_proxy,evaluated,2026-10-01T21:57:51.328864+00:00,2026-05-31,,,
2026-06-30,2026-06,10.0,0.19685155322082498,0.0,2,False,False,1.0,1.0,-1.5756690511197737,2026-04,CatBoost-79 · M-2,historical_proxy,evaluated,2026-10-01T21:57:51.328864+00:00,2026-05-31,,,
2026-06-30,2026-06,11.0,0.02611312744347919,0.0,2,False,False,1.0,1.0,-3.5956808037898016,2026-04,CatBoost-79 · M-2,historical_proxy,evaluated,2026-10-01T21:57:51.328864+00:00,2026-05-31,,,
2026-06-30,2026-06,12.0,0.27651491036531395,0.0,2,True,False,1.0,1.0,-1.2358542139756536,2026-04,CatBoost-79 · M-2,historical_proxy,evaluated,2026-10-01T21:57:51.328864+00:00,2026-05-31,,,
2026-06-30,2026-06,13.0,0.15609138807169426,0.0,2,False,False,1.0,1.0,-1.8076773021601469,2026-04,CatBoost-79 · M-2,historical_proxy,evaluated,2026-10-01T21:57:51.328864+00:00,2026-05-31,,,
2026-06-30,2026-06,14.0,0.039950799961723876,0.0,2,False,False,1.0,1.0,-3.17047026277097,2026-04,CatBoost-79 · M-2,historical_proxy,evaluated,2026-10-01T21:57:51.328864+00:00,2026-05-31,,,
2026-06-30,2026-06,15.0,0.027467104012393873,0.0,2,False,False,1.0,1.0,-3.5451298879540825,2026-04,CatBoost-79 · M-2,historical_proxy,evaluated,2026-10-01T21:57:51.328864+00:00,2026-05-31,,,
2026-06-30,2026-06,16.0,0.0061868137137365605,0.0,2,False,False,1.0,1.0,-5.03569875206434,2026-04,CatBoost-79 · M-2,historical_proxy,evaluated,2026-10-01T21:57:51.328864+00:00,2026-05-31,,,
2026-06-30,2026-06,20.0,0.008031048354017047,1.0,2,True,False,1.0,1.0,-4.774803884746702,2026-04,CatBoost-79 · M-2,historical_proxy,evaluated,2026-10-01T21:57:51.328864+00:00,2026-05-31,,,
2026-06-30,2026-06,21.0,0.0035265199943907474,1.0,2,True,False,1.0,1.0,-5.597807411451013,2026-04,CatBoost-79 · M-2,historical_proxy,evaluated,2026-10-01T21:57:51.328864+00:00,2026-05-31,,,
2026-07-01,2026-07,8.0,0.013905680431744886,0.0,2,False,False,0.0,0.0,-4.307799850143391,2026-05,CatBoost-79 · M-2,historical_proxy,evaluated,2026-10-01T21:57:54.505129+00:00,2026-06-30,,,
2026-07-01,2026-07,9.0,0.11242597074355194,0.0,2,False,False,0.0,0.0,-2.2178023037464354,2026-05,CatBoost-79 · M-2,historical_proxy,evaluated,2026-10-01T21:57:54.505129+00:00,2026-06-30,,,
2026-07-01,2026-07,10.0,0.12579604355212298,0.0,2,False,True,0.0,0.0,-2.1054353774832135,2026-05,CatBoost-79 · M-2,historical_proxy,evaluated,2026-10-01T21:57:54.505129+00:00,2026-06-30,,,
2026-07-01,2026-07,11.0,0.031214494457830463,0.0,2,False,False,0.0,0.0,-3.499214718059706,2026-05,CatBoost-79 · M-2,historical_proxy,evaluated,2026-10-01T21:57:54.505129+00:00,2026-06-30,,,
2026-07-01,2026-07,12.0,0.383334907722111,0.0,2,True,False,0.0,0.0,-0.9911882311719824,2026-05,CatBoost-79 · M-2,historical_proxy,evaluated,2026-10-01T21:57:54.505129+00:00,2026-06-30,,,
2026-07-01,2026-07,13.0,0.18202119682182477,0.0,2,True,False,0.0,0.0,-1.7359741246047602,2026-05,CatBoost-79 · M-2,historical_proxy,evaluated,2026-10-01T21:57:54.505129+00:00,2026-06-30,,,
2026-07-01,2026-07,14.0,0.07831252842551177,0.0,2,False,False,0.0,0.0,-2.5793896753222625,2026-05,CatBoost-79 · M-2,historical_proxy,evaluated,2026-10-01T21:57:54.505129+00:00,2026-06-30,,,
2026-07-01,2026-07,15.0,0.022653367777083874,0.0,2,False,False,0.0,0.0,-3.8197887423478027,2026-05,CatBoost-79 · M-2,historical_proxy,evaluated,2026-10-01T21:57:54.505129+00:00,2026-06-30,,,
2026-07-01,2026-07,16.0,0.023918257069499977,0.0,2,False,False,0.0,0.0,-3.7654552095137035,2026-05,CatBoost-79 · M-2,historical_proxy,evaluated,2026-10-01T21:57:54.505129+00:00,2026-06-30,,,
2026-07-01,2026-07,17.0,0.013695611798659055,0.0,2,False,False,0.0,0.0,-4.323021796096174,2026-05,CatBoost-79 · M-2,historical_proxy,evaluated,2026-10-01T21:57:54.505129+00:00,2026-06-30,,,
2026-07-01,2026-07,20.0,0.008823913157556068,1.0,2,True,False,0.0,0.0,-4.76263183066988,2026-05,CatBoost-79 · M-2,historical_proxy,evaluated,2026-10-01T21:57:54.505129+00:00,2026-06-30,,,
2026-07-01,2026-07,21.0,0.0038980280425031954,1.0,2,True,False,0.0,0.0,-5.579626475819698,2026-05,CatBoost-79 · M-2,historical_proxy,evaluated,2026-10-01T21:57:54.505129+00:00,2026-06-30,,,
2026-07-02,2026-07,8.0,0.02267912764068274,0.0,2,False,False,1.0,1.0,-3.7945838174412527,2026-05,CatBoost-79 · M-2,historical_proxy,evaluated,2026-10-01T21:57:54.505129+00:00,2026-06-30,,,
2026-07-02,2026-07,9.0,0.14077563949585056,0.0,2,False,False,1.0,1.0,-1.9688614179354715,2026-05,CatBoost-79 · M-2,historical_proxy,evaluated,2026-10-01T21:57:54.505129+00:00,2026-06-30,,,
2026-07-02,2026-07,10.0,0.15685254854697925,0.0,2,False,False,1.0,1.0,-1.8607226489345057,2026-05,CatBoost-79 · M-2,historical_proxy,evaluated,2026-10-01T21:57:54.505129+00:00,2026-06-30,,,
2026-07-02,2026-07,11.0,0.02430603480886502,0.0,2,False,False,1.0,1.0,-3.725304166188802,2026-05,CatBoost-79 · M-2,historical_proxy,evaluated,2026-10-01T21:57:54.505129+00:00,2026-06-30,,,
2026-07-02,2026-07,12.0,0.34475131835487693,0.0,2,True,True,1.0,1.0,-1.0732054909906956,2026-05,CatBoost-79 · M-2,historical_proxy,evaluated,2026-10-01T21:57:54.505129+00:00,2026-06-30,,,
2026-07-02,2026-07,13.0,0.1697179346505067,0.0,2,True,False,1.0,1.0,-1.7818909806442647,2026-05,CatBoost-79 · M-2,historical_proxy,evaluated,2026-10-01T21:57:54.505129+00:00,2026-06-30,,,
2026-07-02,2026-07,14.0,0.0641629786067665,0.0,2,False,False,1.0,1.0,-2.754602444596637,2026-05,CatBoost-79 · M-2,historical_proxy,evaluated,2026-10-01T21:57:54.505129+00:00,2026-06-30,,,
2026-07-02,2026-07,15.0,0.02550070678802092,0.0,2,False,False,1.0,1.0,-3.677322662788801,2026-05,CatBoost-79 · M-2,historical_proxy,evaluated,2026-10-01T21:57:54.505129+00:00,2026-06-30,,,
2026-07-02,2026-07,16.0,0.02319668380317413,0.0,2,False,False,1.0,1.0,-3.772019502809277,2026-05,CatBoost-79 · M-2,historical_proxy,evaluated,2026-10-01T21:57:54.505129+00:00,2026-06-30,,,
2026-07-02,2026-07,17.0,0.013222735498068452,0.0,2,False,False,1.0,1.0,-4.334091097542846,2026-05,CatBoost-79 · M-2,historical_proxy,evaluated,2026-10-01T21:57:54.505129+00:00,2026-06-30,,,
2026-07-02,2026-07,20.0,0.010939744740769168,1.0,2,True,False,1.0,1.0,-4.523626367678375,2026-05,CatBoost-79 · M-2,historical_proxy,evaluated,2026-10-01T21:57:54.505129+00:00,2026-06-30,,,
2026-07-02,2026-07,21.0,0.0038945470654396046,1.0,2,True,False,1.0,1.0,-5.556451445336983,2026-05,CatBoost-79 · M-2,historical_proxy,evaluated,2026-10-01T21:57:54.505129+00:00,2026-06-30,,,
2026-07-03,2026-07,8.0,0.018121980831118798,0.0,2,False,False,1.0,1.0,-3.8854611151169673,2026-05,CatBoost-79 · M-2,historical_proxy,evaluated,2026-10-01T21:57:54.505129+00:00,2026-06-30,,,
2026-07-03,2026-07,9.0,0.17798798487138875,0.0,2,True,False,1.0,1.0,-1.6008706798564785,2026-05,CatBoost-79 · M-2,historical_proxy,evaluated,2026-10-01T21:57:54.505129+00:00,2026-06-30,,,
2026-07-03,2026-07,10.0,0.14028379905734928,0.0,2,False,False,1.0,1.0,-1.8389192202824813,2026-05,CatBoost-79 · M-2,historical_proxy,evaluated,2026-10-01T21:57:54.505129+00:00,2026-06-30,,,
2026-07-03,2026-07,11.0,0.036638895403525724,0.0,2,False,False,1.0,1.0,-3.1814763350799478,2026-05,CatBoost-79 · M-2,historical_proxy,evaluated,2026-10-01T21:57:54.505129+00:00,2026-06-30,,,
2026-07-03,2026-07,12.0,0.33831442447261784,0.0,2,True,True,1.0,1.0,-0.9586110141600536,2026-05,CatBoost-79 · M-2,historical_proxy,evaluated,2026-10-01T21:57:54.505129+00:00,2026-06-30,,,
2026-07-03,2026-07,13.0,0.15342443131751213,0.0,2,False,False,1.0,1.0,-1.7493785854624029,2026-05,CatBoost-79 · M-2,historical_proxy,evaluated,2026-10-01T21:57:54.505129+00:00,2026-06-30,,,
2026-07-03,2026-07,14.0,0.0846733268654741,0.0,2,False,False,1.0,1.0,-2.343786088125715,2026-05,CatBoost-79 · M-2,historical_proxy,evaluated,2026-10-01T21:57:54.505129+00:00,2026-06-30,,,
2026-07-03,2026-07,15.0,0.022164566069251254,0.0,2,False,False,1.0,1.0,-3.684091836437602,2026-05,CatBoost-79 · M-2,historical_proxy,evaluated,2026-10-01T21:57:54.505129+00:00,2026-06-30,,,
2026-07-03,2026-07,16.0,0.01492598237132822,0.0,2,False,False,1.0,1.0,-4.079483249510658,2026-05,CatBoost-79 · M-2,historical_proxy,evaluated,2026-10-01T21:57:54.505129+00:00,2026-06-30,,,
2026-07-03,2026-07,17.0,0.006106185570136329,0.0,2,False,False,1.0,1.0,-4.973284441856273,2026-05,CatBoost-79 · M-2,historical_proxy,evaluated,2026-10-01T21:57:54.505129+00:00,2026-06-30,,,
2026-07-03,2026-07,20.0,0.004491839879258371,1.0,2,True,False,1.0,1.0,-5.280324336664145,2026-05,CatBoost-79 · M-2,historical_proxy,evaluated,2026-10-01T21:57:54.505129+00:00,2026-06-30,,,
2026-07-03,2026-07,21.0,0.00286658329103922,1.0,2,True,False,1.0,1.0,-5.729465897500566,2026-05,CatBoost-79 · M-2,historical_proxy,evaluated,2026-10-01T21:57:54.505129+00:00,2026-06-30,,,
2026-07-06,2026-07,8.0,0.012002264265349078,0.0,2,False,False,1.0,1.0,-4.235330061825704,2026-05,CatBoost-79 · M-2,historical_proxy,evaluated,2026-10-01T21:57:54.505129+00:00,2026-06-30,,,
2026-07-06,2026-07,9.0,0.07812119715492521,0.0,2,False,False,1.0,1.0,-2.3621639521384323,2026-05,CatBoost-79 · M-2,historical_proxy,evaluated,2026-10-01T21:57:54.505129+00:00,2026-06-30,,,
2026-07-06,2026-07,10.0,0.07562632348904091,0.0,2,False,False,1.0,1.0,-2.3946209657139024,2026-05,CatBoost-79 · M-2,historical_proxy,evaluated,2026-10-01T21:57:54.505129+00:00,2026-06-30,,,
2026-07-06,2026-07,11.0,0.027848334547753626,0.0,2,False,False,1.0,1.0,-3.393652218806944,2026-05,CatBoost-79 · M-2,historical_proxy,evaluated,2026-10-01T21:57:54.505129+00:00,2026-06-30,,,
2026-07-06,2026-07,12.0,0.3798813284749296,0.0,2,True,True,1.0,1.0,-0.780566472133667,2026-05,CatBoost-79 · M-2,historical_proxy,evaluated,2026-10-01T21:57:54.505129+00:00,2026-06-30,,,
2026-07-06,2026-07,13.0,0.22643659476905728,0.0,2,True,False,1.0,1.0,-1.2979604116537242,2026-05,CatBoost-79 · M-2,historical_proxy,evaluated,2026-10-01T21:57:54.505129+00:00,2026-06-30,,,
2026-07-06,2026-07,14.0,0.12200353456395992,0.0,2,False,False,1.0,1.0,-1.9163753664439875,2026-05,CatBoost-79 · M-2,historical_proxy,evaluated,2026-10-01T21:57:54.505129+00:00,2026-06-30,,,
2026-07-06,2026-07,15.0,0.04098856556201853,0.0,2,False,False,1.0,1.0,-3.0071322435169474,2026-05,CatBoost-79 · M-2,historical_proxy,evaluated,2026-10-01T21:57:54.505129+00:00,2026-06-30,,,
2026-07-06,2026-07,16.0,0.023373275251263242,0.0,2,False,False,1.0,1.0,-3.568832096183093,2026-05,CatBoost-79 · M-2,historical_proxy,evaluated,2026-10-01T21:57:54.505129+00:00,2026-06-30,,,
2026-07-06,2026-07,17.0,0.008886775409871251,0.0,2,False,False,1.0,1.0,-4.535861119916037,2026-05,CatBoost-79 · M-2,historical_proxy,evaluated,2026-10-01T21:57:54.505129+00:00,2026-06-30,,,
2026-07-06,2026-07,20.0,0.0026939172594749265,1.0,2,True,False,1.0,1.0,-5.729429017966566,2026-05,CatBoost-79 · M-2,historical_proxy,evaluated,2026-10-01T21:57:54.505129+00:00,2026-06-30,,,
2026-07-06,2026-07,21.0,0.002137889252356445,1.0,2,True,False,1.0,1.0,-5.96060637097829,2026-05,CatBoost-79 · M-2,historical_proxy,evaluated,2026-10-01T21:57:54.505129+00:00,2026-06-30,,,
2026-07-07,2026-07,8.0,0.009557562812831452,0.0,2,False,False,0.0,0.0,-4.578669763632963,2026-05,CatBoost-79 · M-2,historical_proxy,evaluated,2026-10-01T21:57:54.505129+00:00,2026-06-30,,,
2026-07-07,2026-07,9.0,0.0894967996786413,0.0,2,False,True,0.0,0.0,-2.341799655437361,2026-05,CatBoost-79 · M-2,historical_proxy,evaluated,2026-10-01T21:57:54.505129+00:00,2026-06-30,,,
2026-07-07,2026-07,10.0,0.11238007401899967,0.0,2,False,False,0.0,0.0,-2.1141158779652436,2026-05,CatBoost-79 · M-2,historical_proxy,evaluated,2026-10-01T21:57:54.505129+00:00,2026-06-30,,,
2026-07-07,2026-07,11.0,0.02200146551315629,0.0,2,False,False,0.0,0.0,-3.7448934569242383,2026-05,CatBoost-79 · M-2,historical_proxy,evaluated,2026-10-01T21:57:54.505129+00:00,2026-06-30,,,
2026-07-07,2026-07,12.0,0.2888634470852953,0.0,2,True,False,0.0,0.0,-1.1700484472848123,2026-05,CatBoost-79 · M-2,historical_proxy,evaluated,2026-10-01T21:57:54.505129+00:00,2026-06-30,,,
2026-07-07,2026-07,13.0,0.32039344724338337,0.0,2,True,False,0.0,0.0,-1.0664527591129158,2026-05,CatBoost-79 · M-2,historical_proxy,evaluated,2026-10-01T21:57:54.505129+00:00,2026-06-30,,,
2026-07-07,2026-07,14.0,0.08443510115139391,0.0,2,False,False,0.0,0.0,-2.400019316735481,2026-05,CatBoost-79 · M-2,historical_proxy,evaluated,2026-10-01T21:57:54.505129+00:00,2026-06-30,,,
2026-07-07,2026-07,15.0,0.03263268364463901,0.0,2,False,False,0.0,0.0,-3.350688170372592,2026-05,CatBoost-79 · M-2,historical_proxy,evaluated,2026-10-01T21:57:54.505129+00:00,2026-06-30,,,
2026-07-07,2026-07,16.0,0.02295034629285818,0.0,2,False,False,0.0,0.0,-3.7026694968921574,2026-05,CatBoost-79 · M-2,historical_proxy,evaluated,2026-10-01T21:57:54.505129+00:00,2026-06-30,,,
2026-07-07,2026-07,17.0,0.010188703920176121,0.0,2,False,False,0.0,0.0,-4.514722874499972,2026-05,CatBoost-79 · M-2,historical_proxy,evaluated,2026-10-01T21:57:54.505129+00:00,2026-06-30,,,
2026-07-07,2026-07,20.0,0.0038375687194943052,1.0,2,True,False,0.0,0.0,-5.491163502185241,2026-05,CatBoost-79 · M-2,historical_proxy,evaluated,2026-10-01T21:57:54.505129+00:00,2026-06-30,,,
2026-07-07,2026-07,21.0,0.003262799919131144,1.0,2,True,False,0.0,0.0,-5.653416824639123,2026-05,CatBoost-79 · M-2,historical_proxy,evaluated,2026-10-01T21:57:54.505129+00:00,2026-06-30,,,
2026-07-08,2026-07,8.0,0.013943421611443001,0.0,2,False,False,1.0,1.0,-4.192847936320174,2026-05,CatBoost-79 · M-2,historical_proxy,evaluated,2026-10-01T21:57:54.505129+00:00,2026-06-30,,,
2026-07-08,2026-07,9.0,0.13446013102891327,0.0,2,False,False,1.0,1.0,-1.9265880327688112,2026-05,CatBoost-79 · M-2,historical_proxy,evaluated,2026-10-01T21:57:54.505129+00:00,2026-06-30,,,
2026-07-08,2026-07,10.0,0.1260861314833724,0.0,2,False,False,1.0,1.0,-1.9908905076754282,2026-05,CatBoost-79 · M-2,historical_proxy,evaluated,2026-10-01T21:57:54.505129+00:00,2026-06-30,,,
2026-07-08,2026-07,11.0,0.02391992351570614,0.0,2,False,False,1.0,1.0,-3.6531440327183042,2026-05,CatBoost-79 · M-2,historical_proxy,evaluated,2026-10-01T21:57:54.505129+00:00,2026-06-30,,,
2026-07-08,2026-07,12.0,0.38135196537586225,0.0,2,True,False,1.0,1.0,-0.8841330219623021,2026-05,CatBoost-79 · M-2,historical_proxy,evaluated,2026-10-01T21:57:54.505129+00:00,2026-06-30,,,
2026-07-08,2026-07,13.0,0.1988186889341535,0.0,2,True,True,1.0,1.0,-1.535462465764663,2026-05,CatBoost-79 · M-2,historical_proxy,evaluated,2026-10-01T21:57:54.505129+00:00,2026-06-30,,,
2026-07-08,2026-07,14.0,0.07977091740578597,0.0,2,False,False,1.0,1.0,-2.448696769798138,2026-05,CatBoost-79 · M-2,historical_proxy,evaluated,2026-10-01T21:57:54.505129+00:00,2026-06-30,,,
2026-07-08,2026-07,15.0,0.015245629132600736,0.0,2,False,False,1.0,1.0,-4.103562916575684,2026-05,CatBoost-79 · M-2,historical_proxy,evaluated,2026-10-01T21:57:54.505129+00:00,2026-06-30,,,
2026-07-08,2026-07,16.0,0.008340602206234669,0.0,2,False,False,1.0,1.0,-4.7067203435452685,2026-05,CatBoost-79 · M-2,historical_proxy,evaluated,2026-10-01T21:57:54.505129+00:00,2026-06-30,,,
2026-07-08,2026-07,17.0,0.007841160501471876,0.0,2,False,False,1.0,1.0,-4.768468917736805,2026-05,CatBoost-79 · M-2,historical_proxy,evaluated,2026-10-01T21:57:54.505129+00:00,2026-06-30,,,
2026-07-08,2026-07,20.0,0.007785515198579519,1.0,2,True,False,1.0,1.0,-4.775590782829402,2026-05,CatBoost-79 · M-2,historical_proxy,evaluated,2026-10-01T21:57:54.505129+00:00,2026-06-30,,,
2026-07-08,2026-07,21.0,0.0024359136058766787,1.0,2,True,False,1.0,1.0,-5.937533880640833,2026-05,CatBoost-79 · M-2,historical_proxy,evaluated,2026-10-01T21:57:54.505129+00:00,2026-06-30,,,
2026-07-09,2026-07,8.0,0.016725601620312627,0.0,2,False,False,1.0,1.0,-3.940680092259524,2026-05,CatBoost-79 · M-2,historical_proxy,evaluated,2026-10-01T21:57:54.505129+00:00,2026-06-30,,,
2026-07-09,2026-07,9.0,0.164437875413761,0.0,2,False,False,1.0,1.0,-1.655087827130168,2026-05,CatBoost-79 · M-2,historical_proxy,evaluated,2026-10-01T21:57:54.505129+00:00,2026-06-30,,,
2026-07-09,2026-07,10.0,0.14591178599738386,0.0,2,False,False,1.0,1.0,-1.7746184353407384,2026-05,CatBoost-79 · M-2,historical_proxy,evaluated,2026-10-01T21:57:54.505129+00:00,2026-06-30,,,
2026-07-09,2026-07,11.0,0.01833764431656497,0.0,2,False,False,1.0,1.0,-3.84866465548388,2026-05,CatBoost-79 · M-2,historical_proxy,evaluated,2026-10-01T21:57:54.505129+00:00,2026-06-30,,,
2026-07-09,2026-07,12.0,0.38091503676911564,0.0,2,True,True,1.0,1.0,-0.8150443192936314,2026-05,CatBoost-79 · M-2,historical_proxy,evaluated,2026-10-01T21:57:54.505129+00:00,2026-06-30,,,
2026-07-09,2026-07,13.0,0.16553889673407784,0.0,2,True,False,1.0,1.0,-1.6484144761595207,2026-05,CatBoost-79 · M-2,historical_proxy,evaluated,2026-10-01T21:57:54.505129+00:00,2026-06-30,,,
2026-07-09,2026-07,14.0,0.0660133663482523,0.0,2,False,False,1.0,1.0,-2.5677634269960072,2026-05,CatBoost-79 · M-2,historical_proxy,evaluated,2026-10-01T21:57:54.505129+00:00,2026-06-30,,,
2026-07-09,2026-07,15.0,0.020562049616754844,0.0,2,False,False,1.0,1.0,-3.7341735437968335,2026-05,CatBoost-79 · M-2,historical_proxy,evaluated,2026-10-01T21:57:54.505129+00:00,2026-06-30,,,
2026-07-09,2026-07,16.0,0.009428945695190389,0.0,2,False,False,1.0,1.0,-4.5138363818182805,2026-05,CatBoost-79 · M-2,historical_proxy,evaluated,2026-10-01T21:57:54.505129+00:00,2026-06-30,,,
2026-07-09,2026-07,17.0,0.004557655070490782,0.0,2,False,False,1.0,1.0,-5.240812416613354,2026-05,CatBoost-79 · M-2,historical_proxy,evaluated,2026-10-01T21:57:54.505129+00:00,2026-06-30,,,
2026-07-09,2026-07,20.0,0.005095020021336251,1.0,2,True,False,1.0,1.0,-5.129357072674278,2026-05,CatBoost-79 · M-2,historical_proxy,evaluated,2026-10-01T21:57:54.505129+00:00,2026-06-30,,,
2026-07-09,2026-07,21.0,0.002476122396759435,1.0,2,True,False,1.0,1.0,-5.850926882082339,2026-05,CatBoost-79 · M-2,historical_proxy,evaluated,2026-10-01T21:57:54.505129+00:00,2026-06-30,,,
2026-07-10,2026-07,8.0,0.01665529689772992,0.0,2,False,False,0.0,0.0,-3.8082396903531555,2026-05,CatBoost-79 · M-2,historical_proxy,evaluated,2026-10-01T21:57:54.505129+00:00,2026-06-30,,,
2026-07-10,2026-07,9.0,0.12344758374628155,0.0,2,False,False,0.0,0.0,-1.8051513453141257,2026-05,CatBoost-79 · M-2,historical_proxy,evaluated,2026-10-01T21:57:54.505129+00:00,2026-06-30,,,
2026-07-10,2026-07,10.0,0.09002557839745465,0.0,2,False,False,0.0,0.0,-2.120874153814143,2026-05,CatBoost-79 · M-2,historical_proxy,evaluated,2026-10-01T21:57:54.505129+00:00,2026-06-30,,,
2026-07-10,2026-07,11.0,0.018298116488997086,0.0,2,False,False,0.0,0.0,-3.7141698577303393,2026-05,CatBoost-79 · M-2,historical_proxy,evaluated,2026-10-01T21:57:54.505129+00:00,2026-06-30,,,
2026-07-10,2026-07,12.0,0.34624990749369566,0.0,2,True,False,0.0,0.0,-0.7738071978468555,2026-05,CatBoost-79 · M-2,historical_proxy,evaluated,2026-10-01T21:57:54.505129+00:00,2026-06-30,,,
2026-07-10,2026-07,13.0,0.19815890681359488,0.0,2,True,False,0.0,0.0,-1.3318987197017915,2026-05,CatBoost-79 · M-2,historical_proxy,evaluated,2026-10-01T21:57:54.505129+00:00,2026-06-30,,,
2026-07-10,2026-07,14.0,0.1307308442084216,0.0,2,False,True,0.0,0.0,-1.747827402980474,2026-05,CatBoost-79 · M-2,historical_proxy,evaluated,2026-10-01T21:57:54.505129+00:00,2026-06-30,,,
2026-07-10,2026-07,15.0,0.03657346722512947,0.0,2,False,False,0.0,0.0,-3.0216449498744264,2026-05,CatBoost-79 · M-2,historical_proxy,evaluated,2026-10-01T21:57:54.505129+00:00,2026-06-30,,,
2026-07-10,2026-07,16.0,0.020083075220746243,0.0,2,False,False,0.0,0.0,-3.6210905566411054,2026-05,CatBoost-79 · M-2,historical_proxy,evaluated,2026-10-01T21:57:54.505129+00:00,2026-06-30,,,
2026-07-10,2026-07,17.0,0.00862263190941654,0.0,2,False,False,0.0,0.0,-4.4665776241906245,2026-05,CatBoost-79 · M-2,historical_proxy,evaluated,2026-10-01T21:57:54.505129+00:00,2026-06-30,,,
2026-07-10,2026-07,20.0,0.008854114347549215,1.0,2,True,False,0.0,0.0,-4.440085739165755,2026-05,CatBoost-79 · M-2,historical_proxy,evaluated,2026-10-01T21:57:54.505129+00:00,2026-06-30,,,
2026-07-10,2026-07,21.0,0.002300477250983171,1.0,2,True,False,0.0,0.0,-5.787851386344812,2026-05,CatBoost-79 · M-2,historical_proxy,evaluated,2026-10-01T21:57:54.505129+00:00,2026-06-30,,,
2026-07-13,2026-07,8.0,0.025785754709516096,0.0,2,False,False,0.0,0.0,-3.596749209432381,2026-05,CatBoost-79 · M-2,historical_proxy,evaluated,2026-10-01T21:57:54.505129+00:00,2026-06-30,,,
2026-07-13,2026-07,9.0,0.21642957912150063,0.0,2,True,False,0.0,0.0,-1.4693061809465888,2026-05,CatBoost-79 · M-2,historical_proxy,evaluated,2026-10-01T21:57:54.505129+00:00,2026-06-30,,,
2026-07-13,2026-07,10.0,0.08743372668888792,0.0,2,False,False,0.0,0.0,-2.3756903087164405,2026-05,CatBoost-79 · M-2,historical_proxy,evaluated,2026-10-01T21:57:54.505129+00:00,2026-06-30,,,
2026-07-13,2026-07,11.0,0.017915769806389276,0.0,2,False,False,0.0,0.0,-3.960890086061894,2026-05,CatBoost-79 · M-2,historical_proxy,evaluated,2026-10-01T21:57:54.505129+00:00,2026-06-30,,,
2026-07-13,2026-07,12.0,0.28801580967100304,0.0,2,True,False,0.0,0.0,-1.1835560325105692,2026-05,CatBoost-79 · M-2,historical_proxy,evaluated,2026-10-01T21:57:54.505129+00:00,2026-06-30,,,
2026-07-13,2026-07,13.0,0.2010505253838588,0.0,2,False,True,0.0,0.0,-1.5430151592909767,2026-05,CatBoost-79 · M-2,historical_proxy,evaluated,2026-10-01T21:57:54.505129+00:00,2026-06-30,,,
2026-07-13,2026-07,14.0,0.08860730313302151,0.0,2,False,False,0.0,0.0,-2.3623571234788763,2026-05,CatBoost-79 · M-2,historical_proxy,evaluated,2026-10-01T21:57:54.505129+00:00,2026-06-30,,,
2026-07-13,2026-07,15.0,0.03884310473206595,0.0,2,False,False,0.0,0.0,-3.187040829143505,2026-05,CatBoost-79 · M-2,historical_proxy,evaluated,2026-10-01T21:57:54.505129+00:00,2026-06-30,,,
2026-07-13,2026-07,16.0,0.016316184414402652,0.0,2,False,False,0.0,0.0,-4.054413881767016,2026-05,CatBoost-79 · M-2,historical_proxy,evaluated,2026-10-01T21:57:54.505129+00:00,2026-06-30,,,
2026-07-13,2026-07,17.0,0.010013552887689202,0.0,2,False,False,0.0,0.0,-4.542631941642738,2026-05,CatBoost-79 · M-2,historical_proxy,evaluated,2026-10-01T21:57:54.505129+00:00,2026-06-30,,,
2026-07-13,2026-07,20.0,0.006736074255423235,1.0,2,True,False,0.0,0.0,-4.939094105284229,2026-05,CatBoost-79 · M-2,historical_proxy,evaluated,2026-10-01T21:57:54.505129+00:00,2026-06-30,,,
2026-07-13,2026-07,21.0,0.0028526151962416694,1.0,2,True,False,0.0,0.0,-5.798335219583084,2026-05,CatBoost-79 · M-2,historical_proxy,evaluated,2026-10-01T21:57:54.505129+00:00,2026-06-30,,,
2026-07-14,2026-07,8.0,0.011017710989516767,0.0,2,False,False,1.0,1.0,-4.2854846755626905,2026-05,CatBoost-79 · M-2,historical_proxy,evaluated,2026-10-01T21:57:54.505129+00:00,2026-06-30,,,
2026-07-14,2026-07,9.0,0.15830109439682477,0.0,2,False,False,1.0,1.0,-1.6204898632134717,2026-05,CatBoost-79 · M-2,historical_proxy,evaluated,2026-10-01T21:57:54.505129+00:00,2026-06-30,,,
2026-07-14,2026-07,10.0,0.15706180519747928,0.0,2,False,False,1.0,1.0,-1.6283493519506427,2026-05,CatBoost-79 · M-2,historical_proxy,evaluated,2026-10-01T21:57:54.505129+00:00,2026-06-30,,,
2026-07-14,2026-07,11.0,0.027889518459753813,0.0,2,False,False,1.0,1.0,-3.3567378077170558,2026-05,CatBoost-79 · M-2,historical_proxy,evaluated,2026-10-01T21:57:54.505129+00:00,2026-06-30,,,
2026-07-14,2026-07,12.0,0.352546622662928,0.0,2,True,True,1.0,1.0,-0.8198058671320312,2026-05,CatBoost-79 · M-2,historical_proxy,evaluated,2026-10-01T21:57:54.505129+00:00,2026-06-30,,,
2026-07-14,2026-07,13.0,0.18573735660516316,0.0,2,True,False,1.0,1.0,-1.4606551289593195,2026-05,CatBoost-79 · M-2,historical_proxy,evaluated,2026-10-01T21:57:54.505129+00:00,2026-06-30,,,
2026-07-14,2026-07,14.0,0.06725357417468279,0.0,2,False,False,1.0,1.0,-2.476518578863354,2026-05,CatBoost-79 · M-2,historical_proxy,evaluated,2026-10-01T21:57:54.505129+00:00,2026-06-30,,,
2026-07-14,2026-07,15.0,0.0226698914002859,0.0,2,False,False,1.0,1.0,-3.563951069463361,2026-05,CatBoost-79 · M-2,historical_proxy,evaluated,2026-10-01T21:57:54.505129+00:00,2026-06-30,,,
2026-07-14,2026-07,16.0,0.0070197745977174705,0.0,2,False,False,1.0,1.0,-4.736257634576973,2026-05,CatBoost-79 · M-2,historical_proxy,evaluated,2026-10-01T21:57:54.505129+00:00,2026-06-30,,,
2026-07-14,2026-07,17.0,0.004312596074221568,0.0,2,False,False,1.0,1.0,-5.223448683322258,2026-05,CatBoost-79 · M-2,historical_proxy,evaluated,2026-10-01T21:57:54.505129+00:00,2026-06-30,,,
2026-07-14,2026-07,20.0,0.0038112757700068368,1.0,2,True,False,1.0,1.0,-5.347024762651517,2026-05,CatBoost-79 · M-2,historical_proxy,evaluated,2026-10-01T21:57:54.505129+00:00,2026-06-30,,,
2026-07-14,2026-07,21.0,0.0023787796714196457,1.0,2,True,False,1.0,1.0,-5.818401130427247,2026-05,CatBoost-79 · M-2,historical_proxy,evaluated,2026-10-01T21:57:54.505129+00:00,2026-06-30,,,
2026-07-15,2026-07,8.0,0.014150015441945732,0.0,2,False,False,1.0,1.0,-4.23005905104904,2026-05,CatBoost-79 · M-2,historical_proxy,evaluated,2026-10-01T21:57:54.505129+00:00,2026-06-30,,,
2026-07-15,2026-07,9.0,0.12868423039222507,0.0,2,False,False,1.0,1.0,-2.0224131893215476,2026-05,CatBoost-79 · M-2,historical_proxy,evaluated,2026-10-01T21:57:54.505129+00:00,2026-06-30,,,
2026-07-15,2026-07,10.0,0.10837027068563625,0.0,2,False,False,1.0,1.0,-2.1942209707182565,2026-05,CatBoost-79 · M-2,historical_proxy,evaluated,2026-10-01T21:57:54.505129+00:00,2026-06-30,,,
2026-07-15,2026-07,11.0,0.024147195893929087,0.0,2,False,False,1.0,1.0,-3.695606505136847,2026-05,CatBoost-79 · M-2,historical_proxy,evaluated,2026-10-01T21:57:54.505129+00:00,2026-06-30,,,
2026-07-15,2026-07,12.0,0.3888422101915893,0.0,2,True,True,1.0,1.0,-0.9166011344401935,2026-05,CatBoost-79 · M-2,historical_proxy,evaluated,2026-10-01T21:57:54.505129+00:00,2026-06-30,,,
2026-07-15,2026-07,13.0,0.19562097637503606,0.0,2,True,False,1.0,1.0,-1.6035957734093182,2026-05,CatBoost-79 · M-2,historical_proxy,evaluated,2026-10-01T21:57:54.505129+00:00,2026-06-30,,,
2026-07-15,2026-07,14.0,0.08110140423887158,0.0,2,False,False,1.0,1.0,-2.4840744905638728,2026-05,CatBoost-79 · M-2,historical_proxy,evaluated,2026-10-01T21:57:54.505129+00:00,2026-06-30,,,
2026-07-15,2026-07,15.0,0.02675897033215349,0.0,2,False,False,1.0,1.0,-3.5929050097932347,2026-05,CatBoost-79 · M-2,historical_proxy,evaluated,2026-10-01T21:57:54.505129+00:00,2026-06-30,,,
2026-07-15,2026-07,16.0,0.014780643262370621,0.0,2,False,False,1.0,1.0,-4.186456329380434,2026-05,CatBoost-79 · M-2,historical_proxy,evaluated,2026-10-01T21:57:54.505129+00:00,2026-06-30,,,
2026-07-15,2026-07,17.0,0.006879737191746735,0.0,2,False,False,1.0,1.0,-4.951194314099641,2026-05,CatBoost-79 · M-2,historical_proxy,evaluated,2026-10-01T21:57:54.505129+00:00,2026-06-30,,,
2026-07-15,2026-07,20.0,0.0069888782229495195,1.0,2,True,False,1.0,1.0,-4.935454706200315,2026-05,CatBoost-79 · M-2,historical_proxy,evaluated,2026-10-01T21:57:54.505129+00:00,2026-06-30,,,
2026-07-15,2026-07,21.0,0.003675467771546506,1.0,2,True,False,1.0,1.0,-5.578094357101937,2026-05,CatBoost-79 · M-2,historical_proxy,evaluated,2026-10-01T21:57:54.505129+00:00,2026-06-30,,,
2026-07-16,2026-07,8.0,0.015832440975303067,0.0,2,False,False,0.0,0.0,-4.13178704147764,2026-05,CatBoost-79 · M-2,historical_proxy,evaluated,2026-10-01T21:57:54.505129+00:00,2026-06-30,,,
2026-07-16,2026-07,9.0,0.1665855643234463,0.0,2,False,False,0.0,0.0,-1.7783390255476137,2026-05,CatBoost-79 · M-2,historical_proxy,evaluated,2026-10-01T21:57:54.505129+00:00,2026-06-30,,,
2026-07-16,2026-07,10.0,0.12196366743922488,0.0,2,False,False,0.0,0.0,-2.09012491030285,2026-05,CatBoost-79 · M-2,historical_proxy,evaluated,2026-10-01T21:57:54.505129+00:00,2026-06-30,,,
2026-07-16,2026-07,11.0,0.020613058965248007,0.0,2,False,False,0.0,0.0,-3.867923297508916,2026-05,CatBoost-79 · M-2,historical_proxy,evaluated,2026-10-01T21:57:54.505129+00:00,2026-06-30,,,
2026-07-16,2026-07,12.0,0.30635852090997145,0.0,2,True,False,0.0,0.0,-1.1690920497251969,2026-05,CatBoost-79 · M-2,historical_proxy,evaluated,2026-10-01T21:57:54.505129+00:00,2026-06-30,,,
2026-07-16,2026-07,13.0,0.20091457166445145,0.0,2,True,False,0.0,0.0,-1.5909683016881748,2026-05,CatBoost-79 · M-2,historical_proxy,evaluated,2026-10-01T21:57:54.505129+00:00,2026-06-30,,,
2026-07-16,2026-07,14.0,0.08889747351358739,0.0,2,False,True,0.0,0.0,-2.406364380111024,2026-05,CatBoost-79 · M-2,historical_proxy,evaluated,2026-10-01T21:57:54.505129+00:00,2026-06-30,,,
2026-07-16,2026-07,15.0,0.03443859808846725,0.0,2,False,False,0.0,0.0,-3.354670129986085,2026-05,CatBoost-79 · M-2,historical_proxy,evaluated,2026-10-01T21:57:54.505129+00:00,2026-06-30,,,
2026-07-16,2026-07,16.0,0.0221634735714173,0.0,2,False,False,0.0,0.0,-3.795402503599489,2026-05,CatBoost-79 · M-2,historical_proxy,evaluated,2026-10-01T21:57:54.505129+00:00,2026-06-30,,,
2026-07-16,2026-07,17.0,0.009372698874457318,0.0,2,False,False,0.0,0.0,-4.656047014470688,2026-05,CatBoost-79 · M-2,historical_proxy,evaluated,2026-10-01T21:57:54.505129+00:00,2026-06-30,,,
2026-07-16,2026-07,20.0,0.008579832250518178,1.0,2,True,False,0.0,0.0,-4.744433740720243,2026-05,CatBoost-79 · M-2,historical_proxy,evaluated,2026-10-01T21:57:54.505129+00:00,2026-06-30,,,
2026-07-16,2026-07,21.0,0.0042800994239074195,1.0,2,True,False,0.0,0.0,-5.439871863598523,2026-05,CatBoost-79 · M-2,historical_proxy,evaluated,2026-10-01T21:57:54.505129+00:00,2026-06-30,,,
2026-07-17,2026-07,8.0,0.023514910596338538,0.0,2,False,False,0.0,0.0,-3.735493941325829,2026-05,CatBoost-79 · M-2,historical_proxy,evaluated,2026-10-01T21:57:54.505129+00:00,2026-06-30,,,
2026-07-17,2026-07,9.0,0.18047397085966255,0.0,2,True,False,0.0,0.0,-1.6975420931206429,2026-05,CatBoost-79 · M-2,historical_proxy,evaluated,2026-10-01T21:57:54.505129+00:00,2026-06-30,,,
2026-07-17,2026-07,10.0,0.14549912700018194,0.0,2,False,True,0.0,0.0,-1.9129585681364878,2026-05,CatBoost-79 · M-2,historical_proxy,evaluated,2026-10-01T21:57:54.505129+00:00,2026-06-30,,,
2026-07-17,2026-07,11.0,0.03805834684611201,0.0,2,False,False,0.0,0.0,-3.254008229273996,2026-05,CatBoost-79 · M-2,historical_proxy,evaluated,2026-10-01T21:57:54.505129+00:00,2026-06-30,,,
2026-07-17,2026-07,12.0,0.28248382717010545,0.0,2,True,False,0.0,0.0,-1.2495073547389526,2026-05,CatBoost-79 · M-2,historical_proxy,evaluated,2026-10-01T21:57:54.505129+00:00,2026-06-30,,,
2026-07-17,2026-07,13.0,0.15272637412262524,0.0,2,False,False,0.0,0.0,-1.8644807388705666,2026-05,CatBoost-79 · M-2,historical_proxy,evaluated,2026-10-01T21:57:54.505129+00:00,2026-06-30,,,
2026-07-17,2026-07,14.0,0.1209876355261841,0.0,2,False,False,0.0,0.0,-2.0974403000898776,2026-05,CatBoost-79 · M-2,historical_proxy,evaluated,2026-10-01T21:57:54.505129+00:00,2026-06-30,,,
2026-07-17,2026-07,15.0,0.02700694331353366,0.0,2,False,False,0.0,0.0,-3.597034662026354,2026-05,CatBoost-79 · M-2,historical_proxy,evaluated,2026-10-01T21:57:54.505129+00:00,2026-06-30,,,
2026-07-17,2026-07,16.0,0.016402394810554135,0.0,2,False,False,0.0,0.0,-4.095701305527961,2026-05,CatBoost-79 · M-2,historical_proxy,evaluated,2026-10-01T21:57:54.505129+00:00,2026-06-30,,,
2026-07-17,2026-07,17.0,0.005952787300708796,0.0,2,False,False,0.0,0.0,-5.109269090963382,2026-05,CatBoost-79 · M-2,historical_proxy,evaluated,2026-10-01T21:57:54.505129+00:00,2026-06-30,,,
2026-07-17,2026-07,20.0,0.003951560027591417,1.0,2,True,False,0.0,0.0,-5.519018210093957,2026-05,CatBoost-79 · M-2,historical_proxy,evaluated,2026-10-01T21:57:54.505129+00:00,2026-06-30,,,
2026-07-17,2026-07,21.0,0.002942122426402113,1.0,2,True,False,0.0,0.0,-5.813997420092862,2026-05,CatBoost-79 · M-2,historical_proxy,evaluated,2026-10-01T21:57:54.505129+00:00,2026-06-30,,,
2026-07-20,2026-07,8.0,0.015094759736241095,0.0,2,False,False,0.0,0.0,-4.215058164019212,2026-05,CatBoost-79 · M-2,historical_proxy,evaluated,2026-10-01T21:57:54.505129+00:00,2026-06-30,,,
2026-07-20,2026-07,9.0,0.1244108511431642,0.0,2,False,False,0.0,0.0,-2.1058164059337803,2026-05,CatBoost-79 · M-2,historical_proxy,evaluated,2026-10-01T21:57:54.505129+00:00,2026-06-30,,,
2026-07-20,2026-07,10.0,0.10550659114035013,0.0,2,False,True,0.0,0.0,-2.2706323840450677,2026-05,CatBoost-79 · M-2,historical_proxy,evaluated,2026-10-01T21:57:54.505129+00:00,2026-06-30,,,
2026-07-20,2026-07,11.0,0.025136818655995267,0.0,2,False,False,0.0,0.0,-3.705072160226666,2026-05,CatBoost-79 · M-2,historical_proxy,evaluated,2026-10-01T21:57:54.505129+00:00,2026-06-30,,,
2026-07-20,2026-07,12.0,0.35680646872073973,0.0,2,True,False,0.0,0.0,-1.052212279909461,2026-05,CatBoost-79 · M-2,historical_proxy,evaluated,2026-10-01T21:57:54.505129+00:00,2026-06-30,,,
2026-07-20,2026-07,13.0,0.18489153222917734,0.0,2,True,False,0.0,0.0,-1.7096364694183208,2026-05,CatBoost-79 · M-2,historical_proxy,evaluated,2026-10-01T21:57:54.505129+00:00,2026-06-30,,,
2026-07-20,2026-07,14.0,0.10792998081310204,0.0,2,False,False,0.0,0.0,-2.247923119208119,2026-05,CatBoost-79 · M-2,historical_proxy,evaluated,2026-10-01T21:57:54.505129+00:00,2026-06-30,,,
2026-07-20,2026-07,15.0,0.0338505202693587,0.0,2,False,False,0.0,0.0,-3.407451441185389,2026-05,CatBoost-79 · M-2,historical_proxy,evaluated,2026-10-01T21:57:54.505129+00:00,2026-06-30,,,
2026-07-20,2026-07,16.0,0.025322992810435666,0.0,2,False,False,0.0,0.0,-3.6976930205184204,2026-05,CatBoost-79 · M-2,historical_proxy,evaluated,2026-10-01T21:57:54.505129+00:00,2026-06-30,,,
2026-07-20,2026-07,17.0,0.010652907319428721,0.0,2,False,False,0.0,0.0,-4.563572967632826,2026-05,CatBoost-79 · M-2,historical_proxy,evaluated,2026-10-01T21:57:54.505129+00:00,2026-06-30,,,
2026-07-20,2026-07,20.0,0.007056217721512958,1.0,2,True,False,0.0,0.0,-4.9754966358217345,2026-05,CatBoost-79 · M-2,historical_proxy,evaluated,2026-10-01T21:57:54.505129+00:00,2026-06-30,,,
2026-07-20,2026-07,21.0,0.003340359440494126,1.0,2,True,False,0.0,0.0,-5.7233273921609396,2026-05,CatBoost-79 · M-2,historical_proxy,evaluated,2026-10-01T21:57:54.505129+00:00,2026-06-30,,,
2026-07-21,2026-07,8.0,0.014278954801192727,0.0,2,False,False,1.0,1.0,-4.051475126588047,2026-05,CatBoost-79 · M-2,historical_proxy,evaluated,2026-10-01T21:57:54.505129+00:00,2026-06-30,,,
2026-07-21,2026-07,9.0,0.09034908285559341,0.0,2,False,False,1.0,1.0,-2.206581021657459,2026-05,CatBoost-79 · M-2,historical_proxy,evaluated,2026-10-01T21:57:54.505129+00:00,2026-06-30,,,
2026-07-21,2026-07,10.0,0.06617750663498044,0.0,2,False,False,1.0,1.0,-2.51792126134971,2026-05,CatBoost-79 · M-2,historical_proxy,evaluated,2026-10-01T21:57:54.505129+00:00,2026-06-30,,,
2026-07-21,2026-07,11.0,0.018241998154804904,0.0,2,False,False,1.0,1.0,-3.806535361019905,2026-05,CatBoost-79 · M-2,historical_proxy,evaluated,2026-10-01T21:57:54.505129+00:00,2026-06-30,,,
2026-07-21,2026-07,12.0,0.4087929418020207,0.0,2,True,True,1.0,1.0,-0.6970531145371386,2026-05,CatBoost-79 · M-2,historical_proxy,evaluated,2026-10-01T21:57:54.505129+00:00,2026-06-30,,,
2026-07-21,2026-07,13.0,0.21724036622655907,0.0,2,True,False,1.0,1.0,-1.329257468646223,2026-05,CatBoost-79 · M-2,historical_proxy,evaluated,2026-10-01T21:57:54.505129+00:00,2026-06-30,,,
2026-07-21,2026-07,14.0,0.11754826018768479,0.0,2,False,False,1.0,1.0,-1.9434129133655844,2026-05,CatBoost-79 · M-2,historical_proxy,evaluated,2026-10-01T21:57:54.505129+00:00,2026-06-30,,,
2026-07-21,2026-07,15.0,0.03425805395153464,0.0,2,False,False,1.0,1.0,-3.1763401986929547,2026-05,CatBoost-79 · M-2,historical_proxy,evaluated,2026-10-01T21:57:54.505129+00:00,2026-06-30,,,
2026-07-21,2026-07,16.0,0.015135381563882605,0.0,2,False,False,1.0,1.0,-3.9932267347751376,2026-05,CatBoost-79 · M-2,historical_proxy,evaluated,2026-10-01T21:57:54.505129+00:00,2026-06-30,,,
2026-07-21,2026-07,17.0,0.0076590423800546184,0.0,2,False,False,1.0,1.0,-4.674374927348221,2026-05,CatBoost-79 · M-2,historical_proxy,evaluated,2026-10-01T21:57:54.505129+00:00,2026-06-30,,,
2026-07-21,2026-07,20.0,0.007158413355198648,1.0,2,True,False,1.0,1.0,-4.741973529646896,2026-05,CatBoost-79 · M-2,historical_proxy,evaluated,2026-10-01T21:57:54.505129+00:00,2026-06-30,,,
2026-07-21,2026-07,21.0,0.0031599980864934012,1.0,2,True,False,1.0,1.0,-5.559690465568371,2026-05,CatBoost-79 · M-2,historical_proxy,evaluated,2026-10-01T21:57:54.505129+00:00,2026-06-30,,,
2026-07-22,2026-07,8.0,0.011252751643887268,0.0,2,False,False,1.0,1.0,-4.306835870043681,2026-05,CatBoost-79 · M-2,historical_proxy,evaluated,2026-10-01T21:57:54.505129+00:00,2026-06-30,,,
2026-07-22,2026-07,9.0,0.0682859454674892,0.0,2,False,False,1.0,1.0,-2.5037445904168956,2026-05,CatBoost-79 · M-2,historical_proxy,evaluated,2026-10-01T21:57:54.505129+00:00,2026-06-30,,,
2026-07-22,2026-07,10.0,0.07608218719642587,0.0,2,False,False,1.0,1.0,-2.3956343928919552,2026-05,CatBoost-79 · M-2,historical_proxy,evaluated,2026-10-01T21:57:54.505129+00:00,2026-06-30,,,
2026-07-22,2026-07,11.0,0.020392809711381927,0.0,2,False,False,1.0,1.0,-3.7122661857630703,2026-05,CatBoost-79 · M-2,historical_proxy,evaluated,2026-10-01T21:57:54.505129+00:00,2026-06-30,,,
2026-07-22,2026-07,12.0,0.41864509930245036,0.0,2,True,False,1.0,1.0,-0.6904250167263248,2026-05,CatBoost-79 · M-2,historical_proxy,evaluated,2026-10-01T21:57:54.505129+00:00,2026-06-30,,,
2026-07-22,2026-07,13.0,0.20880014236354633,0.0,2,True,True,1.0,1.0,-1.3860710215284695,2026-05,CatBoost-79 · M-2,historical_proxy,evaluated,2026-10-01T21:57:54.505129+00:00,2026-06-30,,,
2026-07-22,2026-07,14.0,0.12447594373500903,0.0,2,False,False,1.0,1.0,-1.9033360851316559,2026-05,CatBoost-79 · M-2,historical_proxy,evaluated,2026-10-01T21:57:54.505129+00:00,2026-06-30,,,
2026-07-22,2026-07,15.0,0.031127048216209253,0.0,2,False,False,1.0,1.0,-3.28937140059146,2026-05,CatBoost-79 · M-2,historical_proxy,evaluated,2026-10-01T21:57:54.505129+00:00,2026-06-30,,,
2026-07-22,2026-07,16.0,0.018555669144035614,0.0,2,False,False,1.0,1.0,-3.8066732027578185,2026-05,CatBoost-79 · M-2,historical_proxy,evaluated,2026-10-01T21:57:54.505129+00:00,2026-06-30,,,
2026-07-22,2026-07,17.0,0.012953878920830279,0.0,2,False,False,1.0,1.0,-4.166053285493204,2026-05,CatBoost-79 · M-2,historical_proxy,evaluated,2026-10-01T21:57:54.505129+00:00,2026-06-30,,,
2026-07-22,2026-07,20.0,0.006645976914041925,1.0,2,True,False,1.0,1.0,-4.833436863090165,2026-05,CatBoost-79 · M-2,historical_proxy,evaluated,2026-10-01T21:57:54.505129+00:00,2026-06-30,,,
2026-07-22,2026-07,21.0,0.002782547384692808,1.0,2,True,False,1.0,1.0,-5.704081725792715,2026-05,CatBoost-79 · M-2,historical_proxy,evaluated,2026-10-01T21:57:54.505129+00:00,2026-06-30,,,
2026-07-23,2026-07,8.0,0.008436019971631561,0.0,2,False,False,1.0,1.0,-4.58980056108366,2026-05,CatBoost-79 · M-2,historical_proxy,evaluated,2026-10-01T21:57:54.505129+00:00,2026-06-30,,,
2026-07-23,2026-07,9.0,0.08378112478367467,0.0,2,False,False,1.0,1.0,-2.294103450253961,2026-05,CatBoost-79 · M-2,historical_proxy,evaluated,2026-10-01T21:57:54.505129+00:00,2026-06-30,,,
2026-07-23,2026-07,10.0,0.0796534598414312,0.0,2,False,False,1.0,1.0,-2.3446257176543948,2026-05,CatBoost-79 · M-2,historical_proxy,evaluated,2026-10-01T21:57:54.505129+00:00,2026-06-30,,,
2026-07-23,2026-07,11.0,0.02925292114604256,0.0,2,False,False,1.0,1.0,-3.346331754194311,2026-05,CatBoost-79 · M-2,historical_proxy,evaluated,2026-10-01T21:57:54.505129+00:00,2026-06-30,,,
2026-07-23,2026-07,12.0,0.40823722765002185,0.0,2,True,False,1.0,1.0,-0.7104627453745321,2026-05,CatBoost-79 · M-2,historical_proxy,evaluated,2026-10-01T21:57:54.505129+00:00,2026-06-30,,,
2026-07-23,2026-07,13.0,0.23497828909273663,0.0,2,True,True,1.0,1.0,-1.2628180680896337,2026-05,CatBoost-79 · M-2,historical_proxy,evaluated,2026-10-01T21:57:54.505129+00:00,2026-06-30,,,
2026-07-23,2026-07,14.0,0.10325092252951469,0.0,2,False,False,1.0,1.0,-2.085149024414667,2026-05,CatBoost-79 · M-2,historical_proxy,evaluated,2026-10-01T21:57:54.505129+00:00,2026-06-30,,,
2026-07-23,2026-07,15.0,0.017309008269353235,0.0,2,False,False,1.0,1.0,-3.8710841159335425,2026-05,CatBoost-79 · M-2,historical_proxy,evaluated,2026-10-01T21:57:54.505129+00:00,2026-06-30,,,
2026-07-23,2026-07,16.0,0.015672390338260508,0.0,2,False,False,1.0,1.0,-3.970410604065144,2026-05,CatBoost-79 · M-2,historical_proxy,evaluated,2026-10-01T21:57:54.505129+00:00,2026-06-30,,,
2026-07-23,2026-07,17.0,0.008726813646735119,0.0,2,False,False,1.0,1.0,-4.555910876818834,2026-05,CatBoost-79 · M-2,historical_proxy,evaluated,2026-10-01T21:57:54.505129+00:00,2026-06-30,,,
2026-07-23,2026-07,20.0,0.007449626273290381,1.0,2,True,False,1.0,1.0,-4.714147324652277,2026-05,CatBoost-79 · M-2,historical_proxy,evaluated,2026-10-01T21:57:54.505129+00:00,2026-06-30,,,
2026-07-23,2026-07,21.0,0.003252196457307635,1.0,2,True,False,1.0,1.0,-5.542980590039358,2026-05,CatBoost-79 · M-2,historical_proxy,evaluated,2026-10-01T21:57:54.505129+00:00,2026-06-30,,,
2026-07-24,2026-07,8.0,0.012103844571806185,0.0,2,False,False,0.0,0.0,-4.186914435677004,2026-05,CatBoost-79 · M-2,historical_proxy,evaluated,2026-10-01T21:57:54.505129+00:00,2026-06-30,,,
2026-07-24,2026-07,9.0,0.09664452087710483,0.0,2,False,False,0.0,0.0,-2.1093980573288085,2026-05,CatBoost-79 · M-2,historical_proxy,evaluated,2026-10-01T21:57:54.505129+00:00,2026-06-30,,,
2026-07-24,2026-07,10.0,0.08829500959761956,0.0,2,False,False,0.0,0.0,-2.199753981455766,2026-05,CatBoost-79 · M-2,historical_proxy,evaluated,2026-10-01T21:57:54.505129+00:00,2026-06-30,,,
2026-07-24,2026-07,11.0,0.022331566090301087,0.0,2,False,False,0.0,0.0,-3.5744363737134517,2026-05,CatBoost-79 · M-2,historical_proxy,evaluated,2026-10-01T21:57:54.505129+00:00,2026-06-30,,,
2026-07-24,2026-07,12.0,0.39719547157316654,0.0,2,True,False,0.0,0.0,-0.696009039787485,2026-05,CatBoost-79 · M-2,historical_proxy,evaluated,2026-10-01T21:57:54.505129+00:00,2026-06-30,,,
2026-07-24,2026-07,13.0,0.21536443586252854,0.0,2,True,False,0.0,0.0,-1.3081059273460598,2026-05,CatBoost-79 · M-2,historical_proxy,evaluated,2026-10-01T21:57:54.505129+00:00,2026-06-30,,,
2026-07-24,2026-07,14.0,0.11388422991199698,0.0,2,False,True,0.0,0.0,-1.9452551657105681,2026-05,CatBoost-79 · M-2,historical_proxy,evaluated,2026-10-01T21:57:54.505129+00:00,2026-06-30,,,
2026-07-24,2026-07,15.0,0.02888969684686088,0.0,2,False,False,0.0,0.0,-3.316952549956145,2026-05,CatBoost-79 · M-2,historical_proxy,evaluated,2026-10-01T21:57:54.505129+00:00,2026-06-30,,,
2026-07-24,2026-07,16.0,0.01424899855465948,0.0,2,False,False,0.0,0.0,-4.0237509436411925,2026-05,CatBoost-79 · M-2,historical_proxy,evaluated,2026-10-01T21:57:54.505129+00:00,2026-06-30,,,
2026-07-24,2026-07,17.0,0.005203602927321969,0.0,2,False,False,0.0,0.0,-5.031086314718137,2026-05,CatBoost-79 · M-2,historical_proxy,evaluated,2026-10-01T21:57:54.505129+00:00,2026-06-30,,,
2026-07-24,2026-07,20.0,0.0035060314815548734,1.0,2,True,False,0.0,0.0,-5.425952805224772,2026-05,CatBoost-79 · M-2,historical_proxy,evaluated,2026-10-01T21:57:54.505129+00:00,2026-06-30,,,
2026-07-24,2026-07,21.0,0.002332591705079096,1.0,2,True,False,0.0,0.0,-5.833457601835554,2026-05,CatBoost-79 · M-2,historical_proxy,evaluated,2026-10-01T21:57:54.505129+00:00,2026-06-30,,,
2026-07-27,2026-07,8.0,0.010985614672740548,0.0,2,False,False,1.0,1.0,-4.273331741343216,2026-05,CatBoost-79 · M-2,historical_proxy,evaluated,2026-10-01T21:57:54.505129+00:00,2026-06-30,,,
2026-07-27,2026-07,9.0,0.08195393134544737,0.0,2,False,False,1.0,1.0,-2.2637611247296543,2026-05,CatBoost-79 · M-2,historical_proxy,evaluated,2026-10-01T21:57:54.505129+00:00,2026-06-30,,,
2026-07-27,2026-07,10.0,0.07699211256568297,0.0,2,False,False,1.0,1.0,-2.3262154188624984,2026-05,CatBoost-79 · M-2,historical_proxy,evaluated,2026-10-01T21:57:54.505129+00:00,2026-06-30,,,
2026-07-27,2026-07,11.0,0.03121326073358313,0.0,2,False,False,1.0,1.0,-3.2290753732267223,2026-05,CatBoost-79 · M-2,historical_proxy,evaluated,2026-10-01T21:57:54.505129+00:00,2026-06-30,,,
2026-07-27,2026-07,12.0,0.3815845958137632,0.0,2,True,True,1.0,1.0,-0.7255858298625354,2026-05,CatBoost-79 · M-2,historical_proxy,evaluated,2026-10-01T21:57:54.505129+00:00,2026-06-30,,,
2026-07-27,2026-07,13.0,0.2244280186236974,0.0,2,True,False,1.0,1.0,-1.2563633752264678,2026-05,CatBoost-79 · M-2,historical_proxy,evaluated,2026-10-01T21:57:54.505129+00:00,2026-06-30,,,
2026-07-27,2026-07,14.0,0.12936554769367625,0.0,2,False,False,1.0,1.0,-1.807276301211922,2026-05,CatBoost-79 · M-2,historical_proxy,evaluated,2026-10-01T21:57:54.505129+00:00,2026-06-30,,,
2026-07-27,2026-07,15.0,0.0322737115159866,0.0,2,False,False,1.0,1.0,-3.195665387367072,2026-05,CatBoost-79 · M-2,historical_proxy,evaluated,2026-10-01T21:57:54.505129+00:00,2026-06-30,,,
2026-07-27,2026-07,16.0,0.01932170714144893,0.0,2,False,False,1.0,1.0,-3.708689215018153,2026-05,CatBoost-79 · M-2,historical_proxy,evaluated,2026-10-01T21:57:54.505129+00:00,2026-06-30,,,
2026-07-27,2026-07,17.0,0.007059906046661899,0.0,2,False,False,1.0,1.0,-4.715486657679188,2026-05,CatBoost-79 · M-2,historical_proxy,evaluated,2026-10-01T21:57:54.505129+00:00,2026-06-30,,,
2026-07-27,2026-07,20.0,0.0030144915679110687,1.0,2,True,False,1.0,1.0,-5.566487219490743,2026-05,CatBoost-79 · M-2,historical_proxy,evaluated,2026-10-01T21:57:54.505129+00:00,2026-06-30,,,
2026-07-27,2026-07,21.0,0.0018071022794007505,1.0,2,True,False,1.0,1.0,-6.078193789477953,2026-05,CatBoost-79 · M-2,historical_proxy,evaluated,2026-10-01T21:57:54.505129+00:00,2026-06-30,,,
2026-07-28,2026-07,8.0,0.009218267113055218,0.0,2,False,False,0.0,0.0,-4.528094832792703,2026-05,CatBoost-79 · M-2,historical_proxy,evaluated,2026-10-01T21:57:54.505129+00:00,2026-06-30,,,
2026-07-28,2026-07,9.0,0.08046805111028595,0.0,2,False,False,0.0,0.0,-2.3614216789751485,2026-05,CatBoost-79 · M-2,historical_proxy,evaluated,2026-10-01T21:57:54.505129+00:00,2026-06-30,,,
2026-07-28,2026-07,10.0,0.08661102976983628,0.0,2,False,True,0.0,0.0,-2.2878547319981664,2026-05,CatBoost-79 · M-2,historical_proxy,evaluated,2026-10-01T21:57:54.505129+00:00,2026-06-30,,,
2026-07-28,2026-07,11.0,0.0312357765047881,0.0,2,False,False,0.0,0.0,-3.3077177832815567,2026-05,CatBoost-79 · M-2,historical_proxy,evaluated,2026-10-01T21:57:54.505129+00:00,2026-06-30,,,
2026-07-28,2026-07,12.0,0.4443997048839555,0.0,2,True,False,0.0,0.0,-0.6525575103163971,2026-05,CatBoost-79 · M-2,historical_proxy,evaluated,2026-10-01T21:57:54.505129+00:00,2026-06-30,,,
2026-07-28,2026-07,13.0,0.2253276297836312,0.0,2,True,False,0.0,0.0,-1.3317264285607378,2026-05,CatBoost-79 · M-2,historical_proxy,evaluated,2026-10-01T21:57:54.505129+00:00,2026-06-30,,,
2026-07-28,2026-07,14.0,0.06405729422108611,0.0,2,False,False,0.0,0.0,-2.589503998912409,2026-05,CatBoost-79 · M-2,historical_proxy,evaluated,2026-10-01T21:57:54.505129+00:00,2026-06-30,,,
2026-07-28,2026-07,15.0,0.02679657739241282,0.0,2,False,False,0.0,0.0,-3.4610077338811793,2026-05,CatBoost-79 · M-2,historical_proxy,evaluated,2026-10-01T21:57:54.505129+00:00,2026-06-30,,,
2026-07-28,2026-07,16.0,0.016323869311883715,0.0,2,False,False,0.0,0.0,-3.9566534923806667,2026-05,CatBoost-79 · M-2,historical_proxy,evaluated,2026-10-01T21:57:54.505129+00:00,2026-06-30,,,
2026-07-28,2026-07,17.0,0.008829102472313475,0.0,2,False,False,0.0,0.0,-4.571228539819117,2026-05,CatBoost-79 · M-2,historical_proxy,evaluated,2026-10-01T21:57:54.505129+00:00,2026-06-30,,,
2026-07-28,2026-07,20.0,0.004461307149359307,1.0,2,True,False,0.0,0.0,-5.253840098096561,2026-05,CatBoost-79 · M-2,historical_proxy,evaluated,2026-10-01T21:57:54.505129+00:00,2026-06-30,,,
2026-07-28,2026-07,21.0,0.002271390287392335,1.0,2,True,False,0.0,0.0,-5.92888979858246,2026-05,CatBoost-79 · M-2,historical_proxy,evaluated,2026-10-01T21:57:54.505129+00:00,2026-06-30,,,
2026-07-29,2026-07,8.0,0.011626013431418744,0.0,2,False,False,0.0,0.0,-4.308958416845055,2026-05,CatBoost-79 · M-2,historical_proxy,evaluated,2026-10-01T21:57:54.505129+00:00,2026-06-30,,,
2026-07-29,2026-07,9.0,0.11226835205786836,0.0,2,False,True,0.0,0.0,-2.0413115354357103,2026-05,CatBoost-79 · M-2,historical_proxy,evaluated,2026-10-01T21:57:54.505129+00:00,2026-06-30,,,
2026-07-29,2026-07,10.0,0.1172525983895133,0.0,2,False,False,0.0,0.0,-1.9978729732296003,2026-05,CatBoost-79 · M-2,historical_proxy,evaluated,2026-10-01T21:57:54.505129+00:00,2026-06-30,,,
2026-07-29,2026-07,11.0,0.02523581980039872,0.0,2,False,False,0.0,0.0,-3.5339391355089615,2026-05,CatBoost-79 · M-2,historical_proxy,evaluated,2026-10-01T21:57:54.505129+00:00,2026-06-30,,,
2026-07-29,2026-07,12.0,0.3574897546481118,0.0,2,True,False,0.0,0.0,-0.883096838018582,2026-05,CatBoost-79 · M-2,historical_proxy,evaluated,2026-10-01T21:57:54.505129+00:00,2026-06-30,,,
2026-07-29,2026-07,13.0,0.2617536407995113,0.0,2,True,False,0.0,0.0,-1.1947997823073955,2026-05,CatBoost-79 · M-2,historical_proxy,evaluated,2026-10-01T21:57:54.505129+00:00,2026-06-30,,,
2026-07-29,2026-07,14.0,0.06927765301090606,0.0,2,False,False,0.0,0.0,-2.5240811545980457,2026-05,CatBoost-79 · M-2,historical_proxy,evaluated,2026-10-01T21:57:54.505129+00:00,2026-06-30,,,
2026-07-29,2026-07,15.0,0.019010593317096057,0.0,2,False,False,0.0,0.0,-3.8172071746128844,2026-05,CatBoost-79 · M-2,historical_proxy,evaluated,2026-10-01T21:57:54.505129+00:00,2026-06-30,,,
2026-07-29,2026-07,16.0,0.012845480428887751,0.0,2,False,False,0.0,0.0,-4.209211509537222,2026-05,CatBoost-79 · M-2,historical_proxy,evaluated,2026-10-01T21:57:54.505129+00:00,2026-06-30,,,
2026-07-29,2026-07,17.0,0.005765331693217182,0.0,2,False,False,0.0,0.0,-5.010340853665305,2026-05,CatBoost-79 · M-2,historical_proxy,evaluated,2026-10-01T21:57:54.505129+00:00,2026-06-30,,,
2026-07-29,2026-07,20.0,0.004947621645386921,1.0,2,True,False,0.0,0.0,-5.163296555979263,2026-05,CatBoost-79 · M-2,historical_proxy,evaluated,2026-10-01T21:57:54.505129+00:00,2026-06-30,,,
2026-07-29,2026-07,21.0,0.0025271407776837856,1.0,2,True,False,0.0,0.0,-5.835115005148815,2026-05,CatBoost-79 · M-2,historical_proxy,evaluated,2026-10-01T21:57:54.505129+00:00,2026-06-30,,,
2026-07-30,2026-07,8.0,0.014436914751980551,0.0,2,False,False,1.0,1.0,-3.9485595411886645,2026-05,CatBoost-79 · M-2,historical_proxy,evaluated,2026-10-01T21:57:54.505129+00:00,2026-06-30,,,
2026-07-30,2026-07,9.0,0.09401514910161725,0.0,2,False,False,1.0,1.0,-2.074892062049165,2026-05,CatBoost-79 · M-2,historical_proxy,evaluated,2026-10-01T21:57:54.505129+00:00,2026-06-30,,,
2026-07-30,2026-07,10.0,0.07836844255706868,0.0,2,False,False,1.0,1.0,-2.256926664070341,2026-05,CatBoost-79 · M-2,historical_proxy,evaluated,2026-10-01T21:57:54.505129+00:00,2026-06-30,,,
2026-07-30,2026-07,11.0,0.0303901287878235,0.0,2,False,False,1.0,1.0,-3.204230147234379,2026-05,CatBoost-79 · M-2,historical_proxy,evaluated,2026-10-01T21:57:54.505129+00:00,2026-06-30,,,
2026-07-30,2026-07,12.0,0.3832282323334916,0.0,2,True,True,1.0,1.0,-0.6697172734150825,2026-05,CatBoost-79 · M-2,historical_proxy,evaluated,2026-10-01T21:57:54.505129+00:00,2026-06-30,,,
2026-07-30,2026-07,13.0,0.23634113331159193,0.0,2,True,False,1.0,1.0,-1.1530717505309782,2026-05,CatBoost-79 · M-2,historical_proxy,evaluated,2026-10-01T21:57:54.505129+00:00,2026-06-30,,,
2026-07-30,2026-07,14.0,0.12692094604386533,0.0,2,False,False,1.0,1.0,-1.7747835714428348,2026-05,CatBoost-79 · M-2,historical_proxy,evaluated,2026-10-01T21:57:54.505129+00:00,2026-06-30,,,
2026-07-30,2026-07,15.0,0.016637476924066984,0.0,2,False,False,1.0,1.0,-3.8066901952526218,2026-05,CatBoost-79 · M-2,historical_proxy,evaluated,2026-10-01T21:57:54.505129+00:00,2026-06-30,,,
2026-07-30,2026-07,16.0,0.007626907650208668,0.0,2,False,False,1.0,1.0,-4.586665517152996,2026-05,CatBoost-79 · M-2,historical_proxy,evaluated,2026-10-01T21:57:54.505129+00:00,2026-06-30,,,
2026-07-30,2026-07,17.0,0.005836744440317761,0.0,2,False,False,1.0,1.0,-4.854174809437205,2026-05,CatBoost-79 · M-2,historical_proxy,evaluated,2026-10-01T21:57:54.505129+00:00,2026-06-30,,,
2026-07-30,2026-07,20.0,0.00396457410219133,1.0,2,True,False,1.0,1.0,-5.240949556999742,2026-05,CatBoost-79 · M-2,historical_proxy,evaluated,2026-10-01T21:57:54.505129+00:00,2026-06-30,,,
2026-07-30,2026-07,21.0,0.002233349995776318,1.0,2,True,False,1.0,1.0,-5.8148452934933434,2026-05,CatBoost-79 · M-2,historical_proxy,evaluated,2026-10-01T21:57:54.505129+00:00,2026-06-30,,,
2026-07-31,2026-07,8.0,0.02113288488849796,0.0,2,False,False,1.0,1.0,-3.7878776269336383,2026-05,CatBoost-79 · M-2,historical_proxy,evaluated,2026-10-01T21:57:54.505129+00:00,2026-06-30,,,
2026-07-31,2026-07,9.0,0.13929186301271174,0.0,2,False,False,1.0,1.0,-1.90213651402157,2026-05,CatBoost-79 · M-2,historical_proxy,evaluated,2026-10-01T21:57:54.505129+00:00,2026-06-30,,,
2026-07-31,2026-07,10.0,0.16279466727636122,0.0,2,False,False,1.0,1.0,-1.7462182829521697,2026-05,CatBoost-79 · M-2,historical_proxy,evaluated,2026-10-01T21:57:54.505129+00:00,2026-06-30,,,
2026-07-31,2026-07,11.0,0.034591160096401743,0.0,2,False,False,1.0,1.0,-3.295109818818785,2026-05,CatBoost-79 · M-2,historical_proxy,evaluated,2026-10-01T21:57:54.505129+00:00,2026-06-30,,,
2026-07-31,2026-07,12.0,0.30700366817571073,0.0,2,True,False,1.0,1.0,-1.1118482837255046,2026-05,CatBoost-79 · M-2,historical_proxy,evaluated,2026-10-01T21:57:54.505129+00:00,2026-06-30,,,
2026-07-31,2026-07,13.0,0.18175492238225968,0.0,2,True,True,1.0,1.0,-1.6360487803908692,2026-05,CatBoost-79 · M-2,historical_proxy,evaluated,2026-10-01T21:57:54.505129+00:00,2026-06-30,,,
2026-07-31,2026-07,14.0,0.09988877627550961,0.0,2,False,False,1.0,1.0,-2.2346506499480823,2026-05,CatBoost-79 · M-2,historical_proxy,evaluated,2026-10-01T21:57:54.505129+00:00,2026-06-30,,,
2026-07-31,2026-07,15.0,0.03165688707898787,0.0,2,False,False,1.0,1.0,-3.383752253546088,2026-05,CatBoost-79 · M-2,historical_proxy,evaluated,2026-10-01T21:57:54.505129+00:00,2026-06-30,,,
2026-07-31,2026-07,16.0,0.010253750054766779,0.0,2,False,False,1.0,1.0,-4.511064482020434,2026-05,CatBoost-79 · M-2,historical_proxy,evaluated,2026-10-01T21:57:54.505129+00:00,2026-06-30,,,
2026-07-31,2026-07,17.0,0.004638100031427658,0.0,2,False,False,1.0,1.0,-5.304403173301842,2026-05,CatBoost-79 · M-2,historical_proxy,evaluated,2026-10-01T21:57:54.505129+00:00,2026-06-30,,,
2026-07-31,2026-07,20.0,0.0046818603631430325,1.0,2,True,False,1.0,1.0,-5.295012435262303,2026-05,CatBoost-79 · M-2,historical_proxy,evaluated,2026-10-01T21:57:54.505129+00:00,2026-06-30,,,
2026-07-31,2026-07,21.0,0.0023114603642219967,1.0,2,True,False,1.0,1.0,-6.000828462608179,2026-05,CatBoost-79 · M-2,historical_proxy,evaluated,2026-10-01T21:57:54.505129+00:00,2026-06-30,,,
2026-08-03,2026-08,8.0,0.03512069844343233,0.0,1,False,False,1.0,1.0,-3.2853616744746383,2026-06,CatBoost-79 · M-2,historical_proxy,evaluated,2026-10-01T21:57:57.775168+00:00,2026-07-31,,,
2026-08-03,2026-08,9.0,0.17011299252095988,0.0,1,False,False,1.0,1.0,-1.7076894522368944,2026-06,CatBoost-79 · M-2,historical_proxy,evaluated,2026-10-01T21:57:57.775168+00:00,2026-07-31,,,
2026-08-03,2026-08,10.0,0.1437007986293878,0.0,1,False,False,1.0,1.0,-1.8764189796999535,2026-06,CatBoost-79 · M-2,historical_proxy,evaluated,2026-10-01T21:57:57.775168+00:00,2026-07-31,,,
2026-08-03,2026-08,11.0,0.04271264778929842,0.0,1,False,False,1.0,1.0,-3.089657252855064,2026-06,CatBoost-79 · M-2,historical_proxy,evaluated,2026-10-01T21:57:57.775168+00:00,2026-07-31,,,
2026-08-03,2026-08,12.0,0.26114695680034045,0.0,1,True,True,1.0,1.0,-1.2790690286425037,2026-06,CatBoost-79 · M-2,historical_proxy,evaluated,2026-10-01T21:57:57.775168+00:00,2026-07-31,,,
2026-08-03,2026-08,13.0,0.1765340550644206,0.0,1,True,False,1.0,1.0,-1.6706385260830825,2026-06,CatBoost-79 · M-2,historical_proxy,evaluated,2026-10-01T21:57:57.775168+00:00,2026-07-31,,,
2026-08-03,2026-08,14.0,0.05655066460923675,0.0,1,False,False,1.0,1.0,-2.8090153752973883,2026-06,CatBoost-79 · M-2,historical_proxy,evaluated,2026-10-01T21:57:57.775168+00:00,2026-07-31,,,
2026-08-03,2026-08,15.0,0.049184672247367216,0.0,1,False,False,1.0,1.0,-2.9485702951132367,2026-06,CatBoost-79 · M-2,historical_proxy,evaluated,2026-10-01T21:57:57.775168+00:00,2026-07-31,,,
2026-08-03,2026-08,16.0,0.005224012067623721,0.0,1,False,False,1.0,1.0,-5.190886628378641,2026-06,CatBoost-79 · M-2,historical_proxy,evaluated,2026-10-01T21:57:57.775168+00:00,2026-07-31,,,
2026-08-03,2026-08,17.0,0.0038326690394243005,0.0,1,False,False,1.0,1.0,-5.500590892764553,2026-06,CatBoost-79 · M-2,historical_proxy,evaluated,2026-10-01T21:57:57.775168+00:00,2026-07-31,,,
2026-08-03,2026-08,18.0,0.003897467140081999,0.0,1,False,False,1.0,1.0,-5.483825439495521,2026-06,CatBoost-79 · M-2,historical_proxy,evaluated,2026-10-01T21:57:57.775168+00:00,2026-07-31,,,
2026-08-03,2026-08,19.0,0.019301718361868753,0.0,1,False,False,1.0,1.0,-3.883958204144031,2026-06,CatBoost-79 · M-2,historical_proxy,evaluated,2026-10-01T21:57:57.775168+00:00,2026-07-31,,,
2026-08-03,2026-08,20.0,0.030548012938542313,0.0,1,False,False,1.0,1.0,-3.424852689811288,2026-06,CatBoost-79 · M-2,historical_proxy,evaluated,2026-10-01T21:57:57.775168+00:00,2026-07-31,,,
2026-08-03,2026-08,21.0,0.002132634348015416,0.0,1,False,False,1.0,1.0,-6.08679433174431,2026-06,CatBoost-79 · M-2,historical_proxy,evaluated,2026-10-01T21:57:57.775168+00:00,2026-07-31,,,
2026-08-04,2026-08,8.0,0.050137888289536296,0.0,1,False,False,0.0,0.0,-2.8182267491866426,2026-06,CatBoost-79 · M-2,historical_proxy,evaluated,2026-10-01T21:57:57.775168+00:00,2026-07-31,,,
2026-08-04,2026-08,9.0,0.1974499213139316,0.0,1,True,False,0.0,0.0,-1.4475187355249775,2026-06,CatBoost-79 · M-2,historical_proxy,evaluated,2026-10-01T21:57:57.775168+00:00,2026-07-31,,,
2026-08-04,2026-08,10.0,0.0896434604546405,0.0,1,False,False,0.0,0.0,-2.237163472646928,2026-06,CatBoost-79 · M-2,historical_proxy,evaluated,2026-10-01T21:57:57.775168+00:00,2026-07-31,,,
2026-08-04,2026-08,11.0,0.013968746272788537,0.0,1,False,False,0.0,0.0,-4.09618129975737,2026-06,CatBoost-79 · M-2,historical_proxy,evaluated,2026-10-01T21:57:57.775168+00:00,2026-07-31,,,
2026-08-04,2026-08,12.0,0.2680089423095328,0.0,1,True,False,0.0,0.0,-1.1419833779653832,2026-06,CatBoost-79 · M-2,historical_proxy,evaluated,2026-10-01T21:57:57.775168+00:00,2026-07-31,,,
2026-08-04,2026-08,13.0,0.18250872980391858,0.0,1,False,True,0.0,0.0,-1.526205718325664,2026-06,CatBoost-79 · M-2,historical_proxy,evaluated,2026-10-01T21:57:57.775168+00:00,2026-07-31,,,
2026-08-04,2026-08,14.0,0.03184831477776813,0.0,1,False,False,0.0,0.0,-3.2720192553439413,2026-06,CatBoost-79 · M-2,historical_proxy,evaluated,2026-10-01T21:57:57.775168+00:00,2026-07-31,,,
2026-08-04,2026-08,15.0,0.03937810648871158,0.0,1,False,False,0.0,0.0,-3.059793735761035,2026-06,CatBoost-79 · M-2,historical_proxy,evaluated,2026-10-01T21:57:57.775168+00:00,2026-07-31,,,
2026-08-04,2026-08,16.0,0.011494936362742401,0.0,1,False,False,0.0,0.0,-4.29109710262794,2026-06,CatBoost-79 · M-2,historical_proxy,evaluated,2026-10-01T21:57:57.775168+00:00,2026-07-31,,,
2026-08-04,2026-08,17.0,0.00745490607694098,0.0,1,False,False,0.0,0.0,-4.724131375275392,2026-06,CatBoost-79 · M-2,historical_proxy,evaluated,2026-10-01T21:57:57.775168+00:00,2026-07-31,,,
2026-08-04,2026-08,18.0,0.005472712240357955,0.0,1,False,False,0.0,0.0,-5.033229392012009,2026-06,CatBoost-79 · M-2,historical_proxy,evaluated,2026-10-01T21:57:57.775168+00:00,2026-07-31,,,
2026-08-04,2026-08,19.0,0.03465700759891338,0.0,1,False,False,0.0,0.0,-3.187503780051055,2026-06,CatBoost-79 · M-2,historical_proxy,evaluated,2026-10-01T21:57:57.775168+00:00,2026-07-31,,,
2026-08-04,2026-08,20.0,0.06552703567917101,0.0,1,False,False,0.0,0.0,-2.5505409088057025,2026-06,CatBoost-79 · M-2,historical_proxy,evaluated,2026-10-01T21:57:57.775168+00:00,2026-07-31,,,
2026-08-04,2026-08,21.0,0.0024492923310462022,0.0,1,False,False,0.0,0.0,-5.837204586384096,2026-06,CatBoost-79 · M-2,historical_proxy,evaluated,2026-10-01T21:57:57.775168+00:00,2026-07-31,,,
2026-08-05,2026-08,8.0,0.06400703863679759,0.0,1,False,False,1.0,1.0,-2.6445814403938694,2026-06,CatBoost-79 · M-2,historical_proxy,evaluated,2026-10-01T21:57:57.775168+00:00,2026-07-31,,,
2026-08-05,2026-08,9.0,0.16132089080495143,0.0,1,False,False,1.0,1.0,-1.720179004441713,2026-06,CatBoost-79 · M-2,historical_proxy,evaluated,2026-10-01T21:57:57.775168+00:00,2026-07-31,,,
2026-08-05,2026-08,10.0,0.1036636855721658,0.0,1,False,False,1.0,1.0,-2.162422629847236,2026-06,CatBoost-79 · M-2,historical_proxy,evaluated,2026-10-01T21:57:57.775168+00:00,2026-07-31,,,
2026-08-05,2026-08,11.0,0.012446261002785662,0.0,1,False,False,1.0,1.0,-4.282154239662367,2026-06,CatBoost-79 · M-2,historical_proxy,evaluated,2026-10-01T21:57:57.775168+00:00,2026-07-31,,,
2026-08-05,2026-08,12.0,0.2889935927757675,0.0,1,True,True,1.0,1.0,-1.1371699788656868,2026-06,CatBoost-79 · M-2,historical_proxy,evaluated,2026-10-01T21:57:57.775168+00:00,2026-07-31,,,
2026-08-05,2026-08,13.0,0.20606438293592147,0.0,1,True,False,1.0,1.0,-1.4753858379228086,2026-06,CatBoost-79 · M-2,historical_proxy,evaluated,2026-10-01T21:57:57.775168+00:00,2026-07-31,,,
2026-08-05,2026-08,14.0,0.04637546287861137,0.0,1,False,False,1.0,1.0,-2.966803994318554,2026-06,CatBoost-79 · M-2,historical_proxy,evaluated,2026-10-01T21:57:57.775168+00:00,2026-07-31,,,
2026-08-05,2026-08,15.0,0.034097824722348985,0.0,1,False,False,1.0,1.0,-3.2743409052850203,2026-06,CatBoost-79 · M-2,historical_proxy,evaluated,2026-10-01T21:57:57.775168+00:00,2026-07-31,,,
2026-08-05,2026-08,16.0,0.013157456314882281,0.0,1,False,False,1.0,1.0,-4.226585878334556,2026-06,CatBoost-79 · M-2,historical_proxy,evaluated,2026-10-01T21:57:57.775168+00:00,2026-07-31,,,
2026-08-05,2026-08,17.0,0.010378557318350573,0.0,1,False,False,1.0,1.0,-4.463832614999518,2026-06,CatBoost-79 · M-2,historical_proxy,evaluated,2026-10-01T21:57:57.775168+00:00,2026-07-31,,,
2026-08-05,2026-08,18.0,0.0044196349300592444,0.0,1,False,False,1.0,1.0,-5.317517398737059,2026-06,CatBoost-79 · M-2,historical_proxy,evaluated,2026-10-01T21:57:57.775168+00:00,2026-07-31,,,
2026-08-05,2026-08,19.0,0.01721595104409655,0.0,1,False,False,1.0,1.0,-3.95773815605918,2026-06,CatBoost-79 · M-2,historical_proxy,evaluated,2026-10-01T21:57:57.775168+00:00,2026-07-31,,,
2026-08-05,2026-08,20.0,0.03570264826656777,0.0,1,False,False,1.0,1.0,-3.2283496292356286,2026-06,CatBoost-79 · M-2,historical_proxy,evaluated,2026-10-01T21:57:57.775168+00:00,2026-07-31,,,
2026-08-05,2026-08,21.0,0.002156612796693758,0.0,1,False,False,1.0,1.0,-6.035035655222662,2026-06,CatBoost-79 · M-2,historical_proxy,evaluated,2026-10-01T21:57:57.775168+00:00,2026-07-31,,,
2026-08-06,2026-08,8.0,0.054976123987889224,0.0,1,False,False,0.0,0.0,-2.7359969826835724,2026-06,CatBoost-79 · M-2,historical_proxy,evaluated,2026-10-01T21:57:57.775168+00:00,2026-07-31,,,
2026-08-06,2026-08,9.0,0.18131359681721088,0.0,1,True,False,0.0,0.0,-1.5426678531695581,2026-06,CatBoost-79 · M-2,historical_proxy,evaluated,2026-10-01T21:57:57.775168+00:00,2026-07-31,,,
2026-08-06,2026-08,10.0,0.1291632249493279,0.0,1,False,False,0.0,0.0,-1.8818190501355105,2026-06,CatBoost-79 · M-2,historical_proxy,evaluated,2026-10-01T21:57:57.775168+00:00,2026-07-31,,,
2026-08-06,2026-08,11.0,0.014664703321496109,0.0,1,False,False,0.0,0.0,-4.057452492506153,2026-06,CatBoost-79 · M-2,historical_proxy,evaluated,2026-10-01T21:57:57.775168+00:00,2026-07-31,,,
2026-08-06,2026-08,12.0,0.2623653172715283,0.0,1,True,False,0.0,0.0,-1.1731580910504538,2026-06,CatBoost-79 · M-2,historical_proxy,evaluated,2026-10-01T21:57:57.775168+00:00,2026-07-31,,,
2026-08-06,2026-08,13.0,0.17731614884148436,0.0,1,False,True,0.0,0.0,-1.5649616734034975,2026-06,CatBoost-79 · M-2,historical_proxy,evaluated,2026-10-01T21:57:57.775168+00:00,2026-07-31,,,
2026-08-06,2026-08,14.0,0.031499101351411894,0.0,1,False,False,0.0,0.0,-3.2929369474541783,2026-06,CatBoost-79 · M-2,historical_proxy,evaluated,2026-10-01T21:57:57.775168+00:00,2026-07-31,,,
2026-08-06,2026-08,15.0,0.03934030431397507,0.0,1,False,False,0.0,0.0,-3.0706464159363414,2026-06,CatBoost-79 · M-2,historical_proxy,evaluated,2026-10-01T21:57:57.775168+00:00,2026-07-31,,,
2026-08-06,2026-08,16.0,0.008792627595453323,0.0,1,False,False,0.0,0.0,-4.568982367240121,2026-06,CatBoost-79 · M-2,historical_proxy,evaluated,2026-10-01T21:57:57.775168+00:00,2026-07-31,,,
2026-08-06,2026-08,17.0,0.006647346317474053,0.0,1,False,False,0.0,0.0,-4.848678239329993,2026-06,CatBoost-79 · M-2,historical_proxy,evaluated,2026-10-01T21:57:57.775168+00:00,2026-07-31,,,
2026-08-06,2026-08,18.0,0.004696701752796785,0.0,1,False,False,0.0,0.0,-5.19603545670539,2026-06,CatBoost-79 · M-2,historical_proxy,evaluated,2026-10-01T21:57:57.775168+00:00,2026-07-31,,,
2026-08-06,2026-08,19.0,0.027525397629461365,0.0,1,False,False,0.0,0.0,-3.4277868357275096,2026-06,CatBoost-79 · M-2,historical_proxy,evaluated,2026-10-01T21:57:57.775168+00:00,2026-07-31,,,
2026-08-06,2026-08,20.0,0.0594324400982731,0.0,1,False,False,0.0,0.0,-2.658055757457553,2026-06,CatBoost-79 · M-2,historical_proxy,evaluated,2026-10-01T21:57:57.775168+00:00,2026-07-31,,,
2026-08-06,2026-08,21.0,0.0022669657522176863,0.0,1,False,False,0.0,0.0,-5.92445370003503,2026-06,CatBoost-79 · M-2,historical_proxy,evaluated,2026-10-01T21:57:57.775168+00:00,2026-07-31,,,
2026-08-07,2026-08,8.0,0.06679873499001371,0.0,1,False,False,0.0,0.0,-2.4575077678101427,2026-06,CatBoost-79 · M-2,historical_proxy,evaluated,2026-10-01T21:57:57.775168+00:00,2026-07-31,,,
2026-08-07,2026-08,9.0,0.1977174977116109,0.0,1,True,False,0.0,0.0,-1.3723526782566329,2026-06,CatBoost-79 · M-2,historical_proxy,evaluated,2026-10-01T21:57:57.775168+00:00,2026-07-31,,,
2026-08-07,2026-08,10.0,0.12396975451697116,0.0,1,False,False,0.0,0.0,-1.839154290231013,2026-06,CatBoost-79 · M-2,historical_proxy,evaluated,2026-10-01T21:57:57.775168+00:00,2026-07-31,,,
2026-08-07,2026-08,11.0,0.013842483527398107,0.0,1,False,False,0.0,0.0,-4.031449531185852,2026-06,CatBoost-79 · M-2,historical_proxy,evaluated,2026-10-01T21:57:57.775168+00:00,2026-07-31,,,
2026-08-07,2026-08,12.0,0.26969937482017836,0.0,1,True,False,0.0,0.0,-1.061883998811628,2026-06,CatBoost-79 · M-2,historical_proxy,evaluated,2026-10-01T21:57:57.775168+00:00,2026-07-31,,,
2026-08-07,2026-08,13.0,0.17979125579008828,0.0,1,False,True,0.0,0.0,-1.4673954230238875,2026-06,CatBoost-79 · M-2,historical_proxy,evaluated,2026-10-01T21:57:57.775168+00:00,2026-07-31,,,
2026-08-07,2026-08,14.0,0.05012470169903466,0.0,1,False,False,0.0,0.0,-2.7446779764306144,2026-06,CatBoost-79 · M-2,historical_proxy,evaluated,2026-10-01T21:57:57.775168+00:00,2026-07-31,,,
2026-08-07,2026-08,15.0,0.036116947895112966,0.0,1,False,False,0.0,0.0,-3.072429684947526,2026-06,CatBoost-79 · M-2,historical_proxy,evaluated,2026-10-01T21:57:57.775168+00:00,2026-07-31,,,
2026-08-07,2026-08,16.0,0.00878199701699435,0.0,1,False,False,0.0,0.0,-4.486488078431418,2026-06,CatBoost-79 · M-2,historical_proxy,evaluated,2026-10-01T21:57:57.775168+00:00,2026-07-31,,,
2026-08-07,2026-08,17.0,0.009617400812951725,0.0,1,False,False,0.0,0.0,-4.395617868491175,2026-06,CatBoost-79 · M-2,historical_proxy,evaluated,2026-10-01T21:57:57.775168+00:00,2026-07-31,,,
2026-08-07,2026-08,18.0,0.005793266719632843,0.0,1,False,False,0.0,0.0,-4.90249557813241,2026-06,CatBoost-79 · M-2,historical_proxy,evaluated,2026-10-01T21:57:57.775168+00:00,2026-07-31,,,
2026-08-07,2026-08,19.0,0.01617548086068549,0.0,1,False,False,0.0,0.0,-3.875695342317221,2026-06,CatBoost-79 · M-2,historical_proxy,evaluated,2026-10-01T21:57:57.775168+00:00,2026-07-31,,,
2026-08-07,2026-08,20.0,0.01881463716876832,0.0,1,False,False,0.0,0.0,-3.7245567711860397,2026-06,CatBoost-79 · M-2,historical_proxy,evaluated,2026-10-01T21:57:57.775168+00:00,2026-07-31,,,
2026-08-07,2026-08,21.0,0.002756466470559108,0.0,1,False,False,0.0,0.0,-5.6452423156977884,2026-06,CatBoost-79 · M-2,historical_proxy,evaluated,2026-10-01T21:57:57.775168+00:00,2026-07-31,,,
2026-08-10,2026-08,8.0,0.028315271937660067,0.0,1,False,False,1.0,1.0,-3.5062011980301633,2026-06,CatBoost-79 · M-2,historical_proxy,evaluated,2026-10-01T21:57:57.775168+00:00,2026-07-31,,,
2026-08-10,2026-08,9.0,0.17186463561930754,0.0,1,True,False,1.0,1.0,-1.702895336812638,2026-06,CatBoost-79 · M-2,historical_proxy,evaluated,2026-10-01T21:57:57.775168+00:00,2026-07-31,,,
2026-08-10,2026-08,10.0,0.11032631279499701,0.0,1,False,False,1.0,1.0,-2.1461600471363047,2026-06,CatBoost-79 · M-2,historical_proxy,evaluated,2026-10-01T21:57:57.775168+00:00,2026-07-31,,,
2026-08-10,2026-08,11.0,0.01769409840372244,0.0,1,False,False,1.0,1.0,-3.9763713411006454,2026-06,CatBoost-79 · M-2,historical_proxy,evaluated,2026-10-01T21:57:57.775168+00:00,2026-07-31,,,
2026-08-10,2026-08,12.0,0.2690738675640439,0.0,1,True,True,1.0,1.0,-1.2546165590481215,2026-06,CatBoost-79 · M-2,historical_proxy,evaluated,2026-10-01T21:57:57.775168+00:00,2026-07-31,,,
2026-08-10,2026-08,13.0,0.1682839769919324,0.0,1,False,False,1.0,1.0,-1.7239496099384928,2026-06,CatBoost-79 · M-2,historical_proxy,evaluated,2026-10-01T21:57:57.775168+00:00,2026-07-31,,,
2026-08-10,2026-08,14.0,0.06870973605554336,0.0,1,False,False,1.0,1.0,-2.619711593955445,2026-06,CatBoost-79 · M-2,historical_proxy,evaluated,2026-10-01T21:57:57.775168+00:00,2026-07-31,,,
2026-08-10,2026-08,15.0,0.05168348507997514,0.0,1,False,False,1.0,1.0,-2.9044642086052517,2026-06,CatBoost-79 · M-2,historical_proxy,evaluated,2026-10-01T21:57:57.775168+00:00,2026-07-31,,,
2026-08-10,2026-08,16.0,0.026628188913507003,0.0,1,False,False,1.0,1.0,-3.5676321133070505,2026-06,CatBoost-79 · M-2,historical_proxy,evaluated,2026-10-01T21:57:57.775168+00:00,2026-07-31,,,
2026-08-10,2026-08,17.0,0.010732761475226775,0.0,1,False,False,1.0,1.0,-4.47630161780663,2026-06,CatBoost-79 · M-2,historical_proxy,evaluated,2026-10-01T21:57:57.775168+00:00,2026-07-31,,,
2026-08-10,2026-08,18.0,0.007281055637017113,0.0,1,False,False,1.0,1.0,-4.864326644782801,2026-06,CatBoost-79 · M-2,historical_proxy,evaluated,2026-10-01T21:57:57.775168+00:00,2026-07-31,,,
2026-08-10,2026-08,19.0,0.027090019220126577,0.0,1,False,False,1.0,1.0,-3.5504371359756224,2026-06,CatBoost-79 · M-2,historical_proxy,evaluated,2026-10-01T21:57:57.775168+00:00,2026-07-31,,,
2026-08-10,2026-08,20.0,0.03933336925524432,0.0,1,False,False,1.0,1.0,-3.177529252497881,2026-06,CatBoost-79 · M-2,historical_proxy,evaluated,2026-10-01T21:57:57.775168+00:00,2026-07-31,,,
2026-08-10,2026-08,21.0,0.0029832210516963845,0.0,1,False,False,1.0,1.0,-5.75659889495644,2026-06,CatBoost-79 · M-2,historical_proxy,evaluated,2026-10-01T21:57:57.775168+00:00,2026-07-31,,,
2026-08-11,2026-08,8.0,0.053906000369909834,0.0,1,False,False,0.0,0.0,-2.7223987935111595,2026-06,CatBoost-79 · M-2,historical_proxy,evaluated,2026-10-01T21:57:57.775168+00:00,2026-07-31,,,
2026-08-11,2026-08,9.0,0.23365773349096736,0.0,1,True,False,0.0,0.0,-1.2557832221352478,2026-06,CatBoost-79 · M-2,historical_proxy,evaluated,2026-10-01T21:57:57.775168+00:00,2026-07-31,,,
2026-08-11,2026-08,10.0,0.1463442142255717,0.0,1,False,False,0.0,0.0,-1.7236791108098146,2026-06,CatBoost-79 · M-2,historical_proxy,evaluated,2026-10-01T21:57:57.775168+00:00,2026-07-31,,,
2026-08-11,2026-08,11.0,0.020345255087046328,0.0,1,False,False,0.0,0.0,-3.6967928699014556,2026-06,CatBoost-79 · M-2,historical_proxy,evaluated,2026-10-01T21:57:57.775168+00:00,2026-07-31,,,
2026-08-11,2026-08,12.0,0.22491686242811781,0.0,1,True,False,0.0,0.0,-1.2939097557442267,2026-06,CatBoost-79 · M-2,historical_proxy,evaluated,2026-10-01T21:57:57.775168+00:00,2026-07-31,,,
2026-08-11,2026-08,13.0,0.1647697749440586,0.0,1,False,True,0.0,0.0,-1.605091393158055,2026-06,CatBoost-79 · M-2,historical_proxy,evaluated,2026-10-01T21:57:57.775168+00:00,2026-07-31,,,
2026-08-11,2026-08,14.0,0.03277608532664286,0.0,1,False,False,0.0,0.0,-3.2199414457790136,2026-06,CatBoost-79 · M-2,historical_proxy,evaluated,2026-10-01T21:57:57.775168+00:00,2026-07-31,,,
2026-08-11,2026-08,15.0,0.04038026171561637,0.0,1,False,False,0.0,0.0,-3.0112994951655296,2026-06,CatBoost-79 · M-2,historical_proxy,evaluated,2026-10-01T21:57:57.775168+00:00,2026-07-31,,,
2026-08-11,2026-08,16.0,0.008229453117411856,0.0,1,False,False,0.0,0.0,-4.601921026755224,2026-06,CatBoost-79 · M-2,historical_proxy,evaluated,2026-10-01T21:57:57.775168+00:00,2026-07-31,,,
2026-08-11,2026-08,17.0,0.006592124835613333,0.0,1,False,False,0.0,0.0,-4.823764859477905,2026-06,CatBoost-79 · M-2,historical_proxy,evaluated,2026-10-01T21:57:57.775168+00:00,2026-07-31,,,
2026-08-11,2026-08,18.0,0.004920792047410732,0.0,1,False,False,0.0,0.0,-5.116171086553541,2026-06,CatBoost-79 · M-2,historical_proxy,evaluated,2026-10-01T21:57:57.775168+00:00,2026-07-31,,,
2026-08-11,2026-08,19.0,0.01804095694482572,0.0,1,False,False,0.0,0.0,-3.816996030397457,2026-06,CatBoost-79 · M-2,historical_proxy,evaluated,2026-10-01T21:57:57.775168+00:00,2026-07-31,,,
2026-08-11,2026-08,20.0,0.042808717168991366,0.0,1,False,False,0.0,0.0,-2.9528988353250214,2026-06,CatBoost-79 · M-2,historical_proxy,evaluated,2026-10-01T21:57:57.775168+00:00,2026-07-31,,,
2026-08-11,2026-08,21.0,0.002311768297816077,0.0,1,False,False,0.0,0.0,-5.871627860766635,2026-06,CatBoost-79 · M-2,historical_proxy,evaluated,2026-10-01T21:57:57.775168+00:00,2026-07-31,,,
2026-08-12,2026-08,8.0,0.055314758447649985,0.0,1,False,False,0.0,0.0,-2.7812975298189446,2026-06,CatBoost-79 · M-2,historical_proxy,evaluated,2026-10-01T21:57:57.775168+00:00,2026-07-31,,,
2026-08-12,2026-08,9.0,0.22915032035641192,0.0,1,True,False,0.0,0.0,-1.3599590734708016,2026-06,CatBoost-79 · M-2,historical_proxy,evaluated,2026-10-01T21:57:57.775168+00:00,2026-07-31,,,
2026-08-12,2026-08,10.0,0.11870028723702945,0.0,1,False,False,0.0,0.0,-2.0177355609757957,2026-06,CatBoost-79 · M-2,historical_proxy,evaluated,2026-10-01T21:57:57.775168+00:00,2026-07-31,,,
2026-08-12,2026-08,11.0,0.014417133426079639,0.0,1,False,False,0.0,0.0,-4.125919961884379,2026-06,CatBoost-79 · M-2,historical_proxy,evaluated,2026-10-01T21:57:57.775168+00:00,2026-07-31,,,
2026-08-12,2026-08,12.0,0.25427548747981715,0.0,1,True,False,0.0,0.0,-1.255919006799459,2026-06,CatBoost-79 · M-2,historical_proxy,evaluated,2026-10-01T21:57:57.775168+00:00,2026-07-31,,,
2026-08-12,2026-08,13.0,0.14914992688416429,0.0,1,False,True,0.0,0.0,-1.7893852617016828,2026-06,CatBoost-79 · M-2,historical_proxy,evaluated,2026-10-01T21:57:57.775168+00:00,2026-07-31,,,
2026-08-12,2026-08,14.0,0.030339127140711568,0.0,1,False,False,0.0,0.0,-3.3818990781970006,2026-06,CatBoost-79 · M-2,historical_proxy,evaluated,2026-10-01T21:57:57.775168+00:00,2026-07-31,,,
2026-08-12,2026-08,15.0,0.039682890176185204,0.0,1,False,False,0.0,0.0,-3.1134171655798992,2026-06,CatBoost-79 · M-2,historical_proxy,evaluated,2026-10-01T21:57:57.775168+00:00,2026-07-31,,,
2026-08-12,2026-08,16.0,0.007219392244846465,0.0,1,False,False,0.0,0.0,-4.817566509697898,2026-06,CatBoost-79 · M-2,historical_proxy,evaluated,2026-10-01T21:57:57.775168+00:00,2026-07-31,,,
2026-08-12,2026-08,17.0,0.008158785699886222,0.0,1,False,False,0.0,0.0,-4.695241935831456,2026-06,CatBoost-79 · M-2,historical_proxy,evaluated,2026-10-01T21:57:57.775168+00:00,2026-07-31,,,
2026-08-12,2026-08,18.0,0.00855649194298894,0.0,1,False,False,0.0,0.0,-4.647646996035214,2026-06,CatBoost-79 · M-2,historical_proxy,evaluated,2026-10-01T21:57:57.775168+00:00,2026-07-31,,,
2026-08-12,2026-08,19.0,0.03126016542644816,0.0,1,False,False,0.0,0.0,-3.3519926655132757,2026-06,CatBoost-79 · M-2,historical_proxy,evaluated,2026-10-01T21:57:57.775168+00:00,2026-07-31,,,
2026-08-12,2026-08,20.0,0.051405417210342495,0.0,1,False,False,0.0,0.0,-2.8545937223405486,2026-06,CatBoost-79 · M-2,historical_proxy,evaluated,2026-10-01T21:57:57.775168+00:00,2026-07-31,,,
2026-08-12,2026-08,21.0,0.002369816327438506,0.0,1,False,False,0.0,0.0,-5.931524829272775,2026-06,CatBoost-79 · M-2,historical_proxy,evaluated,2026-10-01T21:57:57.775168+00:00,2026-07-31,,,
2026-08-13,2026-08,8.0,0.061367345955658945,0.0,1,False,False,1.0,1.0,-2.578213826850512,2026-06,CatBoost-79 · M-2,historical_proxy,evaluated,2026-10-01T21:57:57.775168+00:00,2026-07-31,,,
2026-08-13,2026-08,9.0,0.21471184152321052,0.0,1,True,False,1.0,1.0,-1.3257948385334564,2026-06,CatBoost-79 · M-2,historical_proxy,evaluated,2026-10-01T21:57:57.775168+00:00,2026-07-31,,,
2026-08-13,2026-08,10.0,0.1153744623782756,0.0,1,False,False,1.0,1.0,-1.9469086626726575,2026-06,CatBoost-79 · M-2,historical_proxy,evaluated,2026-10-01T21:57:57.775168+00:00,2026-07-31,,,
2026-08-13,2026-08,11.0,0.0147215513897754,0.0,1,False,False,1.0,1.0,-4.005779194633847,2026-06,CatBoost-79 · M-2,historical_proxy,evaluated,2026-10-01T21:57:57.775168+00:00,2026-07-31,,,
2026-08-13,2026-08,12.0,0.2512233977125041,0.0,1,True,True,1.0,1.0,-1.1687491216918224,2026-06,CatBoost-79 · M-2,historical_proxy,evaluated,2026-10-01T21:57:57.775168+00:00,2026-07-31,,,
2026-08-13,2026-08,13.0,0.1545472549125567,0.0,1,False,False,1.0,1.0,-1.654591789095951,2026-06,CatBoost-79 · M-2,historical_proxy,evaluated,2026-10-01T21:57:57.775168+00:00,2026-07-31,,,
2026-08-13,2026-08,14.0,0.05797299087799894,0.0,1,False,False,1.0,1.0,-2.635114468139115,2026-06,CatBoost-79 · M-2,historical_proxy,evaluated,2026-10-01T21:57:57.775168+00:00,2026-07-31,,,
2026-08-13,2026-08,15.0,0.03467381005280563,0.0,1,False,False,1.0,1.0,-3.1491070472466984,2026-06,CatBoost-79 · M-2,historical_proxy,evaluated,2026-10-01T21:57:57.775168+00:00,2026-07-31,,,
2026-08-13,2026-08,16.0,0.013501614304475645,0.0,1,False,False,1.0,1.0,-4.092282439303426,2026-06,CatBoost-79 · M-2,historical_proxy,evaluated,2026-10-01T21:57:57.775168+00:00,2026-07-31,,,
2026-08-13,2026-08,17.0,0.011896997651936733,0.0,1,False,False,1.0,1.0,-4.218805625579852,2026-06,CatBoost-79 · M-2,historical_proxy,evaluated,2026-10-01T21:57:57.775168+00:00,2026-07-31,,,
2026-08-13,2026-08,18.0,0.0054284771662779716,0.0,1,False,False,1.0,1.0,-5.003433049294599,2026-06,CatBoost-79 · M-2,historical_proxy,evaluated,2026-10-01T21:57:57.775168+00:00,2026-07-31,,,
2026-08-13,2026-08,19.0,0.02183605332218362,0.0,1,False,False,1.0,1.0,-3.6115292698525288,2026-06,CatBoost-79 · M-2,historical_proxy,evaluated,2026-10-01T21:57:57.775168+00:00,2026-07-31,,,
2026-08-13,2026-08,20.0,0.03970919970649338,0.0,1,False,False,1.0,1.0,-3.013508804218327,2026-06,CatBoost-79 · M-2,historical_proxy,evaluated,2026-10-01T21:57:57.775168+00:00,2026-07-31,,,
2026-08-13,2026-08,21.0,0.0030350030458467666,0.0,1,False,False,1.0,1.0,-5.584879267623372,2026-06,CatBoost-79 · M-2,historical_proxy,evaluated,2026-10-01T21:57:57.775168+00:00,2026-07-31,,,
2026-08-14,2026-08,8.0,0.057287068121983725,0.0,1,False,False,1.0,1.0,-2.745681862854171,2026-06,CatBoost-79 · M-2,historical_proxy,evaluated,2026-10-01T21:57:57.775168+00:00,2026-07-31,,,
2026-08-14,2026-08,9.0,0.21569628264492519,0.0,1,True,False,1.0,1.0,-1.4198854545448394,2026-06,CatBoost-79 · M-2,historical_proxy,evaluated,2026-10-01T21:57:57.775168+00:00,2026-07-31,,,
2026-08-14,2026-08,10.0,0.1187846149545513,0.0,1,False,False,1.0,1.0,-2.016444879085614,2026-06,CatBoost-79 · M-2,historical_proxy,evaluated,2026-10-01T21:57:57.775168+00:00,2026-07-31,,,
2026-08-14,2026-08,11.0,0.019154605510565623,0.0,1,False,False,1.0,1.0,-3.8412135905310003,2026-06,CatBoost-79 · M-2,historical_proxy,evaluated,2026-10-01T21:57:57.775168+00:00,2026-07-31,,,
2026-08-14,2026-08,12.0,0.2739297572415648,0.0,1,True,True,1.0,1.0,-1.1808850607883834,2026-06,CatBoost-79 · M-2,historical_proxy,evaluated,2026-10-01T21:57:57.775168+00:00,2026-07-31,,,
2026-08-14,2026-08,13.0,0.13570977062919626,0.0,1,False,False,1.0,1.0,-1.8832382079404373,2026-06,CatBoost-79 · M-2,historical_proxy,evaluated,2026-10-01T21:57:57.775168+00:00,2026-07-31,,,
2026-08-14,2026-08,14.0,0.03276120505915665,0.0,1,False,False,1.0,1.0,-3.3045117311023775,2026-06,CatBoost-79 · M-2,historical_proxy,evaluated,2026-10-01T21:57:57.775168+00:00,2026-07-31,,,
2026-08-14,2026-08,15.0,0.032813438117967414,0.0,1,False,False,1.0,1.0,-3.302918643673243,2026-06,CatBoost-79 · M-2,historical_proxy,evaluated,2026-10-01T21:57:57.775168+00:00,2026-07-31,,,
2026-08-14,2026-08,16.0,0.01343292206907477,0.0,1,False,False,1.0,1.0,-4.196048209267735,2026-06,CatBoost-79 · M-2,historical_proxy,evaluated,2026-10-01T21:57:57.775168+00:00,2026-07-31,,,
2026-08-14,2026-08,17.0,0.00995852469438362,0.0,1,False,False,1.0,1.0,-4.495327836306905,2026-06,CatBoost-79 · M-2,historical_proxy,evaluated,2026-10-01T21:57:57.775168+00:00,2026-07-31,,,
2026-08-14,2026-08,18.0,0.007718043870612022,0.0,1,False,False,1.0,1.0,-4.75019582658463,2026-06,CatBoost-79 · M-2,historical_proxy,evaluated,2026-10-01T21:57:57.775168+00:00,2026-07-31,,,
2026-08-14,2026-08,19.0,0.028072398125630938,0.0,1,False,False,1.0,1.0,-3.458969953394157,2026-06,CatBoost-79 · M-2,historical_proxy,evaluated,2026-10-01T21:57:57.775168+00:00,2026-07-31,,,
2026-08-14,2026-08,20.0,0.04762978546260127,0.0,1,False,False,1.0,1.0,-2.930298463325027,2026-06,CatBoost-79 · M-2,historical_proxy,evaluated,2026-10-01T21:57:57.775168+00:00,2026-07-31,,,
2026-08-14,2026-08,21.0,0.00705158349778642,0.0,1,False,False,1.0,1.0,-4.840504572659946,2026-06,CatBoost-79 · M-2,historical_proxy,evaluated,2026-10-01T21:57:57.775168+00:00,2026-07-31,,,
2026-08-17,2026-08,8.0,0.05804909397146485,0.0,1,False,False,0.0,0.0,-2.733464447384263,2026-06,CatBoost-79 · M-2,historical_proxy,evaluated,2026-10-01T21:57:57.775168+00:00,2026-07-31,,,
2026-08-17,2026-08,9.0,0.20915673967454035,0.0,1,True,False,0.0,0.0,-1.4516696261913902,2026-06,CatBoost-79 · M-2,historical_proxy,evaluated,2026-10-01T21:57:57.775168+00:00,2026-07-31,,,
2026-08-17,2026-08,10.0,0.13366921070926935,0.0,1,False,False,0.0,0.0,-1.899385376484643,2026-06,CatBoost-79 · M-2,historical_proxy,evaluated,2026-10-01T21:57:57.775168+00:00,2026-07-31,,,
2026-08-17,2026-08,11.0,0.023133361213575947,0.0,1,False,False,0.0,0.0,-3.6534777636379276,2026-06,CatBoost-79 · M-2,historical_proxy,evaluated,2026-10-01T21:57:57.775168+00:00,2026-07-31,,,
2026-08-17,2026-08,12.0,0.2786915712951247,0.0,1,True,False,0.0,0.0,-1.1646478565801024,2026-06,CatBoost-79 · M-2,historical_proxy,evaluated,2026-10-01T21:57:57.775168+00:00,2026-07-31,,,
2026-08-17,2026-08,13.0,0.14258294335205193,0.0,1,False,True,0.0,0.0,-1.8348296586904715,2026-06,CatBoost-79 · M-2,historical_proxy,evaluated,2026-10-01T21:57:57.775168+00:00,2026-07-31,,,
2026-08-17,2026-08,14.0,0.05412975280276452,0.0,1,False,False,0.0,0.0,-2.803369553613796,2026-06,CatBoost-79 · M-2,historical_proxy,evaluated,2026-10-01T21:57:57.775168+00:00,2026-07-31,,,
2026-08-17,2026-08,15.0,0.0279221482689576,0.0,1,False,False,0.0,0.0,-3.46533332901493,2026-06,CatBoost-79 · M-2,historical_proxy,evaluated,2026-10-01T21:57:57.775168+00:00,2026-07-31,,,
2026-08-17,2026-08,16.0,0.011986917941226773,0.0,1,False,False,0.0,0.0,-4.310937664125347,2026-06,CatBoost-79 · M-2,historical_proxy,evaluated,2026-10-01T21:57:57.775168+00:00,2026-07-31,,,
2026-08-17,2026-08,17.0,0.010138184207640248,0.0,1,False,False,0.0,0.0,-4.478444637776794,2026-06,CatBoost-79 · M-2,historical_proxy,evaluated,2026-10-01T21:57:57.775168+00:00,2026-07-31,,,
2026-08-17,2026-08,18.0,0.004129513728541571,0.0,1,False,False,0.0,0.0,-5.376593888911992,2026-06,CatBoost-79 · M-2,historical_proxy,evaluated,2026-10-01T21:57:57.775168+00:00,2026-07-31,,,
2026-08-17,2026-08,19.0,0.013784047856175433,0.0,1,False,False,0.0,0.0,-4.171241576595907,2026-06,CatBoost-79 · M-2,historical_proxy,evaluated,2026-10-01T21:57:57.775168+00:00,2026-07-31,,,
2026-08-17,2026-08,20.0,0.02991923195321344,0.0,1,False,False,0.0,0.0,-3.3962520649157817,2026-06,CatBoost-79 · M-2,historical_proxy,evaluated,2026-10-01T21:57:57.775168+00:00,2026-07-31,,,
2026-08-17,2026-08,21.0,0.0027072830254533703,0.0,1,False,False,0.0,0.0,-5.798807989334603,2026-06,CatBoost-79 · M-2,historical_proxy,evaluated,2026-10-01T21:57:57.775168+00:00,2026-07-31,,,
2026-08-18,2026-08,8.0,0.06998326257916722,0.0,1,False,False,0.0,0.0,-2.6188250634555352,2026-06,CatBoost-79 · M-2,historical_proxy,evaluated,2026-10-01T21:57:57.775168+00:00,2026-07-31,,,
2026-08-18,2026-08,9.0,0.1820841022622121,0.0,1,True,False,0.0,0.0,-1.6626124902194597,2026-06,CatBoost-79 · M-2,historical_proxy,evaluated,2026-10-01T21:57:57.775168+00:00,2026-07-31,,,
2026-08-18,2026-08,10.0,0.14945480046503387,0.0,1,False,False,0.0,0.0,-1.8600871618117407,2026-06,CatBoost-79 · M-2,historical_proxy,evaluated,2026-10-01T21:57:57.775168+00:00,2026-07-31,,,
2026-08-18,2026-08,11.0,0.016026310264354908,0.0,1,False,False,0.0,0.0,-4.092849407672041,2026-06,CatBoost-79 · M-2,historical_proxy,evaluated,2026-10-01T21:57:57.775168+00:00,2026-07-31,,,
2026-08-18,2026-08,12.0,0.25336111674953926,0.0,1,True,False,0.0,0.0,-1.332265360924036,2026-06,CatBoost-79 · M-2,historical_proxy,evaluated,2026-10-01T21:57:57.775168+00:00,2026-07-31,,,
2026-08-18,2026-08,13.0,0.14988563425201182,0.0,1,False,False,0.0,0.0,-1.8572086059301813,2026-06,CatBoost-79 · M-2,historical_proxy,evaluated,2026-10-01T21:57:57.775168+00:00,2026-07-31,,,
2026-08-18,2026-08,14.0,0.033969639504040985,0.0,1,False,False,0.0,0.0,-3.3416140009724318,2026-06,CatBoost-79 · M-2,historical_proxy,evaluated,2026-10-01T21:57:57.775168+00:00,2026-07-31,,,
2026-08-18,2026-08,15.0,0.026866507668750914,0.0,1,False,False,0.0,0.0,-3.5762007281122026,2026-06,CatBoost-79 · M-2,historical_proxy,evaluated,2026-10-01T21:57:57.775168+00:00,2026-07-31,,,
2026-08-18,2026-08,16.0,0.009173401956146816,0.0,1,False,False,0.0,0.0,-4.650772965848935,2026-06,CatBoost-79 · M-2,historical_proxy,evaluated,2026-10-01T21:57:57.775168+00:00,2026-07-31,,,
2026-08-18,2026-08,17.0,0.00960547044468683,0.0,1,False,False,0.0,0.0,-4.60474839673661,2026-06,CatBoost-79 · M-2,historical_proxy,evaluated,2026-10-01T21:57:57.775168+00:00,2026-07-31,,,
2026-08-18,2026-08,18.0,0.00777409436356326,0.0,1,False,False,0.0,0.0,-4.81628420019233,2026-06,CatBoost-79 · M-2,historical_proxy,evaluated,2026-10-01T21:57:57.775168+00:00,2026-07-31,,,
2026-08-18,2026-08,19.0,0.03116097581826806,0.0,1,False,False,0.0,0.0,-3.427914634014657,2026-06,CatBoost-79 · M-2,historical_proxy,evaluated,2026-10-01T21:57:57.775168+00:00,2026-07-31,,,
2026-08-18,2026-08,20.0,0.05668495572357504,0.0,1,False,True,0.0,0.0,-2.8295723265293087,2026-06,CatBoost-79 · M-2,historical_proxy,evaluated,2026-10-01T21:57:57.775168+00:00,2026-07-31,,,
2026-08-18,2026-08,21.0,0.003969727948648834,0.0,1,False,False,0.0,0.0,-5.488383605340273,2026-06,CatBoost-79 · M-2,historical_proxy,evaluated,2026-10-01T21:57:57.775168+00:00,2026-07-31,,,
2026-08-19,2026-08,8.0,0.06832657684632543,0.0,1,False,False,0.0,0.0,-2.606201554072027,2026-06,CatBoost-79 · M-2,historical_proxy,evaluated,2026-10-01T21:57:57.775168+00:00,2026-07-31,,,
2026-08-19,2026-08,9.0,0.22122208757312234,0.0,1,True,False,0.0,0.0,-1.4313332461663284,2026-06,CatBoost-79 · M-2,historical_proxy,evaluated,2026-10-01T21:57:57.775168+00:00,2026-07-31,,,
2026-08-19,2026-08,10.0,0.1394571624627176,0.0,1,False,False,0.0,0.0,-1.892742889251532,2026-06,CatBoost-79 · M-2,historical_proxy,evaluated,2026-10-01T21:57:57.775168+00:00,2026-07-31,,,
2026-08-19,2026-08,11.0,0.0147520726469864,0.0,1,False,False,0.0,0.0,-4.139116772880407,2026-06,CatBoost-79 · M-2,historical_proxy,evaluated,2026-10-01T21:57:57.775168+00:00,2026-07-31,,,
2026-08-19,2026-08,12.0,0.2343867645844803,0.0,1,True,False,0.0,0.0,-1.3735277732088313,2026-06,CatBoost-79 · M-2,historical_proxy,evaluated,2026-10-01T21:57:57.775168+00:00,2026-07-31,,,
2026-08-19,2026-08,13.0,0.1480158860688806,0.0,1,False,False,0.0,0.0,-1.833180757927182,2026-06,CatBoost-79 · M-2,historical_proxy,evaluated,2026-10-01T21:57:57.775168+00:00,2026-07-31,,,
2026-08-19,2026-08,14.0,0.0382070143438933,0.0,1,False,True,0.0,0.0,-3.1874812439101605,2026-06,CatBoost-79 · M-2,historical_proxy,evaluated,2026-10-01T21:57:57.775168+00:00,2026-07-31,,,
2026-08-19,2026-08,15.0,0.03103789979607292,0.0,1,False,False,0.0,0.0,-3.3952913324172966,2026-06,CatBoost-79 · M-2,historical_proxy,evaluated,2026-10-01T21:57:57.775168+00:00,2026-07-31,,,
2026-08-19,2026-08,16.0,0.010371246032757415,0.0,1,False,False,0.0,0.0,-4.491463191761005,2026-06,CatBoost-79 · M-2,historical_proxy,evaluated,2026-10-01T21:57:57.775168+00:00,2026-07-31,,,
2026-08-19,2026-08,17.0,0.010152510412763254,0.0,1,False,False,0.0,0.0,-4.512779358021025,2026-06,CatBoost-79 · M-2,historical_proxy,evaluated,2026-10-01T21:57:57.775168+00:00,2026-07-31,,,
2026-08-19,2026-08,18.0,0.005082344165288725,0.0,1,False,False,0.0,0.0,-5.20472775921907,2026-06,CatBoost-79 · M-2,historical_proxy,evaluated,2026-10-01T21:57:57.775168+00:00,2026-07-31,,,
2026-08-19,2026-08,19.0,0.028532792068522432,0.0,1,False,False,0.0,0.0,-3.4794463394956683,2026-06,CatBoost-79 · M-2,historical_proxy,evaluated,2026-10-01T21:57:57.775168+00:00,2026-07-31,,,
2026-08-19,2026-08,20.0,0.047617953079010615,0.0,1,False,False,0.0,0.0,-2.967290508580431,2026-06,CatBoost-79 · M-2,historical_proxy,evaluated,2026-10-01T21:57:57.775168+00:00,2026-07-31,,,
2026-08-19,2026-08,21.0,0.0028376899191787128,0.0,1,False,False,0.0,0.0,-5.787510051797367,2026-06,CatBoost-79 · M-2,historical_proxy,evaluated,2026-10-01T21:57:57.775168+00:00,2026-07-31,,,
2026-08-20,2026-08,8.0,0.11767835911169956,0.0,1,False,False,1.0,1.0,-2.033328018997419,2026-06,CatBoost-79 · M-2,historical_proxy,evaluated,2026-10-01T21:57:57.775168+00:00,2026-07-31,,,
2026-08-20,2026-08,9.0,0.1934432033050207,0.0,1,True,True,1.0,1.0,-1.5362992051349864,2026-06,CatBoost-79 · M-2,historical_proxy,evaluated,2026-10-01T21:57:57.775168+00:00,2026-07-31,,,
2026-08-20,2026-08,10.0,0.13267163572405222,0.0,1,False,False,1.0,1.0,-1.913405980425732,2026-06,CatBoost-79 · M-2,historical_proxy,evaluated,2026-10-01T21:57:57.775168+00:00,2026-07-31,,,
2026-08-20,2026-08,11.0,0.020803330246741338,0.0,1,False,False,1.0,1.0,-3.7661700696392924,2026-06,CatBoost-79 · M-2,historical_proxy,evaluated,2026-10-01T21:57:57.775168+00:00,2026-07-31,,,
2026-08-20,2026-08,12.0,0.22088764607367595,0.0,1,True,False,1.0,1.0,-1.4036289681096037,2026-06,CatBoost-79 · M-2,historical_proxy,evaluated,2026-10-01T21:57:57.775168+00:00,2026-07-31,,,
2026-08-20,2026-08,13.0,0.1455548261943224,0.0,1,False,False,1.0,1.0,-1.8207303235793326,2026-06,CatBoost-79 · M-2,historical_proxy,evaluated,2026-10-01T21:57:57.775168+00:00,2026-07-31,,,
2026-08-20,2026-08,14.0,0.038662664262285096,0.0,1,False,False,1.0,1.0,-3.146408764924521,2026-06,CatBoost-79 · M-2,historical_proxy,evaluated,2026-10-01T21:57:57.775168+00:00,2026-07-31,,,
2026-08-20,2026-08,15.0,0.0332926836165896,0.0,1,False,False,1.0,1.0,-3.2959454899142266,2026-06,CatBoost-79 · M-2,historical_proxy,evaluated,2026-10-01T21:57:57.775168+00:00,2026-07-31,,,
2026-08-20,2026-08,16.0,0.011012765907578975,0.0,1,False,False,1.0,1.0,-4.402228014598607,2026-06,CatBoost-79 · M-2,historical_proxy,evaluated,2026-10-01T21:57:57.775168+00:00,2026-07-31,,,
2026-08-20,2026-08,17.0,0.010624176400145567,0.0,1,False,False,1.0,1.0,-4.438150955021456,2026-06,CatBoost-79 · M-2,historical_proxy,evaluated,2026-10-01T21:57:57.775168+00:00,2026-07-31,,,
2026-08-20,2026-08,18.0,0.005890575153050627,0.0,1,False,False,1.0,1.0,-5.0279295095761105,2026-06,CatBoost-79 · M-2,historical_proxy,evaluated,2026-10-01T21:57:57.775168+00:00,2026-07-31,,,
2026-08-20,2026-08,19.0,0.025974421621744518,0.0,1,False,False,1.0,1.0,-3.5441708815375046,2026-06,CatBoost-79 · M-2,historical_proxy,evaluated,2026-10-01T21:57:57.775168+00:00,2026-07-31,,,
2026-08-20,2026-08,20.0,0.040679121888671524,0.0,1,False,False,1.0,1.0,-3.0955681664238734,2026-06,CatBoost-79 · M-2,historical_proxy,evaluated,2026-10-01T21:57:57.775168+00:00,2026-07-31,,,
2026-08-20,2026-08,21.0,0.0028245904944218646,0.0,1,False,False,1.0,1.0,-5.762919755182811,2026-06,CatBoost-79 · M-2,historical_proxy,evaluated,2026-10-01T21:57:57.775168+00:00,2026-07-31,,,
2026-08-21,2026-08,8.0,0.07824811320308761,0.0,1,False,False,1.0,1.0,-2.439780708938026,2026-06,CatBoost-79 · M-2,historical_proxy,evaluated,2026-10-01T21:57:57.775168+00:00,2026-07-31,,,
2026-08-21,2026-08,9.0,0.18348835022510931,0.0,1,False,False,1.0,1.0,-1.5875142466793686,2026-06,CatBoost-79 · M-2,historical_proxy,evaluated,2026-10-01T21:57:57.775168+00:00,2026-07-31,,,
2026-08-21,2026-08,10.0,0.12077606974432122,0.0,1,False,False,1.0,1.0,-2.0057272579133243,2026-06,CatBoost-79 · M-2,historical_proxy,evaluated,2026-10-01T21:57:57.775168+00:00,2026-07-31,,,
2026-08-21,2026-08,11.0,0.014859191273200307,0.0,1,False,False,1.0,1.0,-4.101046810906969,2026-06,CatBoost-79 · M-2,historical_proxy,evaluated,2026-10-01T21:57:57.775168+00:00,2026-07-31,,,
2026-08-21,2026-08,12.0,0.22765135831258626,0.0,1,True,False,1.0,1.0,-1.371850097213277,2026-06,CatBoost-79 · M-2,historical_proxy,evaluated,2026-10-01T21:57:57.775168+00:00,2026-07-31,,,
2026-08-21,2026-08,13.0,0.18525202087499432,0.0,1,True,True,1.0,1.0,-1.5779482526234272,2026-06,CatBoost-79 · M-2,historical_proxy,evaluated,2026-10-01T21:57:57.775168+00:00,2026-07-31,,,
2026-08-21,2026-08,14.0,0.04458759748964073,0.0,1,False,False,1.0,1.0,-3.0022096884851677,2026-06,CatBoost-79 · M-2,historical_proxy,evaluated,2026-10-01T21:57:57.775168+00:00,2026-07-31,,,
2026-08-21,2026-08,15.0,0.03350259747183105,0.0,1,False,False,1.0,1.0,-3.288042453349181,2026-06,CatBoost-79 · M-2,historical_proxy,evaluated,2026-10-01T21:57:57.775168+00:00,2026-07-31,,,
2026-08-21,2026-08,16.0,0.013691396617374472,0.0,1,False,False,1.0,1.0,-4.182897774210771,2026-06,CatBoost-79 · M-2,historical_proxy,evaluated,2026-10-01T21:57:57.775168+00:00,2026-07-31,,,
2026-08-21,2026-08,17.0,0.01230116620091235,0.0,1,False,False,1.0,1.0,-4.289971354680773,2026-06,CatBoost-79 · M-2,historical_proxy,evaluated,2026-10-01T21:57:57.775168+00:00,2026-07-31,,,
2026-08-21,2026-08,18.0,0.008129688939844844,0.0,1,False,False,1.0,1.0,-4.704142763600909,2026-06,CatBoost-79 · M-2,historical_proxy,evaluated,2026-10-01T21:57:57.775168+00:00,2026-07-31,,,
2026-08-21,2026-08,19.0,0.023430354373583463,0.0,1,False,False,1.0,1.0,-3.6456330484621575,2026-06,CatBoost-79 · M-2,historical_proxy,evaluated,2026-10-01T21:57:57.775168+00:00,2026-07-31,,,
2026-08-21,2026-08,20.0,0.05042063281380472,0.0,1,False,False,1.0,1.0,-2.8792649531169983,2026-06,CatBoost-79 · M-2,historical_proxy,evaluated,2026-10-01T21:57:57.775168+00:00,2026-07-31,,,
2026-08-21,2026-08,21.0,0.0036614624597094214,0.0,1,False,False,1.0,1.0,-5.50180277888861,2026-06,CatBoost-79 · M-2,historical_proxy,evaluated,2026-10-01T21:57:57.775168+00:00,2026-07-31,,,
2026-08-24,2026-08,8.0,0.05958069007062638,0.0,1,False,False,0.0,0.0,-2.695774409055187,2026-06,CatBoost-79 · M-2,historical_proxy,evaluated,2026-10-01T21:57:57.775168+00:00,2026-07-31,,,
2026-08-24,2026-08,9.0,0.23149609152388287,0.0,1,True,False,0.0,0.0,-1.338542948408526,2026-06,CatBoost-79 · M-2,historical_proxy,evaluated,2026-10-01T21:57:57.775168+00:00,2026-07-31,,,
2026-08-24,2026-08,10.0,0.15321258693838652,0.0,1,False,False,0.0,0.0,-1.7512795244223616,2026-06,CatBoost-79 · M-2,historical_proxy,evaluated,2026-10-01T21:57:57.775168+00:00,2026-07-31,,,
2026-08-24,2026-08,11.0,0.020711781445667155,0.0,1,False,False,0.0,0.0,-3.7524032481957557,2026-06,CatBoost-79 · M-2,historical_proxy,evaluated,2026-10-01T21:57:57.775168+00:00,2026-07-31,,,
2026-08-24,2026-08,12.0,0.2346648458186107,0.0,1,True,False,0.0,0.0,-1.32494763036199,2026-06,CatBoost-79 · M-2,historical_proxy,evaluated,2026-10-01T21:57:57.775168+00:00,2026-07-31,,,
2026-08-24,2026-08,13.0,0.14230485822307956,0.0,1,False,True,0.0,0.0,-1.825134293302773,2026-06,CatBoost-79 · M-2,historical_proxy,evaluated,2026-10-01T21:57:57.775168+00:00,2026-07-31,,,
2026-08-24,2026-08,14.0,0.03295889548620016,0.0,1,False,False,0.0,0.0,-3.2878447447805708,2026-06,CatBoost-79 · M-2,historical_proxy,evaluated,2026-10-01T21:57:57.775168+00:00,2026-07-31,,,
2026-08-24,2026-08,15.0,0.02796061959616427,0.0,1,False,False,0.0,0.0,-3.452308861314336,2026-06,CatBoost-79 · M-2,historical_proxy,evaluated,2026-10-01T21:57:57.775168+00:00,2026-07-31,,,
2026-08-24,2026-08,16.0,0.007357126119267097,0.0,1,False,False,0.0,0.0,-4.787436554965411,2026-06,CatBoost-79 · M-2,historical_proxy,evaluated,2026-10-01T21:57:57.775168+00:00,2026-07-31,,,
2026-08-24,2026-08,17.0,0.005702091366501828,0.0,1,False,False,0.0,0.0,-5.042272924575487,2026-06,CatBoost-79 · M-2,historical_proxy,evaluated,2026-10-01T21:57:57.775168+00:00,2026-07-31,,,
2026-08-24,2026-08,18.0,0.01008208594752791,0.0,1,False,False,0.0,0.0,-4.472345758052994,2026-06,CatBoost-79 · M-2,historical_proxy,evaluated,2026-10-01T21:57:57.775168+00:00,2026-07-31,,,
2026-08-24,2026-08,19.0,0.029133898126973527,0.0,1,False,False,0.0,0.0,-3.411203558211273,2026-06,CatBoost-79 · M-2,historical_proxy,evaluated,2026-10-01T21:57:57.775168+00:00,2026-07-31,,,
2026-08-24,2026-08,20.0,0.04240434225823602,0.0,1,False,False,0.0,0.0,-3.03585516978109,2026-06,CatBoost-79 · M-2,historical_proxy,evaluated,2026-10-01T21:57:57.775168+00:00,2026-07-31,,,
2026-08-24,2026-08,21.0,0.0024300870788759614,0.0,1,False,False,0.0,0.0,-5.895178846887346,2026-06,CatBoost-79 · M-2,historical_proxy,evaluated,2026-10-01T21:57:57.775168+00:00,2026-07-31,,,
2026-08-25,2026-08,8.0,0.06054932401733435,0.0,1,False,False,1.0,1.0,-2.6067843048320816,2026-06,CatBoost-79 · M-2,historical_proxy,evaluated,2026-10-01T21:57:57.775168+00:00,2026-07-31,,,
2026-08-25,2026-08,9.0,0.1961910438083183,0.0,1,True,False,1.0,1.0,-1.431153712914441,2026-06,CatBoost-79 · M-2,historical_proxy,evaluated,2026-10-01T21:57:57.775168+00:00,2026-07-31,,,
2026-08-25,2026-08,10.0,0.15224718037612248,0.0,1,False,False,1.0,1.0,-1.6847372240066898,2026-06,CatBoost-79 · M-2,historical_proxy,evaluated,2026-10-01T21:57:57.775168+00:00,2026-07-31,,,
2026-08-25,2026-08,11.0,0.015268721986494224,0.0,1,False,False,1.0,1.0,-3.9844361894013387,2026-06,CatBoost-79 · M-2,historical_proxy,evaluated,2026-10-01T21:57:57.775168+00:00,2026-07-31,,,
2026-08-25,2026-08,12.0,0.22704029816264362,0.0,1,True,True,1.0,1.0,-1.2851150840568628,2026-06,CatBoost-79 · M-2,historical_proxy,evaluated,2026-10-01T21:57:57.775168+00:00,2026-07-31,,,
2026-08-25,2026-08,13.0,0.17422721180440687,0.0,1,False,False,1.0,1.0,-1.5498823483806456,2026-06,CatBoost-79 · M-2,historical_proxy,evaluated,2026-10-01T21:57:57.775168+00:00,2026-07-31,,,
2026-08-25,2026-08,14.0,0.04440716102327639,0.0,1,False,False,1.0,1.0,-2.9168418699868535,2026-06,CatBoost-79 · M-2,historical_proxy,evaluated,2026-10-01T21:57:57.775168+00:00,2026-07-31,,,
2026-08-25,2026-08,15.0,0.036087818555589055,0.0,1,False,False,1.0,1.0,-3.124287238466958,2026-06,CatBoost-79 · M-2,historical_proxy,evaluated,2026-10-01T21:57:57.775168+00:00,2026-07-31,,,
2026-08-25,2026-08,16.0,0.011153263277971307,0.0,1,False,False,1.0,1.0,-4.29851048497165,2026-06,CatBoost-79 · M-2,historical_proxy,evaluated,2026-10-01T21:57:57.775168+00:00,2026-07-31,,,
2026-08-25,2026-08,17.0,0.011603796316808556,0.0,1,False,False,1.0,1.0,-4.258910297466149,2026-06,CatBoost-79 · M-2,historical_proxy,evaluated,2026-10-01T21:57:57.775168+00:00,2026-07-31,,,
2026-08-25,2026-08,18.0,0.005558431786399457,0.0,1,False,False,1.0,1.0,-4.99492659505588,2026-06,CatBoost-79 · M-2,historical_proxy,evaluated,2026-10-01T21:57:57.775168+00:00,2026-07-31,,,
2026-08-25,2026-08,19.0,0.027309495639226293,0.0,1,False,False,1.0,1.0,-3.4030081434018498,2026-06,CatBoost-79 · M-2,historical_proxy,evaluated,2026-10-01T21:57:57.775168+00:00,2026-07-31,,,
2026-08-25,2026-08,20.0,0.036098420478926106,0.0,1,False,False,1.0,1.0,-3.123993500392913,2026-06,CatBoost-79 · M-2,historical_proxy,evaluated,2026-10-01T21:57:57.775168+00:00,2026-07-31,,,
2026-08-25,2026-08,21.0,0.002257832766482986,0.0,1,False,False,1.0,1.0,-5.89583721041706,2026-06,CatBoost-79 · M-2,historical_proxy,evaluated,2026-10-01T21:57:57.775168+00:00,2026-07-31,,,
2026-08-26,2026-08,8.0,0.041619412020965245,0.0,1,False,False,1.0,1.0,-3.0993661982232834,2026-06,CatBoost-79 · M-2,historical_proxy,evaluated,2026-10-01T21:57:57.775168+00:00,2026-07-31,,,
2026-08-26,2026-08,9.0,0.1851646946944865,0.0,1,False,False,1.0,1.0,-1.6066872211294265,2026-06,CatBoost-79 · M-2,historical_proxy,evaluated,2026-10-01T21:57:57.775168+00:00,2026-07-31,,,
2026-08-26,2026-08,10.0,0.12468710621139321,0.0,1,False,False,1.0,1.0,-2.002125442894718,2026-06,CatBoost-79 · M-2,historical_proxy,evaluated,2026-10-01T21:57:57.775168+00:00,2026-07-31,,,
2026-08-26,2026-08,11.0,0.022417511505642643,0.0,1,False,False,1.0,1.0,-3.7180904746818255,2026-06,CatBoost-79 · M-2,historical_proxy,evaluated,2026-10-01T21:57:57.775168+00:00,2026-07-31,,,
2026-08-26,2026-08,12.0,0.23393040535827278,0.0,1,True,True,1.0,1.0,-1.3729092336466984,2026-06,CatBoost-79 · M-2,historical_proxy,evaluated,2026-10-01T21:57:57.775168+00:00,2026-07-31,,,
2026-08-26,2026-08,13.0,0.2022727087244362,0.0,1,True,False,1.0,1.0,-1.518316061666999,2026-06,CatBoost-79 · M-2,historical_proxy,evaluated,2026-10-01T21:57:57.775168+00:00,2026-07-31,,,
2026-08-26,2026-08,14.0,0.04114686611733294,0.0,1,False,False,1.0,1.0,-3.1107851250840763,2026-06,CatBoost-79 · M-2,historical_proxy,evaluated,2026-10-01T21:57:57.775168+00:00,2026-07-31,,,
2026-08-26,2026-08,15.0,0.03680444022924695,0.0,1,False,False,1.0,1.0,-3.222314395469853,2026-06,CatBoost-79 · M-2,historical_proxy,evaluated,2026-10-01T21:57:57.775168+00:00,2026-07-31,,,
2026-08-26,2026-08,16.0,0.012358652023003864,0.0,1,False,False,1.0,1.0,-4.313576505314956,2026-06,CatBoost-79 · M-2,historical_proxy,evaluated,2026-10-01T21:57:57.775168+00:00,2026-07-31,,,
2026-08-26,2026-08,17.0,0.009131022003078068,0.0,1,False,False,1.0,1.0,-4.61625526442649,2026-06,CatBoost-79 · M-2,historical_proxy,evaluated,2026-10-01T21:57:57.775168+00:00,2026-07-31,,,
2026-08-26,2026-08,18.0,0.0047165718813004815,0.0,1,False,False,1.0,1.0,-5.276850652387689,2026-06,CatBoost-79 · M-2,historical_proxy,evaluated,2026-10-01T21:57:57.775168+00:00,2026-07-31,,,
2026-08-26,2026-08,19.0,0.028988032313592094,0.0,1,False,False,1.0,1.0,-3.4610498258000737,2026-06,CatBoost-79 · M-2,historical_proxy,evaluated,2026-10-01T21:57:57.775168+00:00,2026-07-31,,,
2026-08-26,2026-08,20.0,0.054076772777728,0.0,1,False,False,1.0,1.0,-2.837528136783509,2026-06,CatBoost-79 · M-2,historical_proxy,evaluated,2026-10-01T21:57:57.775168+00:00,2026-07-31,,,
2026-08-26,2026-08,21.0,0.0026858041395209633,0.0,1,False,False,1.0,1.0,-5.8399527153439905,2026-06,CatBoost-79 · M-2,historical_proxy,evaluated,2026-10-01T21:57:57.775168+00:00,2026-07-31,,,
2026-08-27,2026-08,8.0,0.061616219845211824,0.0,1,False,False,1.0,1.0,-2.756858219583113,2026-06,CatBoost-79 · M-2,historical_proxy,evaluated,2026-10-01T21:57:57.775168+00:00,2026-07-31,,,
2026-08-27,2026-08,9.0,0.1990220912430416,0.0,1,True,True,1.0,1.0,-1.5843675348035635,2026-06,CatBoost-79 · M-2,historical_proxy,evaluated,2026-10-01T21:57:57.775168+00:00,2026-07-31,,,
2026-08-27,2026-08,10.0,0.13342974201485308,0.0,1,False,False,1.0,1.0,-1.9842083023726904,2026-06,CatBoost-79 · M-2,historical_proxy,evaluated,2026-10-01T21:57:57.775168+00:00,2026-07-31,,,
2026-08-27,2026-08,11.0,0.014897040531879891,0.0,1,False,False,1.0,1.0,-4.176620793436363,2026-06,CatBoost-79 · M-2,historical_proxy,evaluated,2026-10-01T21:57:57.775168+00:00,2026-07-31,,,
2026-08-27,2026-08,12.0,0.20948422509449835,0.0,1,True,False,1.0,1.0,-1.5331349259894511,2026-06,CatBoost-79 · M-2,historical_proxy,evaluated,2026-10-01T21:57:57.775168+00:00,2026-07-31,,,
2026-08-27,2026-08,13.0,0.12640640979022616,0.0,1,False,False,1.0,1.0,-2.0382811738455833,2026-06,CatBoost-79 · M-2,historical_proxy,evaluated,2026-10-01T21:57:57.775168+00:00,2026-07-31,,,
2026-08-27,2026-08,14.0,0.04807494516372055,0.0,1,False,False,1.0,1.0,-3.005022213804372,2026-06,CatBoost-79 · M-2,historical_proxy,evaluated,2026-10-01T21:57:57.775168+00:00,2026-07-31,,,
2026-08-27,2026-08,15.0,0.03934760796165027,0.0,1,False,False,1.0,1.0,-3.205348180398986,2026-06,CatBoost-79 · M-2,historical_proxy,evaluated,2026-10-01T21:57:57.775168+00:00,2026-07-31,,,
2026-08-27,2026-08,16.0,0.017023940150417343,0.0,1,False,False,1.0,1.0,-4.043162767085757,2026-06,CatBoost-79 · M-2,historical_proxy,evaluated,2026-10-01T21:57:57.775168+00:00,2026-07-31,,,
2026-08-27,2026-08,17.0,0.010256131600174152,0.0,1,False,False,1.0,1.0,-4.549907633012094,2026-06,CatBoost-79 · M-2,historical_proxy,evaluated,2026-10-01T21:57:57.775168+00:00,2026-07-31,,,
2026-08-27,2026-08,18.0,0.00985138850464612,0.0,1,False,False,1.0,1.0,-4.59017095445026,2026-06,CatBoost-79 · M-2,historical_proxy,evaluated,2026-10-01T21:57:57.775168+00:00,2026-07-31,,,
2026-08-27,2026-08,19.0,0.04242903740301612,0.0,1,False,False,1.0,1.0,-3.1299503923885785,2026-06,CatBoost-79 · M-2,historical_proxy,evaluated,2026-10-01T21:57:57.775168+00:00,2026-07-31,,,
2026-08-27,2026-08,20.0,0.08479151183524045,0.0,1,False,False,1.0,1.0,-2.4375879231329782,2026-06,CatBoost-79 · M-2,historical_proxy,evaluated,2026-10-01T21:57:57.775168+00:00,2026-07-31,,,
2026-08-27,2026-08,21.0,0.003369708861424029,0.0,1,False,False,1.0,1.0,-5.662957015274831,2026-06,CatBoost-79 · M-2,historical_proxy,evaluated,2026-10-01T21:57:57.775168+00:00,2026-07-31,,,
2026-08-28,2026-08,8.0,0.06892998402471155,0.0,1,False,False,0.0,0.0,-2.549495827290245,2026-06,CatBoost-79 · M-2,historical_proxy,evaluated,2026-10-01T21:57:57.775168+00:00,2026-07-31,,,
2026-08-28,2026-08,9.0,0.2632623442612108,0.0,1,True,False,0.0,0.0,-1.2094360507315616,2026-06,CatBoost-79 · M-2,historical_proxy,evaluated,2026-10-01T21:57:57.775168+00:00,2026-07-31,,,
2026-08-28,2026-08,10.0,0.1513554341646269,0.0,1,False,False,0.0,0.0,-1.7629561529809907,2026-06,CatBoost-79 · M-2,historical_proxy,evaluated,2026-10-01T21:57:57.775168+00:00,2026-07-31,,,
2026-08-28,2026-08,11.0,0.013910663340825408,0.0,1,False,False,0.0,0.0,-4.149931399574839,2026-06,CatBoost-79 · M-2,historical_proxy,evaluated,2026-10-01T21:57:57.775168+00:00,2026-07-31,,,
2026-08-28,2026-08,12.0,0.22753449433282058,0.0,1,True,False,0.0,0.0,-1.3552852420884365,2026-06,CatBoost-79 · M-2,historical_proxy,evaluated,2026-10-01T21:57:57.775168+00:00,2026-07-31,,,
2026-08-28,2026-08,13.0,0.13477892934007207,0.0,1,False,False,0.0,0.0,-1.878951216699887,2026-06,CatBoost-79 · M-2,historical_proxy,evaluated,2026-10-01T21:57:57.775168+00:00,2026-07-31,,,
2026-08-28,2026-08,14.0,0.036738629043913534,0.0,1,False,False,0.0,0.0,-3.178758328417271,2026-06,CatBoost-79 · M-2,historical_proxy,evaluated,2026-10-01T21:57:57.775168+00:00,2026-07-31,,,
2026-08-28,2026-08,15.0,0.029302347300272025,0.0,1,False,False,0.0,0.0,-3.4049194669752927,2026-06,CatBoost-79 · M-2,historical_proxy,evaluated,2026-10-01T21:57:57.775168+00:00,2026-07-31,,,
2026-08-28,2026-08,16.0,0.01124766106460725,0.0,1,False,False,0.0,0.0,-4.362426890759871,2026-06,CatBoost-79 · M-2,historical_proxy,evaluated,2026-10-01T21:57:57.775168+00:00,2026-07-31,,,
2026-08-28,2026-08,17.0,0.009842087006129603,0.0,1,False,False,0.0,0.0,-4.495919309732493,2026-06,CatBoost-79 · M-2,historical_proxy,evaluated,2026-10-01T21:57:57.775168+00:00,2026-07-31,,,
2026-08-28,2026-08,18.0,0.005785596567585579,0.0,1,False,False,0.0,0.0,-5.027215613919782,2026-06,CatBoost-79 · M-2,historical_proxy,evaluated,2026-10-01T21:57:57.775168+00:00,2026-07-31,,,
2026-08-28,2026-08,19.0,0.019996470201129518,0.0,1,False,False,0.0,0.0,-3.7870313243924554,2026-06,CatBoost-79 · M-2,historical_proxy,evaluated,2026-10-01T21:57:57.775168+00:00,2026-07-31,,,
2026-08-28,2026-08,20.0,0.024629312609448874,0.0,1,False,True,0.0,0.0,-3.5786497893541136,2026-06,CatBoost-79 · M-2,historical_proxy,evaluated,2026-10-01T21:57:57.775168+00:00,2026-07-31,,,
2026-08-28,2026-08,21.0,0.002686046742646288,0.0,1,False,False,0.0,0.0,-5.794516592151614,2026-06,CatBoost-79 · M-2,historical_proxy,evaluated,2026-10-01T21:57:57.775168+00:00,2026-07-31,,,
2026-08-31,2026-08,8.0,0.043509948295059775,0.0,1,False,False,1.0,1.0,-3.0437610651871774,2026-06,CatBoost-79 · M-2,historical_proxy,evaluated,2026-10-01T21:57:57.775168+00:00,2026-07-31,,,
2026-08-31,2026-08,9.0,0.16555358548652097,0.0,1,True,False,1.0,1.0,-1.7074557517862912,2026-06,CatBoost-79 · M-2,historical_proxy,evaluated,2026-10-01T21:57:57.775168+00:00,2026-07-31,,,
2026-08-31,2026-08,10.0,0.11733516732774674,0.0,1,False,False,1.0,1.0,-2.051716156130892,2026-06,CatBoost-79 · M-2,historical_proxy,evaluated,2026-10-01T21:57:57.775168+00:00,2026-07-31,,,
2026-08-31,2026-08,11.0,0.020086848385904202,0.0,1,False,False,1.0,1.0,-3.8166853818205504,2026-06,CatBoost-79 · M-2,historical_proxy,evaluated,2026-10-01T21:57:57.775168+00:00,2026-07-31,,,
2026-08-31,2026-08,12.0,0.31910700181818563,0.0,1,True,True,1.0,1.0,-1.051224198134645,2026-06,CatBoost-79 · M-2,historical_proxy,evaluated,2026-10-01T21:57:57.775168+00:00,2026-07-31,,,
2026-08-31,2026-08,13.0,0.1386969089024451,0.0,1,False,False,1.0,1.0,-1.884459632712126,2026-06,CatBoost-79 · M-2,historical_proxy,evaluated,2026-10-01T21:57:57.775168+00:00,2026-07-31,,,
2026-08-31,2026-08,14.0,0.040325834274302315,0.0,1,False,False,1.0,1.0,-3.1197583610142927,2026-06,CatBoost-79 · M-2,historical_proxy,evaluated,2026-10-01T21:57:57.775168+00:00,2026-07-31,,,
2026-08-31,2026-08,15.0,0.03972128151003785,0.0,1,False,False,1.0,1.0,-3.1348635713202953,2026-06,CatBoost-79 · M-2,historical_proxy,evaluated,2026-10-01T21:57:57.775168+00:00,2026-07-31,,,
2026-08-31,2026-08,16.0,0.011734381618668112,0.0,1,False,False,1.0,1.0,-4.354227541127666,2026-06,CatBoost-79 · M-2,historical_proxy,evaluated,2026-10-01T21:57:57.775168+00:00,2026-07-31,,,
2026-08-31,2026-08,17.0,0.008807765609233378,0.0,1,False,False,1.0,1.0,-4.64111688562909,2026-06,CatBoost-79 · M-2,historical_proxy,evaluated,2026-10-01T21:57:57.775168+00:00,2026-07-31,,,
2026-08-31,2026-08,18.0,0.004788254378156716,0.0,1,False,False,1.0,1.0,-5.250584759018467,2026-06,CatBoost-79 · M-2,historical_proxy,evaluated,2026-10-01T21:57:57.775168+00:00,2026-07-31,,,
2026-08-31,2026-08,19.0,0.036336215076403056,0.0,1,False,False,1.0,1.0,-3.223935769127643,2026-06,CatBoost-79 · M-2,historical_proxy,evaluated,2026-10-01T21:57:57.775168+00:00,2026-07-31,,,
2026-08-31,2026-08,20.0,0.05089938739973503,0.0,1,False,False,1.0,1.0,-2.8868997854575396,2026-06,CatBoost-79 · M-2,historical_proxy,evaluated,2026-10-01T21:57:57.775168+00:00,2026-07-31,,,
2026-08-31,2026-08,21.0,0.0030974199176011137,0.0,1,False,False,1.0,1.0,-5.686181193267788,2026-06,CatBoost-79 · M-2,historical_proxy,evaluated,2026-10-01T21:57:57.775168+00:00,2026-07-31,,,
2026-09-01,2026-09,8.0,0.1636015494203304,0.0,2,False,False,,,-1.7151551537452685,2026-07,CatBoost-79 · M-2,ideal_weather_proxy,awaiting_actual_chm,2026-10-01T17:29:32.854225+00:00,2026-08-31,,,2026-08-31 17:25:00
2026-09-01,2026-09,9.0,0.2927929315650837,0.0,2,True,False,,,-1.133123407687353,2026-07,CatBoost-79 · M-2,ideal_weather_proxy,awaiting_actual_chm,2026-10-01T17:29:32.854225+00:00,2026-08-31,,,2026-08-31 17:25:00
2026-09-01,2026-09,10.0,0.1646827152055495,0.0,2,True,False,,,-1.7085683641202154,2026-07,CatBoost-79 · M-2,ideal_weather_proxy,awaiting_actual_chm,2026-10-01T17:29:32.854225+00:00,2026-08-31,,,2026-08-31 17:25:00
2026-09-01,2026-09,11.0,0.026278017859785,0.0,2,False,False,,,-3.5438562817862795,2026-07,CatBoost-79 · M-2,ideal_weather_proxy,awaiting_actual_chm,2026-10-01T17:29:32.854225+00:00,2026-08-31,,,2026-08-31 17:25:00
2026-09-01,2026-09,12.0,0.1039283825504097,0.0,2,False,False,,,-2.1688870160491733,2026-07,CatBoost-79 · M-2,ideal_weather_proxy,awaiting_actual_chm,2026-10-01T17:29:32.854225+00:00,2026-08-31,,,2026-08-31 17:25:00
2026-09-01,2026-09,13.0,0.0506144842844535,0.0,2,False,False,,,-2.888351262641073,2026-07,CatBoost-79 · M-2,ideal_weather_proxy,awaiting_actual_chm,2026-10-01T17:29:32.854225+00:00,2026-08-31,,,2026-08-31 17:25:00
2026-09-01,2026-09,14.0,0.0187335482693634,0.0,2,False,False,,,-3.8822731070342034,2026-07,CatBoost-79 · M-2,ideal_weather_proxy,awaiting_actual_chm,2026-10-01T17:29:32.854225+00:00,2026-08-31,,,2026-08-31 17:25:00
2026-09-01,2026-09,15.0,0.0134361783500713,0.0,2,False,False,,,-4.214638102946332,2026-07,CatBoost-79 · M-2,ideal_weather_proxy,awaiting_actual_chm,2026-10-01T17:29:32.854225+00:00,2026-08-31,,,2026-08-31 17:25:00
2026-09-01,2026-09,18.0,0.0601395401870262,1.0,2,True,False,,,-2.715921516831902,2026-07,CatBoost-79 · M-2,ideal_weather_proxy,awaiting_actual_chm,2026-10-01T17:29:32.854225+00:00,2026-08-31,,,2026-08-31 17:25:00
2026-09-01,2026-09,19.0,0.0866924172765595,1.0,2,True,False,,,-2.3502226280163496,2026-07,CatBoost-79 · M-2,ideal_weather_proxy,awaiting_actual_chm,2026-10-01T17:29:32.854225+00:00,2026-08-31,,,2026-08-31 17:25:00
2026-09-01,2026-09,20.0,0.0165161852759345,1.0,2,False,False,,,-4.008248222726072,2026-07,CatBoost-79 · M-2,ideal_weather_proxy,awaiting_actual_chm,2026-10-01T17:29:32.854225+00:00,2026-08-31,,,2026-08-31 17:25:00
2026-09-01,2026-09,21.0,0.002584049755433,1.0,2,False,False,,,-5.863231207719949,2026-07,CatBoost-79 · M-2,ideal_weather_proxy,awaiting_actual_chm,2026-10-01T17:29:32.854225+00:00,2026-08-31,,,2026-08-31 17:25:00
2026-09-02,2026-09,8.0,0.0793209951555099,0.0,2,False,False,,,-2.574060679657502,2026-07,CatBoost-79 · M-2,ideal_weather_proxy,awaiting_actual_chm,2026-10-01T17:29:32.854225+00:00,2026-09-01,,,2026-09-01 17:25:00
2026-09-02,2026-09,9.0,0.1826937615540752,0.0,2,True,False,,,-1.739752212360256,2026-07,CatBoost-79 · M-2,ideal_weather_proxy,awaiting_actual_chm,2026-10-01T17:29:32.854225+00:00,2026-09-01,,,2026-09-01 17:25:00
2026-09-02,2026-09,10.0,0.1251413246868656,0.0,2,True,False,,,-2.1181198331627984,2026-07,CatBoost-79 · M-2,ideal_weather_proxy,awaiting_actual_chm,2026-10-01T17:29:32.854225+00:00,2026-09-01,,,2026-09-01 17:25:00
2026-09-02,2026-09,11.0,0.0177610951373503,0.0,2,False,False,,,-4.070553130513968,2026-07,CatBoost-79 · M-2,ideal_weather_proxy,awaiting_actual_chm,2026-10-01T17:29:32.854225+00:00,2026-09-01,,,2026-09-01 17:25:00
2026-09-02,2026-09,12.0,0.1240209508985261,0.0,2,False,False,,,-2.1271130191238194,2026-07,CatBoost-79 · M-2,ideal_weather_proxy,awaiting_actual_chm,2026-10-01T17:29:32.854225+00:00,2026-09-01,,,2026-09-01 17:25:00
2026-09-02,2026-09,13.0,0.0441872914328708,0.0,2,False,False,,,-3.15912630571853,2026-07,CatBoost-79 · M-2,ideal_weather_proxy,awaiting_actual_chm,2026-10-01T17:29:32.854225+00:00,2026-09-01,,,2026-09-01 17:25:00
2026-09-02,2026-09,14.0,0.0140492508617478,0.0,2,False,False,,,-4.304994454406325,2026-07,CatBoost-79 · M-2,ideal_weather_proxy,awaiting_actual_chm,2026-10-01T17:29:32.854225+00:00,2026-09-01,,,2026-09-01 17:25:00
2026-09-02,2026-09,15.0,0.0100094543326468,0.0,2,False,False,,,-4.644033449697805,2026-07,CatBoost-79 · M-2,ideal_weather_proxy,awaiting_actual_chm,2026-10-01T17:29:32.854225+00:00,2026-09-01,,,2026-09-01 17:25:00
2026-09-02,2026-09,18.0,0.1670662850479435,1.0,2,True,False,,,-1.8291728791949888,2026-07,CatBoost-79 · M-2,ideal_weather_proxy,awaiting_actual_chm,2026-10-01T17:29:32.854225+00:00,2026-09-01,,,2026-09-01 17:25:00
2026-09-02,2026-09,19.0,0.1971263149838526,1.0,2,True,False,,,-1.6637188132428564,2026-07,CatBoost-79 · M-2,ideal_weather_proxy,awaiting_actual_chm,2026-10-01T17:29:32.854225+00:00,2026-09-01,,,2026-09-01 17:25:00
2026-09-02,2026-09,20.0,0.0348936174272266,1.0,2,False,False,,,-3.395259598573877,2026-07,CatBoost-79 · M-2,ideal_weather_proxy,awaiting_actual_chm,2026-10-01T17:29:32.854225+00:00,2026-09-01,,,2026-09-01 17:25:00
2026-09-02,2026-09,21.0,0.0037296584813843,1.0,2,False,False,,,-5.631246859802722,2026-07,CatBoost-79 · M-2,ideal_weather_proxy,awaiting_actual_chm,2026-10-01T17:29:32.854225+00:00,2026-09-01,,,2026-09-01 17:25:00
2026-09-03,2026-09,8.0,0.1630046068863834,0.0,2,True,False,,,-1.80704680871716,2026-07,CatBoost-79 · M-2,ideal_weather_proxy,awaiting_actual_chm,2026-10-01T17:29:32.854225+00:00,2026-09-02,,,2026-09-02 17:29:00
2026-09-03,2026-09,9.0,0.2127077534417832,0.0,2,True,False,,,-1.54090609821271,2026-07,CatBoost-79 · M-2,ideal_weather_proxy,awaiting_actual_chm,2026-10-01T17:29:32.854225+00:00,2026-09-02,,,2026-09-02 17:29:00
2026-09-03,2026-09,10.0,0.1207751892122873,0.0,2,False,False,,,-2.106894395140825,2026-07,CatBoost-79 · M-2,ideal_weather_proxy,awaiting_actual_chm,2026-10-01T17:29:32.854225+00:00,2026-09-02,,,2026-09-02 17:29:00
2026-09-03,2026-09,11.0,0.0230112081901564,0.0,2,False,False,,,-3.764843862384759,2026-07,CatBoost-79 · M-2,ideal_weather_proxy,awaiting_actual_chm,2026-10-01T17:29:32.854225+00:00,2026-09-02,,,2026-09-02 17:29:00
2026-09-03,2026-09,12.0,0.1283428776919243,0.0,2,False,False,,,-2.046119857751548,2026-07,CatBoost-79 · M-2,ideal_weather_proxy,awaiting_actual_chm,2026-10-01T17:29:32.854225+00:00,2026-09-02,,,2026-09-02 17:29:00
2026-09-03,2026-09,13.0,0.0588695483975505,0.0,2,False,False,,,-2.825501320401836,2026-07,CatBoost-79 · M-2,ideal_weather_proxy,awaiting_actual_chm,2026-10-01T17:29:32.854225+00:00,2026-09-02,,,2026-09-02 17:29:00
2026-09-03,2026-09,14.0,0.0201364453315439,0.0,2,False,False,,,-3.898293898455597,2026-07,CatBoost-79 · M-2,ideal_weather_proxy,awaiting_actual_chm,2026-10-01T17:29:32.854225+00:00,2026-09-02,,,2026-09-02 17:29:00
2026-09-03,2026-09,15.0,0.0110313940345904,0.0,2,False,False,,,-4.500080061222803,2026-07,CatBoost-79 · M-2,ideal_weather_proxy,awaiting_actual_chm,2026-10-01T17:29:32.854225+00:00,2026-09-02,,,2026-09-02 17:29:00
2026-09-03,2026-09,18.0,0.1021504615214033,1.0,2,True,False,,,-2.274378432902338,2026-07,CatBoost-79 · M-2,ideal_weather_proxy,awaiting_actual_chm,2026-10-01T17:29:32.854225+00:00,2026-09-02,,,2026-09-02 17:29:00
2026-09-03,2026-09,19.0,0.1253365010411754,1.0,2,True,False,,,-2.069823143564081,2026-07,CatBoost-79 · M-2,ideal_weather_proxy,awaiting_actual_chm,2026-10-01T17:29:32.854225+00:00,2026-09-02,,,2026-09-02 17:29:00
2026-09-03,2026-09,20.0,0.0311691200860393,1.0,2,False,False,,,-3.461397408364688,2026-07,CatBoost-79 · M-2,ideal_weather_proxy,awaiting_actual_chm,2026-10-01T17:29:32.854225+00:00,2026-09-02,,,2026-09-02 17:29:00
2026-09-03,2026-09,21.0,0.0034648941651621,1.0,2,False,False,,,-5.658143184020539,2026-07,CatBoost-79 · M-2,ideal_weather_proxy,awaiting_actual_chm,2026-10-01T17:29:32.854225+00:00,2026-09-02,,,2026-09-02 17:29:00
2026-09-04,2026-09,8.0,0.119094825509223,0.0,2,False,False,,,-2.057979033976382,2026-07,CatBoost-79 · M-2,ideal_weather_proxy,awaiting_actual_chm,2026-10-01T17:29:32.854225+00:00,2026-09-03,,,2026-09-03 17:30:00
2026-09-04,2026-09,9.0,0.2943107780400585,0.0,2,True,False,,,-1.153262785588782,2026-07,CatBoost-79 · M-2,ideal_weather_proxy,awaiting_actual_chm,2026-10-01T17:29:32.854225+00:00,2026-09-03,,,2026-09-03 17:30:00
2026-09-04,2026-09,10.0,0.1216116224980772,0.0,2,False,False,,,-2.0370665180692478,2026-07,CatBoost-79 · M-2,ideal_weather_proxy,awaiting_actual_chm,2026-10-01T17:29:32.854225+00:00,2026-09-03,,,2026-09-03 17:30:00
2026-09-04,2026-09,11.0,0.0184317783760626,0.0,2,False,False,,,-3.9238228022147226,2026-07,CatBoost-79 · M-2,ideal_weather_proxy,awaiting_actual_chm,2026-10-01T17:29:32.854225+00:00,2026-09-03,,,2026-09-03 17:30:00
2026-09-04,2026-09,12.0,0.1684689556242955,0.0,2,True,False,,,-1.7111475695879963,2026-07,CatBoost-79 · M-2,ideal_weather_proxy,awaiting_actual_chm,2026-10-01T17:29:32.854225+00:00,2026-09-03,,,2026-09-03 17:30:00
2026-09-04,2026-09,13.0,0.0538920488358499,0.0,2,False,False,,,-2.8509161127146427,2026-07,CatBoost-79 · M-2,ideal_weather_proxy,awaiting_actual_chm,2026-10-01T17:29:32.854225+00:00,2026-09-03,,,2026-09-03 17:30:00
2026-09-04,2026-09,14.0,0.0154852347658405,0.0,2,False,False,,,-4.09801208862249,2026-07,CatBoost-79 · M-2,ideal_weather_proxy,awaiting_actual_chm,2026-10-01T17:29:32.854225+00:00,2026-09-03,,,2026-09-03 17:30:00
2026-09-04,2026-09,15.0,0.0097825200638152,0.0,2,False,False,,,-4.557301936696891,2026-07,CatBoost-79 · M-2,ideal_weather_proxy,awaiting_actual_chm,2026-10-01T17:29:32.854225+00:00,2026-09-03,,,2026-09-03 17:30:00
2026-09-04,2026-09,18.0,0.0786956506244723,1.0,2,True,False,,,-2.4723111741460886,2026-07,CatBoost-79 · M-2,ideal_weather_proxy,awaiting_actual_chm,2026-10-01T17:29:32.854225+00:00,2026-09-03,,,2026-09-03 17:30:00
2026-09-04,2026-09,19.0,0.09300332053085,1.0,2,True,False,,,-2.305263865639128,2026-07,CatBoost-79 · M-2,ideal_weather_proxy,awaiting_actual_chm,2026-10-01T17:29:32.854225+00:00,2026-09-03,,,2026-09-03 17:30:00
2026-09-04,2026-09,20.0,0.0245279386221731,1.0,2,False,False,,,-3.638086243019042,2026-07,CatBoost-79 · M-2,ideal_weather_proxy,awaiting_actual_chm,2026-10-01T17:29:32.854225+00:00,2026-09-03,,,2026-09-03 17:30:00
2026-09-04,2026-09,21.0,0.0026953265092817,1.0,2,False,False,,,-5.846379712042997,2026-07,CatBoost-79 · M-2,ideal_weather_proxy,awaiting_actual_chm,2026-10-01T17:29:32.854225+00:00,2026-09-03,,,2026-09-03 17:30:00
2026-09-07,2026-09,8.0,0.1353209064520921,0.0,2,False,False,,,-2.005083225679133,2026-07,CatBoost-79 · M-2,ideal_weather_proxy,awaiting_actual_chm,2026-10-01T17:29:32.854225+00:00,2026-09-06,,,2026-09-06 17:20:00
2026-09-07,2026-09,9.0,0.2148163975157686,0.0,2,True,False,,,-1.5429485699021683,2026-07,CatBoost-79 · M-2,ideal_weather_proxy,awaiting_actual_chm,2026-10-01T17:29:32.854225+00:00,2026-09-06,,,2026-09-06 17:20:00
2026-09-07,2026-09,10.0,0.1344100842428823,0.0,2,False,False,,,-2.011836811307641,2026-07,CatBoost-79 · M-2,ideal_weather_proxy,awaiting_actual_chm,2026-10-01T17:29:32.854225+00:00,2026-09-06,,,2026-09-06 17:20:00
2026-09-07,2026-09,11.0,0.0226558544917257,0.0,2,False,False,,,-3.7923139731653848,2026-07,CatBoost-79 · M-2,ideal_weather_proxy,awaiting_actual_chm,2026-10-01T17:29:32.854225+00:00,2026-09-06,,,2026-09-06 17:20:00
2026-09-07,2026-09,12.0,0.1792327339805814,0.0,2,True,False,,,-1.7240471169894855,2026-07,CatBoost-79 · M-2,ideal_weather_proxy,awaiting_actual_chm,2026-10-01T17:29:32.854225+00:00,2026-09-06,,,2026-09-06 17:20:00
2026-09-07,2026-09,13.0,0.0973964135884313,0.0,2,False,False,,,-2.3339428796544763,2026-07,CatBoost-79 · M-2,ideal_weather_proxy,awaiting_actual_chm,2026-10-01T17:29:32.854225+00:00,2026-09-06,,,2026-09-06 17:20:00
2026-09-07,2026-09,14.0,0.0407052576442933,0.0,2,False,False,,,-3.2063750035960847,2026-07,CatBoost-79 · M-2,ideal_weather_proxy,awaiting_actual_chm,2026-10-01T17:29:32.854225+00:00,2026-09-06,,,2026-09-06 17:20:00
2026-09-07,2026-09,15.0,0.0162165252472455,0.0,2,False,False,,,-4.12670146884721,2026-07,CatBoost-79 · M-2,ideal_weather_proxy,awaiting_actual_chm,2026-10-01T17:29:32.854225+00:00,2026-09-06,,,2026-09-06 17:20:00
2026-09-07,2026-09,18.0,0.0728431186535375,1.0,2,True,False,,,-2.62442419908546,2026-07,CatBoost-79 · M-2,ideal_weather_proxy,awaiting_actual_chm,2026-10-01T17:29:32.854225+00:00,2026-09-06,,,2026-09-06 17:20:00
2026-09-07,2026-09,19.0,0.0678860633189053,1.0,2,True,False,,,-2.694901507688932,2026-07,CatBoost-79 · M-2,ideal_weather_proxy,awaiting_actual_chm,2026-10-01T17:29:32.854225+00:00,2026-09-06,,,2026-09-06 17:20:00
2026-09-07,2026-09,20.0,0.0158871571950681,1.0,2,False,False,,,-4.147221208889915,2026-07,CatBoost-79 · M-2,ideal_weather_proxy,awaiting_actual_chm,2026-10-01T17:29:32.854225+00:00,2026-09-06,,,2026-09-06 17:20:00
2026-09-07,2026-09,21.0,0.0026294876694683,1.0,2,False,False,,,-5.945943243421353,2026-07,CatBoost-79 · M-2,ideal_weather_proxy,awaiting_actual_chm,2026-10-01T17:29:32.854225+00:00,2026-09-06,,,2026-09-06 17:20:00
2026-09-08,2026-09,8.0,0.1401076367660473,0.0,2,False,False,,,-1.8852877910032535,2026-07,CatBoost-79 · M-2,ideal_weather_proxy,awaiting_actual_chm,2026-10-01T17:29:32.854225+00:00,2026-09-07,,,2026-09-07 17:28:00
2026-09-08,2026-09,9.0,0.2227500713450313,0.0,2,True,False,,,-1.4216483656114454,2026-07,CatBoost-79 · M-2,ideal_weather_proxy,awaiting_actual_chm,2026-10-01T17:29:32.854225+00:00,2026-09-07,,,2026-09-07 17:28:00
2026-09-08,2026-09,10.0,0.1169538222746019,0.0,2,False,False,,,-2.065919576777372,2026-07,CatBoost-79 · M-2,ideal_weather_proxy,awaiting_actual_chm,2026-10-01T17:29:32.854225+00:00,2026-09-07,,,2026-09-07 17:28:00
2026-09-08,2026-09,11.0,0.0204118898934304,0.0,2,False,False,,,-3.811581183274879,2026-07,CatBoost-79 · M-2,ideal_weather_proxy,awaiting_actual_chm,2026-10-01T17:29:32.854225+00:00,2026-09-07,,,2026-09-07 17:28:00
2026-09-08,2026-09,12.0,0.1892752348380824,0.0,2,True,False,,,-1.5844965275414096,2026-07,CatBoost-79 · M-2,ideal_weather_proxy,awaiting_actual_chm,2026-10-01T17:29:32.854225+00:00,2026-09-07,,,2026-09-07 17:28:00
2026-09-08,2026-09,13.0,0.1073745820906663,0.0,2,False,False,,,-2.1513752640117447,2026-07,CatBoost-79 · M-2,ideal_weather_proxy,awaiting_actual_chm,2026-10-01T17:29:32.854225+00:00,2026-09-07,,,2026-09-07 17:28:00
2026-09-08,2026-09,14.0,0.0273164084937697,0.0,2,False,False,,,-3.5202111868899544,2026-07,CatBoost-79 · M-2,ideal_weather_proxy,awaiting_actual_chm,2026-10-01T17:29:32.854225+00:00,2026-09-07,,,2026-09-07 17:28:00
2026-09-08,2026-09,15.0,0.0123235153161468,0.0,2,False,False,,,-4.316189500746092,2026-07,CatBoost-79 · M-2,ideal_weather_proxy,awaiting_actual_chm,2026-10-01T17:29:32.854225+00:00,2026-09-07,,,2026-09-07 17:28:00
2026-09-08,2026-09,18.0,0.0718789447744905,1.0,2,True,False,,,-2.552715370823809,2026-07,CatBoost-79 · M-2,ideal_weather_proxy,awaiting_actual_chm,2026-10-01T17:29:32.854225+00:00,2026-09-07,,,2026-09-07 17:28:00
2026-09-08,2026-09,19.0,0.0767137715419957,1.0,2,True,False,,,-2.487617509255256,2026-07,CatBoost-79 · M-2,ideal_weather_proxy,awaiting_actual_chm,2026-10-01T17:29:32.854225+00:00,2026-09-07,,,2026-09-07 17:28:00
2026-09-08,2026-09,20.0,0.0126704134224614,1.0,2,False,False,,,-4.288429128425034,2026-07,CatBoost-79 · M-2,ideal_weather_proxy,awaiting_actual_chm,2026-10-01T17:29:32.854225+00:00,2026-09-07,,,2026-09-07 17:28:00
2026-09-08,2026-09,21.0,0.0022237092432756,1.0,2,False,False,,,-6.0285221203498,2026-07,CatBoost-79 · M-2,ideal_weather_proxy,awaiting_actual_chm,2026-10-01T17:29:32.854225+00:00,2026-09-07,,,2026-09-07 17:28:00
2026-09-09,2026-09,8.0,0.1341138214721052,0.0,2,True,False,,,-1.9542500446617803,2026-07,CatBoost-79 · M-2,ideal_weather_proxy,awaiting_actual_chm,2026-10-01T17:29:32.854225+00:00,2026-09-08,,,2026-09-08 17:24:00
2026-09-09,2026-09,9.0,0.2318674379786058,0.0,2,True,False,,,-1.406773077697021,2026-07,CatBoost-79 · M-2,ideal_weather_proxy,awaiting_actual_chm,2026-10-01T17:29:32.854225+00:00,2026-09-08,,,2026-09-08 17:24:00
2026-09-09,2026-09,10.0,0.1260790805202327,0.0,2,False,False,,,-2.0160295647808613,2026-07,CatBoost-79 · M-2,ideal_weather_proxy,awaiting_actual_chm,2026-10-01T17:29:32.854225+00:00,2026-09-08,,,2026-09-08 17:24:00
2026-09-09,2026-09,11.0,0.0216232819836834,0.0,2,False,False,,,-3.779168294215009,2026-07,CatBoost-79 · M-2,ideal_weather_proxy,awaiting_actual_chm,2026-10-01T17:29:32.854225+00:00,2026-09-08,,,2026-09-08 17:24:00
2026-09-09,2026-09,12.0,0.1255466214256637,0.0,2,False,False,,,-2.0202617229840807,2026-07,CatBoost-79 · M-2,ideal_weather_proxy,awaiting_actual_chm,2026-10-01T17:29:32.854225+00:00,2026-09-08,,,2026-09-08 17:24:00
2026-09-09,2026-09,13.0,0.0840584884076214,0.0,2,False,False,,,-2.421426050923309,2026-07,CatBoost-79 · M-2,ideal_weather_proxy,awaiting_actual_chm,2026-10-01T17:29:32.854225+00:00,2026-09-08,,,2026-09-08 17:24:00
2026-09-09,2026-09,14.0,0.023168598020407,0.0,2,False,False,,,-3.7101410698206463,2026-07,CatBoost-79 · M-2,ideal_weather_proxy,awaiting_actual_chm,2026-10-01T17:29:32.854225+00:00,2026-09-08,,,2026-09-08 17:24:00
2026-09-09,2026-09,15.0,0.0112391902473196,0.0,2,False,False,,,-4.433532098218751,2026-07,CatBoost-79 · M-2,ideal_weather_proxy,awaiting_actual_chm,2026-10-01T17:29:32.854225+00:00,2026-09-08,,,2026-09-08 17:24:00
2026-09-09,2026-09,18.0,0.0980638990632841,1.0,2,True,False,,,-2.267319600587184,2026-07,CatBoost-79 · M-2,ideal_weather_proxy,awaiting_actual_chm,2026-10-01T17:29:32.854225+00:00,2026-09-08,,,2026-09-08 17:24:00
2026-09-09,2026-09,19.0,0.1164181252271609,1.0,2,True,False,,,-2.095750659850747,2026-07,CatBoost-79 · M-2,ideal_weather_proxy,awaiting_actual_chm,2026-10-01T17:29:32.854225+00:00,2026-09-08,,,2026-09-08 17:24:00
2026-09-09,2026-09,20.0,0.0248869092755327,1.0,2,False,False,,,-3.638596964716862,2026-07,CatBoost-79 · M-2,ideal_weather_proxy,awaiting_actual_chm,2026-10-01T17:29:32.854225+00:00,2026-09-08,,,2026-09-08 17:24:00
2026-09-09,2026-09,21.0,0.0029345463783829,1.0,2,False,False,,,-5.776386012617899,2026-07,CatBoost-79 · M-2,ideal_weather_proxy,awaiting_actual_chm,2026-10-01T17:29:32.854225+00:00,2026-09-08,,,2026-09-08 17:24:00
2026-09-10,2026-09,8.0,0.1670106622251485,0.0,2,True,False,,,-1.7068030546109172,2026-07,CatBoost-79 · M-2,ideal_weather_proxy,awaiting_actual_chm,2026-10-01T17:29:32.854225+00:00,2026-09-09,,,2026-09-09 17:24:00
2026-09-10,2026-09,9.0,0.2461717536250655,0.0,2,True,False,,,-1.3188312328671747,2026-07,CatBoost-79 · M-2,ideal_weather_proxy,awaiting_actual_chm,2026-10-01T17:29:32.854225+00:00,2026-09-09,,,2026-09-09 17:24:00
2026-09-10,2026-09,10.0,0.1570602016899665,0.0,2,False,False,,,-1.768231528544586,2026-07,CatBoost-79 · M-2,ideal_weather_proxy,awaiting_actual_chm,2026-10-01T17:29:32.854225+00:00,2026-09-09,,,2026-09-09 17:24:00
2026-09-10,2026-09,11.0,0.0300275796290305,0.0,2,False,False,,,-3.4227444303360666,2026-07,CatBoost-79 · M-2,ideal_weather_proxy,awaiting_actual_chm,2026-10-01T17:29:32.854225+00:00,2026-09-09,,,2026-09-09 17:24:00
2026-09-10,2026-09,12.0,0.0936299517198467,0.0,2,False,False,,,-2.285510381346864,2026-07,CatBoost-79 · M-2,ideal_weather_proxy,awaiting_actual_chm,2026-10-01T17:29:32.854225+00:00,2026-09-09,,,2026-09-09 17:24:00
2026-09-10,2026-09,13.0,0.0727242488831204,0.0,2,False,False,,,-2.538185834501117,2026-07,CatBoost-79 · M-2,ideal_weather_proxy,awaiting_actual_chm,2026-10-01T17:29:32.854225+00:00,2026-09-09,,,2026-09-09 17:24:00
2026-09-10,2026-09,14.0,0.0230345376056695,0.0,2,False,False,,,-3.687865986017404,2026-07,CatBoost-79 · M-2,ideal_weather_proxy,awaiting_actual_chm,2026-10-01T17:29:32.854225+00:00,2026-09-09,,,2026-09-09 17:24:00
2026-09-10,2026-09,15.0,0.0110227085306847,0.0,2,False,False,,,-4.424903153940433,2026-07,CatBoost-79 · M-2,ideal_weather_proxy,awaiting_actual_chm,2026-10-01T17:29:32.854225+00:00,2026-09-09,,,2026-09-09 17:24:00
2026-09-10,2026-09,18.0,0.0828470231787846,1.0,2,True,False,,,-2.4078648976721664,2026-07,CatBoost-79 · M-2,ideal_weather_proxy,awaiting_actual_chm,2026-10-01T17:29:32.854225+00:00,2026-09-09,,,2026-09-09 17:24:00
2026-09-10,2026-09,19.0,0.0973867799198445,1.0,2,True,False,,,-2.2461702389885505,2026-07,CatBoost-79 · M-2,ideal_weather_proxy,awaiting_actual_chm,2026-10-01T17:29:32.854225+00:00,2026-09-09,,,2026-09-09 17:24:00
2026-09-10,2026-09,20.0,0.01679098687223,1.0,2,False,False,,,-4.004018463905887,2026-07,CatBoost-79 · M-2,ideal_weather_proxy,awaiting_actual_chm,2026-10-01T17:29:32.854225+00:00,2026-09-09,,,2026-09-09 17:24:00
2026-09-10,2026-09,21.0,0.002293566120608,1.0,2,False,False,,,-5.994752846444355,2026-07,CatBoost-79 · M-2,ideal_weather_proxy,awaiting_actual_chm,2026-10-01T17:29:32.854225+00:00,2026-09-09,,,2026-09-09 17:24:00
2026-09-11,2026-09,8.0,0.1608134162327101,0.0,2,True,False,,,-1.7953090773300504,2026-07,CatBoost-79 · M-2,ideal_weather_proxy,awaiting_actual_chm,2026-10-01T17:29:32.854225+00:00,2026-09-10,,,2026-09-10 17:27:00
2026-09-11,2026-09,9.0,0.2809743227604276,0.0,2,True,False,,,-1.2372905777957484,2026-07,CatBoost-79 · M-2,ideal_weather_proxy,awaiting_actual_chm,2026-10-01T17:29:32.854225+00:00,2026-09-10,,,2026-09-10 17:27:00
2026-09-11,2026-09,10.0,0.1146509694339291,0.0,2,False,False,,,-2.1336614000146565,2026-07,CatBoost-79 · M-2,ideal_weather_proxy,awaiting_actual_chm,2026-10-01T17:29:32.854225+00:00,2026-09-10,,,2026-09-10 17:27:00
2026-09-11,2026-09,11.0,0.0280952463290344,0.0,2,False,False,,,-3.5399534726338677,2026-07,CatBoost-79 · M-2,ideal_weather_proxy,awaiting_actual_chm,2026-10-01T17:29:32.854225+00:00,2026-09-10,,,2026-09-10 17:27:00
2026-09-11,2026-09,12.0,0.1064241718528549,0.0,2,False,False,,,-2.2081211347030205,2026-07,CatBoost-79 · M-2,ideal_weather_proxy,awaiting_actual_chm,2026-10-01T17:29:32.854225+00:00,2026-09-10,,,2026-09-10 17:27:00
2026-09-11,2026-09,13.0,0.0946625358592676,0.0,2,False,False,,,-2.3252355516258705,2026-07,CatBoost-79 · M-2,ideal_weather_proxy,awaiting_actual_chm,2026-10-01T17:29:32.854225+00:00,2026-09-10,,,2026-09-10 17:27:00
2026-09-11,2026-09,14.0,0.0320637919873169,0.0,2,False,False,,,-3.407826446857639,2026-07,CatBoost-79 · M-2,ideal_weather_proxy,awaiting_actual_chm,2026-10-01T17:29:32.854225+00:00,2026-09-10,,,2026-09-10 17:27:00
2026-09-11,2026-09,15.0,0.0135612849961875,0.0,2,False,False,,,-4.2683348231244,2026-07,CatBoost-79 · M-2,ideal_weather_proxy,awaiting_actual_chm,2026-10-01T17:29:32.854225+00:00,2026-09-10,,,2026-09-10 17:27:00
2026-09-11,2026-09,18.0,0.0726129703529706,1.0,2,True,False,,,-2.590410304004052,2026-07,CatBoost-79 · M-2,ideal_weather_proxy,awaiting_actual_chm,2026-10-01T17:29:32.854225+00:00,2026-09-10,,,2026-09-10 17:27:00
2026-09-11,2026-09,19.0,0.0804537199746456,1.0,2,True,False,,,-2.4878717529227155,2026-07,CatBoost-79 · M-2,ideal_weather_proxy,awaiting_actual_chm,2026-10-01T17:29:32.854225+00:00,2026-09-10,,,2026-09-10 17:27:00
2026-09-11,2026-09,20.0,0.0138087781476681,1.0,2,False,False,,,-4.250249377281588,2026-07,CatBoost-79 · M-2,ideal_weather_proxy,awaiting_actual_chm,2026-10-01T17:29:32.854225+00:00,2026-09-10,,,2026-09-10 17:27:00
2026-09-11,2026-09,21.0,0.0018787920729872,1.0,2,False,False,,,-6.244924808904955,2026-07,CatBoost-79 · M-2,ideal_weather_proxy,awaiting_actual_chm,2026-10-01T17:29:32.854225+00:00,2026-09-10,,,2026-09-10 17:27:00
2026-09-14,2026-09,8.0,0.1286408245190532,0.0,2,False,False,,,-1.9606368132803784,2026-07,CatBoost-79 · M-2,ideal_weather_proxy,awaiting_actual_chm,2026-10-01T17:29:32.854225+00:00,2026-09-13,,,2026-09-13 17:24:00
2026-09-14,2026-09,9.0,0.2202107325930175,0.0,2,True,False,,,-1.4230760648928058,2026-07,CatBoost-79 · M-2,ideal_weather_proxy,awaiting_actual_chm,2026-10-01T17:29:32.854225+00:00,2026-09-13,,,2026-09-13 17:24:00
2026-09-14,2026-09,10.0,0.144236407213171,0.0,2,True,False,,,-1.8462073580077605,2026-07,CatBoost-79 · M-2,ideal_weather_proxy,awaiting_actual_chm,2026-10-01T17:29:32.854225+00:00,2026-09-13,,,2026-09-13 17:24:00
2026-09-14,2026-09,11.0,0.02340475051127,0.0,2,False,False,,,-3.664722013136678,2026-07,CatBoost-79 · M-2,ideal_weather_proxy,awaiting_actual_chm,2026-10-01T17:29:32.854225+00:00,2026-09-13,,,2026-09-13 17:24:00
2026-09-14,2026-09,12.0,0.133464998655278,0.0,2,False,False,,,-1.9238217670910256,2026-07,CatBoost-79 · M-2,ideal_weather_proxy,awaiting_actual_chm,2026-10-01T17:29:32.854225+00:00,2026-09-13,,,2026-09-13 17:24:00
2026-09-14,2026-09,13.0,0.096219253914225,0.0,2,False,False,,,-2.2510315459141506,2026-07,CatBoost-79 · M-2,ideal_weather_proxy,awaiting_actual_chm,2026-10-01T17:29:32.854225+00:00,2026-09-13,,,2026-09-13 17:24:00
2026-09-14,2026-09,14.0,0.0203449957286336,0.0,2,False,False,,,-3.8048260566911623,2026-07,CatBoost-79 · M-2,ideal_weather_proxy,awaiting_actual_chm,2026-10-01T17:29:32.854225+00:00,2026-09-13,,,2026-09-13 17:24:00
2026-09-14,2026-09,15.0,0.0154028520489261,0.0,2,False,False,,,-4.083108337943287,2026-07,CatBoost-79 · M-2,ideal_weather_proxy,awaiting_actual_chm,2026-10-01T17:29:32.854225+00:00,2026-09-13,,,2026-09-13 17:24:00
2026-09-14,2026-09,18.0,0.0773219725728015,1.0,2,True,False,,,-2.469682862377846,2026-07,CatBoost-79 · M-2,ideal_weather_proxy,awaiting_actual_chm,2026-10-01T17:29:32.854225+00:00,2026-09-13,,,2026-09-13 17:24:00
2026-09-14,2026-09,19.0,0.1059876453226354,1.0,2,True,False,,,-2.154338494438929,2026-07,CatBoost-79 · M-2,ideal_weather_proxy,awaiting_actual_chm,2026-10-01T17:29:32.854225+00:00,2026-09-13,,,2026-09-13 17:24:00
2026-09-14,2026-09,20.0,0.0324010760746838,1.0,2,False,False,,,-3.339469393769689,2026-07,CatBoost-79 · M-2,ideal_weather_proxy,awaiting_actual_chm,2026-10-01T17:29:32.854225+00:00,2026-09-13,,,2026-09-13 17:24:00
2026-09-14,2026-09,21.0,0.0023644908463043,1.0,2,False,False,,,-5.957098316406623,2026-07,CatBoost-79 · M-2,ideal_weather_proxy,awaiting_actual_chm,2026-10-01T17:29:32.854225+00:00,2026-09-13,,,2026-09-13 17:24:00
2026-09-15,2026-09,8.0,0.14157348675993,0.0,2,True,False,,,-1.9926536390359808,2026-07,CatBoost-79 · M-2,ideal_weather_proxy,awaiting_actual_chm,2026-10-01T17:29:32.854225+00:00,2026-09-14,,,2026-09-14 17:23:00
2026-09-15,2026-09,9.0,0.2901988209633074,0.0,2,True,False,,,-1.2749062847679278,2026-07,CatBoost-79 · M-2,ideal_weather_proxy,awaiting_actual_chm,2026-10-01T17:29:32.854225+00:00,2026-09-14,,,2026-09-14 17:23:00
2026-09-15,2026-09,10.0,0.1154462771666161,0.0,2,False,False,,,-2.196667273370472,2026-07,CatBoost-79 · M-2,ideal_weather_proxy,awaiting_actual_chm,2026-10-01T17:29:32.854225+00:00,2026-09-14,,,2026-09-14 17:23:00
2026-09-15,2026-09,11.0,0.0161564559318134,0.0,2,False,False,,,-4.163152844477367,2026-07,CatBoost-79 · M-2,ideal_weather_proxy,awaiting_actual_chm,2026-10-01T17:29:32.854225+00:00,2026-09-14,,,2026-09-14 17:23:00
2026-09-15,2026-09,12.0,0.0629913815654311,0.0,2,False,False,,,-2.8024746458831813,2026-07,CatBoost-79 · M-2,ideal_weather_proxy,awaiting_actual_chm,2026-10-01T17:29:32.854225+00:00,2026-09-14,,,2026-09-14 17:23:00
2026-09-15,2026-09,13.0,0.0470730064043496,0.0,2,False,False,,,-3.093772838071479,2026-07,CatBoost-79 · M-2,ideal_weather_proxy,awaiting_actual_chm,2026-10-01T17:29:32.854225+00:00,2026-09-14,,,2026-09-14 17:23:00
2026-09-15,2026-09,14.0,0.0203545873034132,0.0,2,False,False,,,-3.932166255567545,2026-07,CatBoost-79 · M-2,ideal_weather_proxy,awaiting_actual_chm,2026-10-01T17:29:32.854225+00:00,2026-09-14,,,2026-09-14 17:23:00
2026-09-15,2026-09,15.0,0.0131384732108743,0.0,2,False,False,,,-4.36992775005992,2026-07,CatBoost-79 · M-2,ideal_weather_proxy,awaiting_actual_chm,2026-10-01T17:29:32.854225+00:00,2026-09-14,,,2026-09-14 17:23:00
2026-09-15,2026-09,18.0,0.1019599646823097,1.0,2,True,False,,,-2.3208923292478034,2026-07,CatBoost-79 · M-2,ideal_weather_proxy,awaiting_actual_chm,2026-10-01T17:29:32.854225+00:00,2026-09-14,,,2026-09-14 17:23:00
2026-09-15,2026-09,19.0,0.1593216314742101,1.0,2,True,False,,,-1.8745475638721305,2026-07,CatBoost-79 · M-2,ideal_weather_proxy,awaiting_actual_chm,2026-10-01T17:29:32.854225+00:00,2026-09-14,,,2026-09-14 17:23:00
2026-09-15,2026-09,20.0,0.0267121195118399,1.0,2,False,False,,,-3.6603551856485614,2026-07,CatBoost-79 · M-2,ideal_weather_proxy,awaiting_actual_chm,2026-10-01T17:29:32.854225+00:00,2026-09-14,,,2026-09-14 17:23:00
2026-09-15,2026-09,21.0,0.0050737950259045,1.0,2,False,False,,,-5.321383498951152,2026-07,CatBoost-79 · M-2,ideal_weather_proxy,awaiting_actual_chm,2026-10-01T17:29:32.854225+00:00,2026-09-14,,,2026-09-14 17:23:00
2026-09-16,2026-09,8.0,0.1404948261672259,0.0,2,True,False,,,-1.9830611652267427,2026-07,CatBoost-79 · M-2,ideal_weather_proxy,awaiting_actual_chm,2026-10-01T17:29:32.854225+00:00,2026-09-15,,,2026-09-15 17:29:00
2026-09-16,2026-09,9.0,0.2560453784195367,0.0,2,True,False,,,-1.382877140667674,2026-07,CatBoost-79 · M-2,ideal_weather_proxy,awaiting_actual_chm,2026-10-01T17:29:32.854225+00:00,2026-09-15,,,2026-09-15 17:29:00
2026-09-16,2026-09,10.0,0.0793344606179668,0.0,2,False,False,,,-2.5545592345173693,2026-07,CatBoost-79 · M-2,ideal_weather_proxy,awaiting_actual_chm,2026-10-01T17:29:32.854225+00:00,2026-09-15,,,2026-09-15 17:29:00
2026-09-16,2026-09,11.0,0.0171507797592442,0.0,2,False,False,,,-4.086188189300267,2026-07,CatBoost-79 · M-2,ideal_weather_proxy,awaiting_actual_chm,2026-10-01T17:29:32.854225+00:00,2026-09-15,,,2026-09-15 17:29:00
2026-09-16,2026-09,12.0,0.1117103676607139,0.0,2,False,False,,,-2.2123223101057894,2026-07,CatBoost-79 · M-2,ideal_weather_proxy,awaiting_actual_chm,2026-10-01T17:29:32.854225+00:00,2026-09-15,,,2026-09-15 17:29:00
2026-09-16,2026-09,13.0,0.0538238994389501,0.0,2,False,False,,,-2.942514232872253,2026-07,CatBoost-79 · M-2,ideal_weather_proxy,awaiting_actual_chm,2026-10-01T17:29:32.854225+00:00,2026-09-15,,,2026-09-15 17:29:00
2026-09-16,2026-09,14.0,0.0201370239263194,0.0,2,False,False,,,-3.925671721817427,2026-07,CatBoost-79 · M-2,ideal_weather_proxy,awaiting_actual_chm,2026-10-01T17:29:32.854225+00:00,2026-09-15,,,2026-09-15 17:29:00
2026-09-16,2026-09,15.0,0.0125028077694559,0.0,2,False,False,,,-4.402278588248864,2026-07,CatBoost-79 · M-2,ideal_weather_proxy,awaiting_actual_chm,2026-10-01T17:29:32.854225+00:00,2026-09-15,,,2026-09-15 17:29:00
2026-09-16,2026-09,18.0,0.092618376973484,1.0,2,True,False,,,-2.3997442514903007,2026-07,CatBoost-79 · M-2,ideal_weather_proxy,awaiting_actual_chm,2026-10-01T17:29:32.854225+00:00,2026-09-15,,,2026-09-15 17:29:00
2026-09-16,2026-09,19.0,0.1717488778197115,1.0,2,True,False,,,-1.7821984316096442,2026-07,CatBoost-79 · M-2,ideal_weather_proxy,awaiting_actual_chm,2026-10-01T17:29:32.854225+00:00,2026-09-15,,,2026-09-15 17:29:00
2026-09-16,2026-09,20.0,0.0402083285762087,1.0,2,False,False,,,-3.2341576762108244,2026-07,CatBoost-79 · M-2,ideal_weather_proxy,awaiting_actual_chm,2026-10-01T17:29:32.854225+00:00,2026-09-15,,,2026-09-15 17:29:00
2026-09-16,2026-09,21.0,0.0042248728711822,1.0,2,False,False,,,-5.487242658194519,2026-07,CatBoost-79 · M-2,ideal_weather_proxy,awaiting_actual_chm,2026-10-01T17:29:32.854225+00:00,2026-09-15,,,2026-09-15 17:29:00
2026-09-17,2026-09,8.0,0.1546652749212004,0.0,2,True,False,,,-1.961178781213696,2026-07,CatBoost-79 · M-2,ideal_weather_proxy,awaiting_actual_chm,2026-10-01T17:29:32.854225+00:00,2026-09-16,,,2026-09-16 17:25:00
2026-09-17,2026-09,9.0,0.1914237266147272,0.0,2,True,False,,,-1.7479526115367132,2026-07,CatBoost-79 · M-2,ideal_weather_proxy,awaiting_actual_chm,2026-10-01T17:29:32.854225+00:00,2026-09-16,,,2026-09-16 17:25:00
2026-09-17,2026-09,10.0,0.1483848856998327,0.0,2,False,False,,,-2.002632569214544,2026-07,CatBoost-79 · M-2,ideal_weather_proxy,awaiting_actual_chm,2026-10-01T17:29:32.854225+00:00,2026-09-16,,,2026-09-16 17:25:00
2026-09-17,2026-09,11.0,0.0194876216003554,0.0,2,False,False,,,-4.032662572097013,2026-07,CatBoost-79 · M-2,ideal_weather_proxy,awaiting_actual_chm,2026-10-01T17:29:32.854225+00:00,2026-09-16,,,2026-09-16 17:25:00
2026-09-17,2026-09,12.0,0.106649399554142,0.0,2,False,False,,,-2.332895231535153,2026-07,CatBoost-79 · M-2,ideal_weather_proxy,awaiting_actual_chm,2026-10-01T17:29:32.854225+00:00,2026-09-16,,,2026-09-16 17:25:00
2026-09-17,2026-09,13.0,0.0425598151912069,0.0,2,False,False,,,-3.2515315436649543,2026-07,CatBoost-79 · M-2,ideal_weather_proxy,awaiting_actual_chm,2026-10-01T17:29:32.854225+00:00,2026-09-16,,,2026-09-16 17:25:00
2026-09-17,2026-09,14.0,0.0223333404625219,0.0,2,False,False,,,-3.896361396436845,2026-07,CatBoost-79 · M-2,ideal_weather_proxy,awaiting_actual_chm,2026-10-01T17:29:32.854225+00:00,2026-09-16,,,2026-09-16 17:25:00
2026-09-17,2026-09,15.0,0.0137425683882113,0.0,2,False,False,,,-4.381943849234255,2026-07,CatBoost-79 · M-2,ideal_weather_proxy,awaiting_actual_chm,2026-10-01T17:29:32.854225+00:00,2026-09-16,,,2026-09-16 17:25:00
2026-09-17,2026-09,18.0,0.1139299700969197,1.0,2,True,False,,,-2.2668580841359454,2026-07,CatBoost-79 · M-2,ideal_weather_proxy,awaiting_actual_chm,2026-10-01T17:29:32.854225+00:00,2026-09-16,,,2026-09-16 17:25:00
2026-09-17,2026-09,19.0,0.1570001834313901,1.0,2,True,False,,,-1.94619507267662,2026-07,CatBoost-79 · M-2,ideal_weather_proxy,awaiting_actual_chm,2026-10-01T17:29:32.854225+00:00,2026-09-16,,,2026-09-16 17:25:00
2026-09-17,2026-09,20.0,0.027146927395948,1.0,2,False,False,,,-3.701178177821432,2026-07,CatBoost-79 · M-2,ideal_weather_proxy,awaiting_actual_chm,2026-10-01T17:29:32.854225+00:00,2026-09-16,,,2026-09-16 17:25:00
2026-09-17,2026-09,21.0,0.0026762866435441,1.0,2,False,False,,,-6.018011793426034,2026-07,CatBoost-79 · M-2,ideal_weather_proxy,awaiting_actual_chm,2026-10-01T17:29:32.854225+00:00,2026-09-16,,,2026-09-16 17:25:00
2026-09-18,2026-09,8.0,0.183341254503553,0.0,2,True,False,,,-1.6652302376577377,2026-07,CatBoost-79 · M-2,ideal_weather_proxy,awaiting_actual_chm,2026-10-01T17:29:32.854225+00:00,2026-09-17,,,2026-09-17 17:19:00
2026-09-18,2026-09,9.0,0.2793155498479707,0.0,2,True,False,,,-1.2442372869072036,2026-07,CatBoost-79 · M-2,ideal_weather_proxy,awaiting_actual_chm,2026-10-01T17:29:32.854225+00:00,2026-09-17,,,2026-09-17 17:19:00
2026-09-18,2026-09,10.0,0.1706523626871534,0.0,2,False,False,,,-1.736950912186808,2026-07,CatBoost-79 · M-2,ideal_weather_proxy,awaiting_actual_chm,2026-10-01T17:29:32.854225+00:00,2026-09-17,,,2026-09-17 17:19:00
2026-09-18,2026-09,11.0,0.0295657080151812,0.0,2,False,False,,,-3.489964255931348,2026-07,CatBoost-79 · M-2,ideal_weather_proxy,awaiting_actual_chm,2026-10-01T17:29:32.854225+00:00,2026-09-17,,,2026-09-17 17:19:00
2026-09-18,2026-09,12.0,0.096170881753431,0.0,2,False,False,,,-2.3104528052880924,2026-07,CatBoost-79 · M-2,ideal_weather_proxy,awaiting_actual_chm,2026-10-01T17:29:32.854225+00:00,2026-09-17,,,2026-09-17 17:19:00
2026-09-18,2026-09,13.0,0.0382042897917017,0.0,2,False,False,,,-3.233631625146148,2026-07,CatBoost-79 · M-2,ideal_weather_proxy,awaiting_actual_chm,2026-10-01T17:29:32.854225+00:00,2026-09-17,,,2026-09-17 17:19:00
2026-09-18,2026-09,14.0,0.0125536202616161,0.0,2,False,False,,,-4.346570341625572,2026-07,CatBoost-79 · M-2,ideal_weather_proxy,awaiting_actual_chm,2026-10-01T17:29:32.854225+00:00,2026-09-17,,,2026-09-17 17:19:00
2026-09-18,2026-09,15.0,0.0079404102925769,0.0,2,False,False,,,-4.804614484613727,2026-07,CatBoost-79 · M-2,ideal_weather_proxy,awaiting_actual_chm,2026-10-01T17:29:32.854225+00:00,2026-09-17,,,2026-09-17 17:19:00
2026-09-18,2026-09,18.0,0.0808892710781011,1.0,2,True,False,,,-2.483498236949853,2026-07,CatBoost-79 · M-2,ideal_weather_proxy,awaiting_actual_chm,2026-10-01T17:29:32.854225+00:00,2026-09-17,,,2026-09-17 17:19:00
2026-09-18,2026-09,19.0,0.0675839297738837,1.0,2,True,False,,,-2.663209203116404,2026-07,CatBoost-79 · M-2,ideal_weather_proxy,awaiting_actual_chm,2026-10-01T17:29:32.854225+00:00,2026-09-17,,,2026-09-17 17:19:00
2026-09-18,2026-09,20.0,0.0304824990097885,1.0,2,False,False,,,-3.4594267166980983,2026-07,CatBoost-79 · M-2,ideal_weather_proxy,awaiting_actual_chm,2026-10-01T17:29:32.854225+00:00,2026-09-17,,,2026-09-17 17:19:00
2026-09-18,2026-09,21.0,0.0033002229850424,1.0,2,False,False,,,-5.682589395251209,2026-07,CatBoost-79 · M-2,ideal_weather_proxy,awaiting_actual_chm,2026-10-01T17:29:32.854225+00:00,2026-09-17,,,2026-09-17 17:19:00
2026-09-21,2026-09,8.0,0.1858844033442721,0.0,2,True,False,,,-1.707883485688317,2026-07,CatBoost-79 · M-2,ideal_weather_proxy,awaiting_actual_chm,2026-10-01T17:29:32.854225+00:00,2026-09-20,,,2026-09-20 17:23:00
2026-09-21,2026-09,9.0,0.2298708463277355,0.0,2,True,False,,,-1.4954908653054333,2026-07,CatBoost-79 · M-2,ideal_weather_proxy,awaiting_actual_chm,2026-10-01T17:29:32.854225+00:00,2026-09-20,,,2026-09-20 17:23:00
2026-09-21,2026-09,10.0,0.1094450592847246,0.0,2,False,False,,,-2.2375857971517257,2026-07,CatBoost-79 · M-2,ideal_weather_proxy,awaiting_actual_chm,2026-10-01T17:29:32.854225+00:00,2026-09-20,,,2026-09-20 17:23:00
2026-09-21,2026-09,11.0,0.0181588921317578,0.0,2,False,False,,,-4.033848113450049,2026-07,CatBoost-79 · M-2,ideal_weather_proxy,awaiting_actual_chm,2026-10-01T17:29:32.854225+00:00,2026-09-20,,,2026-09-20 17:23:00
2026-09-21,2026-09,12.0,0.1055975400836537,0.0,2,False,False,,,-2.27337340246332,2026-07,CatBoost-79 · M-2,ideal_weather_proxy,awaiting_actual_chm,2026-10-01T17:29:32.854225+00:00,2026-09-20,,,2026-09-20 17:23:00
2026-09-21,2026-09,13.0,0.0755841726700459,0.0,2,False,False,,,-2.607761573750695,2026-07,CatBoost-79 · M-2,ideal_weather_proxy,awaiting_actual_chm,2026-10-01T17:29:32.854225+00:00,2026-09-20,,,2026-09-20 17:23:00
2026-09-21,2026-09,14.0,0.0175887157935419,0.0,2,False,False,,,-4.065750930475222,2026-07,CatBoost-79 · M-2,ideal_weather_proxy,awaiting_actual_chm,2026-10-01T17:29:32.854225+00:00,2026-09-20,,,2026-09-20 17:23:00
2026-09-21,2026-09,15.0,0.0138265271999954,0.0,2,False,False,,,-4.306419470948586,2026-07,CatBoost-79 · M-2,ideal_weather_proxy,awaiting_actual_chm,2026-10-01T17:29:32.854225+00:00,2026-09-20,,,2026-09-20 17:23:00
2026-09-21,2026-09,18.0,0.1153608129777774,1.0,2,True,False,,,-2.184943757979149,2026-07,CatBoost-79 · M-2,ideal_weather_proxy,awaiting_actual_chm,2026-10-01T17:29:32.854225+00:00,2026-09-20,,,2026-09-20 17:23:00
2026-09-21,2026-09,19.0,0.0991865289473468,1.0,2,True,False,,,-2.336006270633939,2026-07,CatBoost-79 · M-2,ideal_weather_proxy,awaiting_actual_chm,2026-10-01T17:29:32.854225+00:00,2026-09-20,,,2026-09-20 17:23:00
2026-09-21,2026-09,20.0,0.0263705059783247,1.0,2,False,False,,,-3.660762290970892,2026-07,CatBoost-79 · M-2,ideal_weather_proxy,awaiting_actual_chm,2026-10-01T17:29:32.854225+00:00,2026-09-20,,,2026-09-20 17:23:00
2026-09-21,2026-09,21.0,0.0031259952608237,1.0,2,False,False,,,-5.793255762854901,2026-07,CatBoost-79 · M-2,ideal_weather_proxy,awaiting_actual_chm,2026-10-01T17:29:32.854225+00:00,2026-09-20,,,2026-09-20 17:23:00
2026-09-22,2026-09,8.0,0.1712897549305556,0.0,2,True,False,,,-1.827193739315388,2026-07,CatBoost-79 · M-2,ideal_weather_proxy,awaiting_actual_chm,2026-10-01T17:29:32.854225+00:00,2026-09-21,,,2026-09-21 17:17:00
2026-09-22,2026-09,9.0,0.1831520048585205,0.0,2,True,False,,,-1.7602338993926143,2026-07,CatBoost-79 · M-2,ideal_weather_proxy,awaiting_actual_chm,2026-10-01T17:29:32.854225+00:00,2026-09-21,,,2026-09-21 17:17:00
2026-09-22,2026-09,10.0,0.0998156191059216,0.0,2,False,False,,,-2.367225659956708,2026-07,CatBoost-79 · M-2,ideal_weather_proxy,awaiting_actual_chm,2026-10-01T17:29:32.854225+00:00,2026-09-21,,,2026-09-21 17:17:00
2026-09-22,2026-09,11.0,0.0159458761164012,0.0,2,False,False,,,-4.201350089990983,2026-07,CatBoost-79 · M-2,ideal_weather_proxy,awaiting_actual_chm,2026-10-01T17:29:32.854225+00:00,2026-09-21,,,2026-09-21 17:17:00
2026-09-22,2026-09,12.0,0.1222624166769359,0.0,2,False,False,,,-2.164380643989187,2026-07,CatBoost-79 · M-2,ideal_weather_proxy,awaiting_actual_chm,2026-10-01T17:29:32.854225+00:00,2026-09-21,,,2026-09-21 17:17:00
2026-09-22,2026-09,13.0,0.0872714080447557,0.0,2,False,False,,,-2.5015274397005727,2026-07,CatBoost-79 · M-2,ideal_weather_proxy,awaiting_actual_chm,2026-10-01T17:29:32.854225+00:00,2026-09-21,,,2026-09-21 17:17:00
2026-09-22,2026-09,14.0,0.0162395113854332,0.0,2,False,False,,,-4.183103087918953,2026-07,CatBoost-79 · M-2,ideal_weather_proxy,awaiting_actual_chm,2026-10-01T17:29:32.854225+00:00,2026-09-21,,,2026-09-21 17:17:00
2026-09-22,2026-09,15.0,0.0168864371133657,0.0,2,False,False,,,-4.144039573043386,2026-07,CatBoost-79 · M-2,ideal_weather_proxy,awaiting_actual_chm,2026-10-01T17:29:32.854225+00:00,2026-09-21,,,2026-09-21 17:17:00
2026-09-22,2026-09,18.0,0.119418350401285,1.0,2,True,False,,,-2.1879174574933784,2026-07,CatBoost-79 · M-2,ideal_weather_proxy,awaiting_actual_chm,2026-10-01T17:29:32.854225+00:00,2026-09-21,,,2026-09-21 17:17:00
2026-09-22,2026-09,19.0,0.138284940529241,1.0,2,True,False,,,-2.0412339922367813,2026-07,CatBoost-79 · M-2,ideal_weather_proxy,awaiting_actual_chm,2026-10-01T17:29:32.854225+00:00,2026-09-21,,,2026-09-21 17:17:00
2026-09-22,2026-09,20.0,0.0264233677630857,1.0,2,False,False,,,-3.696301573910244,2026-07,CatBoost-79 · M-2,ideal_weather_proxy,awaiting_actual_chm,2026-10-01T17:29:32.854225+00:00,2026-09-21,,,2026-09-21 17:17:00
2026-09-22,2026-09,21.0,0.0030103130744983,1.0,2,False,False,,,-5.868506250282782,2026-07,CatBoost-79 · M-2,ideal_weather_proxy,awaiting_actual_chm,2026-10-01T17:29:32.854225+00:00,2026-09-21,,,2026-09-21 17:17:00
2026-09-23,2026-09,8.0,0.2057438592070148,0.0,2,True,False,,,-1.627844984965932,2026-07,CatBoost-79 · M-2,ideal_weather_proxy,awaiting_actual_chm,2026-10-01T17:29:32.854225+00:00,2026-09-22,,,2026-09-22 17:27:00
2026-09-23,2026-09,9.0,0.2312237206598086,0.0,2,True,False,,,-1.511091248637322,2026-07,CatBoost-79 · M-2,ideal_weather_proxy,awaiting_actual_chm,2026-10-01T17:29:32.854225+00:00,2026-09-22,,,2026-09-22 17:27:00
2026-09-23,2026-09,10.0,0.0851886300367062,0.0,2,False,False,,,-2.509609003525693,2026-07,CatBoost-79 · M-2,ideal_weather_proxy,awaiting_actual_chm,2026-10-01T17:29:32.854225+00:00,2026-09-22,,,2026-09-22 17:27:00
2026-09-23,2026-09,11.0,0.0144047151224903,0.0,2,False,False,,,-4.28692138613497,2026-07,CatBoost-79 · M-2,ideal_weather_proxy,awaiting_actual_chm,2026-10-01T17:29:32.854225+00:00,2026-09-22,,,2026-09-22 17:27:00
2026-09-23,2026-09,12.0,0.0881956847921841,0.0,2,False,False,,,-2.474918941625099,2026-07,CatBoost-79 · M-2,ideal_weather_proxy,awaiting_actual_chm,2026-10-01T17:29:32.854225+00:00,2026-09-22,,,2026-09-22 17:27:00
2026-09-23,2026-09,13.0,0.0682155917287931,0.0,2,False,False,,,-2.731803821737676,2026-07,CatBoost-79 · M-2,ideal_weather_proxy,awaiting_actual_chm,2026-10-01T17:29:32.854225+00:00,2026-09-22,,,2026-09-22 17:27:00
2026-09-23,2026-09,14.0,0.023606535782146,0.0,2,False,False,,,-3.7929533645700544,2026-07,CatBoost-79 · M-2,ideal_weather_proxy,awaiting_actual_chm,2026-10-01T17:29:32.854225+00:00,2026-09-22,,,2026-09-22 17:27:00
2026-09-23,2026-09,15.0,0.0166890298535439,0.0,2,False,False,,,-4.139725369606989,2026-07,CatBoost-79 · M-2,ideal_weather_proxy,awaiting_actual_chm,2026-10-01T17:29:32.854225+00:00,2026-09-22,,,2026-09-22 17:27:00
2026-09-23,2026-09,18.0,0.1157198166056991,1.0,2,True,False,,,-2.2033050828863607,2026-07,CatBoost-79 · M-2,ideal_weather_proxy,awaiting_actual_chm,2026-10-01T17:29:32.854225+00:00,2026-09-22,,,2026-09-22 17:27:00
2026-09-23,2026-09,19.0,0.1273727570744235,1.0,2,True,False,,,-2.1073590956311445,2026-07,CatBoost-79 · M-2,ideal_weather_proxy,awaiting_actual_chm,2026-10-01T17:29:32.854225+00:00,2026-09-22,,,2026-09-22 17:27:00
2026-09-23,2026-09,20.0,0.0210782399869194,1.0,2,False,False,,,-3.9062357500764,2026-07,CatBoost-79 · M-2,ideal_weather_proxy,awaiting_actual_chm,2026-10-01T17:29:32.854225+00:00,2026-09-22,,,2026-09-22 17:27:00
2026-09-23,2026-09,21.0,0.0025614191502705,1.0,2,False,False,,,-6.013915517714656,2026-07,CatBoost-79 · M-2,ideal_weather_proxy,awaiting_actual_chm,2026-10-01T17:29:32.854225+00:00,2026-09-22,,,2026-09-22 17:27:00
2026-09-24,2026-09,8.0,0.1739952064523079,0.0,2,True,False,,,-1.7627043317635955,2026-07,CatBoost-79 · M-2,ideal_weather_proxy,awaiting_actual_chm,2026-10-01T17:29:32.854225+00:00,2026-09-23,,,2026-09-23 17:25:00
2026-09-24,2026-09,9.0,0.2053287797987914,0.0,2,True,False,,,-1.597119583159048,2026-07,CatBoost-79 · M-2,ideal_weather_proxy,awaiting_actual_chm,2026-10-01T17:29:32.854225+00:00,2026-09-23,,,2026-09-23 17:25:00
2026-09-24,2026-09,10.0,0.1107031127882759,0.0,2,False,False,,,-2.2148801230194333,2026-07,CatBoost-79 · M-2,ideal_weather_proxy,awaiting_actual_chm,2026-10-01T17:29:32.854225+00:00,2026-09-23,,,2026-09-23 17:25:00
2026-09-24,2026-09,11.0,0.0126741037675227,0.0,2,False,False,,,-4.38217124317341,2026-07,CatBoost-79 · M-2,ideal_weather_proxy,awaiting_actual_chm,2026-10-01T17:29:32.854225+00:00,2026-09-23,,,2026-09-23 17:25:00
2026-09-24,2026-09,12.0,0.0816677017198484,0.0,2,False,False,,,-2.519073485557078,2026-07,CatBoost-79 · M-2,ideal_weather_proxy,awaiting_actual_chm,2026-10-01T17:29:32.854225+00:00,2026-09-23,,,2026-09-23 17:25:00
2026-09-24,2026-09,13.0,0.0606817510424234,0.0,2,False,False,,,-2.816089070415543,2026-07,CatBoost-79 · M-2,ideal_weather_proxy,awaiting_actual_chm,2026-10-01T17:29:32.854225+00:00,2026-09-23,,,2026-09-23 17:25:00
2026-09-24,2026-09,14.0,0.0134110036155929,0.0,2,False,False,,,-4.325656546146149,2026-07,CatBoost-79 · M-2,ideal_weather_proxy,awaiting_actual_chm,2026-10-01T17:29:32.854225+00:00,2026-09-23,,,2026-09-23 17:25:00
2026-09-24,2026-09,15.0,0.0133516458816945,0.0,2,False,False,,,-4.330092417208617,2026-07,CatBoost-79 · M-2,ideal_weather_proxy,awaiting_actual_chm,2026-10-01T17:29:32.854225+00:00,2026-09-23,,,2026-09-23 17:25:00
2026-09-24,2026-09,18.0,0.1558925605117517,1.0,2,True,False,,,-1.87256502616559,2026-07,CatBoost-79 · M-2,ideal_weather_proxy,awaiting_actual_chm,2026-10-01T17:29:32.854225+00:00,2026-09-23,,,2026-09-23 17:25:00
2026-09-24,2026-09,19.0,0.1442962919336503,1.0,2,True,False,,,-1.9498633129498195,2026-07,CatBoost-79 · M-2,ideal_weather_proxy,awaiting_actual_chm,2026-10-01T17:29:32.854225+00:00,2026-09-23,,,2026-09-23 17:25:00
2026-09-24,2026-09,20.0,0.0254272912036541,1.0,2,False,False,,,-3.685909027428314,2026-07,CatBoost-79 · M-2,ideal_weather_proxy,awaiting_actual_chm,2026-10-01T17:29:32.854225+00:00,2026-09-23,,,2026-09-23 17:25:00
2026-09-24,2026-09,21.0,0.0025705512844864,1.0,2,False,False,,,-5.977611697988033,2026-07,CatBoost-79 · M-2,ideal_weather_proxy,awaiting_actual_chm,2026-10-01T17:29:32.854225+00:00,2026-09-23,,,2026-09-23 17:25:00
2026-09-25,2026-09,8.0,0.2072416085922146,0.0,2,True,False,,,-1.640296737869683,2026-07,CatBoost-79 · M-2,ideal_weather_proxy,awaiting_actual_chm,2026-10-01T17:29:32.854225+00:00,2026-09-24,,,2026-09-24 17:29:00
2026-09-25,2026-09,9.0,0.2747636194058004,0.0,2,True,False,,,-1.358270879532667,2026-07,CatBoost-79 · M-2,ideal_weather_proxy,awaiting_actual_chm,2026-10-01T17:29:32.854225+00:00,2026-09-24,,,2026-09-24 17:29:00
2026-09-25,2026-09,10.0,0.1267639764730032,0.0,2,False,False,,,-2.131855137339831,2026-07,CatBoost-79 · M-2,ideal_weather_proxy,awaiting_actual_chm,2026-10-01T17:29:32.854225+00:00,2026-09-24,,,2026-09-24 17:29:00
2026-09-25,2026-09,11.0,0.0269443303626325,0.0,2,False,False,,,-3.680409142695432,2026-07,CatBoost-79 · M-2,ideal_weather_proxy,awaiting_actual_chm,2026-10-01T17:29:32.854225+00:00,2026-09-24,,,2026-09-24 17:29:00
2026-09-25,2026-09,12.0,0.1137128008949728,0.0,2,False,False,,,-2.2405060625160838,2026-07,CatBoost-79 · M-2,ideal_weather_proxy,awaiting_actual_chm,2026-10-01T17:29:32.854225+00:00,2026-09-24,,,2026-09-24 17:29:00
2026-09-25,2026-09,13.0,0.0451516616825565,0.0,2,False,False,,,-3.164154958977509,2026-07,CatBoost-79 · M-2,ideal_weather_proxy,awaiting_actual_chm,2026-10-01T17:29:32.854225+00:00,2026-09-24,,,2026-09-24 17:29:00
2026-09-25,2026-09,14.0,0.0113079461322424,0.0,2,False,False,,,-4.5486763656293085,2026-07,CatBoost-79 · M-2,ideal_weather_proxy,awaiting_actual_chm,2026-10-01T17:29:32.854225+00:00,2026-09-24,,,2026-09-24 17:29:00
2026-09-25,2026-09,15.0,0.01563567289755,0.0,2,False,False,,,-4.224627013880987,2026-07,CatBoost-79 · M-2,ideal_weather_proxy,awaiting_actual_chm,2026-10-01T17:29:32.854225+00:00,2026-09-24,,,2026-09-24 17:29:00
2026-09-25,2026-09,18.0,0.0859765529426996,1.0,2,True,False,,,-2.520107422884391,2026-07,CatBoost-79 · M-2,ideal_weather_proxy,awaiting_actual_chm,2026-10-01T17:29:32.854225+00:00,2026-09-24,,,2026-09-24 17:29:00
2026-09-25,2026-09,19.0,0.0714488969780767,1.0,2,True,False,,,-2.705199575182544,2026-07,CatBoost-79 · M-2,ideal_weather_proxy,awaiting_actual_chm,2026-10-01T17:29:32.854225+00:00,2026-09-24,,,2026-09-24 17:29:00
2026-09-25,2026-09,20.0,0.0184514026331477,1.0,2,False,False,,,-4.059041650689893,2026-07,CatBoost-79 · M-2,ideal_weather_proxy,awaiting_actual_chm,2026-10-01T17:29:32.854225+00:00,2026-09-24,,,2026-09-24 17:29:00
2026-09-25,2026-09,21.0,0.0026015310051031,1.0,2,False,False,,,-6.01808192192264,2026-07,CatBoost-79 · M-2,ideal_weather_proxy,awaiting_actual_chm,2026-10-01T17:29:32.854225+00:00,2026-09-24,,,2026-09-24 17:29:00
2026-09-28,2026-09,8.0,0.1688377067269566,0.0,2,True,False,,,-1.7374628592617214,2026-07,CatBoost-79 · M-2,ideal_weather_proxy,awaiting_actual_chm,2026-10-01T17:29:32.854225+00:00,2026-09-27,,,2026-09-27 17:28:00
2026-09-28,2026-09,9.0,0.2373236276513292,0.0,2,True,False,,,-1.3969760703814962,2026-07,CatBoost-79 · M-2,ideal_weather_proxy,awaiting_actual_chm,2026-10-01T17:29:32.854225+00:00,2026-09-27,,,2026-09-27 17:28:00
2026-09-28,2026-09,10.0,0.1442937157776208,0.0,2,False,False,,,-1.8945498824347329,2026-07,CatBoost-79 · M-2,ideal_weather_proxy,awaiting_actual_chm,2026-10-01T17:29:32.854225+00:00,2026-09-27,,,2026-09-27 17:28:00
2026-09-28,2026-09,11.0,0.0236020942307721,0.0,2,False,False,,,-3.705065350875037,2026-07,CatBoost-79 · M-2,ideal_weather_proxy,awaiting_actual_chm,2026-10-01T17:29:32.854225+00:00,2026-09-27,,,2026-09-27 17:28:00
2026-09-28,2026-09,12.0,0.1058202440819446,0.0,2,False,False,,,-2.204658953511596,2026-07,CatBoost-79 · M-2,ideal_weather_proxy,awaiting_actual_chm,2026-10-01T17:29:32.854225+00:00,2026-09-27,,,2026-09-27 17:28:00
2026-09-28,2026-09,13.0,0.0638190303664472,0.0,2,False,False,,,-2.710349370082219,2026-07,CatBoost-79 · M-2,ideal_weather_proxy,awaiting_actual_chm,2026-10-01T17:29:32.854225+00:00,2026-09-27,,,2026-09-27 17:28:00
2026-09-28,2026-09,14.0,0.0165681296745576,0.0,2,False,False,,,-4.058919846690787,2026-07,CatBoost-79 · M-2,ideal_weather_proxy,awaiting_actual_chm,2026-10-01T17:29:32.854225+00:00,2026-09-27,,,2026-09-27 17:28:00
2026-09-28,2026-09,15.0,0.0099815372947265,0.0,2,False,False,,,-4.565663681553045,2026-07,CatBoost-79 · M-2,ideal_weather_proxy,awaiting_actual_chm,2026-10-01T17:29:32.854225+00:00,2026-09-27,,,2026-09-27 17:28:00
2026-09-28,2026-09,18.0,0.090074887735081,1.0,2,True,False,,,-2.365759387277589,2026-07,CatBoost-79 · M-2,ideal_weather_proxy,awaiting_actual_chm,2026-10-01T17:29:32.854225+00:00,2026-09-27,,,2026-09-27 17:28:00
2026-09-28,2026-09,19.0,0.1126012743695786,1.0,2,True,False,,,-2.1425477642506223,2026-07,CatBoost-79 · M-2,ideal_weather_proxy,awaiting_actual_chm,2026-10-01T17:29:32.854225+00:00,2026-09-27,,,2026-09-27 17:28:00
2026-09-28,2026-09,20.0,0.0238859595643499,1.0,2,False,False,,,-3.6931099771766394,2026-07,CatBoost-79 · M-2,ideal_weather_proxy,awaiting_actual_chm,2026-10-01T17:29:32.854225+00:00,2026-09-27,,,2026-09-27 17:28:00
2026-09-28,2026-09,21.0,0.0031917925266354,1.0,2,False,False,,,-5.7058181180077305,2026-07,CatBoost-79 · M-2,ideal_weather_proxy,awaiting_actual_chm,2026-10-01T17:29:32.854225+00:00,2026-09-27,,,2026-09-27 17:28:00
2026-09-29,2026-09,8.0,0.1813759877215752,0.0,2,True,False,,,-1.669841432490534,2026-07,CatBoost-79 · M-2,ideal_weather_proxy,awaiting_actual_chm,2026-10-01T17:29:32.854225+00:00,2026-09-28,,,2026-09-28 17:29:00
2026-09-29,2026-09,9.0,0.3102982429037881,0.0,2,True,False,,,-1.1328796805568049,2026-07,CatBoost-79 · M-2,ideal_weather_proxy,awaiting_actual_chm,2026-10-01T17:29:32.854225+00:00,2026-09-28,,,2026-09-28 17:29:00
2026-09-29,2026-09,10.0,0.1152325292547642,0.0,2,False,False,,,-2.123461509017237,2026-07,CatBoost-79 · M-2,ideal_weather_proxy,awaiting_actual_chm,2026-10-01T17:29:32.854225+00:00,2026-09-28,,,2026-09-28 17:29:00
2026-09-29,2026-09,11.0,0.0173748422907922,0.0,2,False,False,,,-4.0153902748019945,2026-07,CatBoost-79 · M-2,ideal_weather_proxy,awaiting_actual_chm,2026-10-01T17:29:32.854225+00:00,2026-09-28,,,2026-09-28 17:29:00
2026-09-29,2026-09,12.0,0.0956600945499286,0.0,2,False,False,,,-2.309612362775399,2026-07,CatBoost-79 · M-2,ideal_weather_proxy,awaiting_actual_chm,2026-10-01T17:29:32.854225+00:00,2026-09-28,,,2026-09-28 17:29:00
2026-09-29,2026-09,13.0,0.040474136180471,0.0,2,False,False,,,-3.1697504321381307,2026-07,CatBoost-79 · M-2,ideal_weather_proxy,awaiting_actual_chm,2026-10-01T17:29:32.854225+00:00,2026-09-28,,,2026-09-28 17:29:00
2026-09-29,2026-09,14.0,0.0122801655419912,0.0,2,False,False,,,-4.362428186176402,2026-07,CatBoost-79 · M-2,ideal_weather_proxy,awaiting_actual_chm,2026-10-01T17:29:32.854225+00:00,2026-09-28,,,2026-09-28 17:29:00
2026-09-29,2026-09,15.0,0.0074516614844784,0.0,2,False,False,,,-4.861976563845284,2026-07,CatBoost-79 · M-2,ideal_weather_proxy,awaiting_actual_chm,2026-10-01T17:29:32.854225+00:00,2026-09-28,,,2026-09-28 17:29:00
2026-09-29,2026-09,18.0,0.0751516748806643,1.0,2,True,False,,,-2.550905186304236,2026-07,CatBoost-79 · M-2,ideal_weather_proxy,awaiting_actual_chm,2026-10-01T17:29:32.854225+00:00,2026-09-28,,,2026-09-28 17:29:00
2026-09-29,2026-09,19.0,0.1134577879116493,1.0,2,True,False,,,-2.138982734350625,2026-07,CatBoost-79 · M-2,ideal_weather_proxy,awaiting_actual_chm,2026-10-01T17:29:32.854225+00:00,2026-09-28,,,2026-09-28 17:29:00
2026-09-29,2026-09,20.0,0.0282339563164235,1.0,2,False,False,,,-3.529888211159487,2026-07,CatBoost-79 · M-2,ideal_weather_proxy,awaiting_actual_chm,2026-10-01T17:29:32.854225+00:00,2026-09-28,,,2026-09-28 17:29:00
2026-09-29,2026-09,21.0,0.0030089209634734,1.0,2,False,False,,,-5.768832058828507,2026-07,CatBoost-79 · M-2,ideal_weather_proxy,awaiting_actual_chm,2026-10-01T17:29:32.854225+00:00,2026-09-28,,,2026-09-28 17:29:00
2026-09-30,2026-09,8.0,0.1681268090460314,0.0,2,True,False,,,-1.7623839521110118,2026-07,CatBoost-79 · M-2,ideal_weather_proxy,awaiting_actual_chm,2026-10-01T17:29:32.854225+00:00,2026-09-29,,,2026-09-29 17:27:00
2026-09-30,2026-09,9.0,0.283083745725997,0.0,2,True,False,,,-1.2413596873738764,2026-07,CatBoost-79 · M-2,ideal_weather_proxy,awaiting_actual_chm,2026-10-01T17:29:32.854225+00:00,2026-09-29,,,2026-09-29 17:27:00
2026-09-30,2026-09,10.0,0.0915271603286456,0.0,2,False,False,,,-2.3704667001065487,2026-07,CatBoost-79 · M-2,ideal_weather_proxy,awaiting_actual_chm,2026-10-01T17:29:32.854225+00:00,2026-09-29,,,2026-09-29 17:27:00
2026-09-30,2026-09,11.0,0.0231137462161681,0.0,2,False,False,,,-3.7466749477000767,2026-07,CatBoost-79 · M-2,ideal_weather_proxy,awaiting_actual_chm,2026-10-01T17:29:32.854225+00:00,2026-09-29,,,2026-09-29 17:27:00
2026-09-30,2026-09,12.0,0.0833403042254785,0.0,2,False,False,,,-2.464170186132965,2026-07,CatBoost-79 · M-2,ideal_weather_proxy,awaiting_actual_chm,2026-10-01T17:29:32.854225+00:00,2026-09-29,,,2026-09-29 17:27:00
2026-09-30,2026-09,13.0,0.0370100950872814,0.0,2,False,False,,,-3.275911746907417,2026-07,CatBoost-79 · M-2,ideal_weather_proxy,awaiting_actual_chm,2026-10-01T17:29:32.854225+00:00,2026-09-29,,,2026-09-29 17:27:00
2026-09-30,2026-09,14.0,0.0103419291111409,0.0,2,False,False,,,-4.550896043047041,2026-07,CatBoost-79 · M-2,ideal_weather_proxy,awaiting_actual_chm,2026-10-01T17:29:32.854225+00:00,2026-09-29,,,2026-09-29 17:27:00
2026-09-30,2026-09,15.0,0.0098829692483319,0.0,2,False,False,,,-4.596289464717311,2026-07,CatBoost-79 · M-2,ideal_weather_proxy,awaiting_actual_chm,2026-10-01T17:29:32.854225+00:00,2026-09-29,,,2026-09-29 17:27:00
2026-09-30,2026-09,18.0,0.1133477961932941,1.0,2,True,False,,,-2.156641528263886,2026-07,CatBoost-79 · M-2,ideal_weather_proxy,awaiting_actual_chm,2026-10-01T17:29:32.854225+00:00,2026-09-29,,,2026-09-29 17:27:00
2026-09-30,2026-09,19.0,0.151629900751647,1.0,2,True,False,,,-1.865659774264672,2026-07,CatBoost-79 · M-2,ideal_weather_proxy,awaiting_actual_chm,2026-10-01T17:29:32.854225+00:00,2026-09-29,,,2026-09-29 17:27:00
2026-09-30,2026-09,20.0,0.0246524721932815,1.0,2,False,False,,,-3.682225275257812,2026-07,CatBoost-79 · M-2,ideal_weather_proxy,awaiting_actual_chm,2026-10-01T17:29:32.854225+00:00,2026-09-29,,,2026-09-29 17:27:00
2026-09-30,2026-09,21.0,0.0039430718727021,1.0,2,False,False,,,-5.515142379881504,2026-07,CatBoost-79 · M-2,ideal_weather_proxy,awaiting_actual_chm,2026-10-01T17:29:32.854225+00:00,2026-09-29,,,2026-09-29 17:27:00
