date,market_hour,segment,segment_count,is_actual,score,is_predicted,hit_at_2,hit_segment_2plus2,input_mode,forecast_status,generated_at_utc,as_of_date,forecast_issued_at,weather_issued_at,probability,month,load_history_last_month,model_version
2026-01-12,8,1,1,False,-5.075754253033891,False,1.0,1.0,historical_weather_proxy,verified_historical_demo,,,,,0.0005592354686116989,2026-01,2025-11,VOLOGDA-p000-420-no-wind-M-2
2026-01-12,9,1,1,False,1.0432645765105464,False,1.0,1.0,historical_weather_proxy,verified_historical_demo,,,,,0.06483263771982421,2026-01,2025-11,VOLOGDA-p000-420-no-wind-M-2
2026-01-12,10,1,1,True,2.50249257012981,True,1.0,1.0,historical_weather_proxy,verified_historical_demo,,,,,0.20139646795897734,2026-01,2025-11,VOLOGDA-p000-420-no-wind-M-2
2026-01-12,11,1,1,False,2.0466438913272813,True,1.0,1.0,historical_weather_proxy,verified_historical_demo,,,,,0.14134328257149956,2026-01,2025-11,VOLOGDA-p000-420-no-wind-M-2
2026-01-12,12,1,1,False,1.4439625244915402,False,1.0,1.0,historical_weather_proxy,verified_historical_demo,,,,,0.0885045783969141,2026-01,2025-11,VOLOGDA-p000-420-no-wind-M-2
2026-01-12,13,1,1,False,-0.8466216300620735,False,1.0,1.0,historical_weather_proxy,verified_historical_demo,,,,,0.014936768351711241,2026-01,2025-11,VOLOGDA-p000-420-no-wind-M-2
2026-01-12,14,1,1,False,1.600826575229487,False,1.0,1.0,historical_weather_proxy,verified_historical_demo,,,,,0.09997294634848226,2026-01,2025-11,VOLOGDA-p000-420-no-wind-M-2
2026-01-12,15,1,1,False,1.4944109761253932,False,1.0,1.0,historical_weather_proxy,verified_historical_demo,,,,,0.09204158607461128,2026-01,2025-11,VOLOGDA-p000-420-no-wind-M-2
2026-01-12,16,1,1,False,0.9668774903755656,False,1.0,1.0,historical_weather_proxy,verified_historical_demo,,,,,0.061097741562706614,2026-01,2025-11,VOLOGDA-p000-420-no-wind-M-2
2026-01-12,17,1,1,False,2.0114219960067854,False,1.0,1.0,historical_weather_proxy,verified_historical_demo,,,,,0.13752870900264522,2026-01,2025-11,VOLOGDA-p000-420-no-wind-M-2
2026-01-12,18,1,1,False,1.0447907172920456,False,1.0,1.0,historical_weather_proxy,verified_historical_demo,,,,,0.06490953857839728,2026-01,2025-11,VOLOGDA-p000-420-no-wind-M-2
2026-01-12,19,1,1,False,-0.07762049785510211,False,1.0,1.0,historical_weather_proxy,verified_historical_demo,,,,,0.027143924600957818,2026-01,2025-11,VOLOGDA-p000-420-no-wind-M-2
2026-01-12,20,1,1,False,-2.7350439569439304,False,1.0,1.0,historical_weather_proxy,verified_historical_demo,,,,,0.003445191980399915,2026-01,2025-11,VOLOGDA-p000-420-no-wind-M-2
2026-01-12,21,1,1,False,-3.2623225375022864,False,1.0,1.0,historical_weather_proxy,verified_historical_demo,,,,,0.002287391384261539,2026-01,2025-11,VOLOGDA-p000-420-no-wind-M-2
2026-01-13,8,1,1,False,-4.468468794809167,False,1.0,1.0,historical_weather_proxy,verified_historical_demo,,,,,0.000581771357184202,2026-01,2025-11,VOLOGDA-p000-420-no-wind-M-2
2026-01-13,9,1,1,False,1.1650442078860581,False,1.0,1.0,historical_weather_proxy,verified_historical_demo,,,,,0.07590827685909404,2026-01,2025-11,VOLOGDA-p000-420-no-wind-M-2
2026-01-13,10,1,1,True,2.510187701341985,True,1.0,1.0,historical_weather_proxy,verified_historical_demo,,,,,0.24289969379494772,2026-01,2025-11,VOLOGDA-p000-420-no-wind-M-2
2026-01-13,11,1,1,False,2.0494259195062634,True,1.0,1.0,historical_weather_proxy,verified_historical_demo,,,,,0.1630791472616384,2026-01,2025-11,VOLOGDA-p000-420-no-wind-M-2
2026-01-13,12,1,1,False,1.0857129655010944,False,1.0,1.0,historical_weather_proxy,verified_historical_demo,,,,,0.07087582082600671,2026-01,2025-11,VOLOGDA-p000-420-no-wind-M-2
2026-01-13,13,1,1,False,-1.2411329836788247,False,1.0,1.0,historical_weather_proxy,verified_historical_demo,,,,,0.009477731288654744,2026-01,2025-11,VOLOGDA-p000-420-no-wind-M-2
2026-01-13,14,1,1,False,1.0966699873896322,False,1.0,1.0,historical_weather_proxy,verified_historical_demo,,,,,0.07155051437219258,2026-01,2025-11,VOLOGDA-p000-420-no-wind-M-2
2026-01-13,15,1,1,False,1.094365258280279,False,1.0,1.0,historical_weather_proxy,verified_historical_demo,,,,,0.07140806617850515,2026-01,2025-11,VOLOGDA-p000-420-no-wind-M-2
2026-01-13,16,1,1,False,0.8615458286305323,False,1.0,1.0,historical_weather_proxy,verified_historical_demo,,,,,0.058387148647771024,2026-01,2025-11,VOLOGDA-p000-420-no-wind-M-2
2026-01-13,17,1,1,False,1.8750826157803608,False,1.0,1.0,historical_weather_proxy,verified_historical_demo,,,,,0.140258050026777,2026-01,2025-11,VOLOGDA-p000-420-no-wind-M-2
2026-01-13,18,1,1,False,0.9152434357486775,False,1.0,1.0,historical_weather_proxy,verified_historical_demo,,,,,0.06116206972628603,2026-01,2025-11,VOLOGDA-p000-420-no-wind-M-2
2026-01-13,19,1,1,False,0.029732894174103717,False,1.0,1.0,historical_weather_proxy,verified_historical_demo,,,,,0.02844126889443396,2026-01,2025-11,VOLOGDA-p000-420-no-wind-M-2
2026-01-13,20,1,1,False,-2.3566591326023794,False,1.0,1.0,historical_weather_proxy,verified_historical_demo,,,,,0.0036123855173140255,2026-01,2025-11,VOLOGDA-p000-420-no-wind-M-2
2026-01-13,21,1,1,False,-2.849939421405909,False,1.0,1.0,historical_weather_proxy,verified_historical_demo,,,,,0.0023580552491943105,2026-01,2025-11,VOLOGDA-p000-420-no-wind-M-2
2026-01-14,8,1,1,False,-4.76284389889708,False,0.0,0.0,historical_weather_proxy,verified_historical_demo,,,,,0.00060444591027663,2026-01,2025-11,VOLOGDA-p000-420-no-wind-M-2
2026-01-14,9,1,1,True,0.9913069730548654,False,0.0,0.0,historical_weather_proxy,verified_historical_demo,,,,,0.0669086513305904,2026-01,2025-11,VOLOGDA-p000-420-no-wind-M-2
2026-01-14,10,1,1,False,2.358263799954685,True,0.0,0.0,historical_weather_proxy,verified_historical_demo,,,,,0.2046844432955714,2026-01,2025-11,VOLOGDA-p000-420-no-wind-M-2
2026-01-14,11,1,1,False,1.8896938180415095,True,0.0,0.0,historical_weather_proxy,verified_historical_demo,,,,,0.13951740328973147,2026-01,2025-11,VOLOGDA-p000-420-no-wind-M-2
2026-01-14,12,1,1,False,0.9381479498166795,False,0.0,0.0,historical_weather_proxy,verified_historical_demo,,,,,0.0640616141346028,2026-01,2025-11,VOLOGDA-p000-420-no-wind-M-2
2026-01-14,13,1,1,False,-1.0759459702529015,False,0.0,0.0,historical_weather_proxy,verified_historical_demo,,,,,0.012334003169395109,2026-01,2025-11,VOLOGDA-p000-420-no-wind-M-2
2026-01-14,14,1,1,False,1.4656028505425016,False,0.0,0.0,historical_weather_proxy,verified_historical_demo,,,,,0.09862177502052868,2026-01,2025-11,VOLOGDA-p000-420-no-wind-M-2
2026-01-14,15,1,1,False,1.5564566358828205,False,0.0,0.0,historical_weather_proxy,verified_historical_demo,,,,,0.10623020844954958,2026-01,2025-11,VOLOGDA-p000-420-no-wind-M-2
2026-01-14,16,1,1,False,1.1229853668472207,False,0.0,0.0,historical_weather_proxy,verified_historical_demo,,,,,0.07451782537705863,2026-01,2025-11,VOLOGDA-p000-420-no-wind-M-2
2026-01-14,17,1,1,False,1.8135948804898496,False,0.0,0.0,historical_weather_proxy,verified_historical_demo,,,,,0.13109759657487854,2026-01,2025-11,VOLOGDA-p000-420-no-wind-M-2
2026-01-14,18,1,1,False,0.9658461228677063,False,0.0,0.0,historical_weather_proxy,verified_historical_demo,,,,,0.06552959348539407,2026-01,2025-11,VOLOGDA-p000-420-no-wind-M-2
2026-01-14,19,1,1,False,0.021830990234680846,False,0.0,0.0,historical_weather_proxy,verified_historical_demo,,,,,0.030274864741377836,2026-01,2025-11,VOLOGDA-p000-420-no-wind-M-2
2026-01-14,20,1,1,False,-2.6170847685198186,False,0.0,0.0,historical_weather_proxy,verified_historical_demo,,,,,0.0034964271045461047,2026-01,2025-11,VOLOGDA-p000-420-no-wind-M-2
2026-01-14,21,1,1,False,-3.2280838944722254,False,0.0,0.0,historical_weather_proxy,verified_historical_demo,,,,,0.002121148116498685,2026-01,2025-11,VOLOGDA-p000-420-no-wind-M-2
2026-01-15,8,1,1,False,-5.100243218635203,False,0.0,0.0,historical_weather_proxy,verified_historical_demo,,,,,0.0004101630385426694,2026-01,2025-11,VOLOGDA-p000-420-no-wind-M-2
2026-01-15,9,1,1,False,0.4952423165217026,False,0.0,0.0,historical_weather_proxy,verified_historical_demo,,,,,0.047204607162029885,2026-01,2025-11,VOLOGDA-p000-420-no-wind-M-2
2026-01-15,10,1,1,False,2.1140416982490913,True,0.0,0.0,historical_weather_proxy,verified_historical_demo,,,,,0.186315553587618,2026-01,2025-11,VOLOGDA-p000-420-no-wind-M-2
2026-01-15,11,1,1,False,1.4686994622269052,False,0.0,0.0,historical_weather_proxy,verified_historical_demo,,,,,0.10778176301088631,2026-01,2025-11,VOLOGDA-p000-420-no-wind-M-2
2026-01-15,12,1,1,False,0.8013045035032867,False,0.0,0.0,historical_weather_proxy,verified_historical_demo,,,,,0.06119537600144091,2026-01,2025-11,VOLOGDA-p000-420-no-wind-M-2
2026-01-15,13,1,1,False,-1.2657275926798282,False,0.0,0.0,historical_weather_proxy,verified_historical_demo,,,,,0.010601148290824345,2026-01,2025-11,VOLOGDA-p000-420-no-wind-M-2
2026-01-15,14,1,1,False,1.412086108909335,False,0.0,0.0,historical_weather_proxy,verified_historical_demo,,,,,0.10272885674372173,2026-01,2025-11,VOLOGDA-p000-420-no-wind-M-2
2026-01-15,15,1,1,True,1.2733330431089305,False,0.0,0.0,historical_weather_proxy,verified_historical_demo,,,,,0.09132390632201982,2026-01,2025-11,VOLOGDA-p000-420-no-wind-M-2
2026-01-15,16,1,1,False,1.1214516874418157,False,0.0,0.0,historical_weather_proxy,verified_historical_demo,,,,,0.08028619237355253,2026-01,2025-11,VOLOGDA-p000-420-no-wind-M-2
2026-01-15,17,1,1,False,2.0374033333444403,True,0.0,0.0,historical_weather_proxy,verified_historical_demo,,,,,0.17459038301851557,2026-01,2025-11,VOLOGDA-p000-420-no-wind-M-2
2026-01-15,18,1,1,False,1.252398624736693,False,0.0,0.0,historical_weather_proxy,verified_historical_demo,,,,,0.08971675269914417,2026-01,2025-11,VOLOGDA-p000-420-no-wind-M-2
2026-01-15,19,1,1,False,0.2913837909762615,False,0.0,0.0,historical_weather_proxy,verified_historical_demo,,,,,0.03970961003716731,2026-01,2025-11,VOLOGDA-p000-420-no-wind-M-2
2026-01-15,20,1,1,False,-2.1463787023257845,False,0.0,0.0,historical_weather_proxy,verified_historical_demo,,,,,0.005023147942733683,2026-01,2025-11,VOLOGDA-p000-420-no-wind-M-2
2026-01-15,21,1,1,False,-2.710700792453724,False,0.0,0.0,historical_weather_proxy,verified_historical_demo,,,,,0.0031125397718030643,2026-01,2025-11,VOLOGDA-p000-420-no-wind-M-2
2026-01-16,8,1,1,False,-4.674375844717262,False,1.0,1.0,historical_weather_proxy,verified_historical_demo,,,,,0.0006179723787927796,2026-01,2025-11,VOLOGDA-p000-420-no-wind-M-2
2026-01-16,9,1,1,False,1.1510776405259555,False,1.0,1.0,historical_weather_proxy,verified_historical_demo,,,,,0.07498865144032246,2026-01,2025-11,VOLOGDA-p000-420-no-wind-M-2
2026-01-16,10,1,1,False,2.548826274807823,True,1.0,1.0,historical_weather_proxy,verified_historical_demo,,,,,0.2371554110080478,2026-01,2025-11,VOLOGDA-p000-420-no-wind-M-2
2026-01-16,11,1,1,True,2.253523592794915,True,1.0,1.0,historical_weather_proxy,verified_historical_demo,,,,,0.1859473524833216,2026-01,2025-11,VOLOGDA-p000-420-no-wind-M-2
2026-01-16,12,1,1,False,1.2383252528320057,False,1.0,1.0,historical_weather_proxy,verified_historical_demo,,,,,0.08057641389666473,2026-01,2025-11,VOLOGDA-p000-420-no-wind-M-2
2026-01-16,13,1,1,False,-1.194518618832303,False,1.0,1.0,historical_weather_proxy,verified_historical_demo,,,,,0.0108610137065537,2026-01,2025-11,VOLOGDA-p000-420-no-wind-M-2
2026-01-16,14,1,1,False,1.2414156749176546,False,1.0,1.0,historical_weather_proxy,verified_historical_demo,,,,,0.08078179847231969,2026-01,2025-11,VOLOGDA-p000-420-no-wind-M-2
2026-01-16,15,1,1,False,1.2228416555931552,False,1.0,1.0,historical_weather_proxy,verified_historical_demo,,,,,0.07955523380875587,2026-01,2025-11,VOLOGDA-p000-420-no-wind-M-2
2026-01-16,16,1,1,False,0.7937605304248314,False,1.0,1.0,historical_weather_proxy,verified_historical_demo,,,,,0.055868518767524813,2026-01,2025-11,VOLOGDA-p000-420-no-wind-M-2
2026-01-16,17,1,1,False,1.5515488385374587,False,1.0,1.0,historical_weather_proxy,verified_historical_demo,,,,,0.10429466327915474,2026-01,2025-11,VOLOGDA-p000-420-no-wind-M-2
2026-01-16,18,1,1,False,0.810180670264379,False,1.0,1.0,historical_weather_proxy,verified_historical_demo,,,,,0.056629324213408626,2026-01,2025-11,VOLOGDA-p000-420-no-wind-M-2
2026-01-16,19,1,1,False,-0.0809146781383937,False,1.0,1.0,historical_weather_proxy,verified_historical_demo,,,,,0.02718044303467208,2026-01,2025-11,VOLOGDA-p000-420-no-wind-M-2
2026-01-16,20,1,1,False,-2.6066025340097854,False,1.0,1.0,historical_weather_proxy,verified_historical_demo,,,,,0.003393942600230145,2026-01,2025-11,VOLOGDA-p000-420-no-wind-M-2
2026-01-16,21,1,1,False,-3.161230520467265,False,1.0,1.0,historical_weather_proxy,verified_historical_demo,,,,,0.0021492609102310295,2026-01,2025-11,VOLOGDA-p000-420-no-wind-M-2
2026-01-19,8,1,1,False,-5.517970104164796,False,0.0,0.0,historical_weather_proxy,verified_historical_demo,,,,,0.0004265941746022262,2026-01,2025-11,VOLOGDA-p000-420-no-wind-M-2
2026-01-19,9,1,1,True,0.8591715588404866,False,0.0,0.0,historical_weather_proxy,verified_historical_demo,,,,,0.05952218253149723,2026-01,2025-11,VOLOGDA-p000-420-no-wind-M-2
2026-01-19,10,1,1,False,2.284235824765969,True,0.0,0.0,historical_weather_proxy,verified_historical_demo,,,,,0.17944647385288334,2026-01,2025-11,VOLOGDA-p000-420-no-wind-M-2
2026-01-19,11,1,1,False,1.9459026732913165,False,0.0,0.0,historical_weather_proxy,verified_historical_demo,,,,,0.13808669507084712,2026-01,2025-11,VOLOGDA-p000-420-no-wind-M-2
2026-01-19,12,1,1,False,1.282381906492436,False,0.0,0.0,historical_weather_proxy,verified_historical_demo,,,,,0.08260504209156655,2026-01,2025-11,VOLOGDA-p000-420-no-wind-M-2
2026-01-19,13,1,1,False,-0.9229814279973033,False,0.0,0.0,historical_weather_proxy,verified_historical_demo,,,,,0.014973801885354679,2026-01,2025-11,VOLOGDA-p000-420-no-wind-M-2
2026-01-19,14,1,1,False,1.587045680133537,False,0.0,0.0,historical_weather_proxy,verified_historical_demo,,,,,0.10458429514191273,2026-01,2025-11,VOLOGDA-p000-420-no-wind-M-2
2026-01-19,15,1,1,False,1.419665591553204,False,0.0,0.0,historical_weather_proxy,verified_historical_demo,,,,,0.09187042626951342,2026-01,2025-11,VOLOGDA-p000-420-no-wind-M-2
2026-01-19,16,1,1,False,1.0914600354757356,False,0.0,0.0,historical_weather_proxy,verified_historical_demo,,,,,0.07125225245079987,2026-01,2025-11,VOLOGDA-p000-420-no-wind-M-2
2026-01-19,17,1,1,False,1.974098479091869,True,0.0,0.0,historical_weather_proxy,verified_historical_demo,,,,,0.1411348359649965,2026-01,2025-11,VOLOGDA-p000-420-no-wind-M-2
2026-01-19,18,1,1,False,1.1498060265490953,False,0.0,0.0,historical_weather_proxy,verified_historical_demo,,,,,0.07454536406343897,2026-01,2025-11,VOLOGDA-p000-420-no-wind-M-2
2026-01-19,19,1,1,False,0.14767939425363352,False,0.0,0.0,historical_weather_proxy,verified_historical_demo,,,,,0.034308406967375395,2026-01,2025-11,VOLOGDA-p000-420-no-wind-M-2
2026-01-19,20,1,1,False,-2.490464724076249,False,0.0,0.0,historical_weather_proxy,verified_historical_demo,,,,,0.004448153697132871,2026-01,2025-11,VOLOGDA-p000-420-no-wind-M-2
2026-01-19,21,1,1,False,-3.0902896091515384,False,0.0,0.0,historical_weather_proxy,verified_historical_demo,,,,,0.0027954758380791043,2026-01,2025-11,VOLOGDA-p000-420-no-wind-M-2
2026-01-20,8,1,1,False,-4.928045692794415,False,0.0,0.0,historical_weather_proxy,verified_historical_demo,,,,,0.0004924713937480569,2026-01,2025-11,VOLOGDA-p000-420-no-wind-M-2
2026-01-20,9,1,1,True,0.8410893759945481,False,0.0,0.0,historical_weather_proxy,verified_historical_demo,,,,,0.06155034236650475,2026-01,2025-11,VOLOGDA-p000-420-no-wind-M-2
2026-01-20,10,1,1,False,2.401459282319514,True,0.0,0.0,historical_weather_proxy,verified_historical_demo,,,,,0.22717598495212019,2026-01,2025-11,VOLOGDA-p000-420-no-wind-M-2
2026-01-20,11,1,1,False,2.023723267106538,True,0.0,0.0,historical_weather_proxy,verified_historical_demo,,,,,0.16560388146139338,2026-01,2025-11,VOLOGDA-p000-420-no-wind-M-2
2026-01-20,12,1,1,False,0.9859220593562061,False,0.0,0.0,historical_weather_proxy,verified_historical_demo,,,,,0.06948184640705052,2026-01,2025-11,VOLOGDA-p000-420-no-wind-M-2
2026-01-20,13,1,1,False,-1.257369764907817,False,0.0,0.0,historical_weather_proxy,verified_historical_demo,,,,,0.01062978908530647,2026-01,2025-11,VOLOGDA-p000-420-no-wind-M-2
2026-01-20,14,1,1,False,1.083082272835748,False,0.0,0.0,historical_weather_proxy,verified_historical_demo,,,,,0.07536768850445043,2026-01,2025-11,VOLOGDA-p000-420-no-wind-M-2
2026-01-20,15,1,1,False,1.0841732880366428,False,0.0,0.0,historical_weather_proxy,verified_historical_demo,,,,,0.07543653574172701,2026-01,2025-11,VOLOGDA-p000-420-no-wind-M-2
2026-01-20,16,1,1,False,0.8646481680726621,False,0.0,0.0,historical_weather_proxy,verified_historical_demo,,,,,0.06277592923723758,2026-01,2025-11,VOLOGDA-p000-420-no-wind-M-2
2026-01-20,17,1,1,False,1.8422024623895985,False,0.0,0.0,historical_weather_proxy,verified_historical_demo,,,,,0.14226398560992343,2026-01,2025-11,VOLOGDA-p000-420-no-wind-M-2
2026-01-20,18,1,1,False,0.9841065036304085,False,0.0,0.0,historical_weather_proxy,verified_historical_demo,,,,,0.06937635349763727,2026-01,2025-11,VOLOGDA-p000-420-no-wind-M-2
2026-01-20,19,1,1,False,0.1009060246519679,False,0.0,0.0,historical_weather_proxy,verified_historical_demo,,,,,0.03312863021614503,2026-01,2025-11,VOLOGDA-p000-420-no-wind-M-2
2026-01-20,20,1,1,False,-2.3826084107783707,False,0.0,0.0,historical_weather_proxy,verified_historical_demo,,,,,0.004145199918120973,2026-01,2025-11,VOLOGDA-p000-420-no-wind-M-2
2026-01-20,21,1,1,False,-2.9531866362625485,False,0.0,0.0,historical_weather_proxy,verified_historical_demo,,,,,0.002571361608634904,2026-01,2025-11,VOLOGDA-p000-420-no-wind-M-2
2026-01-21,8,1,1,False,-4.751325690511715,False,1.0,1.0,historical_weather_proxy,verified_historical_demo,,,,,0.000502157814916678,2026-01,2025-11,VOLOGDA-p000-420-no-wind-M-2
2026-01-21,9,1,1,False,0.8036094935212215,False,1.0,1.0,historical_weather_proxy,verified_historical_demo,,,,,0.05698642504762898,2026-01,2025-11,VOLOGDA-p000-420-no-wind-M-2
2026-01-21,10,1,1,False,2.2404470370792686,True,1.0,1.0,historical_weather_proxy,verified_historical_demo,,,,,0.19377563884408716,2026-01,2025-11,VOLOGDA-p000-420-no-wind-M-2
2026-01-21,11,1,1,True,1.9060826763021517,True,1.0,1.0,historical_weather_proxy,verified_historical_demo,,,,,0.145749854422531,2026-01,2025-11,VOLOGDA-p000-420-no-wind-M-2
2026-01-21,12,1,1,False,0.8757293332217524,False,1.0,1.0,historical_weather_proxy,verified_historical_demo,,,,,0.06059693075724615,2026-01,2025-11,VOLOGDA-p000-420-no-wind-M-2
2026-01-21,13,1,1,False,-1.2252575541734163,False,1.0,1.0,historical_weather_proxy,verified_historical_demo,,,,,0.010121265379498078,2026-01,2025-11,VOLOGDA-p000-420-no-wind-M-2
2026-01-21,14,1,1,False,1.375540354843644,False,1.0,1.0,historical_weather_proxy,verified_historical_demo,,,,,0.0927566767116336,2026-01,2025-11,VOLOGDA-p000-420-no-wind-M-2
2026-01-21,15,1,1,False,1.4512449078814806,False,1.0,1.0,historical_weather_proxy,verified_historical_demo,,,,,0.09893511981664962,2026-01,2025-11,VOLOGDA-p000-420-no-wind-M-2
2026-01-21,16,1,1,False,1.1939470909407726,False,1.0,1.0,historical_weather_proxy,verified_historical_demo,,,,,0.07946366285886185,2026-01,2025-11,VOLOGDA-p000-420-no-wind-M-2
2026-01-21,17,1,1,False,1.8895371751671262,False,1.0,1.0,historical_weather_proxy,verified_historical_demo,,,,,0.14371015911832247,2026-01,2025-11,VOLOGDA-p000-420-no-wind-M-2
2026-01-21,18,1,1,False,1.1144163739591777,False,1.0,1.0,historical_weather_proxy,verified_historical_demo,,,,,0.07425878983757052,2026-01,2025-11,VOLOGDA-p000-420-no-wind-M-2
2026-01-21,19,1,1,False,0.27799268817394845,False,1.0,1.0,historical_weather_proxy,verified_historical_demo,,,,,0.036419212825694235,2026-01,2025-11,VOLOGDA-p000-420-no-wind-M-2
2026-01-21,20,1,1,False,-2.307798831865811,False,1.0,1.0,historical_weather_proxy,verified_historical_demo,,,,,0.004025051892088675,2026-01,2025-11,VOLOGDA-p000-420-no-wind-M-2
2026-01-21,21,1,1,False,-2.776969505790936,False,1.0,1.0,historical_weather_proxy,verified_historical_demo,,,,,0.002699054673270962,2026-01,2025-11,VOLOGDA-p000-420-no-wind-M-2
2026-01-22,8,1,1,False,-4.74710411225828,False,0.0,0.0,historical_weather_proxy,verified_historical_demo,,,,,0.0005416790211599384,2026-01,2025-11,VOLOGDA-p000-420-no-wind-M-2
2026-01-22,9,1,1,False,0.9298514002830728,False,0.0,0.0,historical_weather_proxy,verified_historical_demo,,,,,0.06342354050840462,2026-01,2025-11,VOLOGDA-p000-420-no-wind-M-2
2026-01-22,10,1,1,False,2.3528361045783583,True,0.0,0.0,historical_weather_proxy,verified_historical_demo,,,,,0.2092871012459043,2026-01,2025-11,VOLOGDA-p000-420-no-wind-M-2
2026-01-22,11,1,1,False,1.7440313646743433,False,0.0,0.0,historical_weather_proxy,verified_historical_demo,,,,,0.12557774747537961,2026-01,2025-11,VOLOGDA-p000-420-no-wind-M-2
2026-01-22,12,1,1,False,1.0035912990272404,False,0.0,0.0,historical_weather_proxy,verified_historical_demo,,,,,0.06747129401546129,2026-01,2025-11,VOLOGDA-p000-420-no-wind-M-2
2026-01-22,13,1,1,False,-1.3051101271957737,False,0.0,0.0,historical_weather_proxy,verified_historical_demo,,,,,0.009725211430691475,2026-01,2025-11,VOLOGDA-p000-420-no-wind-M-2
2026-01-22,14,1,1,False,1.4510854954236747,False,0.0,0.0,historical_weather_proxy,verified_historical_demo,,,,,0.09821372864211161,2026-01,2025-11,VOLOGDA-p000-420-no-wind-M-2
2026-01-22,15,1,1,True,1.3237995458609217,False,0.0,0.0,historical_weather_proxy,verified_historical_demo,,,,,0.08826593036335369,2026-01,2025-11,VOLOGDA-p000-420-no-wind-M-2
2026-01-22,16,1,1,False,0.976701549921629,False,0.0,0.0,historical_weather_proxy,verified_historical_demo,,,,,0.06596616544315159,2026-01,2025-11,VOLOGDA-p000-420-no-wind-M-2
2026-01-22,17,1,1,False,1.9855117459406233,True,0.0,0.0,historical_weather_proxy,verified_historical_demo,,,,,0.1537803103415699,2026-01,2025-11,VOLOGDA-p000-420-no-wind-M-2
2026-01-22,18,1,1,False,1.2014267263578309,False,0.0,0.0,historical_weather_proxy,verified_historical_demo,,,,,0.07965337851224062,2026-01,2025-11,VOLOGDA-p000-420-no-wind-M-2
2026-01-22,19,1,1,False,0.0986652602770208,False,0.0,0.0,historical_weather_proxy,verified_historical_demo,,,,,0.03157851816400177,2026-01,2025-11,VOLOGDA-p000-420-no-wind-M-2
2026-01-22,20,1,1,False,-2.331445251431931,False,0.0,0.0,historical_weather_proxy,verified_historical_demo,,,,,0.004110872547071158,2026-01,2025-11,VOLOGDA-p000-420-no-wind-M-2
2026-01-22,21,1,1,False,-2.9706461580961334,False,0.0,0.0,historical_weather_proxy,verified_historical_demo,,,,,0.002404522289498417,2026-01,2025-11,VOLOGDA-p000-420-no-wind-M-2
2026-01-23,8,1,1,False,-4.679302653109798,False,0.0,0.0,historical_weather_proxy,verified_historical_demo,,,,,0.000595620517689074,2026-01,2025-11,VOLOGDA-p000-420-no-wind-M-2
2026-01-23,9,1,1,True,0.9158268765538983,False,0.0,0.0,historical_weather_proxy,verified_historical_demo,,,,,0.061264891311757615,2026-01,2025-11,VOLOGDA-p000-420-no-wind-M-2
2026-01-23,10,1,1,False,2.5287440671591077,True,0.0,0.0,historical_weather_proxy,verified_historical_demo,,,,,0.23296140822498018,2026-01,2025-11,VOLOGDA-p000-420-no-wind-M-2
2026-01-23,11,1,1,False,2.3220376666294387,True,0.0,0.0,historical_weather_proxy,verified_historical_demo,,,,,0.19631059398124823,2026-01,2025-11,VOLOGDA-p000-420-no-wind-M-2
2026-01-23,12,1,1,False,1.2621900346041663,False,0.0,0.0,historical_weather_proxy,verified_historical_demo,,,,,0.08161656448352292,2026-01,2025-11,VOLOGDA-p000-420-no-wind-M-2
2026-01-23,13,1,1,False,-1.1996787132683329,False,0.0,0.0,historical_weather_proxy,verified_historical_demo,,,,,0.010626435111362933,2026-01,2025-11,VOLOGDA-p000-420-no-wind-M-2
2026-01-23,14,1,1,False,1.2663774896398947,False,0.0,0.0,historical_weather_proxy,verified_historical_demo,,,,,0.08190007386390434,2026-01,2025-11,VOLOGDA-p000-420-no-wind-M-2
2026-01-23,15,1,1,False,1.2597661441685155,False,0.0,0.0,historical_weather_proxy,verified_historical_demo,,,,,0.08145290496896683,2026-01,2025-11,VOLOGDA-p000-420-no-wind-M-2
2026-01-23,16,1,1,False,0.7579571607100168,False,0.0,0.0,historical_weather_proxy,verified_historical_demo,,,,,0.0537570132159233,2026-01,2025-11,VOLOGDA-p000-420-no-wind-M-2
2026-01-23,17,1,1,False,1.5888131079497867,False,0.0,0.0,historical_weather_proxy,verified_historical_demo,,,,,0.10696596028066604,2026-01,2025-11,VOLOGDA-p000-420-no-wind-M-2
2026-01-23,18,1,1,False,0.8517314788213253,False,0.0,0.0,historical_weather_proxy,verified_historical_demo,,,,,0.05809788039717724,2026-01,2025-11,VOLOGDA-p000-420-no-wind-M-2
2026-01-23,19,1,1,False,0.0021719953269059983,False,0.0,0.0,historical_weather_proxy,verified_historical_demo,,,,,0.028749033754658038,2026-01,2025-11,VOLOGDA-p000-420-no-wind-M-2
2026-01-23,20,1,1,False,-2.545550739721588,False,0.0,0.0,historical_weather_proxy,verified_historical_demo,,,,,0.003486228602648177,2026-01,2025-11,VOLOGDA-p000-420-no-wind-M-2
2026-01-23,21,1,1,False,-3.093055121905111,False,0.0,0.0,historical_weather_proxy,verified_historical_demo,,,,,0.0022153912854949915,2026-01,2025-11,VOLOGDA-p000-420-no-wind-M-2
2026-01-26,8,1,1,False,-5.485561829974541,False,0.0,0.0,historical_weather_proxy,verified_historical_demo,,,,,0.0005498610785353669,2026-01,2025-11,VOLOGDA-p000-420-no-wind-M-2
2026-01-26,9,1,1,True,0.8936687198265847,False,0.0,0.0,historical_weather_proxy,verified_historical_demo,,,,,0.05895421239471249,2026-01,2025-11,VOLOGDA-p000-420-no-wind-M-2
2026-01-26,10,1,1,False,2.4465045970995325,True,0.0,0.0,historical_weather_proxy,verified_historical_demo,,,,,0.18395954324525177,2026-01,2025-11,VOLOGDA-p000-420-no-wind-M-2
2026-01-26,11,1,1,False,2.1503341051729072,True,0.0,0.0,historical_weather_proxy,verified_historical_demo,,,,,0.14806851910738922,2026-01,2025-11,VOLOGDA-p000-420-no-wind-M-2
2026-01-26,12,1,1,False,1.5632374377579008,False,0.0,0.0,historical_weather_proxy,verified_historical_demo,,,,,0.09629696864182284,2026-01,2025-11,VOLOGDA-p000-420-no-wind-M-2
2026-01-26,13,1,1,False,-0.7776699547619887,False,0.0,0.0,historical_weather_proxy,verified_historical_demo,,,,,0.017321779782764737,2026-01,2025-11,VOLOGDA-p000-420-no-wind-M-2
2026-01-26,14,1,1,False,1.6341437691250793,False,0.0,0.0,historical_weather_proxy,verified_historical_demo,,,,,0.10143301938064403,2026-01,2025-11,VOLOGDA-p000-420-no-wind-M-2
2026-01-26,15,1,1,False,1.490382212117352,False,0.0,0.0,historical_weather_proxy,verified_historical_demo,,,,,0.09129050745504196,2026-01,2025-11,VOLOGDA-p000-420-no-wind-M-2
2026-01-26,16,1,1,False,1.1122987695481124,False,0.0,0.0,historical_weather_proxy,verified_historical_demo,,,,,0.06919844156814987,2026-01,2025-11,VOLOGDA-p000-420-no-wind-M-2
2026-01-26,17,1,1,False,2.0080016406573042,False,0.0,0.0,historical_weather_proxy,verified_historical_demo,,,,,0.13340245605032608,2026-01,2025-11,VOLOGDA-p000-420-no-wind-M-2
2026-01-26,18,1,1,False,1.0912953437172164,False,0.0,0.0,historical_weather_proxy,verified_historical_demo,,,,,0.06814150749899835,2026-01,2025-11,VOLOGDA-p000-420-no-wind-M-2
2026-01-26,19,1,1,False,-0.23856945919383293,False,0.0,0.0,historical_weather_proxy,verified_historical_demo,,,,,0.025713861970160238,2026-01,2025-11,VOLOGDA-p000-420-no-wind-M-2
2026-01-26,20,1,1,False,-3.040751804143609,False,0.0,0.0,historical_weather_proxy,verified_historical_demo,,,,,0.0032986881793722967,2026-01,2025-11,VOLOGDA-p000-420-no-wind-M-2
2026-01-26,21,1,1,False,-3.4915664162248294,False,0.0,0.0,historical_weather_proxy,verified_historical_demo,,,,,0.0023706336468307656,2026-01,2025-11,VOLOGDA-p000-420-no-wind-M-2
2026-01-27,8,1,1,False,-4.892040060651401,False,1.0,1.0,historical_weather_proxy,verified_historical_demo,,,,,0.0004816368435065911,2026-01,2025-11,VOLOGDA-p000-420-no-wind-M-2
2026-01-27,9,1,1,False,0.6974415995985818,False,1.0,1.0,historical_weather_proxy,verified_historical_demo,,,,,0.05491356997486306,2026-01,2025-11,VOLOGDA-p000-420-no-wind-M-2
2026-01-27,10,1,1,True,2.35726956801042,True,1.0,1.0,historical_weather_proxy,verified_historical_demo,,,,,0.22413284049078622,2026-01,2025-11,VOLOGDA-p000-420-no-wind-M-2
2026-01-27,11,1,1,False,2.0252804190231397,True,1.0,1.0,historical_weather_proxy,verified_historical_demo,,,,,0.16917323855757457,2026-01,2025-11,VOLOGDA-p000-420-no-wind-M-2
2026-01-27,12,1,1,False,1.032218437006738,False,1.0,1.0,historical_weather_proxy,verified_historical_demo,,,,,0.07292549655177101,2026-01,2025-11,VOLOGDA-p000-420-no-wind-M-2
2026-01-27,13,1,1,False,-1.1838448935991237,False,1.0,1.0,historical_weather_proxy,verified_historical_demo,,,,,0.011152080799332794,2026-01,2025-11,VOLOGDA-p000-420-no-wind-M-2
2026-01-27,14,1,1,False,1.1842756903298377,False,1.0,1.0,historical_weather_proxy,verified_historical_demo,,,,,0.08295399383027668,2026-01,2025-11,VOLOGDA-p000-420-no-wind-M-2
2026-01-27,15,1,1,False,1.2223872639131776,False,1.0,1.0,historical_weather_proxy,verified_historical_demo,,,,,0.08567666806741633,2026-01,2025-11,VOLOGDA-p000-420-no-wind-M-2
2026-01-27,16,1,1,False,0.7906443568932126,False,1.0,1.0,historical_weather_proxy,verified_historical_demo,,,,,0.059426315657629666,2026-01,2025-11,VOLOGDA-p000-420-no-wind-M-2
2026-01-27,17,1,1,False,1.7657705479508847,False,1.0,1.0,historical_weather_proxy,verified_historical_demo,,,,,0.13577837420286534,2026-01,2025-11,VOLOGDA-p000-420-no-wind-M-2
2026-01-27,18,1,1,False,0.7951322305961366,False,1.0,1.0,historical_weather_proxy,verified_historical_demo,,,,,0.0596527360139804,2026-01,2025-11,VOLOGDA-p000-420-no-wind-M-2
2026-01-27,19,1,1,False,0.23534385320785028,False,1.0,1.0,historical_weather_proxy,verified_historical_demo,,,,,0.037121470149997095,2026-01,2025-11,VOLOGDA-p000-420-no-wind-M-2
2026-01-27,20,1,1,False,-2.4413307172786753,False,1.0,1.0,historical_weather_proxy,verified_historical_demo,,,,,0.0038423260187270877,2026-01,2025-11,VOLOGDA-p000-420-no-wind-M-2
2026-01-27,21,1,1,False,-2.8278238616003466,False,1.0,1.0,historical_weather_proxy,verified_historical_demo,,,,,0.0027692528412731517,2026-01,2025-11,VOLOGDA-p000-420-no-wind-M-2
2026-01-28,8,1,1,False,-4.712033014281118,False,1.0,1.0,historical_weather_proxy,verified_historical_demo,,,,,0.0005157721994233334,2026-01,2025-11,VOLOGDA-p000-420-no-wind-M-2
2026-01-28,9,1,1,False,0.8220945171124797,False,1.0,1.0,historical_weather_proxy,verified_historical_demo,,,,,0.056100018054362225,2026-01,2025-11,VOLOGDA-p000-420-no-wind-M-2
2026-01-28,10,1,1,True,2.3609009115386885,True,1.0,1.0,historical_weather_proxy,verified_historical_demo,,,,,0.20664684448661674,2026-01,2025-11,VOLOGDA-p000-420-no-wind-M-2
2026-01-28,11,1,1,False,1.8762304036417825,True,1.0,1.0,historical_weather_proxy,verified_historical_demo,,,,,0.13704864563471125,2026-01,2025-11,VOLOGDA-p000-420-no-wind-M-2
2026-01-28,12,1,1,False,0.9911658818977805,False,1.0,1.0,historical_weather_proxy,verified_historical_demo,,,,,0.06474103197578786,2026-01,2025-11,VOLOGDA-p000-420-no-wind-M-2
2026-01-28,13,1,1,False,-1.0472493083762107,False,1.0,1.0,historical_weather_proxy,verified_historical_demo,,,,,0.011509664552512436,2026-01,2025-11,VOLOGDA-p000-420-no-wind-M-2
2026-01-28,14,1,1,False,1.5054868475625414,False,1.0,1.0,historical_weather_proxy,verified_historical_demo,,,,,0.10010245476560199,2026-01,2025-11,VOLOGDA-p000-420-no-wind-M-2
2026-01-28,15,1,1,False,1.6081459997870606,False,1.0,1.0,historical_weather_proxy,verified_historical_demo,,,,,0.10919991404307033,2026-01,2025-11,VOLOGDA-p000-420-no-wind-M-2
2026-01-28,16,1,1,False,1.1856341372481451,False,1.0,1.0,historical_weather_proxy,verified_historical_demo,,,,,0.07633822245594984,2026-01,2025-11,VOLOGDA-p000-420-no-wind-M-2
2026-01-28,17,1,1,False,1.8744514660663776,False,1.0,1.0,historical_weather_proxy,verified_historical_demo,,,,,0.1368422216280257,2026-01,2025-11,VOLOGDA-p000-420-no-wind-M-2
2026-01-28,18,1,1,False,0.9117870769995958,False,1.0,1.0,historical_weather_proxy,verified_historical_demo,,,,,0.060529765324023696,2026-01,2025-11,VOLOGDA-p000-420-no-wind-M-2
2026-01-28,19,1,1,False,0.23153666638239545,False,1.0,1.0,historical_weather_proxy,verified_historical_demo,,,,,0.034012884120901,2026-01,2025-11,VOLOGDA-p000-420-no-wind-M-2
2026-01-28,20,1,1,False,-2.3199489526616093,False,1.0,1.0,historical_weather_proxy,verified_historical_demo,,,,,0.003914908207375536,2026-01,2025-11,VOLOGDA-p000-420-no-wind-M-2
2026-01-28,21,1,1,False,-2.850369393770518,False,1.0,1.0,historical_weather_proxy,verified_historical_demo,,,,,0.002497652551637957,2026-01,2025-11,VOLOGDA-p000-420-no-wind-M-2
2026-01-29,8,1,1,False,-4.899856575451263,False,0.0,0.0,historical_weather_proxy,verified_historical_demo,,,,,0.000433135763307172,2026-01,2025-11,VOLOGDA-p000-420-no-wind-M-2
2026-01-29,9,1,1,False,0.6755565056968629,False,0.0,0.0,historical_weather_proxy,verified_historical_demo,,,,,0.05314683019961483,2026-01,2025-11,VOLOGDA-p000-420-no-wind-M-2
2026-01-29,10,1,1,False,2.0110323142928306,True,0.0,0.0,historical_weather_proxy,verified_historical_demo,,,,,0.16819741707166216,2026-01,2025-11,VOLOGDA-p000-420-no-wind-M-2
2026-01-29,11,1,1,False,1.486216208173518,False,0.0,0.0,historical_weather_proxy,verified_historical_demo,,,,,0.10695340920064621,2026-01,2025-11,VOLOGDA-p000-420-no-wind-M-2
2026-01-29,12,1,1,False,0.9807396751217987,False,0.0,0.0,historical_weather_proxy,verified_historical_demo,,,,,0.06915372839430915,2026-01,2025-11,VOLOGDA-p000-420-no-wind-M-2
2026-01-29,13,1,1,False,-1.1110560517106522,False,0.0,0.0,historical_weather_proxy,verified_historical_demo,,,,,0.01137928623203908,2026-01,2025-11,VOLOGDA-p000-420-no-wind-M-2
2026-01-29,14,1,1,False,1.6257877544187715,False,0.0,0.0,historical_weather_proxy,verified_historical_demo,,,,,0.1206384457875134,2026-01,2025-11,VOLOGDA-p000-420-no-wind-M-2
2026-01-29,15,1,1,True,1.4399878430449922,False,0.0,0.0,historical_weather_proxy,verified_historical_demo,,,,,0.1027720382329498,2026-01,2025-11,VOLOGDA-p000-420-no-wind-M-2
2026-01-29,16,1,1,False,1.1937154688687213,False,0.0,0.0,historical_weather_proxy,verified_historical_demo,,,,,0.08310132125240519,2026-01,2025-11,VOLOGDA-p000-420-no-wind-M-2
2026-01-29,17,1,1,False,2.0145361079285298,True,0.0,0.0,historical_weather_proxy,verified_historical_demo,,,,,0.16870658489098528,2026-01,2025-11,VOLOGDA-p000-420-no-wind-M-2
2026-01-29,18,1,1,False,1.0541293134314966,False,0.0,0.0,historical_weather_proxy,verified_historical_demo,,,,,0.0736735088464286,2026-01,2025-11,VOLOGDA-p000-420-no-wind-M-2
2026-01-29,19,1,1,False,0.1634804411347655,False,0.0,0.0,historical_weather_proxy,verified_historical_demo,,,,,0.03416849033600497,2026-01,2025-11,VOLOGDA-p000-420-no-wind-M-2
2026-01-29,20,1,1,False,-2.1201339781047284,False,0.0,0.0,historical_weather_proxy,verified_historical_demo,,,,,0.004764962486515807,2026-01,2025-11,VOLOGDA-p000-420-no-wind-M-2
2026-01-29,21,1,1,False,-2.6914362985901596,False,0.0,0.0,historical_weather_proxy,verified_historical_demo,,,,,0.0029108413056184545,2026-01,2025-11,VOLOGDA-p000-420-no-wind-M-2
2026-01-30,8,1,1,False,-4.781936575136045,False,0.0,0.0,historical_weather_proxy,verified_historical_demo,,,,,0.0005197992810267362,2026-01,2025-11,VOLOGDA-p000-420-no-wind-M-2
2026-01-30,9,1,1,True,0.9227394941139726,False,0.0,0.0,historical_weather_proxy,verified_historical_demo,,,,,0.05875965134097264,2026-01,2025-11,VOLOGDA-p000-420-no-wind-M-2
2026-01-30,10,1,1,False,2.5841354715996867,True,0.0,0.0,historical_weather_proxy,verified_historical_demo,,,,,0.23283789428183532,2026-01,2025-11,VOLOGDA-p000-420-no-wind-M-2
2026-01-30,11,1,1,False,2.369920286010883,True,0.0,0.0,historical_weather_proxy,verified_historical_demo,,,,,0.1949632307124296,2026-01,2025-11,VOLOGDA-p000-420-no-wind-M-2
2026-01-30,12,1,1,False,1.4630760938433551,False,0.0,0.0,historical_weather_proxy,verified_historical_demo,,,,,0.09195148011917455,2026-01,2025-11,VOLOGDA-p000-420-no-wind-M-2
2026-01-30,13,1,1,False,-0.9760283650761149,False,0.0,0.0,historical_weather_proxy,verified_historical_demo,,,,,0.0121806140375546,2026-01,2025-11,VOLOGDA-p000-420-no-wind-M-2
2026-01-30,14,1,1,False,1.4109598418453213,False,0.0,0.0,historical_weather_proxy,verified_historical_demo,,,,,0.08806450371188368,2026-01,2025-11,VOLOGDA-p000-420-no-wind-M-2
2026-01-30,15,1,1,False,1.401869194171221,False,0.0,0.0,historical_weather_proxy,verified_historical_demo,,,,,0.08740352732730003,2026-01,2025-11,VOLOGDA-p000-420-no-wind-M-2
2026-01-30,16,1,1,False,0.7939117604811274,False,0.0,0.0,historical_weather_proxy,verified_historical_demo,,,,,0.052809390986881456,2026-01,2025-11,VOLOGDA-p000-420-no-wind-M-2
2026-01-30,17,1,1,False,1.551275376020837,False,0.0,0.0,historical_weather_proxy,verified_historical_demo,,,,,0.09892445481337377,2026-01,2025-11,VOLOGDA-p000-420-no-wind-M-2
2026-01-30,18,1,1,False,0.5937828927248776,False,0.0,0.0,historical_weather_proxy,verified_historical_demo,,,,,0.04473837415818359,2026-01,2025-11,VOLOGDA-p000-420-no-wind-M-2
2026-01-30,19,1,1,False,0.13846253115756846,False,0.0,0.0,historical_weather_proxy,verified_historical_demo,,,,,0.03067608792101161,2026-01,2025-11,VOLOGDA-p000-420-no-wind-M-2
2026-01-30,20,1,1,False,-2.4059591088865027,False,0.0,0.0,historical_weather_proxy,verified_historical_demo,,,,,0.0037239545052816805,2026-01,2025-11,VOLOGDA-p000-420-no-wind-M-2
2026-01-30,21,1,1,False,-2.9126339195033326,False,0.0,0.0,historical_weather_proxy,verified_historical_demo,,,,,0.002447036803090717,2026-01,2025-11,VOLOGDA-p000-420-no-wind-M-2
2026-02-02,8,1,2,False,-4.917201900100872,False,1.0,1.0,historical_weather_proxy,verified_historical_demo,,,,,0.0008833109721916964,2026-02,2025-12,VOLOGDA-p000-420-no-wind-M-2
2026-02-02,9,1,2,False,0.7176714824866165,False,1.0,1.0,historical_weather_proxy,verified_historical_demo,,,,,0.07400141156706623,2026-02,2025-12,VOLOGDA-p000-420-no-wind-M-2
2026-02-02,10,1,2,True,2.7951952779902443,True,1.0,1.0,historical_weather_proxy,verified_historical_demo,,,,,0.37868513980662616,2026-02,2025-12,VOLOGDA-p000-420-no-wind-M-2
2026-02-02,11,1,2,False,1.8417642766232367,True,1.0,1.0,historical_weather_proxy,verified_historical_demo,,,,,0.17901182568289592,2026-02,2025-12,VOLOGDA-p000-420-no-wind-M-2
2026-02-02,12,1,2,False,1.7868550352543053,False,1.0,1.0,historical_weather_proxy,verified_historical_demo,,,,,0.17145167902682143,2026-02,2025-12,VOLOGDA-p000-420-no-wind-M-2
2026-02-02,13,1,2,False,-1.2178901253231031,False,1.0,1.0,historical_weather_proxy,verified_historical_demo,,,,,0.016167841052817572,2026-02,2025-12,VOLOGDA-p000-420-no-wind-M-2
2026-02-02,17,2,2,False,0.4556554023106345,True,1.0,1.0,historical_weather_proxy,verified_historical_demo,,,,,0.060230506505120164,2026-02,2025-12,VOLOGDA-p000-420-no-wind-M-2
2026-02-02,18,2,2,False,-0.13277333966999402,False,1.0,1.0,historical_weather_proxy,verified_historical_demo,,,,,0.037930766927239304,2026-02,2025-12,VOLOGDA-p000-420-no-wind-M-2
2026-02-02,19,2,2,False,0.5804831202123651,True,1.0,1.0,historical_weather_proxy,verified_historical_demo,,,,,0.06643837123517592,2026-02,2025-12,VOLOGDA-p000-420-no-wind-M-2
2026-02-02,20,2,2,False,-1.7366775207995118,False,1.0,1.0,historical_weather_proxy,verified_historical_demo,,,,,0.010754619263635915,2026-02,2025-12,VOLOGDA-p000-420-no-wind-M-2
2026-02-02,21,2,2,False,-2.861144423306288,False,1.0,1.0,historical_weather_proxy,verified_historical_demo,,,,,0.004444527960409618,2026-02,2025-12,VOLOGDA-p000-420-no-wind-M-2
2026-02-03,8,1,2,False,-3.949331822412718,False,1.0,1.0,historical_weather_proxy,verified_historical_demo,,,,,0.0013604841837857942,2026-02,2025-12,VOLOGDA-p000-420-no-wind-M-2
2026-02-03,9,1,2,False,1.072225641006932,False,1.0,1.0,historical_weather_proxy,verified_historical_demo,,,,,0.07969565376110557,2026-02,2025-12,VOLOGDA-p000-420-no-wind-M-2
2026-02-03,10,1,2,True,3.1410650593754816,True,1.0,1.0,historical_weather_proxy,verified_historical_demo,,,,,0.42631352572624714,2026-02,2025-12,VOLOGDA-p000-420-no-wind-M-2
2026-02-03,11,1,2,False,2.239964406946169,True,1.0,1.0,historical_weather_proxy,verified_historical_demo,,,,,0.20535923716593907,2026-02,2025-12,VOLOGDA-p000-420-no-wind-M-2
2026-02-03,12,1,2,False,1.8042712707915753,False,1.0,1.0,historical_weather_proxy,verified_historical_demo,,,,,0.1442570314850914,2026-02,2025-12,VOLOGDA-p000-420-no-wind-M-2
2026-02-03,13,1,2,False,-1.7924058978345365,False,1.0,1.0,historical_weather_proxy,verified_historical_demo,,,,,0.007816225925499999,2026-02,2025-12,VOLOGDA-p000-420-no-wind-M-2
2026-02-03,17,2,2,False,0.24382776695642983,True,1.0,1.0,historical_weather_proxy,verified_historical_demo,,,,,0.040720524200935304,2026-02,2025-12,VOLOGDA-p000-420-no-wind-M-2
2026-02-03,18,2,2,False,-0.3316717942307535,False,1.0,1.0,historical_weather_proxy,verified_historical_demo,,,,,0.025539946890285135,2026-02,2025-12,VOLOGDA-p000-420-no-wind-M-2
2026-02-03,19,2,2,False,0.6454706554823997,True,1.0,1.0,historical_weather_proxy,verified_historical_demo,,,,,0.056390232787415145,2026-02,2025-12,VOLOGDA-p000-420-no-wind-M-2
2026-02-03,20,2,2,False,-1.641488830485609,False,1.0,1.0,historical_weather_proxy,verified_historical_demo,,,,,0.008833331058405443,2026-02,2025-12,VOLOGDA-p000-420-no-wind-M-2
2026-02-03,21,2,2,False,-2.7104452149642606,False,1.0,1.0,historical_weather_proxy,verified_historical_demo,,,,,0.003713806815290034,2026-02,2025-12,VOLOGDA-p000-420-no-wind-M-2
2026-02-04,8,1,2,False,-3.983659829364021,False,1.0,1.0,historical_weather_proxy,verified_historical_demo,,,,,0.0013221016975290057,2026-02,2025-12,VOLOGDA-p000-420-no-wind-M-2
2026-02-04,9,1,2,False,1.113996044387886,False,1.0,1.0,historical_weather_proxy,verified_historical_demo,,,,,0.08161726074507286,2026-02,2025-12,VOLOGDA-p000-420-no-wind-M-2
2026-02-04,10,1,2,True,3.253254737511725,True,1.0,1.0,historical_weather_proxy,verified_historical_demo,,,,,0.46044966749586785,2026-02,2025-12,VOLOGDA-p000-420-no-wind-M-2
2026-02-04,11,1,2,False,2.1647589937066667,True,1.0,1.0,historical_weather_proxy,verified_historical_demo,,,,,0.19092174486541932,2026-02,2025-12,VOLOGDA-p000-420-no-wind-M-2
2026-02-04,12,1,2,False,1.6471186039835457,False,1.0,1.0,historical_weather_proxy,verified_historical_demo,,,,,0.12561390258845195,2026-02,2025-12,VOLOGDA-p000-420-no-wind-M-2
2026-02-04,13,1,2,False,-1.4857823108714117,False,1.0,1.0,historical_weather_proxy,verified_historical_demo,,,,,0.009968445732198579,2026-02,2025-12,VOLOGDA-p000-420-no-wind-M-2
2026-02-04,17,2,2,False,0.38419075289434224,True,1.0,1.0,historical_weather_proxy,verified_historical_demo,,,,,0.04523169280318847,2026-02,2025-12,VOLOGDA-p000-420-no-wind-M-2
2026-02-04,18,2,2,False,-0.2370784401049407,False,1.0,1.0,historical_weather_proxy,verified_historical_demo,,,,,0.027366939933561294,2026-02,2025-12,VOLOGDA-p000-420-no-wind-M-2
2026-02-04,19,2,2,False,0.42490752813402016,True,1.0,1.0,historical_weather_proxy,verified_historical_demo,,,,,0.046745986955066626,2026-02,2025-12,VOLOGDA-p000-420-no-wind-M-2
2026-02-04,20,2,2,False,-1.8735446679657684,False,1.0,1.0,historical_weather_proxy,verified_historical_demo,,,,,0.007284983010926443,2026-02,2025-12,VOLOGDA-p000-420-no-wind-M-2
2026-02-04,21,2,2,False,-2.7879810877887694,False,1.0,1.0,historical_weather_proxy,verified_historical_demo,,,,,0.0034772741727176113,2026-02,2025-12,VOLOGDA-p000-420-no-wind-M-2
2026-02-05,8,1,2,False,-4.087353854428711,False,1.0,1.0,historical_weather_proxy,verified_historical_demo,,,,,0.001172419975693289,2026-02,2025-12,VOLOGDA-p000-420-no-wind-M-2
2026-02-05,9,1,2,False,0.9811387076114961,False,1.0,1.0,historical_weather_proxy,verified_historical_demo,,,,,0.07777513092646664,2026-02,2025-12,VOLOGDA-p000-420-no-wind-M-2
2026-02-05,10,1,2,True,3.1658474335233984,True,1.0,1.0,historical_weather_proxy,verified_historical_demo,,,,,0.47433588197677506,2026-02,2025-12,VOLOGDA-p000-420-no-wind-M-2
2026-02-05,11,1,2,False,1.8187526191349876,True,1.0,1.0,historical_weather_proxy,verified_historical_demo,,,,,0.15556165116740933,2026-02,2025-12,VOLOGDA-p000-420-no-wind-M-2
2026-02-05,12,1,2,False,1.606821124398048,False,1.0,1.0,historical_weather_proxy,verified_historical_demo,,,,,0.1305354456297081,2026-02,2025-12,VOLOGDA-p000-420-no-wind-M-2
2026-02-05,13,1,2,False,-1.8542450872477585,False,1.0,1.0,historical_weather_proxy,verified_historical_demo,,,,,0.007442601422406079,2026-02,2025-12,VOLOGDA-p000-420-no-wind-M-2
2026-02-05,17,2,2,False,0.41873385090746096,True,1.0,1.0,historical_weather_proxy,verified_historical_demo,,,,,0.0488311289378515,2026-02,2025-12,VOLOGDA-p000-420-no-wind-M-2
2026-02-05,18,2,2,False,-0.08011181571741377,False,1.0,1.0,historical_weather_proxy,verified_historical_demo,,,,,0.032314521097277976,2026-02,2025-12,VOLOGDA-p000-420-no-wind-M-2
2026-02-05,19,2,2,False,0.637302473282618,True,1.0,1.0,historical_weather_proxy,verified_historical_demo,,,,,0.05851354654006254,2026-02,2025-12,VOLOGDA-p000-420-no-wind-M-2
2026-02-05,20,2,2,False,-1.556813725195883,False,1.0,1.0,historical_weather_proxy,verified_historical_demo,,,,,0.00951984518557874,2026-02,2025-12,VOLOGDA-p000-420-no-wind-M-2
2026-02-05,21,2,2,False,-2.605162764560968,False,1.0,1.0,historical_weather_proxy,verified_historical_demo,,,,,0.003997827140770796,2026-02,2025-12,VOLOGDA-p000-420-no-wind-M-2
2026-02-06,8,1,2,False,-3.953169059042588,False,0.0,0.0,historical_weather_proxy,verified_historical_demo,,,,,0.001336883076072874,2026-02,2025-12,VOLOGDA-p000-420-no-wind-M-2
2026-02-06,9,1,2,False,1.1986425802785496,False,0.0,0.0,historical_weather_proxy,verified_historical_demo,,,,,0.08014349964902034,2026-02,2025-12,VOLOGDA-p000-420-no-wind-M-2
2026-02-06,10,1,2,False,3.3671503265526583,True,0.0,0.0,historical_weather_proxy,verified_historical_demo,,,,,0.44892292699734004,2026-02,2025-12,VOLOGDA-p000-420-no-wind-M-2
2026-02-06,11,1,2,False,2.40418412961949,True,0.0,0.0,historical_weather_proxy,verified_historical_demo,,,,,0.20886886489237516,2026-02,2025-12,VOLOGDA-p000-420-no-wind-M-2
2026-02-06,12,1,2,True,1.9402041161949657,False,0.0,0.0,historical_weather_proxy,verified_historical_demo,,,,,0.14446564793339187,2026-02,2025-12,VOLOGDA-p000-420-no-wind-M-2
2026-02-06,13,1,2,False,-1.8270671218982892,False,0.0,0.0,historical_weather_proxy,verified_historical_demo,,,,,0.007240417558126624,2026-02,2025-12,VOLOGDA-p000-420-no-wind-M-2
2026-02-06,17,2,2,False,-0.22630842075687124,True,0.0,0.0,historical_weather_proxy,verified_historical_demo,,,,,0.025831498996280667,2026-02,2025-12,VOLOGDA-p000-420-no-wind-M-2
2026-02-06,18,2,2,False,-0.7240802258392272,False,0.0,0.0,historical_weather_proxy,verified_historical_demo,,,,,0.017393208425798726,2026-02,2025-12,VOLOGDA-p000-420-no-wind-M-2
2026-02-06,19,2,2,False,0.651394441868902,True,0.0,0.0,historical_weather_proxy,verified_historical_demo,,,,,0.05188301672913398,2026-02,2025-12,VOLOGDA-p000-420-no-wind-M-2
2026-02-06,20,2,2,False,-1.462962620722641,False,0.0,0.0,historical_weather_proxy,verified_historical_demo,,,,,0.009669587018140883,2026-02,2025-12,VOLOGDA-p000-420-no-wind-M-2
2026-02-06,21,2,2,False,-2.499212491151386,False,0.0,0.0,historical_weather_proxy,verified_historical_demo,,,,,0.0042444487243187366,2026-02,2025-12,VOLOGDA-p000-420-no-wind-M-2
2026-02-09,8,1,2,False,-5.145613382836946,False,0.0,1.0,historical_weather_proxy,verified_historical_demo,,,,,0.0007952238512186873,2026-02,2025-12,VOLOGDA-p000-420-no-wind-M-2
2026-02-09,9,1,2,False,0.6999598555482506,False,0.0,1.0,historical_weather_proxy,verified_historical_demo,,,,,0.0659021851873513,2026-02,2025-12,VOLOGDA-p000-420-no-wind-M-2
2026-02-09,10,1,2,False,3.0864768512809895,True,0.0,1.0,historical_weather_proxy,verified_historical_demo,,,,,0.40004709770393687,2026-02,2025-12,VOLOGDA-p000-420-no-wind-M-2
2026-02-09,11,1,2,False,1.9537594933274485,True,0.0,1.0,historical_weather_proxy,verified_historical_demo,,,,,0.16997066221477253,2026-02,2025-12,VOLOGDA-p000-420-no-wind-M-2
2026-02-09,12,1,2,False,1.877843592667014,False,0.0,1.0,historical_weather_proxy,verified_historical_demo,,,,,0.16049435206213675,2026-02,2025-12,VOLOGDA-p000-420-no-wind-M-2
2026-02-09,13,1,2,False,-1.2133497641465656,False,0.0,1.0,historical_weather_proxy,verified_historical_demo,,,,,0.015523388554655976,2026-02,2025-12,VOLOGDA-p000-420-no-wind-M-2
2026-02-09,17,2,2,False,0.6815457193547767,True,0.0,1.0,historical_weather_proxy,verified_historical_demo,,,,,0.06499151066844751,2026-02,2025-12,VOLOGDA-p000-420-no-wind-M-2
2026-02-09,18,2,2,False,-0.01675861888089085,False,0.0,1.0,historical_weather_proxy,verified_historical_demo,,,,,0.03834298296088169,2026-02,2025-12,VOLOGDA-p000-420-no-wind-M-2
2026-02-09,19,2,2,True,0.735549262477473,True,0.0,1.0,historical_weather_proxy,verified_historical_demo,,,,,0.06769858771552968,2026-02,2025-12,VOLOGDA-p000-420-no-wind-M-2
2026-02-09,20,2,2,False,-1.6677969481856385,False,0.0,1.0,historical_weather_proxy,verified_historical_demo,,,,,0.011011468959727736,2026-02,2025-12,VOLOGDA-p000-420-no-wind-M-2
2026-02-09,21,2,2,False,-2.654943491644681,False,0.0,1.0,historical_weather_proxy,verified_historical_demo,,,,,0.0052225401213412395,2026-02,2025-12,VOLOGDA-p000-420-no-wind-M-2
2026-02-10,8,1,2,False,-3.909282886954374,False,0.0,0.0,historical_weather_proxy,verified_historical_demo,,,,,0.001278009234497065,2026-02,2025-12,VOLOGDA-p000-420-no-wind-M-2
2026-02-10,9,1,2,True,1.0449585132006804,False,0.0,0.0,historical_weather_proxy,verified_historical_demo,,,,,0.07330201839432646,2026-02,2025-12,VOLOGDA-p000-420-no-wind-M-2
2026-02-10,10,1,2,False,3.3533387788065117,True,0.0,0.0,historical_weather_proxy,verified_historical_demo,,,,,0.48362636417472776,2026-02,2025-12,VOLOGDA-p000-420-no-wind-M-2
2026-02-10,11,1,2,False,2.173340581119669,True,0.0,0.0,historical_weather_proxy,verified_historical_demo,,,,,0.1843537569826753,2026-02,2025-12,VOLOGDA-p000-420-no-wind-M-2
2026-02-10,12,1,2,False,1.7394567863525605,False,0.0,0.0,historical_weather_proxy,verified_historical_demo,,,,,0.12931189100059384,2026-02,2025-12,VOLOGDA-p000-420-no-wind-M-2
2026-02-10,13,1,2,False,-1.7399321673866521,False,0.0,0.0,historical_weather_proxy,verified_historical_demo,,,,,0.007526228743678959,2026-02,2025-12,VOLOGDA-p000-420-no-wind-M-2
2026-02-10,17,2,2,False,0.2391934832738415,True,0.0,0.0,historical_weather_proxy,verified_historical_demo,,,,,0.037940024543742915,2026-02,2025-12,VOLOGDA-p000-420-no-wind-M-2
2026-02-10,18,2,2,False,-0.3685701574978992,False,0.0,0.0,historical_weather_proxy,verified_historical_demo,,,,,0.02308675161972383,2026-02,2025-12,VOLOGDA-p000-420-no-wind-M-2
2026-02-10,19,2,2,False,0.5016129937844693,True,0.0,0.0,historical_weather_proxy,verified_historical_demo,,,,,0.04701617888852848,2026-02,2025-12,VOLOGDA-p000-420-no-wind-M-2
2026-02-10,20,2,2,False,-1.5550787501750492,False,0.0,0.0,historical_weather_proxy,verified_historical_demo,,,,,0.008753745045457303,2026-02,2025-12,VOLOGDA-p000-420-no-wind-M-2
2026-02-10,21,2,2,False,-2.5744348140977906,False,0.0,0.0,historical_weather_proxy,verified_historical_demo,,,,,0.003805031372048197,2026-02,2025-12,VOLOGDA-p000-420-no-wind-M-2
2026-02-11,8,1,2,False,-3.9510441269884744,False,1.0,1.0,historical_weather_proxy,verified_historical_demo,,,,,0.0011305203835588324,2026-02,2025-12,VOLOGDA-p000-420-no-wind-M-2
2026-02-11,9,1,2,False,1.0353570436277972,False,1.0,1.0,historical_weather_proxy,verified_historical_demo,,,,,0.08745939988990645,2026-02,2025-12,VOLOGDA-p000-420-no-wind-M-2
2026-02-11,10,1,2,False,2.898637780860401,True,1.0,1.0,historical_weather_proxy,verified_historical_demo,,,,,0.44411701452464447,2026-02,2025-12,VOLOGDA-p000-420-no-wind-M-2
2026-02-11,11,1,2,True,1.7017796317938099,True,1.0,1.0,historical_weather_proxy,verified_historical_demo,,,,,0.15638839152302825,2026-02,2025-12,VOLOGDA-p000-420-no-wind-M-2
2026-02-11,12,1,2,False,1.4783171006166729,False,1.0,1.0,historical_weather_proxy,verified_historical_demo,,,,,0.12869784551629326,2026-02,2025-12,VOLOGDA-p000-420-no-wind-M-2
2026-02-11,13,1,2,False,-1.4705869654620192,False,1.0,1.0,historical_weather_proxy,verified_historical_demo,,,,,0.009833679637728462,2026-02,2025-12,VOLOGDA-p000-420-no-wind-M-2
2026-02-11,17,2,2,False,0.595249124321229,True,1.0,1.0,historical_weather_proxy,verified_historical_demo,,,,,0.05958293822829099,2026-02,2025-12,VOLOGDA-p000-420-no-wind-M-2
2026-02-11,18,2,2,False,-0.08460256152137627,False,1.0,1.0,historical_weather_proxy,verified_historical_demo,,,,,0.032933494673252385,2026-02,2025-12,VOLOGDA-p000-420-no-wind-M-2
2026-02-11,19,2,2,False,0.7353971677704397,True,1.0,1.0,historical_weather_proxy,verified_historical_demo,,,,,0.06732881673169941,2026-02,2025-12,VOLOGDA-p000-420-no-wind-M-2
2026-02-11,20,2,2,False,-1.6429401871689087,False,1.0,1.0,historical_weather_proxy,verified_historical_demo,,,,,0.008461351544386342,2026-02,2025-12,VOLOGDA-p000-420-no-wind-M-2
2026-02-11,21,2,2,False,-2.483140656676535,False,1.0,1.0,historical_weather_proxy,verified_historical_demo,,,,,0.004066547347211049,2026-02,2025-12,VOLOGDA-p000-420-no-wind-M-2
2026-02-12,8,1,2,False,-4.063268744765458,False,1.0,1.0,historical_weather_proxy,verified_historical_demo,,,,,0.0011477115540968663,2026-02,2025-12,VOLOGDA-p000-420-no-wind-M-2
2026-02-12,9,1,2,False,0.8856976029789199,False,1.0,1.0,historical_weather_proxy,verified_historical_demo,,,,,0.07108736242389345,2026-02,2025-12,VOLOGDA-p000-420-no-wind-M-2
2026-02-12,10,1,2,True,3.132518627925316,True,1.0,1.0,historical_weather_proxy,verified_historical_demo,,,,,0.4627416271608142,2026-02,2025-12,VOLOGDA-p000-420-no-wind-M-2
2026-02-12,11,1,2,False,1.9240395672499861,True,1.0,1.0,historical_weather_proxy,verified_historical_demo,,,,,0.16895195187202708,2026-02,2025-12,VOLOGDA-p000-420-no-wind-M-2
2026-02-12,12,1,2,False,1.6800193604567069,False,1.0,1.0,historical_weather_proxy,verified_historical_demo,,,,,0.13784991659038734,2026-02,2025-12,VOLOGDA-p000-420-no-wind-M-2
2026-02-12,13,1,2,False,-1.6196000181459183,False,1.0,1.0,historical_weather_proxy,verified_historical_demo,,,,,0.008803493463998498,2026-02,2025-12,VOLOGDA-p000-420-no-wind-M-2
2026-02-12,17,2,2,False,0.38385304014776134,True,1.0,1.0,historical_weather_proxy,verified_historical_demo,,,,,0.04678220385357539,2026-02,2025-12,VOLOGDA-p000-420-no-wind-M-2
2026-02-12,18,2,2,False,-0.020983993525838993,False,1.0,1.0,historical_weather_proxy,verified_historical_demo,,,,,0.033380603379865106,2026-02,2025-12,VOLOGDA-p000-420-no-wind-M-2
2026-02-12,19,2,2,False,0.6099103021915312,True,1.0,1.0,historical_weather_proxy,verified_historical_demo,,,,,0.05648501159128564,2026-02,2025-12,VOLOGDA-p000-420-no-wind-M-2
2026-02-12,20,2,2,False,-1.6154249286137214,False,1.0,1.0,historical_weather_proxy,verified_historical_demo,,,,,0.008834191199960543,2026-02,2025-12,VOLOGDA-p000-420-no-wind-M-2
2026-02-12,21,2,2,False,-2.5851342221648506,False,1.0,1.0,historical_weather_proxy,verified_historical_demo,,,,,0.0039359269100959875,2026-02,2025-12,VOLOGDA-p000-420-no-wind-M-2
2026-02-13,8,1,2,False,-4.199651708238937,False,1.0,1.0,historical_weather_proxy,verified_historical_demo,,,,,0.0011773001255182421,2026-02,2025-12,VOLOGDA-p000-420-no-wind-M-2
2026-02-13,9,1,2,False,0.9781587233837117,False,1.0,1.0,historical_weather_proxy,verified_historical_demo,,,,,0.06953208731185037,2026-02,2025-12,VOLOGDA-p000-420-no-wind-M-2
2026-02-13,10,1,2,True,3.337430837488125,True,1.0,1.0,historical_weather_proxy,verified_historical_demo,,,,,0.4459418078727887,2026-02,2025-12,VOLOGDA-p000-420-no-wind-M-2
2026-02-13,11,1,2,False,2.360884232115241,True,1.0,1.0,historical_weather_proxy,verified_historical_demo,,,,,0.2066366816891931,2026-02,2025-12,VOLOGDA-p000-420-no-wind-M-2
2026-02-13,12,1,2,False,1.8730703346379016,False,1.0,1.0,historical_weather_proxy,verified_historical_demo,,,,,0.14071137057781982,2026-02,2025-12,VOLOGDA-p000-420-no-wind-M-2
2026-02-13,13,1,2,False,-1.4325835427608546,False,1.0,1.0,historical_weather_proxy,verified_historical_demo,,,,,0.010410814574383646,2026-02,2025-12,VOLOGDA-p000-420-no-wind-M-2
2026-02-13,17,2,2,False,0.1454408507702547,True,1.0,1.0,historical_weather_proxy,verified_historical_demo,,,,,0.03608423043812121,2026-02,2025-12,VOLOGDA-p000-420-no-wind-M-2
2026-02-13,18,2,2,False,-0.32647278209005565,False,1.0,1.0,historical_weather_proxy,verified_historical_demo,,,,,0.024881617389197353,2026-02,2025-12,VOLOGDA-p000-420-no-wind-M-2
2026-02-13,19,2,2,False,0.6042783002353558,True,1.0,1.0,historical_weather_proxy,verified_historical_demo,,,,,0.05179442347692531,2026-02,2025-12,VOLOGDA-p000-420-no-wind-M-2
2026-02-13,20,2,2,False,-1.5920401236673642,False,1.0,1.0,historical_weather_proxy,verified_historical_demo,,,,,0.009181963579653021,2026-02,2025-12,VOLOGDA-p000-420-no-wind-M-2
2026-02-13,21,2,2,False,-2.7639871779453213,False,1.0,1.0,historical_weather_proxy,verified_historical_demo,,,,,0.003647702964549299,2026-02,2025-12,VOLOGDA-p000-420-no-wind-M-2
2026-02-16,8,1,2,False,-4.811851572181659,False,1.0,1.0,historical_weather_proxy,verified_historical_demo,,,,,0.0009419212502412189,2026-02,2025-12,VOLOGDA-p000-420-no-wind-M-2
2026-02-16,9,1,2,False,1.117651558515934,False,1.0,1.0,historical_weather_proxy,verified_historical_demo,,,,,0.07715837483874104,2026-02,2025-12,VOLOGDA-p000-420-no-wind-M-2
2026-02-16,10,1,2,False,3.4073278030102285,True,1.0,1.0,historical_weather_proxy,verified_historical_demo,,,,,0.4228923808273063,2026-02,2025-12,VOLOGDA-p000-420-no-wind-M-2
2026-02-16,11,1,2,True,2.3301988138124394,True,1.0,1.0,historical_weather_proxy,verified_historical_demo,,,,,0.18995698372471875,2026-02,2025-12,VOLOGDA-p000-420-no-wind-M-2
2026-02-16,12,1,2,False,2.159927950414689,False,1.0,1.0,historical_weather_proxy,verified_historical_demo,,,,,0.1673829498331004,2026-02,2025-12,VOLOGDA-p000-420-no-wind-M-2
2026-02-16,13,1,2,False,-1.443060284134114,False,1.0,1.0,historical_weather_proxy,verified_historical_demo,,,,,0.01151004050017101,2026-02,2025-12,VOLOGDA-p000-420-no-wind-M-2
2026-02-16,17,2,2,False,0.31090240261584967,True,1.0,1.0,historical_weather_proxy,verified_historical_demo,,,,,0.04236978894634065,2026-02,2025-12,VOLOGDA-p000-420-no-wind-M-2
2026-02-16,18,2,2,False,-0.44282184713606676,False,1.0,1.0,historical_weather_proxy,verified_historical_demo,,,,,0.024201368919484115,2026-02,2025-12,VOLOGDA-p000-420-no-wind-M-2
2026-02-16,19,2,2,False,0.4918019021256298,True,1.0,1.0,historical_weather_proxy,verified_historical_demo,,,,,0.04846520587254617,2026-02,2025-12,VOLOGDA-p000-420-no-wind-M-2
2026-02-16,20,2,2,False,-1.616308706104661,False,1.0,1.0,historical_weather_proxy,verified_historical_demo,,,,,0.010119801345062185,2026-02,2025-12,VOLOGDA-p000-420-no-wind-M-2
2026-02-16,21,2,2,False,-2.564905876293384,False,1.0,1.0,historical_weather_proxy,verified_historical_demo,,,,,0.005001183942288204,2026-02,2025-12,VOLOGDA-p000-420-no-wind-M-2
2026-02-17,8,1,2,False,-3.929830339356483,False,1.0,1.0,historical_weather_proxy,verified_historical_demo,,,,,0.001369499865573886,2026-02,2025-12,VOLOGDA-p000-420-no-wind-M-2
2026-02-17,9,1,2,False,0.9619122190271104,False,1.0,1.0,historical_weather_proxy,verified_historical_demo,,,,,0.0729639218362247,2026-02,2025-12,VOLOGDA-p000-420-no-wind-M-2
2026-02-17,10,1,2,True,3.3610064436354126,True,1.0,1.0,historical_weather_proxy,verified_historical_demo,,,,,0.5127093550937145,2026-02,2025-12,VOLOGDA-p000-420-no-wind-M-2
2026-02-17,11,1,2,False,2.069858972363323,True,1.0,1.0,historical_weather_proxy,verified_historical_demo,,,,,0.17953918661514887,2026-02,2025-12,VOLOGDA-p000-420-no-wind-M-2
2026-02-17,12,1,2,False,1.5810042828673136,False,1.0,1.0,historical_weather_proxy,verified_historical_demo,,,,,0.12067503323105505,2026-02,2025-12,VOLOGDA-p000-420-no-wind-M-2
2026-02-17,13,1,2,False,-1.8992522856827487,False,1.0,1.0,historical_weather_proxy,verified_historical_demo,,,,,0.007132747643712078,2026-02,2025-12,VOLOGDA-p000-420-no-wind-M-2
2026-02-17,17,2,2,False,-0.09215069287825026,True,1.0,1.0,historical_weather_proxy,verified_historical_demo,,,,,0.030979574570876748,2026-02,2025-12,VOLOGDA-p000-420-no-wind-M-2
2026-02-17,18,2,2,False,-0.5272493269703842,False,1.0,1.0,historical_weather_proxy,verified_historical_demo,,,,,0.021752385183297116,2026-02,2025-12,VOLOGDA-p000-420-no-wind-M-2
2026-02-17,19,2,2,False,0.2737847807178345,True,1.0,1.0,historical_weather_proxy,verified_historical_demo,,,,,0.041709289968267706,2026-02,2025-12,VOLOGDA-p000-420-no-wind-M-2
2026-02-17,20,2,2,False,-1.8625978257638605,False,1.0,1.0,historical_weather_proxy,verified_historical_demo,,,,,0.007348422070250262,2026-02,2025-12,VOLOGDA-p000-420-no-wind-M-2
2026-02-17,21,2,2,False,-2.66742406543916,False,1.0,1.0,historical_weather_proxy,verified_historical_demo,,,,,0.0038205839218791154,2026-02,2025-12,VOLOGDA-p000-420-no-wind-M-2
2026-02-18,8,1,2,False,-3.9492363023106734,False,1.0,1.0,historical_weather_proxy,verified_historical_demo,,,,,0.001292195825907811,2026-02,2025-12,VOLOGDA-p000-420-no-wind-M-2
2026-02-18,9,1,2,False,1.0164146761803305,False,1.0,1.0,historical_weather_proxy,verified_historical_demo,,,,,0.07388508009600517,2026-02,2025-12,VOLOGDA-p000-420-no-wind-M-2
2026-02-18,10,1,2,True,3.3255636541311078,True,1.0,1.0,historical_weather_proxy,verified_historical_demo,,,,,0.48496553634597767,2026-02,2025-12,VOLOGDA-p000-420-no-wind-M-2
2026-02-18,11,1,2,False,2.218789746525626,True,1.0,1.0,historical_weather_proxy,verified_historical_demo,,,,,0.1968109813877406,2026-02,2025-12,VOLOGDA-p000-420-no-wind-M-2
2026-02-18,12,1,2,False,1.5936106873886842,False,1.0,1.0,historical_weather_proxy,verified_historical_demo,,,,,0.11825322543583504,2026-02,2025-12,VOLOGDA-p000-420-no-wind-M-2
2026-02-18,13,1,2,False,-1.6612133157464948,False,1.0,1.0,historical_weather_proxy,verified_historical_demo,,,,,0.008336935954628318,2026-02,2025-12,VOLOGDA-p000-420-no-wind-M-2
2026-02-18,17,2,2,False,-0.08445644185215352,True,1.0,1.0,historical_weather_proxy,verified_historical_demo,,,,,0.03012895428334645,2026-02,2025-12,VOLOGDA-p000-420-no-wind-M-2
2026-02-18,18,2,2,False,-0.5794684043675797,False,1.0,1.0,historical_weather_proxy,verified_historical_demo,,,,,0.02012847328053352,2026-02,2025-12,VOLOGDA-p000-420-no-wind-M-2
2026-02-18,19,2,2,False,0.6373835673373327,True,1.0,1.0,historical_weather_proxy,verified_historical_demo,,,,,0.05425333660863392,2026-02,2025-12,VOLOGDA-p000-420-no-wind-M-2
2026-02-18,20,2,2,False,-1.6955950130460398,False,1.0,1.0,historical_weather_proxy,verified_historical_demo,,,,,0.008106615635634236,2026-02,2025-12,VOLOGDA-p000-420-no-wind-M-2
2026-02-18,21,2,2,False,-2.6130312543897594,False,1.0,1.0,historical_weather_proxy,verified_historical_demo,,,,,0.00383866514575719,2026-02,2025-12,VOLOGDA-p000-420-no-wind-M-2
2026-02-19,8,1,2,False,-3.9009789562395807,False,0.0,0.0,historical_weather_proxy,verified_historical_demo,,,,,0.0014642398436196765,2026-02,2025-12,VOLOGDA-p000-420-no-wind-M-2
2026-02-19,9,1,2,False,1.1376339663117272,False,0.0,0.0,historical_weather_proxy,verified_historical_demo,,,,,0.08079676388596851,2026-02,2025-12,VOLOGDA-p000-420-no-wind-M-2
2026-02-19,10,1,2,False,3.3974919131680577,True,0.0,0.0,historical_weather_proxy,verified_historical_demo,,,,,0.488199044229265,2026-02,2025-12,VOLOGDA-p000-420-no-wind-M-2
2026-02-19,11,1,2,False,2.0606313567136114,True,0.0,0.0,historical_weather_proxy,verified_historical_demo,,,,,0.16844647938336677,2026-02,2025-12,VOLOGDA-p000-420-no-wind-M-2
2026-02-19,12,1,2,True,1.7804389758131438,False,0.0,0.0,historical_weather_proxy,verified_historical_demo,,,,,0.13477307697634708,2026-02,2025-12,VOLOGDA-p000-420-no-wind-M-2
2026-02-19,13,1,2,False,-1.5860707161437957,False,0.0,0.0,historical_weather_proxy,verified_historical_demo,,,,,0.009243689221602333,2026-02,2025-12,VOLOGDA-p000-420-no-wind-M-2
2026-02-19,17,2,2,False,0.35294550055293195,True,0.0,0.0,historical_weather_proxy,verified_historical_demo,,,,,0.043265084658183316,2026-02,2025-12,VOLOGDA-p000-420-no-wind-M-2
2026-02-19,18,2,2,False,-0.2621510683868691,False,0.0,0.0,historical_weather_proxy,verified_historical_demo,,,,,0.026515927414320822,2026-02,2025-12,VOLOGDA-p000-420-no-wind-M-2
2026-02-19,19,2,2,False,0.1540789314262402,True,0.0,0.0,historical_weather_proxy,verified_historical_demo,,,,,0.03693108092502458,2026-02,2025-12,VOLOGDA-p000-420-no-wind-M-2
2026-02-19,20,2,2,False,-1.876833296044333,False,0.0,0.0,historical_weather_proxy,verified_historical_demo,,,,,0.00733385912419787,2026-02,2025-12,VOLOGDA-p000-420-no-wind-M-2
2026-02-19,21,2,2,False,-2.9870344344271906,False,0.0,0.0,historical_weather_proxy,verified_historical_demo,,,,,0.0030307543381040258,2026-02,2025-12,VOLOGDA-p000-420-no-wind-M-2
2026-02-20,8,1,2,False,-4.329700989500564,False,1.0,1.0,historical_weather_proxy,verified_historical_demo,,,,,0.0010572246883595144,2026-02,2025-12,VOLOGDA-p000-420-no-wind-M-2
2026-02-20,9,1,2,False,0.8965421677608556,False,1.0,1.0,historical_weather_proxy,verified_historical_demo,,,,,0.06691710754067509,2026-02,2025-12,VOLOGDA-p000-420-no-wind-M-2
2026-02-20,10,1,2,False,3.312900622600729,True,1.0,1.0,historical_weather_proxy,verified_historical_demo,,,,,0.45540963737788914,2026-02,2025-12,VOLOGDA-p000-420-no-wind-M-2
2026-02-20,11,1,2,True,2.2188684161642764,True,1.0,1.0,historical_weather_proxy,verified_historical_demo,,,,,0.1911232975714469,2026-02,2025-12,VOLOGDA-p000-420-no-wind-M-2
2026-02-20,12,1,2,False,1.797243154185391,False,1.0,1.0,historical_weather_proxy,verified_historical_demo,,,,,0.13676934677269723,2026-02,2025-12,VOLOGDA-p000-420-no-wind-M-2
2026-02-20,13,1,2,False,-1.5941028103700718,False,1.0,1.0,historical_weather_proxy,verified_historical_demo,,,,,0.009269732261607246,2026-02,2025-12,VOLOGDA-p000-420-no-wind-M-2
2026-02-20,17,2,2,False,0.31016377819945246,True,1.0,1.0,historical_weather_proxy,verified_historical_demo,,,,,0.04201705041285509,2026-02,2025-12,VOLOGDA-p000-420-no-wind-M-2
2026-02-20,18,2,2,False,-0.10096082054432588,False,1.0,1.0,historical_weather_proxy,verified_historical_demo,,,,,0.03031936139845423,2026-02,2025-12,VOLOGDA-p000-420-no-wind-M-2
2026-02-20,19,2,2,False,0.6060234344575143,True,1.0,1.0,historical_weather_proxy,verified_historical_demo,,,,,0.053137584655856974,2026-02,2025-12,VOLOGDA-p000-420-no-wind-M-2
2026-02-20,20,2,2,False,-1.5241102565668805,False,1.0,1.0,historical_weather_proxy,verified_historical_demo,,,,,0.009799232641708967,2026-02,2025-12,VOLOGDA-p000-420-no-wind-M-2
2026-02-20,21,2,2,False,-2.597494420018019,False,1.0,1.0,historical_weather_proxy,verified_historical_demo,,,,,0.004180424678449624,2026-02,2025-12,VOLOGDA-p000-420-no-wind-M-2
2026-02-24,8,1,2,False,-4.01695340918739,False,1.0,1.0,historical_weather_proxy,verified_historical_demo,,,,,0.001142989604976006,2026-02,2025-12,VOLOGDA-p000-420-no-wind-M-2
2026-02-24,9,1,2,False,0.9223893432881612,False,1.0,1.0,historical_weather_proxy,verified_historical_demo,,,,,0.06663170106483582,2026-02,2025-12,VOLOGDA-p000-420-no-wind-M-2
2026-02-24,10,1,2,True,3.3687602304601687,True,1.0,1.0,historical_weather_proxy,verified_historical_demo,,,,,0.49908109357143104,2026-02,2025-12,VOLOGDA-p000-420-no-wind-M-2
2026-02-24,11,1,2,False,2.1293963777704583,True,1.0,1.0,historical_weather_proxy,verified_historical_demo,,,,,0.1799462522145427,2026-02,2025-12,VOLOGDA-p000-420-no-wind-M-2
2026-02-24,12,1,2,False,1.6878432998611657,False,1.0,1.0,historical_weather_proxy,verified_historical_demo,,,,,0.12511326309271895,2026-02,2025-12,VOLOGDA-p000-420-no-wind-M-2
2026-02-24,13,1,2,False,-1.5898014780681078,False,1.0,1.0,historical_weather_proxy,verified_historical_demo,,,,,0.008426794588204554,2026-02,2025-12,VOLOGDA-p000-420-no-wind-M-2
2026-02-24,17,2,2,False,-0.0783288187633557,True,1.0,1.0,historical_weather_proxy,verified_historical_demo,,,,,0.02923882389106294,2026-02,2025-12,VOLOGDA-p000-420-no-wind-M-2
2026-02-24,18,2,2,False,-0.6143866061140947,False,1.0,1.0,historical_weather_proxy,verified_historical_demo,,,,,0.01880781682407035,2026-02,2025-12,VOLOGDA-p000-420-no-wind-M-2
2026-02-24,19,2,2,False,0.7429452960425549,True,1.0,1.0,historical_weather_proxy,verified_historical_demo,,,,,0.05748255490629194,2026-02,2025-12,VOLOGDA-p000-420-no-wind-M-2
2026-02-24,20,2,2,False,-1.3669506647552527,False,1.0,1.0,historical_weather_proxy,verified_historical_demo,,,,,0.010123335125291155,2026-02,2025-12,VOLOGDA-p000-420-no-wind-M-2
2026-02-24,21,2,2,False,-2.4934420004441002,False,1.0,1.0,historical_weather_proxy,verified_historical_demo,,,,,0.004005375116574617,2026-02,2025-12,VOLOGDA-p000-420-no-wind-M-2
2026-02-25,8,1,2,False,-4.18399477040769,False,1.0,1.0,historical_weather_proxy,verified_historical_demo,,,,,0.0010773150413462777,2026-02,2025-12,VOLOGDA-p000-420-no-wind-M-2
2026-02-25,9,1,2,False,0.9104678203886085,False,1.0,1.0,historical_weather_proxy,verified_historical_demo,,,,,0.07187856031983994,2026-02,2025-12,VOLOGDA-p000-420-no-wind-M-2
2026-02-25,10,1,2,True,3.1846664855956934,True,1.0,1.0,historical_weather_proxy,verified_historical_demo,,,,,0.468768565945252,2026-02,2025-12,VOLOGDA-p000-420-no-wind-M-2
2026-02-25,11,1,2,False,2.150016616216916,True,1.0,1.0,historical_weather_proxy,verified_historical_demo,,,,,0.19973982390740708,2026-02,2025-12,VOLOGDA-p000-420-no-wind-M-2
2026-02-25,12,1,2,False,1.6238160105053483,False,1.0,1.0,historical_weather_proxy,verified_historical_demo,,,,,0.12943135508086612,2026-02,2025-12,VOLOGDA-p000-420-no-wind-M-2
2026-02-25,13,1,2,False,-1.2714700462958919,False,1.0,1.0,historical_weather_proxy,verified_historical_demo,,,,,0.011892620896450623,2026-02,2025-12,VOLOGDA-p000-420-no-wind-M-2
2026-02-25,17,2,2,False,-0.09999764309427431,True,1.0,1.0,historical_weather_proxy,verified_historical_demo,,,,,0.031243929733347265,2026-02,2025-12,VOLOGDA-p000-420-no-wind-M-2
2026-02-25,18,2,2,False,-0.7223893600677428,False,1.0,1.0,historical_weather_proxy,verified_historical_demo,,,,,0.01870233277580424,2026-02,2025-12,VOLOGDA-p000-420-no-wind-M-2
2026-02-25,19,2,2,False,0.56307302697187,True,1.0,1.0,historical_weather_proxy,verified_historical_demo,,,,,0.05397617379263226,2026-02,2025-12,VOLOGDA-p000-420-no-wind-M-2
2026-02-25,20,2,2,False,-1.580636931209392,False,1.0,1.0,historical_weather_proxy,verified_historical_demo,,,,,0.009216567037631582,2026-02,2025-12,VOLOGDA-p000-420-no-wind-M-2
2026-02-25,21,2,2,False,-2.571127128574978,False,1.0,1.0,historical_weather_proxy,verified_historical_demo,,,,,0.004072755469422484,2026-02,2025-12,VOLOGDA-p000-420-no-wind-M-2
2026-02-26,8,1,2,False,-4.274848805954972,False,1.0,1.0,historical_weather_proxy,verified_historical_demo,,,,,0.0011018313799638147,2026-02,2025-12,VOLOGDA-p000-420-no-wind-M-2
2026-02-26,9,1,2,False,0.8203580400176187,False,1.0,1.0,historical_weather_proxy,verified_historical_demo,,,,,0.06580671801268582,2026-02,2025-12,VOLOGDA-p000-420-no-wind-M-2
2026-02-26,10,1,2,False,3.256219308776374,True,1.0,1.0,historical_weather_proxy,verified_historical_demo,,,,,0.4649381787717374,2026-02,2025-12,VOLOGDA-p000-420-no-wind-M-2
2026-02-26,11,1,2,True,1.956827471302927,True,1.0,1.0,historical_weather_proxy,verified_historical_demo,,,,,0.16384601732786383,2026-02,2025-12,VOLOGDA-p000-420-no-wind-M-2
2026-02-26,12,1,2,False,1.8051059351752659,False,1.0,1.0,historical_weather_proxy,verified_historical_demo,,,,,0.14505969986567374,2026-02,2025-12,VOLOGDA-p000-420-no-wind-M-2
2026-02-26,13,1,2,False,-1.4622966503507961,False,1.0,1.0,historical_weather_proxy,verified_historical_demo,,,,,0.010532999022412948,2026-02,2025-12,VOLOGDA-p000-420-no-wind-M-2
2026-02-26,17,2,2,False,0.45922826100740427,True,1.0,1.0,historical_weather_proxy,verified_historical_demo,,,,,0.049247342662805275,2026-02,2025-12,VOLOGDA-p000-420-no-wind-M-2
2026-02-26,18,2,2,False,-0.06413602012899755,False,1.0,1.0,historical_weather_proxy,verified_historical_demo,,,,,0.03235500762745845,2026-02,2025-12,VOLOGDA-p000-420-no-wind-M-2
2026-02-26,19,2,2,False,0.5908583348610426,True,1.0,1.0,historical_weather_proxy,verified_historical_demo,,,,,0.05473538364733258,2026-02,2025-12,VOLOGDA-p000-420-no-wind-M-2
2026-02-26,20,2,2,False,-1.7241805817039202,False,1.0,1.0,historical_weather_proxy,verified_historical_demo,,,,,0.008536130649345901,2026-02,2025-12,VOLOGDA-p000-420-no-wind-M-2
2026-02-26,21,2,2,False,-2.719184379719635,False,1.0,1.0,historical_weather_proxy,verified_historical_demo,,,,,0.0038406910327203345,2026-02,2025-12,VOLOGDA-p000-420-no-wind-M-2
2026-02-27,8,1,2,False,-4.311032543188455,False,1.0,1.0,historical_weather_proxy,verified_historical_demo,,,,,0.0013685577157871015,2026-02,2025-12,VOLOGDA-p000-420-no-wind-M-2
2026-02-27,9,1,2,False,1.0722768431393126,False,1.0,1.0,historical_weather_proxy,verified_historical_demo,,,,,0.07617239583033113,2026-02,2025-12,VOLOGDA-p000-420-no-wind-M-2
2026-02-27,10,1,2,False,3.4757368537625863,True,1.0,1.0,historical_weather_proxy,verified_historical_demo,,,,,0.4582663091328243,2026-02,2025-12,VOLOGDA-p000-420-no-wind-M-2
2026-02-27,11,1,2,True,2.3870513077052853,True,1.0,1.0,historical_weather_proxy,verified_historical_demo,,,,,0.20328829044318134,2026-02,2025-12,VOLOGDA-p000-420-no-wind-M-2
2026-02-27,12,1,2,False,1.9446208866213235,False,1.0,1.0,historical_weather_proxy,verified_historical_demo,,,,,0.14610147251200412,2026-02,2025-12,VOLOGDA-p000-420-no-wind-M-2
2026-02-27,13,1,2,False,-1.59352588709669,False,1.0,1.0,historical_weather_proxy,verified_historical_demo,,,,,0.010409092031942603,2026-02,2025-12,VOLOGDA-p000-420-no-wind-M-2
2026-02-27,17,2,2,False,-0.025718060734091993,True,1.0,1.0,historical_weather_proxy,verified_historical_demo,,,,,0.033556255788183616,2026-02,2025-12,VOLOGDA-p000-420-no-wind-M-2
2026-02-27,18,2,2,False,-0.613359225106939,False,1.0,1.0,historical_weather_proxy,verified_historical_demo,,,,,0.021638703614887803,2026-02,2025-12,VOLOGDA-p000-420-no-wind-M-2
2026-02-27,19,2,2,False,0.15627960860046916,True,1.0,1.0,historical_weather_proxy,verified_historical_demo,,,,,0.03844024259232053,2026-02,2025-12,VOLOGDA-p000-420-no-wind-M-2
2026-02-27,20,2,2,False,-2.0738217252402964,False,1.0,1.0,historical_weather_proxy,verified_historical_demo,,,,,0.007272391347038378,2026-02,2025-12,VOLOGDA-p000-420-no-wind-M-2
2026-02-27,21,2,2,False,-3.058600476201153,False,1.0,1.0,historical_weather_proxy,verified_historical_demo,,,,,0.0034862889914989833,2026-02,2025-12,VOLOGDA-p000-420-no-wind-M-2
2026-03-02,8,1,1,False,-5.411523170190969,False,1.0,1.0,historical_weather_proxy,verified_historical_demo,,,,,0.00039839268730271313,2026-03,2026-01,VOLOGDA-p000-420-no-wind-M-2
2026-03-02,9,1,1,False,1.1868537287837246,False,1.0,1.0,historical_weather_proxy,verified_historical_demo,,,,,0.07236780020687235,2026-03,2026-01,VOLOGDA-p000-420-no-wind-M-2
2026-03-02,10,1,1,False,3.0099782969228297,True,1.0,1.0,historical_weather_proxy,verified_historical_demo,,,,,0.3046276660773143,2026-03,2026-01,VOLOGDA-p000-420-no-wind-M-2
2026-03-02,11,1,1,True,2.1121925952485543,True,1.0,1.0,historical_weather_proxy,verified_historical_demo,,,,,0.15009780946892012,2026-03,2026-01,VOLOGDA-p000-420-no-wind-M-2
2026-03-02,12,1,1,False,1.8505299882992992,False,1.0,1.0,historical_weather_proxy,verified_historical_demo,,,,,0.12211895231666427,2026-03,2026-01,VOLOGDA-p000-420-no-wind-M-2
2026-03-02,13,1,1,False,-0.6697673991882347,False,1.0,1.0,historical_weather_proxy,verified_historical_demo,,,,,0.016743738498326142,2026-03,2026-01,VOLOGDA-p000-420-no-wind-M-2
2026-03-02,14,1,1,False,1.896065263579274,False,1.0,1.0,historical_weather_proxy,verified_historical_demo,,,,,0.12658259693884985,2026-03,2026-01,VOLOGDA-p000-420-no-wind-M-2
2026-03-02,15,1,1,False,1.60494476910656,False,1.0,1.0,historical_weather_proxy,verified_historical_demo,,,,,0.10062283760893288,2026-03,2026-01,VOLOGDA-p000-420-no-wind-M-2
2026-03-02,16,1,1,False,0.4514686456483776,False,1.0,1.0,historical_weather_proxy,verified_historical_demo,,,,,0.04052799490167625,2026-03,2026-01,VOLOGDA-p000-420-no-wind-M-2
2026-03-02,17,1,1,False,0.03578315001599572,False,1.0,1.0,historical_weather_proxy,verified_historical_demo,,,,,0.02920300675719144,2026-03,2026-01,VOLOGDA-p000-420-no-wind-M-2
2026-03-02,18,1,1,False,-1.2302581964325223,False,1.0,1.0,historical_weather_proxy,verified_historical_demo,,,,,0.01076328031326241,2026-03,2026-01,VOLOGDA-p000-420-no-wind-M-2
2026-03-02,19,1,1,False,-0.7399740673628064,False,1.0,1.0,historical_weather_proxy,verified_historical_demo,,,,,0.015842153024398977,2026-03,2026-01,VOLOGDA-p000-420-no-wind-M-2
2026-03-02,20,1,1,False,-1.8903100425438164,False,1.0,1.0,historical_weather_proxy,verified_historical_demo,,,,,0.006396581301096138,2026-03,2026-01,VOLOGDA-p000-420-no-wind-M-2
2026-03-02,21,1,1,False,-2.582215296263079,False,1.0,1.0,historical_weather_proxy,verified_historical_demo,,,,,0.003707189899192151,2026-03,2026-01,VOLOGDA-p000-420-no-wind-M-2
2026-03-03,8,1,1,False,-5.019352452070896,False,1.0,1.0,historical_weather_proxy,verified_historical_demo,,,,,0.0003899951301417278,2026-03,2026-01,VOLOGDA-p000-420-no-wind-M-2
2026-03-03,9,1,1,False,1.026866308178446,False,1.0,1.0,historical_weather_proxy,verified_historical_demo,,,,,0.06355716717303582,2026-03,2026-01,VOLOGDA-p000-420-no-wind-M-2
2026-03-03,10,1,1,True,3.226596328656042,True,1.0,1.0,historical_weather_proxy,verified_historical_demo,,,,,0.4054812386785376,2026-03,2026-01,VOLOGDA-p000-420-no-wind-M-2
2026-03-03,11,1,1,False,2.261300104424204,True,1.0,1.0,historical_weather_proxy,verified_historical_demo,,,,,0.17980500645688477,2026-03,2026-01,VOLOGDA-p000-420-no-wind-M-2
2026-03-03,12,1,1,False,1.5256219361008778,False,1.0,1.0,historical_weather_proxy,verified_historical_demo,,,,,0.09674804883215946,2026-03,2026-01,VOLOGDA-p000-420-no-wind-M-2
2026-03-03,13,1,1,False,-0.9857194754697509,False,1.0,1.0,historical_weather_proxy,verified_historical_demo,,,,,0.011663475900679239,2026-03,2026-01,VOLOGDA-p000-420-no-wind-M-2
2026-03-03,14,1,1,False,1.3413941148650466,False,1.0,1.0,historical_weather_proxy,verified_historical_demo,,,,,0.08283989411153149,2026-03,2026-01,VOLOGDA-p000-420-no-wind-M-2
2026-03-03,15,1,1,False,1.1319278119145748,False,1.0,1.0,historical_weather_proxy,verified_historical_demo,,,,,0.06943891957685054,2026-03,2026-01,VOLOGDA-p000-420-no-wind-M-2
2026-03-03,16,1,1,False,0.15527514928674346,False,1.0,1.0,historical_weather_proxy,verified_historical_demo,,,,,0.030498539085070168,2026-03,2026-01,VOLOGDA-p000-420-no-wind-M-2
2026-03-03,17,1,1,False,-0.17815981004064185,False,1.0,1.0,historical_weather_proxy,verified_historical_demo,,,,,0.02302960827126326,2026-03,2026-01,VOLOGDA-p000-420-no-wind-M-2
2026-03-03,18,1,1,False,-1.2354118779243493,False,1.0,1.0,historical_weather_proxy,verified_historical_demo,,,,,0.009450919359064447,2026-03,2026-01,VOLOGDA-p000-420-no-wind-M-2
2026-03-03,19,1,1,False,-0.5193004133787233,False,1.0,1.0,historical_weather_proxy,verified_historical_demo,,,,,0.017277258550230087,2026-03,2026-01,VOLOGDA-p000-420-no-wind-M-2
2026-03-03,20,1,1,False,-1.7485274778980644,False,1.0,1.0,historical_weather_proxy,verified_historical_demo,,,,,0.0061339827451579116,2026-03,2026-01,VOLOGDA-p000-420-no-wind-M-2
2026-03-03,21,1,1,False,-2.35310297501972,False,1.0,1.0,historical_weather_proxy,verified_historical_demo,,,,,0.003685946129393517,2026-03,2026-01,VOLOGDA-p000-420-no-wind-M-2
2026-03-04,8,1,1,False,-4.152835753513282,False,1.0,1.0,historical_weather_proxy,verified_historical_demo,,,,,0.0004923023204089335,2026-03,2026-01,VOLOGDA-p000-420-no-wind-M-2
2026-03-04,9,1,1,False,1.2052599528606263,False,1.0,1.0,historical_weather_proxy,verified_historical_demo,,,,,0.08540902468612338,2026-03,2026-01,VOLOGDA-p000-420-no-wind-M-2
2026-03-04,10,1,1,True,2.667602210190255,True,1.0,1.0,historical_weather_proxy,verified_historical_demo,,,,,0.34885933450906287,2026-03,2026-01,VOLOGDA-p000-420-no-wind-M-2
2026-03-04,11,1,1,False,1.6676019605771515,True,1.0,1.0,historical_weather_proxy,verified_historical_demo,,,,,0.13326839275860125,2026-03,2026-01,VOLOGDA-p000-420-no-wind-M-2
2026-03-04,12,1,1,False,1.4793578402603678,False,1.0,1.0,historical_weather_proxy,verified_historical_demo,,,,,0.11118740563715745,2026-03,2026-01,VOLOGDA-p000-420-no-wind-M-2
2026-03-04,13,1,1,False,-0.6247332899433674,False,1.0,1.0,historical_weather_proxy,verified_historical_demo,,,,,0.014679367511018133,2026-03,2026-01,VOLOGDA-p000-420-no-wind-M-2
2026-03-04,14,1,1,False,1.56370648423727,False,1.0,1.0,historical_weather_proxy,verified_historical_demo,,,,,0.1205887635688995,2026-03,2026-01,VOLOGDA-p000-420-no-wind-M-2
2026-03-04,15,1,1,False,1.1098663024617825,False,1.0,1.0,historical_weather_proxy,verified_historical_demo,,,,,0.07791777707535498,2026-03,2026-01,VOLOGDA-p000-420-no-wind-M-2
2026-03-04,16,1,1,False,0.6617147068626131,False,1.0,1.0,historical_weather_proxy,verified_historical_demo,,,,,0.05062250795112924,2026-03,2026-01,VOLOGDA-p000-420-no-wind-M-2
2026-03-04,17,1,1,False,0.03172781536276226,False,1.0,1.0,historical_weather_proxy,verified_historical_demo,,,,,0.02760943968087815,2026-03,2026-01,VOLOGDA-p000-420-no-wind-M-2
2026-03-04,18,1,1,False,-1.087978897015859,False,1.0,1.0,historical_weather_proxy,verified_historical_demo,,,,,0.009399533737027208,2026-03,2026-01,VOLOGDA-p000-420-no-wind-M-2
2026-03-04,19,1,1,False,-0.9282479608493537,False,1.0,1.0,historical_weather_proxy,verified_historical_demo,,,,,0.010961287184985772,2026-03,2026-01,VOLOGDA-p000-420-no-wind-M-2
2026-03-04,20,1,1,False,-1.5737883104163402,False,1.0,1.0,historical_weather_proxy,verified_historical_demo,,,,,0.005889458188570151,2026-03,2026-01,VOLOGDA-p000-420-no-wind-M-2
2026-03-04,21,1,1,False,-2.2355387965692115,False,1.0,1.0,historical_weather_proxy,verified_historical_demo,,,,,0.003115405190782926,2026-03,2026-01,VOLOGDA-p000-420-no-wind-M-2
2026-03-05,8,1,1,False,-4.565175563225346,False,1.0,1.0,historical_weather_proxy,verified_historical_demo,,,,,0.0005507708472532104,2026-03,2026-01,VOLOGDA-p000-420-no-wind-M-2
2026-03-05,9,1,1,False,1.502609634271387,False,1.0,1.0,historical_weather_proxy,verified_historical_demo,,,,,0.0930145892712259,2026-03,2026-01,VOLOGDA-p000-420-no-wind-M-2
2026-03-05,10,1,1,True,3.0826704585973927,True,1.0,1.0,historical_weather_proxy,verified_historical_demo,,,,,0.35368484178826354,2026-03,2026-01,VOLOGDA-p000-420-no-wind-M-2
2026-03-05,11,1,1,False,1.9966665867211253,True,1.0,1.0,historical_weather_proxy,verified_historical_demo,,,,,0.14123008202323584,2026-03,2026-01,VOLOGDA-p000-420-no-wind-M-2
2026-03-05,12,1,1,False,1.6708063687447812,False,1.0,1.0,historical_weather_proxy,verified_historical_demo,,,,,0.10722566788109547,2026-03,2026-01,VOLOGDA-p000-420-no-wind-M-2
2026-03-05,13,1,1,False,-1.0551862737088822,False,1.0,1.0,historical_weather_proxy,verified_historical_demo,,,,,0.010703939618865451,2026-03,2026-01,VOLOGDA-p000-420-no-wind-M-2
2026-03-05,14,1,1,False,1.8728390928292322,False,1.0,1.0,historical_weather_proxy,verified_historical_demo,,,,,0.1271944540367858,2026-03,2026-01,VOLOGDA-p000-420-no-wind-M-2
2026-03-05,15,1,1,False,1.3822590223909739,False,1.0,1.0,historical_weather_proxy,verified_historical_demo,,,,,0.08401724863867147,2026-03,2026-01,VOLOGDA-p000-420-no-wind-M-2
2026-03-05,16,1,1,False,0.2620449239236548,False,1.0,1.0,historical_weather_proxy,verified_historical_demo,,,,,0.03259268227414323,2026-03,2026-01,VOLOGDA-p000-420-no-wind-M-2
2026-03-05,17,1,1,False,-0.37989033670424904,False,1.0,1.0,historical_weather_proxy,verified_historical_demo,,,,,0.018943293727971263,2026-03,2026-01,VOLOGDA-p000-420-no-wind-M-2
2026-03-05,18,1,1,False,-1.3157497464780605,False,1.0,1.0,historical_weather_proxy,verified_historical_demo,,,,,0.00858789388401668,2026-03,2026-01,VOLOGDA-p000-420-no-wind-M-2
2026-03-05,19,1,1,False,-0.7621707377702649,False,1.0,1.0,historical_weather_proxy,verified_historical_demo,,,,,0.013712426050032655,2026-03,2026-01,VOLOGDA-p000-420-no-wind-M-2
2026-03-05,20,1,1,False,-1.8842156216281172,False,1.0,1.0,historical_weather_proxy,verified_historical_demo,,,,,0.00531121443262368,2026-03,2026-01,VOLOGDA-p000-420-no-wind-M-2
2026-03-05,21,1,1,False,-2.472234145318884,False,1.0,1.0,historical_weather_proxy,verified_historical_demo,,,,,0.0032308955258157405,2026-03,2026-01,VOLOGDA-p000-420-no-wind-M-2
2026-03-06,8,1,1,False,-4.8732634316666035,False,0.0,0.0,historical_weather_proxy,verified_historical_demo,,,,,0.0006073043847196374,2026-03,2026-01,VOLOGDA-p000-420-no-wind-M-2
2026-03-06,9,1,1,False,1.6040984527460243,False,0.0,0.0,historical_weather_proxy,verified_historical_demo,,,,,0.0909548896052374,2026-03,2026-01,VOLOGDA-p000-420-no-wind-M-2
2026-03-06,10,1,1,False,3.3664189990939377,True,0.0,0.0,historical_weather_proxy,verified_historical_demo,,,,,0.3553863687803983,2026-03,2026-01,VOLOGDA-p000-420-no-wind-M-2
2026-03-06,11,1,1,False,2.768670269246394,True,0.0,0.0,historical_weather_proxy,verified_historical_demo,,,,,0.22384483211991454,2026-03,2026-01,VOLOGDA-p000-420-no-wind-M-2
2026-03-06,12,1,1,False,1.8836214913052785,False,0.0,0.0,historical_weather_proxy,verified_historical_demo,,,,,0.11290255286670323,2026-03,2026-01,VOLOGDA-p000-420-no-wind-M-2
2026-03-06,13,1,1,False,-1.0938903395663382,False,0.0,0.0,historical_weather_proxy,verified_historical_demo,,,,,0.011290352357229529,2026-03,2026-01,VOLOGDA-p000-420-no-wind-M-2
2026-03-06,14,1,1,True,1.4397287475060963,False,0.0,0.0,historical_weather_proxy,verified_historical_demo,,,,,0.08009816104319868,2026-03,2026-01,VOLOGDA-p000-420-no-wind-M-2
2026-03-06,15,1,1,False,1.0473672628669872,False,0.0,0.0,historical_weather_proxy,verified_historical_demo,,,,,0.059135474147800224,2026-03,2026-01,VOLOGDA-p000-420-no-wind-M-2
2026-03-06,16,1,1,False,-0.1673749619250991,False,0.0,0.0,historical_weather_proxy,verified_historical_demo,,,,,0.023114119204362467,2026-03,2026-01,VOLOGDA-p000-420-no-wind-M-2
2026-03-06,17,1,1,False,-0.6565926134369899,False,0.0,0.0,historical_weather_proxy,verified_historical_demo,,,,,0.01583338522571195,2026-03,2026-01,VOLOGDA-p000-420-no-wind-M-2
2026-03-06,18,1,1,False,-1.6492332940093681,False,0.0,0.0,historical_weather_proxy,verified_historical_demo,,,,,0.007348450389278546,2026-03,2026-01,VOLOGDA-p000-420-no-wind-M-2
2026-03-06,19,1,1,False,-1.0674718012993911,False,0.0,0.0,historical_weather_proxy,verified_historical_demo,,,,,0.011523387131475327,2026-03,2026-01,VOLOGDA-p000-420-no-wind-M-2
2026-03-06,20,1,1,False,-2.238570785022214,False,0.0,0.0,historical_weather_proxy,verified_historical_demo,,,,,0.004658724025600025,2026-03,2026-01,VOLOGDA-p000-420-no-wind-M-2
2026-03-06,21,1,1,False,-2.6836809408251674,False,0.0,0.0,historical_weather_proxy,verified_historical_demo,,,,,0.0033019987183700627,2026-03,2026-01,VOLOGDA-p000-420-no-wind-M-2
2026-03-10,8,1,1,False,-3.9592180962058903,False,1.0,1.0,historical_weather_proxy,verified_historical_demo,,,,,0.0008362232095853707,2026-03,2026-01,VOLOGDA-p000-420-no-wind-M-2
2026-03-10,9,1,1,False,1.9674781537835733,False,1.0,1.0,historical_weather_proxy,verified_historical_demo,,,,,0.10656773633995661,2026-03,2026-01,VOLOGDA-p000-420-no-wind-M-2
2026-03-10,10,1,1,True,3.71131534314353,True,1.0,1.0,historical_weather_proxy,verified_historical_demo,,,,,0.4436885303454193,2026-03,2026-01,VOLOGDA-p000-420-no-wind-M-2
2026-03-10,11,1,1,False,2.616250783509719,True,1.0,1.0,historical_weather_proxy,verified_historical_demo,,,,,0.18116955404684595,2026-03,2026-01,VOLOGDA-p000-420-no-wind-M-2
2026-03-10,12,1,1,False,1.9060985701755766,False,1.0,1.0,historical_weather_proxy,verified_historical_demo,,,,,0.1013496497764363,2026-03,2026-01,VOLOGDA-p000-420-no-wind-M-2
2026-03-10,13,1,1,False,-1.0425694033400745,False,1.0,1.0,historical_weather_proxy,verified_historical_demo,,,,,0.009086261460569258,2026-03,2026-01,VOLOGDA-p000-420-no-wind-M-2
2026-03-10,14,1,1,False,1.2789500295977874,False,1.0,1.0,historical_weather_proxy,verified_historical_demo,,,,,0.06067980392214115,2026-03,2026-01,VOLOGDA-p000-420-no-wind-M-2
2026-03-10,15,1,1,False,0.9304609226784745,False,1.0,1.0,historical_weather_proxy,verified_historical_demo,,,,,0.045630218278501715,2026-03,2026-01,VOLOGDA-p000-420-no-wind-M-2
2026-03-10,16,1,1,False,-0.2893681719435455,False,1.0,1.0,historical_weather_proxy,verified_historical_demo,,,,,0.01682442490981559,2026-03,2026-01,VOLOGDA-p000-420-no-wind-M-2
2026-03-10,17,1,1,False,-0.6434150250333258,False,1.0,1.0,historical_weather_proxy,verified_historical_demo,,,,,0.01259430950869545,2026-03,2026-01,VOLOGDA-p000-420-no-wind-M-2
2026-03-10,18,1,1,False,-1.7930332971374603,False,1.0,1.0,historical_weather_proxy,verified_historical_demo,,,,,0.004918159380151924,2026-03,2026-01,VOLOGDA-p000-420-no-wind-M-2
2026-03-10,19,1,1,False,-1.003941338860233,False,1.0,1.0,historical_weather_proxy,verified_historical_demo,,,,,0.0093779267726307,2026-03,2026-01,VOLOGDA-p000-420-no-wind-M-2
2026-03-10,20,1,1,False,-1.8743634110923115,False,1.0,1.0,historical_weather_proxy,verified_historical_demo,,,,,0.004601635417185184,2026-03,2026-01,VOLOGDA-p000-420-no-wind-M-2
2026-03-10,21,1,1,False,-2.5373157256081615,False,1.0,1.0,historical_weather_proxy,verified_historical_demo,,,,,0.0026755666320655343,2026-03,2026-01,VOLOGDA-p000-420-no-wind-M-2
2026-03-11,8,1,1,False,-4.588630985009187,False,1.0,1.0,historical_weather_proxy,verified_historical_demo,,,,,0.0006286235781185128,2026-03,2026-01,VOLOGDA-p000-420-no-wind-M-2
2026-03-11,9,1,1,False,1.6048635200233292,False,1.0,1.0,historical_weather_proxy,verified_historical_demo,,,,,0.08990418255606938,2026-03,2026-01,VOLOGDA-p000-420-no-wind-M-2
2026-03-11,10,1,1,True,3.3434148232767495,True,1.0,1.0,historical_weather_proxy,verified_historical_demo,,,,,0.36208511155120215,2026-03,2026-01,VOLOGDA-p000-420-no-wind-M-2
2026-03-11,11,1,1,False,2.3689847347183988,True,1.0,1.0,historical_weather_proxy,verified_historical_demo,,,,,0.16584433291379488,2026-03,2026-01,VOLOGDA-p000-420-no-wind-M-2
2026-03-11,12,1,1,False,1.6000903621029372,False,1.0,1.0,historical_weather_proxy,verified_historical_demo,,,,,0.08956097166938452,2026-03,2026-01,VOLOGDA-p000-420-no-wind-M-2
2026-03-11,13,1,1,False,-0.9067202989251565,False,1.0,1.0,historical_weather_proxy,verified_historical_demo,,,,,0.012015094122090734,2026-03,2026-01,VOLOGDA-p000-420-no-wind-M-2
2026-03-11,14,1,1,False,1.8980052770279716,False,1.0,1.0,historical_weather_proxy,verified_historical_demo,,,,,0.11370923645962655,2026-03,2026-01,VOLOGDA-p000-420-no-wind-M-2
2026-03-11,15,1,1,False,1.6378949471156563,False,1.0,1.0,historical_weather_proxy,verified_historical_demo,,,,,0.09231560424202423,2026-03,2026-01,VOLOGDA-p000-420-no-wind-M-2
2026-03-11,16,1,1,False,0.2827653952863878,False,1.0,1.0,historical_weather_proxy,verified_historical_demo,,,,,0.031165809023971633,2026-03,2026-01,VOLOGDA-p000-420-no-wind-M-2
2026-03-11,17,1,1,False,-0.6386095379001832,False,1.0,1.0,historical_weather_proxy,verified_historical_demo,,,,,0.014894708994295736,2026-03,2026-01,VOLOGDA-p000-420-no-wind-M-2
2026-03-11,18,1,1,False,-1.7555779070053479,False,1.0,1.0,historical_weather_proxy,verified_historical_demo,,,,,0.006085796780647254,2026-03,2026-01,VOLOGDA-p000-420-no-wind-M-2
2026-03-11,19,1,1,False,-0.7505664130623794,False,1.0,1.0,historical_weather_proxy,verified_historical_demo,,,,,0.013616643567213671,2026-03,2026-01,VOLOGDA-p000-420-no-wind-M-2
2026-03-11,20,1,1,False,-2.0545174204129393,False,1.0,1.0,historical_weather_proxy,verified_historical_demo,,,,,0.00478943110551292,2026-03,2026-01,VOLOGDA-p000-420-no-wind-M-2
2026-03-11,21,1,1,False,-2.4878268144316924,False,1.0,1.0,historical_weather_proxy,verified_historical_demo,,,,,0.0033844534360477456,2026-03,2026-01,VOLOGDA-p000-420-no-wind-M-2
2026-03-12,8,1,1,False,-4.296526643682409,False,0.0,0.0,historical_weather_proxy,verified_historical_demo,,,,,0.0006880317971105467,2026-03,2026-01,VOLOGDA-p000-420-no-wind-M-2
2026-03-12,9,1,1,True,1.6903218031898328,False,0.0,0.0,historical_weather_proxy,verified_historical_demo,,,,,0.09953292172365051,2026-03,2026-01,VOLOGDA-p000-420-no-wind-M-2
2026-03-12,10,1,1,False,3.337988816490915,True,0.0,0.0,historical_weather_proxy,verified_historical_demo,,,,,0.39131679702602873,2026-03,2026-01,VOLOGDA-p000-420-no-wind-M-2
2026-03-12,11,1,1,False,2.230038038062314,True,0.0,0.0,historical_weather_proxy,verified_historical_demo,,,,,0.1558560678066266,2026-03,2026-01,VOLOGDA-p000-420-no-wind-M-2
2026-03-12,12,1,1,False,1.7717655187148105,False,0.0,0.0,historical_weather_proxy,verified_historical_demo,,,,,0.1065015115348913,2026-03,2026-01,VOLOGDA-p000-420-no-wind-M-2
2026-03-12,13,1,1,False,-1.1904167278608893,False,0.0,0.0,historical_weather_proxy,verified_historical_demo,,,,,0.00908762375456775,2026-03,2026-01,VOLOGDA-p000-420-no-wind-M-2
2026-03-12,14,1,1,False,1.776332785044597,False,0.0,0.0,historical_weather_proxy,verified_historical_demo,,,,,0.1069064412226974,2026-03,2026-01,VOLOGDA-p000-420-no-wind-M-2
2026-03-12,15,1,1,False,1.240746712744523,False,0.0,0.0,historical_weather_proxy,verified_historical_demo,,,,,0.06850736796120926,2026-03,2026-01,VOLOGDA-p000-420-no-wind-M-2
2026-03-12,16,1,1,False,-0.08045363574551861,False,0.0,0.0,historical_weather_proxy,verified_historical_demo,,,,,0.022855001703726924,2026-03,2026-01,VOLOGDA-p000-420-no-wind-M-2
2026-03-12,17,1,1,False,-0.8418516589590936,False,0.0,0.0,historical_weather_proxy,verified_historical_demo,,,,,0.012140323935462376,2026-03,2026-01,VOLOGDA-p000-420-no-wind-M-2
2026-03-12,18,1,1,False,-1.6885860113109534,False,0.0,0.0,historical_weather_proxy,verified_historical_demo,,,,,0.00600738714508577,2026-03,2026-01,VOLOGDA-p000-420-no-wind-M-2
2026-03-12,19,1,1,False,-0.8732798741729401,False,0.0,0.0,historical_weather_proxy,verified_historical_demo,,,,,0.011827402664579783,2026-03,2026-01,VOLOGDA-p000-420-no-wind-M-2
2026-03-12,20,1,1,False,-1.772361646027261,False,0.0,0.0,historical_weather_proxy,verified_historical_demo,,,,,0.005603445178936553,2026-03,2026-01,VOLOGDA-p000-420-no-wind-M-2
2026-03-12,21,1,1,False,-2.458075170134449,False,0.0,0.0,historical_weather_proxy,verified_historical_demo,,,,,0.0031696765454264594,2026-03,2026-01,VOLOGDA-p000-420-no-wind-M-2
2026-03-13,8,1,1,False,-4.8308347541993415,False,1.0,1.0,historical_weather_proxy,verified_historical_demo,,,,,0.0006028998021512775,2026-03,2026-01,VOLOGDA-p000-420-no-wind-M-2
2026-03-13,9,1,1,False,1.7297192065708629,False,1.0,1.0,historical_weather_proxy,verified_historical_demo,,,,,0.09120979094763045,2026-03,2026-01,VOLOGDA-p000-420-no-wind-M-2
2026-03-13,10,1,1,True,3.6801046771125407,True,1.0,1.0,historical_weather_proxy,verified_historical_demo,,,,,0.4055763018747989,2026-03,2026-01,VOLOGDA-p000-420-no-wind-M-2
2026-03-13,11,1,1,False,2.73706593958115,True,1.0,1.0,historical_weather_proxy,verified_historical_demo,,,,,0.1971244240930635,2026-03,2026-01,VOLOGDA-p000-420-no-wind-M-2
2026-03-13,12,1,1,False,1.957395156667706,False,1.0,1.0,historical_weather_proxy,verified_historical_demo,,,,,0.1085646929890498,2026-03,2026-01,VOLOGDA-p000-420-no-wind-M-2
2026-03-13,13,1,1,False,-0.9926482529635683,False,1.0,1.0,historical_weather_proxy,verified_historical_demo,,,,,0.011363527931998331,2026-03,2026-01,VOLOGDA-p000-420-no-wind-M-2
2026-03-13,14,1,1,False,1.5865548178521092,False,1.0,1.0,historical_weather_proxy,verified_historical_demo,,,,,0.08174740055504938,2026-03,2026-01,VOLOGDA-p000-420-no-wind-M-2
2026-03-13,15,1,1,False,0.9940418583749466,False,1.0,1.0,historical_weather_proxy,verified_historical_demo,,,,,0.05195254180782569,2026-03,2026-01,VOLOGDA-p000-420-no-wind-M-2
2026-03-13,16,1,1,False,-0.6801841317452709,False,1.0,1.0,historical_weather_proxy,verified_historical_demo,,,,,0.014432178024468403,2026-03,2026-01,VOLOGDA-p000-420-no-wind-M-2
2026-03-13,17,1,1,False,-1.204668920776795,False,1.0,1.0,historical_weather_proxy,verified_historical_demo,,,,,0.00966201323013269,2026-03,2026-01,VOLOGDA-p000-420-no-wind-M-2
2026-03-13,18,1,1,False,-2.1224296870957304,False,1.0,1.0,historical_weather_proxy,verified_historical_demo,,,,,0.004787781273654731,2026-03,2026-01,VOLOGDA-p000-420-no-wind-M-2
2026-03-13,19,1,1,False,-0.9027765149063441,False,1.0,1.0,historical_weather_proxy,verified_historical_demo,,,,,0.012172331874618261,2026-03,2026-01,VOLOGDA-p000-420-no-wind-M-2
2026-03-13,20,1,1,False,-1.6736570372933515,False,1.0,1.0,historical_weather_proxy,verified_historical_demo,,,,,0.00674904913374233,2026-03,2026-01,VOLOGDA-p000-420-no-wind-M-2
2026-03-13,21,1,1,False,-2.339539079153762,False,1.0,1.0,historical_weather_proxy,verified_historical_demo,,,,,0.004055066461816198,2026-03,2026-01,VOLOGDA-p000-420-no-wind-M-2
2026-03-16,8,1,1,False,-5.112493559229276,False,1.0,1.0,historical_weather_proxy,verified_historical_demo,,,,,0.0004611433684843873,2026-03,2026-01,VOLOGDA-p000-420-no-wind-M-2
2026-03-16,9,1,1,False,1.5529998585444496,False,1.0,1.0,historical_weather_proxy,verified_historical_demo,,,,,0.08832694187994138,2026-03,2026-01,VOLOGDA-p000-420-no-wind-M-2
2026-03-16,10,1,1,False,3.372250190053929,True,1.0,1.0,historical_weather_proxy,verified_historical_demo,,,,,0.3706827709169595,2026-03,2026-01,VOLOGDA-p000-420-no-wind-M-2
2026-03-16,11,1,1,True,2.3996302477595113,True,1.0,1.0,historical_weather_proxy,verified_historical_demo,,,,,0.17217831723726593,2026-03,2026-01,VOLOGDA-p000-420-no-wind-M-2
2026-03-16,12,1,1,False,1.9492379901898857,False,1.0,1.0,historical_weather_proxy,verified_historical_demo,,,,,0.12071595419852897,2026-03,2026-01,VOLOGDA-p000-420-no-wind-M-2
2026-03-16,13,1,1,False,-0.7582634116574944,False,1.0,1.0,historical_weather_proxy,verified_historical_demo,,,,,0.01427970801582901,2026-03,2026-01,VOLOGDA-p000-420-no-wind-M-2
2026-03-16,14,1,1,False,1.6670538625275362,False,1.0,1.0,historical_weather_proxy,verified_historical_demo,,,,,0.09663738136109454,2026-03,2026-01,VOLOGDA-p000-420-no-wind-M-2
2026-03-16,15,1,1,False,1.2206832836083366,False,1.0,1.0,historical_weather_proxy,verified_historical_demo,,,,,0.06796860928410146,2026-03,2026-01,VOLOGDA-p000-420-no-wind-M-2
2026-03-16,16,1,1,False,-0.2268208856219085,False,1.0,1.0,historical_weather_proxy,verified_historical_demo,,,,,0.021711240229125586,2026-03,2026-01,VOLOGDA-p000-420-no-wind-M-2
2026-03-16,17,1,1,False,-0.4467715481019688,False,1.0,1.0,historical_weather_proxy,verified_historical_demo,,,,,0.01825466135206457,2026-03,2026-01,VOLOGDA-p000-420-no-wind-M-2
2026-03-16,18,1,1,False,-1.7508887495649499,False,1.0,1.0,historical_weather_proxy,verified_historical_demo,,,,,0.006528983351846987,2026-03,2026-01,VOLOGDA-p000-420-no-wind-M-2
2026-03-16,19,1,1,False,-1.0114271829470702,False,1.0,1.0,historical_weather_proxy,verified_historical_demo,,,,,0.011695972681100423,2026-03,2026-01,VOLOGDA-p000-420-no-wind-M-2
2026-03-16,20,1,1,False,-1.9499641127293166,False,1.0,1.0,historical_weather_proxy,verified_historical_demo,,,,,0.005580619180393539,2026-03,2026-01,VOLOGDA-p000-420-no-wind-M-2
2026-03-16,21,1,1,False,-2.0949819381020767,False,1.0,1.0,historical_weather_proxy,verified_historical_demo,,,,,0.004977696943263818,2026-03,2026-01,VOLOGDA-p000-420-no-wind-M-2
2026-03-17,8,1,1,False,-4.032158318046363,False,0.0,0.0,historical_weather_proxy,verified_historical_demo,,,,,0.0007238418867526995,2026-03,2026-01,VOLOGDA-p000-420-no-wind-M-2
2026-03-17,9,1,1,False,1.968499184267818,False,0.0,0.0,historical_weather_proxy,verified_historical_demo,,,,,0.1191563969119782,2026-03,2026-01,VOLOGDA-p000-420-no-wind-M-2
2026-03-17,10,1,1,False,3.565806276859371,True,0.0,0.0,historical_weather_proxy,verified_historical_demo,,,,,0.46357238306757464,2026-03,2026-01,VOLOGDA-p000-420-no-wind-M-2
2026-03-17,11,1,1,False,2.477702670815331,True,0.0,0.0,historical_weather_proxy,verified_historical_demo,,,,,0.18373960137796289,2026-03,2026-01,VOLOGDA-p000-420-no-wind-M-2
2026-03-17,12,1,1,False,1.6384039199400635,False,0.0,0.0,historical_weather_proxy,verified_historical_demo,,,,,0.08998901146258978,2026-03,2026-01,VOLOGDA-p000-420-no-wind-M-2
2026-03-17,13,1,1,False,-1.3912729776454489,False,0.0,0.0,historical_weather_proxy,verified_historical_demo,,,,,0.006840884811400866,2026-03,2026-01,VOLOGDA-p000-420-no-wind-M-2
2026-03-17,14,1,1,False,0.9638711806746179,False,0.0,0.0,historical_weather_proxy,verified_historical_demo,,,,,0.050703286479273135,2026-03,2026-01,VOLOGDA-p000-420-no-wind-M-2
2026-03-17,15,1,1,False,0.6016684296477794,False,0.0,0.0,historical_weather_proxy,verified_historical_demo,,,,,0.03726049574891227,2026-03,2026-01,VOLOGDA-p000-420-no-wind-M-2
2026-03-17,16,1,1,False,-0.5095870597162492,False,0.0,0.0,historical_weather_proxy,verified_historical_demo,,,,,0.014480454408699531,2026-03,2026-01,VOLOGDA-p000-420-no-wind-M-2
2026-03-17,17,1,1,False,-0.8270611699434586,False,0.0,0.0,historical_weather_proxy,verified_historical_demo,,,,,0.011053917212687463,2026-03,2026-01,VOLOGDA-p000-420-no-wind-M-2
2026-03-17,18,1,1,False,-1.8766620659712774,False,0.0,0.0,historical_weather_proxy,verified_historical_demo,,,,,0.004527132831311124,2026-03,2026-01,VOLOGDA-p000-420-no-wind-M-2
2026-03-17,19,1,1,False,-1.092035990529863,False,0.0,0.0,historical_weather_proxy,verified_historical_demo,,,,,0.00882352217969874,2026-03,2026-01,VOLOGDA-p000-420-no-wind-M-2
2026-03-17,20,1,1,False,-1.6852886169247392,False,0.0,0.0,historical_weather_proxy,verified_historical_demo,,,,,0.005327349534624712,2026-03,2026-01,VOLOGDA-p000-420-no-wind-M-2
2026-03-17,21,1,1,True,-2.0819914167101765,False,0.0,0.0,historical_weather_proxy,verified_historical_demo,,,,,0.003801722086533977,2026-03,2026-01,VOLOGDA-p000-420-no-wind-M-2
2026-03-18,8,1,1,False,-4.171341152299728,False,0.0,0.0,historical_weather_proxy,verified_historical_demo,,,,,0.0006928029445704024,2026-03,2026-01,VOLOGDA-p000-420-no-wind-M-2
2026-03-18,9,1,1,True,1.7895076140635036,False,0.0,0.0,historical_weather_proxy,verified_historical_demo,,,,,0.11112682996903764,2026-03,2026-01,VOLOGDA-p000-420-no-wind-M-2
2026-03-18,10,1,1,False,3.2700408345232086,True,0.0,0.0,historical_weather_proxy,verified_historical_demo,,,,,0.39222972335765904,2026-03,2026-01,VOLOGDA-p000-420-no-wind-M-2
2026-03-18,11,1,1,False,2.2379054496895248,True,0.0,0.0,historical_weather_proxy,verified_historical_demo,,,,,0.16281829158714411,2026-03,2026-01,VOLOGDA-p000-420-no-wind-M-2
2026-03-18,12,1,1,False,1.492615250520808,False,0.0,0.0,historical_weather_proxy,verified_historical_demo,,,,,0.08629466249826431,2026-03,2026-01,VOLOGDA-p000-420-no-wind-M-2
2026-03-18,13,1,1,False,-1.0506003435124018,False,0.0,0.0,historical_weather_proxy,verified_historical_demo,,,,,0.009888359037499324,2026-03,2026-01,VOLOGDA-p000-420-no-wind-M-2
2026-03-18,14,1,1,False,1.6443105390208435,False,0.0,0.0,historical_weather_proxy,verified_historical_demo,,,,,0.09819817882330786,2026-03,2026-01,VOLOGDA-p000-420-no-wind-M-2
2026-03-18,15,1,1,False,1.427839416644038,False,0.0,0.0,historical_weather_proxy,verified_historical_demo,,,,,0.08166203320461782,2026-03,2026-01,VOLOGDA-p000-420-no-wind-M-2
2026-03-18,16,1,1,False,-0.22842180551260616,False,0.0,0.0,historical_weather_proxy,verified_historical_demo,,,,,0.019919949773570853,2026-03,2026-01,VOLOGDA-p000-420-no-wind-M-2
2026-03-18,17,1,1,False,-0.9965753659248971,False,0.0,0.0,historical_weather_proxy,verified_historical_demo,,,,,0.010354060676780649,2026-03,2026-01,VOLOGDA-p000-420-no-wind-M-2
2026-03-18,18,1,1,False,-1.9378799110201554,False,0.0,0.0,historical_weather_proxy,verified_historical_demo,,,,,0.0046438283989896426,2026-03,2026-01,VOLOGDA-p000-420-no-wind-M-2
2026-03-18,19,1,1,False,-0.766823267788091,False,0.0,0.0,historical_weather_proxy,verified_historical_demo,,,,,0.012592362933361629,2026-03,2026-01,VOLOGDA-p000-420-no-wind-M-2
2026-03-18,20,1,1,False,-1.6949154658775472,False,0.0,0.0,historical_weather_proxy,verified_historical_demo,,,,,0.00571163679101696,2026-03,2026-01,VOLOGDA-p000-420-no-wind-M-2
2026-03-18,21,1,1,False,-2.1526948605068172,False,0.0,0.0,historical_weather_proxy,verified_historical_demo,,,,,0.0038672800041796985,2026-03,2026-01,VOLOGDA-p000-420-no-wind-M-2
2026-03-19,8,1,1,False,-4.365435999575308,False,0.0,0.0,historical_weather_proxy,verified_historical_demo,,,,,0.0006256795534046016,2026-03,2026-01,VOLOGDA-p000-420-no-wind-M-2
2026-03-19,9,1,1,False,1.7049421846523112,False,0.0,0.0,historical_weather_proxy,verified_historical_demo,,,,,0.1088755139673957,2026-03,2026-01,VOLOGDA-p000-420-no-wind-M-2
2026-03-19,10,1,1,False,3.1999423350946326,True,0.0,0.0,historical_weather_proxy,verified_historical_demo,,,,,0.38791375937947425,2026-03,2026-01,VOLOGDA-p000-420-no-wind-M-2
2026-03-19,11,1,1,False,2.152424588640588,True,0.0,0.0,historical_weather_proxy,verified_historical_demo,,,,,0.1592561074359716,2026-03,2026-01,VOLOGDA-p000-420-no-wind-M-2
2026-03-19,12,1,1,True,1.6441376843645537,False,0.0,0.0,historical_weather_proxy,verified_historical_demo,,,,,0.1033920771565165,2026-03,2026-01,VOLOGDA-p000-420-no-wind-M-2
2026-03-19,13,1,1,False,-1.2957023403419194,False,0.0,0.0,historical_weather_proxy,verified_historical_demo,,,,,0.008499463236771388,2026-03,2026-01,VOLOGDA-p000-420-no-wind-M-2
2026-03-19,14,1,1,False,1.633967671564362,False,0.0,0.0,historical_weather_proxy,verified_historical_demo,,,,,0.10250227533247921,2026-03,2026-01,VOLOGDA-p000-420-no-wind-M-2
2026-03-19,15,1,1,False,1.1123820715088937,False,0.0,0.0,historical_weather_proxy,verified_historical_demo,,,,,0.06579851886019651,2026-03,2026-01,VOLOGDA-p000-420-no-wind-M-2
2026-03-19,16,1,1,False,-0.16410192059231662,False,0.0,0.0,historical_weather_proxy,verified_historical_demo,,,,,0.022236453647363073,2026-03,2026-01,VOLOGDA-p000-420-no-wind-M-2
2026-03-19,17,1,1,False,-0.7534878139896125,False,0.0,0.0,historical_weather_proxy,verified_historical_demo,,,,,0.013474821796135265,2026-03,2026-01,VOLOGDA-p000-420-no-wind-M-2
2026-03-19,18,1,1,False,-1.5500709236665604,False,0.0,0.0,historical_weather_proxy,verified_historical_demo,,,,,0.006847057670075223,2026-03,2026-01,VOLOGDA-p000-420-no-wind-M-2
2026-03-19,19,1,1,False,-0.9393771384922929,False,0.0,0.0,historical_weather_proxy,verified_historical_demo,,,,,0.011505651878695027,2026-03,2026-01,VOLOGDA-p000-420-no-wind-M-2
2026-03-19,20,1,1,False,-1.8002399195722156,False,0.0,0.0,historical_weather_proxy,verified_historical_demo,,,,,0.005535623453162696,2026-03,2026-01,VOLOGDA-p000-420-no-wind-M-2
2026-03-19,21,1,1,False,-2.327283402570195,False,0.0,0.0,historical_weather_proxy,verified_historical_demo,,,,,0.0035369966323589193,2026-03,2026-01,VOLOGDA-p000-420-no-wind-M-2
2026-03-20,8,1,1,False,-4.719802092570094,False,0.0,0.0,historical_weather_proxy,verified_historical_demo,,,,,0.0005479811943461267,2026-03,2026-01,VOLOGDA-p000-420-no-wind-M-2
2026-03-20,9,1,1,True,1.7149868517312816,False,0.0,0.0,historical_weather_proxy,verified_historical_demo,,,,,0.09748766141198943,2026-03,2026-01,VOLOGDA-p000-420-no-wind-M-2
2026-03-20,10,1,1,False,3.459257081355379,True,0.0,0.0,historical_weather_proxy,verified_historical_demo,,,,,0.397103969056094,2026-03,2026-01,VOLOGDA-p000-420-no-wind-M-2
2026-03-20,11,1,1,False,2.5419581958807567,True,0.0,0.0,historical_weather_proxy,verified_historical_demo,,,,,0.18972894970256665,2026-03,2026-01,VOLOGDA-p000-420-no-wind-M-2
2026-03-20,12,1,1,False,1.8771432754655226,False,0.0,0.0,historical_weather_proxy,verified_historical_demo,,,,,0.111084687868431,2026-03,2026-01,VOLOGDA-p000-420-no-wind-M-2
2026-03-20,13,1,1,False,-1.1284028540933808,False,0.0,0.0,historical_weather_proxy,verified_historical_demo,,,,,0.009877420306637687,2026-03,2026-01,VOLOGDA-p000-420-no-wind-M-2
2026-03-20,14,1,1,False,1.4534754021282295,False,0.0,0.0,historical_weather_proxy,verified_historical_demo,,,,,0.07897717696295345,2026-03,2026-01,VOLOGDA-p000-420-no-wind-M-2
2026-03-20,15,1,1,False,0.948429513670426,False,0.0,0.0,historical_weather_proxy,verified_historical_demo,,,,,0.05258863531793289,2026-03,2026-01,VOLOGDA-p000-420-no-wind-M-2
2026-03-20,16,1,1,False,-0.2214331553855599,False,0.0,0.0,historical_weather_proxy,verified_historical_demo,,,,,0.02050227913638901,2026-03,2026-01,VOLOGDA-p000-420-no-wind-M-2
2026-03-20,17,1,1,False,-0.5740394068695712,False,0.0,0.0,historical_weather_proxy,verified_historical_demo,,,,,0.015434732840915937,2026-03,2026-01,VOLOGDA-p000-420-no-wind-M-2
2026-03-20,18,1,1,False,-1.6179818127434134,False,0.0,0.0,historical_weather_proxy,verified_historical_demo,,,,,0.00665951293133666,2026-03,2026-01,VOLOGDA-p000-420-no-wind-M-2
2026-03-20,19,1,1,False,-1.0423306687692686,False,0.0,0.0,historical_weather_proxy,verified_historical_demo,,,,,0.010586250157474645,2026-03,2026-01,VOLOGDA-p000-420-no-wind-M-2
2026-03-20,20,1,1,False,-1.8610814065559378,False,0.0,0.0,historical_weather_proxy,verified_historical_demo,,,,,0.00547561455720832,2026-03,2026-01,VOLOGDA-p000-420-no-wind-M-2
2026-03-20,21,1,1,False,-2.268217847283689,False,0.0,0.0,historical_weather_proxy,verified_historical_demo,,,,,0.003945128555724254,2026-03,2026-01,VOLOGDA-p000-420-no-wind-M-2
2026-03-23,8,1,1,False,-5.372670117508557,False,0.0,0.0,historical_weather_proxy,verified_historical_demo,,,,,0.0005147408486731468,2026-03,2026-01,VOLOGDA-p000-420-no-wind-M-2
2026-03-23,9,1,1,True,1.3809273867163556,False,0.0,0.0,historical_weather_proxy,verified_historical_demo,,,,,0.07896584682662948,2026-03,2026-01,VOLOGDA-p000-420-no-wind-M-2
2026-03-23,10,1,1,False,3.285271662308145,True,0.0,0.0,historical_weather_proxy,verified_historical_demo,,,,,0.32643302598525437,2026-03,2026-01,VOLOGDA-p000-420-no-wind-M-2
2026-03-23,11,1,1,False,2.325562625880625,True,0.0,0.0,historical_weather_proxy,verified_historical_demo,,,,,0.15965308770480124,2026-03,2026-01,VOLOGDA-p000-420-no-wind-M-2
2026-03-23,12,1,1,False,2.1652430754062593,False,0.0,0.0,historical_weather_proxy,verified_historical_demo,,,,,0.14167353830805618,2026-03,2026-01,VOLOGDA-p000-420-no-wind-M-2
2026-03-23,13,1,1,False,-0.8105534548210307,False,0.0,0.0,historical_weather_proxy,verified_historical_demo,,,,,0.015422354357807137,2026-03,2026-01,VOLOGDA-p000-420-no-wind-M-2
2026-03-23,14,1,1,False,1.9138464940035989,False,0.0,0.0,historical_weather_proxy,verified_historical_demo,,,,,0.11746876945829957,2026-03,2026-01,VOLOGDA-p000-420-no-wind-M-2
2026-03-23,15,1,1,False,1.4230561311377716,False,0.0,0.0,historical_weather_proxy,verified_historical_demo,,,,,0.08148441835013681,2026-03,2026-01,VOLOGDA-p000-420-no-wind-M-2
2026-03-23,16,1,1,False,0.11864297681519126,False,0.0,0.0,historical_weather_proxy,verified_historical_demo,,,,,0.030824200512763404,2026-03,2026-01,VOLOGDA-p000-420-no-wind-M-2
2026-03-23,17,1,1,False,-0.49359652310290086,False,0.0,0.0,historical_weather_proxy,verified_historical_demo,,,,,0.019531521691864867,2026-03,2026-01,VOLOGDA-p000-420-no-wind-M-2
2026-03-23,18,1,1,False,-1.791738298382905,False,0.0,0.0,historical_weather_proxy,verified_historical_demo,,,,,0.007423062355631231,2026-03,2026-01,VOLOGDA-p000-420-no-wind-M-2
2026-03-23,19,1,1,False,-1.201056928000693,False,0.0,0.0,historical_weather_proxy,verified_historical_demo,,,,,0.01152819741835917,2026-03,2026-01,VOLOGDA-p000-420-no-wind-M-2
2026-03-23,20,1,1,False,-2.3674700266745807,False,0.0,0.0,historical_weather_proxy,verified_historical_demo,,,,,0.004833295768752404,2026-03,2026-01,VOLOGDA-p000-420-no-wind-M-2
2026-03-23,21,1,1,False,-2.5419573834288545,False,0.0,0.0,historical_weather_proxy,verified_historical_demo,,,,,0.00424394041297097,2026-03,2026-01,VOLOGDA-p000-420-no-wind-M-2
2026-03-24,8,1,1,False,-4.633794131848283,False,1.0,1.0,historical_weather_proxy,verified_historical_demo,,,,,0.0004883224487402301,2026-03,2026-01,VOLOGDA-p000-420-no-wind-M-2
2026-03-24,9,1,1,False,1.5354082221331091,False,1.0,1.0,historical_weather_proxy,verified_historical_demo,,,,,0.09261045372407871,2026-03,2026-01,VOLOGDA-p000-420-no-wind-M-2
2026-03-24,10,1,1,True,3.355245178389938,True,1.0,1.0,historical_weather_proxy,verified_historical_demo,,,,,0.4351385272067879,2026-03,2026-01,VOLOGDA-p000-420-no-wind-M-2
2026-03-24,11,1,1,False,2.3332476000678333,True,1.0,1.0,historical_weather_proxy,verified_historical_demo,,,,,0.18249838044677053,2026-03,2026-01,VOLOGDA-p000-420-no-wind-M-2
2026-03-24,12,1,1,False,1.646481199253734,False,1.0,1.0,historical_weather_proxy,verified_historical_demo,,,,,0.1017825354108231,2026-03,2026-01,VOLOGDA-p000-420-no-wind-M-2
2026-03-24,13,1,1,False,-1.3436888319871496,False,1.0,1.0,historical_weather_proxy,verified_historical_demo,,,,,0.00800875350728148,2026-03,2026-01,VOLOGDA-p000-420-no-wind-M-2
2026-03-24,14,1,1,False,1.1477973889778128,False,1.0,1.0,historical_weather_proxy,verified_historical_demo,,,,,0.06660951329747561,2026-03,2026-01,VOLOGDA-p000-420-no-wind-M-2
2026-03-24,15,1,1,False,0.7942102292818086,False,1.0,1.0,historical_weather_proxy,verified_historical_demo,,,,,0.04931461129367802,2026-03,2026-01,VOLOGDA-p000-420-no-wind-M-2
2026-03-24,16,1,1,False,-0.27322893563113015,False,1.0,1.0,historical_weather_proxy,verified_historical_demo,,,,,0.01989884949524353,2026-03,2026-01,VOLOGDA-p000-420-no-wind-M-2
2026-03-24,17,1,1,False,-0.5468441164966978,False,1.0,1.0,historical_weather_proxy,verified_historical_demo,,,,,0.015768727742374977,2026-03,2026-01,VOLOGDA-p000-420-no-wind-M-2
2026-03-24,18,1,1,False,-1.6453497964687434,False,1.0,1.0,historical_weather_proxy,verified_historical_demo,,,,,0.0061969475625493434,2026-03,2026-01,VOLOGDA-p000-420-no-wind-M-2
2026-03-24,19,1,1,False,-0.9580526394045157,False,1.0,1.0,historical_weather_proxy,verified_historical_demo,,,,,0.011116281874761139,2026-03,2026-01,VOLOGDA-p000-420-no-wind-M-2
2026-03-24,20,1,1,False,-1.7363023957255317,False,1.0,1.0,historical_weather_proxy,verified_historical_demo,,,,,0.005735799177301477,2026-03,2026-01,VOLOGDA-p000-420-no-wind-M-2
2026-03-24,21,1,1,False,-1.9379033188141515,False,1.0,1.0,historical_weather_proxy,verified_historical_demo,,,,,0.0048322968121338695,2026-03,2026-01,VOLOGDA-p000-420-no-wind-M-2
2026-03-25,8,1,1,False,-4.5145019933491355,False,1.0,1.0,historical_weather_proxy,verified_historical_demo,,,,,0.0005831572155101813,2026-03,2026-01,VOLOGDA-p000-420-no-wind-M-2
2026-03-25,9,1,1,False,1.6087175523773412,False,1.0,1.0,historical_weather_proxy,verified_historical_demo,,,,,0.09999730875350363,2026-03,2026-01,VOLOGDA-p000-420-no-wind-M-2
2026-03-25,10,1,1,True,3.069623459914566,True,1.0,1.0,historical_weather_proxy,verified_historical_demo,,,,,0.34122014823652297,2026-03,2026-01,VOLOGDA-p000-420-no-wind-M-2
2026-03-25,11,1,1,False,2.1824581318976333,True,1.0,1.0,historical_weather_proxy,verified_historical_demo,,,,,0.16193146429552174,2026-03,2026-01,VOLOGDA-p000-420-no-wind-M-2
2026-03-25,12,1,1,False,1.4812523205056003,False,1.0,1.0,historical_weather_proxy,verified_historical_demo,,,,,0.08984203544740077,2026-03,2026-01,VOLOGDA-p000-420-no-wind-M-2
2026-03-25,13,1,1,False,-0.9720300358357074,False,1.0,1.0,historical_weather_proxy,verified_historical_demo,,,,,0.011437760986172897,2026-03,2026-01,VOLOGDA-p000-420-no-wind-M-2
2026-03-25,14,1,1,False,1.7994809149365376,False,1.0,1.0,historical_weather_proxy,verified_historical_demo,,,,,0.11737966709362686,2026-03,2026-01,VOLOGDA-p000-420-no-wind-M-2
2026-03-25,15,1,1,False,1.6045102335770611,False,1.0,1.0,historical_weather_proxy,verified_historical_demo,,,,,0.09964446306878068,2026-03,2026-01,VOLOGDA-p000-420-no-wind-M-2
2026-03-25,16,1,1,False,0.28924506596350064,False,1.0,1.0,historical_weather_proxy,verified_historical_demo,,,,,0.03300253593853192,2026-03,2026-01,VOLOGDA-p000-420-no-wind-M-2
2026-03-25,17,1,1,False,-0.4468094544534314,False,1.0,1.0,historical_weather_proxy,verified_historical_demo,,,,,0.01778198623814943,2026-03,2026-01,VOLOGDA-p000-420-no-wind-M-2
2026-03-25,18,1,1,False,-1.669297598877057,False,1.0,1.0,historical_weather_proxy,verified_historical_demo,,,,,0.0063668749530661145,2026-03,2026-01,VOLOGDA-p000-420-no-wind-M-2
2026-03-25,19,1,1,False,-0.9335254873488538,False,1.0,1.0,historical_weather_proxy,verified_historical_demo,,,,,0.011813819185358688,2026-03,2026-01,VOLOGDA-p000-420-no-wind-M-2
2026-03-25,20,1,1,False,-1.9583464184254233,False,1.0,1.0,historical_weather_proxy,verified_historical_demo,,,,,0.004994131415365537,2026-03,2026-01,VOLOGDA-p000-420-no-wind-M-2
2026-03-25,21,1,1,False,-2.221165222061978,False,1.0,1.0,historical_weather_proxy,verified_historical_demo,,,,,0.004004647172488567,2026-03,2026-01,VOLOGDA-p000-420-no-wind-M-2
2026-03-26,8,1,1,False,-4.715138187499428,False,0.0,0.0,historical_weather_proxy,verified_historical_demo,,,,,0.0004491621462788496,2026-03,2026-01,VOLOGDA-p000-420-no-wind-M-2
2026-03-26,9,1,1,True,1.3061087660084802,False,0.0,0.0,historical_weather_proxy,verified_historical_demo,,,,,0.0814749663551566,2026-03,2026-01,VOLOGDA-p000-420-no-wind-M-2
2026-03-26,10,1,1,False,2.8959720925226597,True,0.0,0.0,historical_weather_proxy,verified_historical_demo,,,,,0.32165882513940447,2026-03,2026-01,VOLOGDA-p000-420-no-wind-M-2
2026-03-26,11,1,1,False,2.1279962459640194,True,0.0,0.0,historical_weather_proxy,verified_historical_demo,,,,,0.16569949587295288,2026-03,2026-01,VOLOGDA-p000-420-no-wind-M-2
2026-03-26,12,1,1,False,1.6886672579202968,False,0.0,0.0,historical_weather_proxy,verified_historical_demo,,,,,0.11337704668334136,2026-03,2026-01,VOLOGDA-p000-420-no-wind-M-2
2026-03-26,13,1,1,False,-1.1306558237128082,False,0.0,0.0,historical_weather_proxy,verified_historical_demo,,,,,0.009930543718000676,2026-03,2026-01,VOLOGDA-p000-420-no-wind-M-2
2026-03-26,14,1,1,False,1.880942435107118,False,0.0,0.0,historical_weather_proxy,verified_historical_demo,,,,,0.13385949968091457,2026-03,2026-01,VOLOGDA-p000-420-no-wind-M-2
2026-03-26,15,1,1,False,1.4052622277634415,False,0.0,0.0,historical_weather_proxy,verified_historical_demo,,,,,0.08876004182830109,2026-03,2026-01,VOLOGDA-p000-420-no-wind-M-2
2026-03-26,16,1,1,False,0.22058134434590582,False,0.0,0.0,historical_weather_proxy,verified_historical_demo,,,,,0.03190315278831441,2026-03,2026-01,VOLOGDA-p000-420-no-wind-M-2
2026-03-26,17,1,1,False,-0.2600720226509608,False,0.0,0.0,historical_weather_proxy,verified_historical_demo,,,,,0.02106378581307462,2026-03,2026-01,VOLOGDA-p000-420-no-wind-M-2
2026-03-26,18,1,1,False,-1.3306685971143621,False,0.0,0.0,historical_weather_proxy,verified_historical_demo,,,,,0.008355001496058294,2026-03,2026-01,VOLOGDA-p000-420-no-wind-M-2
2026-03-26,19,1,1,False,-0.9398050770468381,False,0.0,0.0,historical_weather_proxy,verified_historical_demo,,,,,0.011710158382879431,2026-03,2026-01,VOLOGDA-p000-420-no-wind-M-2
2026-03-26,20,1,1,False,-1.5105890703268625,False,0.0,0.0,historical_weather_proxy,verified_historical_demo,,,,,0.007152482918960321,2026-03,2026-01,VOLOGDA-p000-420-no-wind-M-2
2026-03-26,21,1,1,False,-2.0201702649629496,False,0.0,0.0,historical_weather_proxy,verified_historical_demo,,,,,0.004605837176362416,2026-03,2026-01,VOLOGDA-p000-420-no-wind-M-2
2026-03-27,8,1,1,False,-4.71431835089564,False,1.0,1.0,historical_weather_proxy,verified_historical_demo,,,,,0.0006119321810778892,2026-03,2026-01,VOLOGDA-p000-420-no-wind-M-2
2026-03-27,9,1,1,False,1.7906879310951713,False,1.0,1.0,historical_weather_proxy,verified_historical_demo,,,,,0.09756157447302875,2026-03,2026-01,VOLOGDA-p000-420-no-wind-M-2
2026-03-27,10,1,1,True,3.5957964404880824,True,1.0,1.0,historical_weather_proxy,verified_historical_demo,,,,,0.39855026053449943,2026-03,2026-01,VOLOGDA-p000-420-no-wind-M-2
2026-03-27,11,1,1,False,2.6323985030111636,True,1.0,1.0,historical_weather_proxy,verified_historical_demo,,,,,0.1880526515750565,2026-03,2026-01,VOLOGDA-p000-420-no-wind-M-2
2026-03-27,12,1,1,False,2.015191477311718,False,1.0,1.0,historical_weather_proxy,verified_historical_demo,,,,,0.11622378748892076,2026-03,2026-01,VOLOGDA-p000-420-no-wind-M-2
2026-03-27,13,1,1,False,-1.173702686729055,False,1.0,1.0,historical_weather_proxy,verified_historical_demo,,,,,0.00967264119778209,2026-03,2026-01,VOLOGDA-p000-420-no-wind-M-2
2026-03-27,14,1,1,False,1.4748156449004388,False,1.0,1.0,historical_weather_proxy,verified_historical_demo,,,,,0.07626502150255156,2026-03,2026-01,VOLOGDA-p000-420-no-wind-M-2
2026-03-27,15,1,1,False,1.0025282838787817,False,1.0,1.0,historical_weather_proxy,verified_historical_demo,,,,,0.05277282231418075,2026-03,2026-01,VOLOGDA-p000-420-no-wind-M-2
2026-03-27,16,1,1,False,-0.23457107729654972,False,1.0,1.0,historical_weather_proxy,verified_historical_demo,,,,,0.02011556375657847,2026-03,2026-01,VOLOGDA-p000-420-no-wind-M-2
2026-03-27,17,1,1,False,-0.5205985840195183,False,1.0,1.0,historical_weather_proxy,verified_historical_demo,,,,,0.016094747120608464,2026-03,2026-01,VOLOGDA-p000-420-no-wind-M-2
2026-03-27,18,1,1,False,-1.8075087998691632,False,1.0,1.0,historical_weather_proxy,verified_historical_demo,,,,,0.005901198723811873,2026-03,2026-01,VOLOGDA-p000-420-no-wind-M-2
2026-03-27,19,1,1,False,-1.228976672017048,False,1.0,1.0,historical_weather_proxy,verified_historical_demo,,,,,0.009264659732457572,2026-03,2026-01,VOLOGDA-p000-420-no-wind-M-2
2026-03-27,20,1,1,False,-2.120739395950856,False,1.0,1.0,historical_weather_proxy,verified_historical_demo,,,,,0.004622546671663904,2026-03,2026-01,VOLOGDA-p000-420-no-wind-M-2
2026-03-27,21,1,1,False,-2.216322091386957,False,1.0,1.0,historical_weather_proxy,verified_historical_demo,,,,,0.004290592727782028,2026-03,2026-01,VOLOGDA-p000-420-no-wind-M-2
2026-03-30,8,1,1,False,-5.89453235103213,False,1.0,1.0,historical_weather_proxy,verified_historical_demo,,,,,0.00041245287613144853,2026-03,2026-01,VOLOGDA-p000-420-no-wind-M-2
2026-03-30,9,1,1,False,0.8723006751500222,False,1.0,1.0,historical_weather_proxy,verified_historical_demo,,,,,0.052908919663771724,2026-03,2026-01,VOLOGDA-p000-420-no-wind-M-2
2026-03-30,10,1,1,True,3.4022530562591666,True,1.0,1.0,historical_weather_proxy,verified_historical_demo,,,,,0.32487479243334305,2026-03,2026-01,VOLOGDA-p000-420-no-wind-M-2
2026-03-30,11,1,1,False,2.500801872150367,True,1.0,1.0,historical_weather_proxy,verified_historical_demo,,,,,0.17016720361110055,2026-03,2026-01,VOLOGDA-p000-420-no-wind-M-2
2026-03-30,12,1,1,False,2.241790187115499,False,1.0,1.0,historical_weather_proxy,verified_historical_demo,,,,,0.14131321347275744,2026-03,2026-01,VOLOGDA-p000-420-no-wind-M-2
2026-03-30,13,1,1,False,-0.6469248528959057,False,1.0,1.0,historical_weather_proxy,verified_historical_demo,,,,,0.01779204695999002,2026-03,2026-01,VOLOGDA-p000-420-no-wind-M-2
2026-03-30,14,1,1,False,2.0001917334407238,False,1.0,1.0,historical_weather_proxy,verified_historical_demo,,,,,0.11882686530439114,2026-03,2026-01,VOLOGDA-p000-420-no-wind-M-2
2026-03-30,15,1,1,False,1.545689400875487,False,1.0,1.0,historical_weather_proxy,verified_historical_demo,,,,,0.08576655175581137,2026-03,2026-01,VOLOGDA-p000-420-no-wind-M-2
2026-03-30,16,1,1,False,0.0709995742596555,False,1.0,1.0,historical_weather_proxy,verified_historical_demo,,,,,0.02977760232529562,2026-03,2026-01,VOLOGDA-p000-420-no-wind-M-2
2026-03-30,17,1,1,False,-0.02327812490172022,False,1.0,1.0,historical_weather_proxy,verified_historical_demo,,,,,0.027830322358022977,2026-03,2026-01,VOLOGDA-p000-420-no-wind-M-2
2026-03-30,18,1,1,False,-1.5968625937242376,False,1.0,1.0,historical_weather_proxy,verified_historical_demo,,,,,0.009000780090148456,2026-03,2026-01,VOLOGDA-p000-420-no-wind-M-2
2026-03-30,19,1,1,False,-1.310522648220577,False,1.0,1.0,historical_weather_proxy,verified_historical_demo,,,,,0.011053177623294412,2026-03,2026-01,VOLOGDA-p000-420-no-wind-M-2
2026-03-30,20,1,1,False,-2.2786415053455755,False,1.0,1.0,historical_weather_proxy,verified_historical_demo,,,,,0.0055192135434560495,2026-03,2026-01,VOLOGDA-p000-420-no-wind-M-2
2026-03-30,21,1,1,False,-2.485859007276559,False,1.0,1.0,historical_weather_proxy,verified_historical_demo,,,,,0.004756857982485707,2026-03,2026-01,VOLOGDA-p000-420-no-wind-M-2
2026-03-31,8,1,1,False,-5.290333576982256,False,1.0,1.0,historical_weather_proxy,verified_historical_demo,,,,,0.0004308985146830336,2026-03,2026-01,VOLOGDA-p000-420-no-wind-M-2
2026-03-31,9,1,1,False,1.1783478715193105,False,1.0,1.0,historical_weather_proxy,verified_historical_demo,,,,,0.06807686015925275,2026-03,2026-01,VOLOGDA-p000-420-no-wind-M-2
2026-03-31,10,1,1,True,3.467818667295312,True,1.0,1.0,historical_weather_proxy,verified_historical_demo,,,,,0.408471930796861,2026-03,2026-01,VOLOGDA-p000-420-no-wind-M-2
2026-03-31,11,1,1,False,2.586374478655913,True,1.0,1.0,historical_weather_proxy,verified_historical_demo,,,,,0.20491336305525987,2026-03,2026-01,VOLOGDA-p000-420-no-wind-M-2
2026-03-31,12,1,1,False,1.7856865344533976,False,1.0,1.0,historical_weather_proxy,verified_historical_demo,,,,,0.10950309362989404,2026-03,2026-01,VOLOGDA-p000-420-no-wind-M-2
2026-03-31,13,1,1,False,-1.0898230864803704,False,1.0,1.0,historical_weather_proxy,verified_historical_demo,,,,,0.011536560985747499,2026-03,2026-01,VOLOGDA-p000-420-no-wind-M-2
2026-03-31,14,1,1,False,1.2355105446444883,False,1.0,1.0,historical_weather_proxy,verified_historical_demo,,,,,0.07119154202694561,2026-03,2026-01,VOLOGDA-p000-420-no-wind-M-2
2026-03-31,15,1,1,False,0.9738403393750518,False,1.0,1.0,historical_weather_proxy,verified_historical_demo,,,,,0.05800827428865536,2026-03,2026-01,VOLOGDA-p000-420-no-wind-M-2
2026-03-31,16,1,1,False,-0.24985018500539452,False,1.0,1.0,historical_weather_proxy,verified_historical_demo,,,,,0.02226243824356289,2026-03,2026-01,VOLOGDA-p000-420-no-wind-M-2
2026-03-31,17,1,1,False,-0.5805003598307085,False,1.0,1.0,historical_weather_proxy,verified_historical_demo,,,,,0.017186555233254474,2026-03,2026-01,VOLOGDA-p000-420-no-wind-M-2
2026-03-31,18,1,1,False,-1.8191670316618898,False,1.0,1.0,historical_weather_proxy,verified_historical_demo,,,,,0.006519006492729832,2026-03,2026-01,VOLOGDA-p000-420-no-wind-M-2
2026-03-31,19,1,1,False,-1.1814135561297068,False,1.0,1.0,historical_weather_proxy,verified_historical_demo,,,,,0.010738556404728483,2026-03,2026-01,VOLOGDA-p000-420-no-wind-M-2
2026-03-31,20,1,1,False,-1.828421683669195,False,1.0,1.0,historical_weather_proxy,verified_historical_demo,,,,,0.006471960712407752,2026-03,2026-01,VOLOGDA-p000-420-no-wind-M-2
2026-03-31,21,1,1,False,-2.240203109696457,False,1.0,1.0,historical_weather_proxy,verified_historical_demo,,,,,0.0046889594560173215,2026-03,2026-01,VOLOGDA-p000-420-no-wind-M-2
2026-04-01,8,1,2,False,-4.404289107146582,False,0.0,0.0,historical_weather_proxy,verified_historical_demo,,,,,0.0011059771412898897,2026-04,2026-02,VOLOGDA-p000-420-no-wind-M-2
2026-04-01,9,1,2,True,1.7827133292249793,False,0.0,0.0,historical_weather_proxy,verified_historical_demo,,,,,0.10990920259860752,2026-04,2026-02,VOLOGDA-p000-420-no-wind-M-2
2026-04-01,10,1,2,False,3.16125088423638,True,0.0,0.0,historical_weather_proxy,verified_historical_demo,,,,,0.30623406651173213,2026-04,2026-02,VOLOGDA-p000-420-no-wind-M-2
2026-04-01,11,1,2,False,2.2655618002093556,True,0.0,0.0,historical_weather_proxy,verified_historical_demo,,,,,0.1573646511154392,2026-04,2026-02,VOLOGDA-p000-420-no-wind-M-2
2026-04-01,12,1,2,False,1.8382358218215236,False,0.0,0.0,historical_weather_proxy,verified_historical_demo,,,,,0.11454017072751765,2026-04,2026-02,VOLOGDA-p000-420-no-wind-M-2
2026-04-01,13,1,2,False,-1.0244713211494767,False,0.0,0.0,historical_weather_proxy,verified_historical_demo,,,,,0.013640139382215642,2026-04,2026-02,VOLOGDA-p000-420-no-wind-M-2
2026-04-01,14,1,2,False,2.110629815283117,False,0.0,0.0,historical_weather_proxy,verified_historical_demo,,,,,0.140246504390457,2026-04,2026-02,VOLOGDA-p000-420-no-wind-M-2
2026-04-01,15,1,2,False,1.9225348539304254,False,0.0,0.0,historical_weather_proxy,verified_historical_demo,,,,,0.12194703254098155,2026-04,2026-02,VOLOGDA-p000-420-no-wind-M-2
2026-04-01,18,2,2,False,-1.5885166818373018,False,0.0,0.0,historical_weather_proxy,verified_historical_demo,,,,,0.008968786894400685,2026-04,2026-02,VOLOGDA-p000-420-no-wind-M-2
2026-04-01,19,2,2,False,-1.5311339117431466,True,0.0,0.0,historical_weather_proxy,verified_historical_demo,,,,,0.009359615516937331,2026-04,2026-02,VOLOGDA-p000-420-no-wind-M-2
2026-04-01,20,2,2,False,-2.679924326730418,False,0.0,0.0,historical_weather_proxy,verified_historical_demo,,,,,0.003984790817148256,2026-04,2026-02,VOLOGDA-p000-420-no-wind-M-2
2026-04-01,21,2,2,False,-1.120646141993342,True,0.0,0.0,historical_weather_proxy,verified_historical_demo,,,,,0.012699062363273082,2026-04,2026-02,VOLOGDA-p000-420-no-wind-M-2
2026-04-02,8,1,2,False,-4.399098796408677,False,1.0,1.0,historical_weather_proxy,verified_historical_demo,,,,,0.0012806500375057907,2026-04,2026-02,VOLOGDA-p000-420-no-wind-M-2
2026-04-02,9,1,2,False,2.0330112392104125,False,1.0,1.0,historical_weather_proxy,verified_historical_demo,,,,,0.10836398491469938,2026-04,2026-02,VOLOGDA-p000-420-no-wind-M-2
2026-04-02,10,1,2,True,3.807463031294687,True,1.0,1.0,historical_weather_proxy,verified_historical_demo,,,,,0.36865447539773344,2026-04,2026-02,VOLOGDA-p000-420-no-wind-M-2
2026-04-02,11,1,2,False,2.490041491541427,True,1.0,1.0,historical_weather_proxy,verified_historical_demo,,,,,0.1485385738820667,2026-04,2026-02,VOLOGDA-p000-420-no-wind-M-2
2026-04-02,12,1,2,False,2.28013121974739,False,1.0,1.0,historical_weather_proxy,verified_historical_demo,,,,,0.12851010058891318,2026-04,2026-02,VOLOGDA-p000-420-no-wind-M-2
2026-04-02,13,1,2,False,-1.219759791193476,False,1.0,1.0,historical_weather_proxy,verified_historical_demo,,,,,0.011485643931890253,2026-04,2026-02,VOLOGDA-p000-420-no-wind-M-2
2026-04-02,14,1,2,False,2.22708522258226,False,1.0,1.0,historical_weather_proxy,verified_historical_demo,,,,,0.12389147704656388,2026-04,2026-02,VOLOGDA-p000-420-no-wind-M-2
2026-04-02,15,1,2,False,1.5671812895627626,False,1.0,1.0,historical_weather_proxy,verified_historical_demo,,,,,0.07857669454393852,2026-04,2026-02,VOLOGDA-p000-420-no-wind-M-2
2026-04-02,18,2,2,False,-1.8795379043104445,False,1.0,1.0,historical_weather_proxy,verified_historical_demo,,,,,0.007285265385817603,2026-04,2026-02,VOLOGDA-p000-420-no-wind-M-2
2026-04-02,19,2,2,False,-1.7759339930975606,True,1.0,1.0,historical_weather_proxy,verified_historical_demo,,,,,0.00782512817915572,2026-04,2026-02,VOLOGDA-p000-420-no-wind-M-2
2026-04-02,20,2,2,False,-2.722454189054251,False,1.0,1.0,historical_weather_proxy,verified_historical_demo,,,,,0.0040724520648910715,2026-04,2026-02,VOLOGDA-p000-420-no-wind-M-2
2026-04-02,21,2,2,False,-1.2159905735272192,True,1.0,1.0,historical_weather_proxy,verified_historical_demo,,,,,0.011515554026824398,2026-04,2026-02,VOLOGDA-p000-420-no-wind-M-2
2026-04-03,8,1,2,False,-4.824462855782805,False,1.0,1.0,historical_weather_proxy,verified_historical_demo,,,,,0.0012575781254105392,2026-04,2026-02,VOLOGDA-p000-420-no-wind-M-2
2026-04-03,9,1,2,False,1.9080277028457273,False,1.0,1.0,historical_weather_proxy,verified_historical_demo,,,,,0.10314926428394415,2026-04,2026-02,VOLOGDA-p000-420-no-wind-M-2
2026-04-03,10,1,2,True,3.6214522376025378,True,1.0,1.0,historical_weather_proxy,verified_historical_demo,,,,,0.31663814445326277,2026-04,2026-02,VOLOGDA-p000-420-no-wind-M-2
2026-04-03,11,1,2,False,2.743200269399803,True,1.0,1.0,historical_weather_proxy,verified_historical_demo,,,,,0.17819327802728055,2026-04,2026-02,VOLOGDA-p000-420-no-wind-M-2
2026-04-03,12,1,2,False,2.4551060012591206,False,1.0,1.0,historical_weather_proxy,verified_historical_demo,,,,,0.1475676212103459,2026-04,2026-02,VOLOGDA-p000-420-no-wind-M-2
2026-04-03,13,1,2,False,-0.7802069545330019,False,1.0,1.0,historical_weather_proxy,verified_historical_demo,,,,,0.01775200051805816,2026-04,2026-02,VOLOGDA-p000-420-no-wind-M-2
2026-04-03,14,1,2,False,2.068714595590956,False,1.0,1.0,historical_weather_proxy,verified_historical_demo,,,,,0.11458998219393293,2026-04,2026-02,VOLOGDA-p000-420-no-wind-M-2
2026-04-03,15,1,2,False,1.6970913574564577,False,1.0,1.0,historical_weather_proxy,verified_historical_demo,,,,,0.08984637576217437,2026-04,2026-02,VOLOGDA-p000-420-no-wind-M-2
2026-04-03,18,2,2,False,-1.9292665152734363,True,1.0,1.0,historical_weather_proxy,verified_historical_demo,,,,,0.008367379193814712,2026-04,2026-02,VOLOGDA-p000-420-no-wind-M-2
2026-04-03,19,2,2,False,-2.241558903304876,False,1.0,1.0,historical_weather_proxy,verified_historical_demo,,,,,0.006820404013730765,2026-04,2026-02,VOLOGDA-p000-420-no-wind-M-2
2026-04-03,20,2,2,False,-3.157112438365125,False,1.0,1.0,historical_weather_proxy,verified_historical_demo,,,,,0.0037457086450420514,2026-04,2026-02,VOLOGDA-p000-420-no-wind-M-2
2026-04-03,21,2,2,False,-1.36926335347357,True,1.0,1.0,historical_weather_proxy,verified_historical_demo,,,,,0.012072263573003096,2026-04,2026-02,VOLOGDA-p000-420-no-wind-M-2
2026-04-06,8,1,2,False,-5.3828576201541045,False,1.0,1.0,historical_weather_proxy,verified_historical_demo,,,,,0.0010677880303846254,2026-04,2026-02,VOLOGDA-p000-420-no-wind-M-2
2026-04-06,9,1,2,False,1.9133046412958756,False,1.0,1.0,historical_weather_proxy,verified_historical_demo,,,,,0.10090947180428242,2026-04,2026-02,VOLOGDA-p000-420-no-wind-M-2
2026-04-06,10,1,2,True,3.5790531236451097,True,1.0,1.0,historical_weather_proxy,verified_historical_demo,,,,,0.2850597073955999,2026-04,2026-02,VOLOGDA-p000-420-no-wind-M-2
2026-04-06,11,1,2,False,2.681044430198618,False,1.0,1.0,historical_weather_proxy,verified_historical_demo,,,,,0.1628540761687803,2026-04,2026-02,VOLOGDA-p000-420-no-wind-M-2
2026-04-06,12,1,2,False,2.693853393929889,True,1.0,1.0,historical_weather_proxy,verified_historical_demo,,,,,0.16415974900222063,2026-04,2026-02,VOLOGDA-p000-420-no-wind-M-2
2026-04-06,13,1,2,False,-0.49776633100584106,False,1.0,1.0,historical_weather_proxy,verified_historical_demo,,,,,0.02244558081137388,2026-04,2026-02,VOLOGDA-p000-420-no-wind-M-2
2026-04-06,14,1,2,False,2.343303646694945,False,1.0,1.0,historical_weather_proxy,verified_historical_demo,,,,,0.13193341656227822,2026-04,2026-02,VOLOGDA-p000-420-no-wind-M-2
2026-04-06,15,1,2,False,1.8699242720089395,False,1.0,1.0,historical_weather_proxy,verified_historical_demo,,,,,0.09821699280457255,2026-04,2026-02,VOLOGDA-p000-420-no-wind-M-2
2026-04-06,18,2,2,False,-2.1884315190611052,False,1.0,1.0,historical_weather_proxy,verified_historical_demo,,,,,0.007823132939199083,2026-04,2026-02,VOLOGDA-p000-420-no-wind-M-2
2026-04-06,19,2,2,False,-2.1419348622858,True,1.0,1.0,historical_weather_proxy,verified_historical_demo,,,,,0.008053223458431307,2026-04,2026-02,VOLOGDA-p000-420-no-wind-M-2
2026-04-06,20,2,2,False,-3.166688412125039,False,1.0,1.0,historical_weather_proxy,verified_historical_demo,,,,,0.004251245527418822,2026-04,2026-02,VOLOGDA-p000-420-no-wind-M-2
2026-04-06,21,2,2,False,-1.3462009822964396,True,1.0,1.0,historical_weather_proxy,verified_historical_demo,,,,,0.013225615495458297,2026-04,2026-02,VOLOGDA-p000-420-no-wind-M-2
2026-04-07,8,1,2,False,-4.552154717955113,False,0.0,0.0,historical_weather_proxy,verified_historical_demo,,,,,0.0011174979118762013,2026-04,2026-02,VOLOGDA-p000-420-no-wind-M-2
2026-04-07,9,1,2,False,1.844317257748305,False,0.0,0.0,historical_weather_proxy,verified_historical_demo,,,,,0.11122680407362728,2026-04,2026-02,VOLOGDA-p000-420-no-wind-M-2
2026-04-07,10,1,2,False,3.4951071797001316,True,0.0,0.0,historical_weather_proxy,verified_historical_demo,,,,,0.36461964979528755,2026-04,2026-02,VOLOGDA-p000-420-no-wind-M-2
2026-04-07,11,1,2,False,2.4150768983019613,True,0.0,0.0,historical_weather_proxy,verified_historical_demo,,,,,0.1676827693232223,2026-04,2026-02,VOLOGDA-p000-420-no-wind-M-2
2026-04-07,12,1,2,False,2.0254210921120954,False,0.0,0.0,historical_weather_proxy,verified_historical_demo,,,,,0.12670038690945337,2026-04,2026-02,VOLOGDA-p000-420-no-wind-M-2
2026-04-07,13,1,2,False,-0.9726188187054496,False,0.0,0.0,historical_weather_proxy,verified_historical_demo,,,,,0.014666571040721109,2026-04,2026-02,VOLOGDA-p000-420-no-wind-M-2
2026-04-07,14,1,2,True,1.6600496177284734,False,0.0,0.0,historical_weather_proxy,verified_historical_demo,,,,,0.09742103725289651,2026-04,2026-02,VOLOGDA-p000-420-no-wind-M-2
2026-04-07,15,1,2,False,1.4449218119539382,False,0.0,0.0,historical_weather_proxy,verified_historical_demo,,,,,0.08345584289608841,2026-04,2026-02,VOLOGDA-p000-420-no-wind-M-2
2026-04-07,18,2,2,False,-1.6026948626797368,True,0.0,0.0,historical_weather_proxy,verified_historical_demo,,,,,0.009322274850020738,2026-04,2026-02,VOLOGDA-p000-420-no-wind-M-2
2026-04-07,19,2,2,False,-1.796564353186251,False,0.0,0.0,historical_weather_proxy,verified_historical_demo,,,,,0.008108976067472207,2026-04,2026-02,VOLOGDA-p000-420-no-wind-M-2
2026-04-07,20,2,2,False,-2.908310685772538,False,0.0,0.0,historical_weather_proxy,verified_historical_demo,,,,,0.0036450858027163033,2026-04,2026-02,VOLOGDA-p000-420-no-wind-M-2
2026-04-07,21,2,2,False,-1.2477904334618206,True,0.0,0.0,historical_weather_proxy,verified_historical_demo,,,,,0.012033104076618001,2026-04,2026-02,VOLOGDA-p000-420-no-wind-M-2
2026-04-08,8,1,2,False,-5.0646640388010455,False,0.0,0.0,historical_weather_proxy,verified_historical_demo,,,,,0.0008594136844365547,2026-04,2026-02,VOLOGDA-p000-420-no-wind-M-2
2026-04-08,9,1,2,False,1.436855093313155,False,0.0,0.0,historical_weather_proxy,verified_historical_demo,,,,,0.08596694136402508,2026-04,2026-02,VOLOGDA-p000-420-no-wind-M-2
2026-04-08,10,1,2,False,3.1928492937041946,True,0.0,0.0,historical_weather_proxy,verified_historical_demo,,,,,0.29822636468849417,2026-04,2026-02,VOLOGDA-p000-420-no-wind-M-2
2026-04-08,11,1,2,False,2.2137359894287454,False,0.0,0.0,historical_weather_proxy,verified_historical_demo,,,,,0.14904977914581133,2026-04,2026-02,VOLOGDA-p000-420-no-wind-M-2
2026-04-08,12,1,2,False,1.8696416920867964,False,0.0,0.0,historical_weather_proxy,verified_historical_demo,,,,,0.1168083982169356,2026-04,2026-02,VOLOGDA-p000-420-no-wind-M-2
2026-04-08,13,1,2,False,-0.760638833741383,False,0.0,0.0,historical_weather_proxy,verified_historical_demo,,,,,0.018125659328751275,2026-04,2026-02,VOLOGDA-p000-420-no-wind-M-2
2026-04-08,14,1,2,False,2.290320651543866,True,0.0,0.0,historical_weather_proxy,verified_historical_demo,,,,,0.15735910045611975,2026-04,2026-02,VOLOGDA-p000-420-no-wind-M-2
2026-04-08,15,1,2,True,2.057811504163554,False,0.0,0.0,historical_weather_proxy,verified_historical_demo,,,,,0.13346355338341667,2026-04,2026-02,VOLOGDA-p000-420-no-wind-M-2
2026-04-08,18,2,2,False,-1.4146606202854588,True,0.0,0.0,historical_weather_proxy,verified_historical_demo,,,,,0.011404870628045453,2026-04,2026-02,VOLOGDA-p000-420-no-wind-M-2
2026-04-08,19,2,2,False,-1.4808388176943366,False,0.0,0.0,historical_weather_proxy,verified_historical_demo,,,,,0.0108825653443828,2026-04,2026-02,VOLOGDA-p000-420-no-wind-M-2
2026-04-08,20,2,2,False,-2.8434199532044615,False,0.0,0.0,historical_weather_proxy,verified_historical_demo,,,,,0.004145208998253362,2026-04,2026-02,VOLOGDA-p000-420-no-wind-M-2
2026-04-08,21,2,2,False,-1.1549796803297023,True,0.0,0.0,historical_weather_proxy,verified_historical_demo,,,,,0.013708144761328001,2026-04,2026-02,VOLOGDA-p000-420-no-wind-M-2
2026-04-09,8,1,2,False,-4.680876680267839,False,0.0,1.0,historical_weather_proxy,verified_historical_demo,,,,,0.001356371196076367,2026-04,2026-02,VOLOGDA-p000-420-no-wind-M-2
2026-04-09,9,1,2,False,1.6513245303928399,False,0.0,1.0,historical_weather_proxy,verified_historical_demo,,,,,0.09395916820159322,2026-04,2026-02,VOLOGDA-p000-420-no-wind-M-2
2026-04-09,10,1,2,False,3.55005389981533,True,0.0,1.0,historical_weather_proxy,verified_historical_demo,,,,,0.33483953944883016,2026-04,2026-02,VOLOGDA-p000-420-no-wind-M-2
2026-04-09,11,1,2,False,2.2215633489969533,False,0.0,1.0,historical_weather_proxy,verified_historical_demo,,,,,0.1376222490312623,2026-04,2026-02,VOLOGDA-p000-420-no-wind-M-2
2026-04-09,12,1,2,False,2.12472663502244,False,0.0,1.0,historical_weather_proxy,verified_historical_demo,,,,,0.12898566110462925,2026-04,2026-02,VOLOGDA-p000-420-no-wind-M-2
2026-04-09,13,1,2,False,-0.8827153805327201,False,0.0,1.0,historical_weather_proxy,verified_historical_demo,,,,,0.017233675637050392,2026-04,2026-02,VOLOGDA-p000-420-no-wind-M-2
2026-04-09,14,1,2,False,2.366991153343335,True,0.0,1.0,historical_weather_proxy,verified_historical_demo,,,,,0.15169095447482717,2026-04,2026-02,VOLOGDA-p000-420-no-wind-M-2
2026-04-09,15,1,2,False,1.8054418287374265,False,0.0,1.0,historical_weather_proxy,verified_historical_demo,,,,,0.10416838809807756,2026-04,2026-02,VOLOGDA-p000-420-no-wind-M-2
2026-04-09,18,2,2,False,-1.6523734861071386,True,0.0,1.0,historical_weather_proxy,verified_historical_demo,,,,,0.010295889266508703,2026-04,2026-02,VOLOGDA-p000-420-no-wind-M-2
2026-04-09,19,2,2,False,-2.2958653061120464,False,0.0,1.0,historical_weather_proxy,verified_historical_demo,,,,,0.00669302058590313,2026-04,2026-02,VOLOGDA-p000-420-no-wind-M-2
2026-04-09,20,2,2,False,-3.3372758444424284,False,0.0,1.0,historical_weather_proxy,verified_historical_demo,,,,,0.00333364002388489,2026-04,2026-02,VOLOGDA-p000-420-no-wind-M-2
2026-04-09,21,2,2,True,-1.7228616402701686,True,0.0,1.0,historical_weather_proxy,verified_historical_demo,,,,,0.009821442931356868,2026-04,2026-02,VOLOGDA-p000-420-no-wind-M-2
2026-04-10,8,1,2,False,-4.63262478034924,False,1.0,1.0,historical_weather_proxy,verified_historical_demo,,,,,0.0015329156292040597,2026-04,2026-02,VOLOGDA-p000-420-no-wind-M-2
2026-04-10,9,1,2,False,1.9135584881967547,False,1.0,1.0,historical_weather_proxy,verified_historical_demo,,,,,0.10715936303814794,2026-04,2026-02,VOLOGDA-p000-420-no-wind-M-2
2026-04-10,10,1,2,True,3.657001755272595,True,1.0,1.0,historical_weather_proxy,verified_historical_demo,,,,,0.3321073480555787,2026-04,2026-02,VOLOGDA-p000-420-no-wind-M-2
2026-04-10,11,1,2,False,2.7726978457884237,True,1.0,1.0,historical_weather_proxy,verified_historical_demo,,,,,0.1871151741267164,2026-04,2026-02,VOLOGDA-p000-420-no-wind-M-2
2026-04-10,12,1,2,False,2.464482232408387,False,1.0,1.0,historical_weather_proxy,verified_historical_demo,,,,,0.15320163001533585,2026-04,2026-02,VOLOGDA-p000-420-no-wind-M-2
2026-04-10,13,1,2,False,-0.9337556438529948,False,1.0,1.0,historical_weather_proxy,verified_historical_demo,,,,,0.016894491012480715,2026-04,2026-02,VOLOGDA-p000-420-no-wind-M-2
2026-04-10,14,1,2,False,1.7374413150774104,False,1.0,1.0,historical_weather_proxy,verified_historical_demo,,,,,0.09558852365929238,2026-04,2026-02,VOLOGDA-p000-420-no-wind-M-2
2026-04-10,15,1,2,False,1.4463264159647689,False,1.0,1.0,historical_weather_proxy,verified_historical_demo,,,,,0.0791368180663949,2026-04,2026-02,VOLOGDA-p000-420-no-wind-M-2
2026-04-10,18,2,2,False,-2.0809846742555504,True,1.0,1.0,historical_weather_proxy,verified_historical_demo,,,,,0.008025858021647566,2026-04,2026-02,VOLOGDA-p000-420-no-wind-M-2
2026-04-10,19,2,2,False,-2.3539127205947854,False,1.0,1.0,historical_weather_proxy,verified_historical_demo,,,,,0.006723397605425077,2026-04,2026-02,VOLOGDA-p000-420-no-wind-M-2
2026-04-10,20,2,2,False,-3.458824504685996,False,1.0,1.0,historical_weather_proxy,verified_historical_demo,,,,,0.0032829090127722027,2026-04,2026-02,VOLOGDA-p000-420-no-wind-M-2
2026-04-10,21,2,2,False,-1.865261279310352,True,1.0,1.0,historical_weather_proxy,verified_historical_demo,,,,,0.009231571757004176,2026-04,2026-02,VOLOGDA-p000-420-no-wind-M-2
2026-04-13,8,1,2,False,-5.392583941980342,False,0.0,0.0,historical_weather_proxy,verified_historical_demo,,,,,0.000971745078931065,2026-04,2026-02,VOLOGDA-p000-420-no-wind-M-2
2026-04-13,9,1,2,True,1.687405261695346,False,0.0,0.0,historical_weather_proxy,verified_historical_demo,,,,,0.10234136695394665,2026-04,2026-02,VOLOGDA-p000-420-no-wind-M-2
2026-04-13,10,1,2,False,3.268547731602007,True,0.0,0.0,historical_weather_proxy,verified_historical_demo,,,,,0.2895522078590034,2026-04,2026-02,VOLOGDA-p000-420-no-wind-M-2
2026-04-13,11,1,2,False,2.263524568713572,False,0.0,0.0,historical_weather_proxy,verified_historical_demo,,,,,0.14949539896045155,2026-04,2026-02,VOLOGDA-p000-420-no-wind-M-2
2026-04-13,12,1,2,False,2.343086484530358,True,0.0,0.0,historical_weather_proxy,verified_historical_demo,,,,,0.1575272933388218,2026-04,2026-02,VOLOGDA-p000-420-no-wind-M-2
2026-04-13,13,1,2,False,-0.7438741539908755,False,0.0,0.0,historical_weather_proxy,verified_historical_demo,,,,,0.020678637796748757,2026-04,2026-02,VOLOGDA-p000-420-no-wind-M-2
2026-04-13,14,1,2,False,2.0284913671465765,False,0.0,0.0,historical_weather_proxy,verified_historical_demo,,,,,0.12808175642316716,2026-04,2026-02,VOLOGDA-p000-420-no-wind-M-2
2026-04-13,15,1,2,False,1.859380319744133,False,0.0,0.0,historical_weather_proxy,verified_historical_demo,,,,,0.11459833730580471,2026-04,2026-02,VOLOGDA-p000-420-no-wind-M-2
2026-04-13,18,2,2,False,-2.07489771522445,False,0.0,0.0,historical_weather_proxy,verified_historical_demo,,,,,0.008615812835897735,2026-04,2026-02,VOLOGDA-p000-420-no-wind-M-2
2026-04-13,19,2,2,False,-1.9460474782058055,True,0.0,0.0,historical_weather_proxy,verified_historical_demo,,,,,0.009377868643311752,2026-04,2026-02,VOLOGDA-p000-420-no-wind-M-2
2026-04-13,20,2,2,False,-3.195067346832795,False,0.0,0.0,historical_weather_proxy,verified_historical_demo,,,,,0.004123860706387091,2026-04,2026-02,VOLOGDA-p000-420-no-wind-M-2
2026-04-13,21,2,2,False,-1.2693444536933423,True,0.0,0.0,historical_weather_proxy,verified_historical_demo,,,,,0.014635714097528367,2026-04,2026-02,VOLOGDA-p000-420-no-wind-M-2
2026-04-14,8,1,2,False,-4.643949350317374,False,0.0,0.0,historical_weather_proxy,verified_historical_demo,,,,,0.001186116316311996,2026-04,2026-02,VOLOGDA-p000-420-no-wind-M-2
2026-04-14,9,1,2,True,1.5932123073944118,False,0.0,0.0,historical_weather_proxy,verified_historical_demo,,,,,0.10061560602279726,2026-04,2026-02,VOLOGDA-p000-420-no-wind-M-2
2026-04-14,10,1,2,False,3.4292392509958995,True,0.0,0.0,historical_weather_proxy,verified_historical_demo,,,,,0.3718494469134792,2026-04,2026-02,VOLOGDA-p000-420-no-wind-M-2
2026-04-14,11,1,2,False,2.3254020630521794,True,0.0,0.0,historical_weather_proxy,verified_historical_demo,,,,,0.16945692513327906,2026-04,2026-02,VOLOGDA-p000-420-no-wind-M-2
2026-04-14,12,1,2,False,1.9893839951714287,False,0.0,0.0,historical_weather_proxy,verified_historical_demo,,,,,0.13340193258041683,2026-04,2026-02,VOLOGDA-p000-420-no-wind-M-2
2026-04-14,13,1,2,False,-1.2511154004191487,False,0.0,0.0,historical_weather_proxy,verified_historical_demo,,,,,0.013279927882900801,2026-04,2026-02,VOLOGDA-p000-420-no-wind-M-2
2026-04-14,14,1,2,False,1.4667817027188161,False,0.0,0.0,historical_weather_proxy,verified_historical_demo,,,,,0.09195447065211988,2026-04,2026-02,VOLOGDA-p000-420-no-wind-M-2
2026-04-14,15,1,2,False,1.3828588988165542,False,0.0,0.0,historical_weather_proxy,verified_historical_demo,,,,,0.08662112389351155,2026-04,2026-02,VOLOGDA-p000-420-no-wind-M-2
2026-04-14,18,2,2,False,-2.05847881340213,False,0.0,0.0,historical_weather_proxy,verified_historical_demo,,,,,0.007474083661203407,2026-04,2026-02,VOLOGDA-p000-420-no-wind-M-2
2026-04-14,19,2,2,False,-2.0049976408730372,True,0.0,0.0,historical_weather_proxy,verified_historical_demo,,,,,0.007764158618138423,2026-04,2026-02,VOLOGDA-p000-420-no-wind-M-2
2026-04-14,20,2,2,False,-2.94904179107446,False,0.0,0.0,historical_weather_proxy,verified_historical_demo,,,,,0.003964558085510955,2026-04,2026-02,VOLOGDA-p000-420-no-wind-M-2
2026-04-14,21,2,2,False,-1.3438282706209117,True,0.0,0.0,historical_weather_proxy,verified_historical_demo,,,,,0.012431650240330615,2026-04,2026-02,VOLOGDA-p000-420-no-wind-M-2
2026-04-15,8,1,2,False,-4.7620116409448086,False,0.0,0.0,historical_weather_proxy,verified_historical_demo,,,,,0.0011177514055708748,2026-04,2026-02,VOLOGDA-p000-420-no-wind-M-2
2026-04-15,9,1,2,True,1.7686934820616302,False,0.0,0.0,historical_weather_proxy,verified_historical_demo,,,,,0.10808209705312496,2026-04,2026-02,VOLOGDA-p000-420-no-wind-M-2
2026-04-15,10,1,2,False,3.189917256052896,True,0.0,0.0,historical_weather_proxy,verified_historical_demo,,,,,0.29229536790928046,2026-04,2026-02,VOLOGDA-p000-420-no-wind-M-2
2026-04-15,11,1,2,False,2.2485525920441063,False,0.0,0.0,historical_weather_proxy,verified_historical_demo,,,,,0.1512294534047661,2026-04,2026-02,VOLOGDA-p000-420-no-wind-M-2
2026-04-15,12,1,2,False,1.8116121791380264,False,0.0,0.0,historical_weather_proxy,verified_historical_demo,,,,,0.11137854338624396,2026-04,2026-02,VOLOGDA-p000-420-no-wind-M-2
2026-04-15,13,1,2,False,-0.8005100456196694,False,0.0,0.0,historical_weather_proxy,verified_historical_demo,,,,,0.017893146066102344,2026-04,2026-02,VOLOGDA-p000-420-no-wind-M-2
2026-04-15,14,1,2,False,2.2513067092641585,True,0.0,0.0,historical_weather_proxy,verified_historical_demo,,,,,0.15152129219133054,2026-04,2026-02,VOLOGDA-p000-420-no-wind-M-2
2026-04-15,15,1,2,False,2.05270490172749,False,0.0,0.0,historical_weather_proxy,verified_historical_demo,,,,,0.1318549565709752,2026-04,2026-02,VOLOGDA-p000-420-no-wind-M-2
2026-04-15,18,2,2,False,-1.779426533916032,True,0.0,0.0,historical_weather_proxy,verified_historical_demo,,,,,0.009017475593205263,2026-04,2026-02,VOLOGDA-p000-420-no-wind-M-2
2026-04-15,19,2,2,False,-1.82679411864135,False,0.0,0.0,historical_weather_proxy,verified_historical_demo,,,,,0.00872337800146912,2026-04,2026-02,VOLOGDA-p000-420-no-wind-M-2
2026-04-15,20,2,2,False,-3.0633261504958673,False,0.0,0.0,historical_weather_proxy,verified_historical_demo,,,,,0.0036708353783070735,2026-04,2026-02,VOLOGDA-p000-420-no-wind-M-2
2026-04-15,21,2,2,False,-1.2333768844866406,True,0.0,0.0,historical_weather_proxy,verified_historical_demo,,,,,0.013215703039624185,2026-04,2026-02,VOLOGDA-p000-420-no-wind-M-2
2026-04-16,8,1,2,False,-4.642557874856319,False,1.0,1.0,historical_weather_proxy,verified_historical_demo,,,,,0.0012710066191875845,2026-04,2026-02,VOLOGDA-p000-420-no-wind-M-2
2026-04-16,9,1,2,False,1.6511164898590835,False,1.0,1.0,historical_weather_proxy,verified_historical_demo,,,,,0.10466240027513805,2026-04,2026-02,VOLOGDA-p000-420-no-wind-M-2
2026-04-16,10,1,2,True,3.229387794947245,True,1.0,1.0,historical_weather_proxy,verified_historical_demo,,,,,0.3163577362135912,2026-04,2026-02,VOLOGDA-p000-420-no-wind-M-2
2026-04-16,11,1,2,False,2.142383611288898,False,1.0,1.0,historical_weather_proxy,verified_historical_demo,,,,,0.14767962089181136,2026-04,2026-02,VOLOGDA-p000-420-no-wind-M-2
2026-04-16,12,1,2,False,1.958903918892975,False,1.0,1.0,historical_weather_proxy,verified_historical_demo,,,,,0.12985951304524554,2026-04,2026-02,VOLOGDA-p000-420-no-wind-M-2
2026-04-16,13,1,2,False,-1.2613848031939485,False,1.0,1.0,historical_weather_proxy,verified_historical_demo,,,,,0.013592378246447575,2026-04,2026-02,VOLOGDA-p000-420-no-wind-M-2
2026-04-16,14,1,2,False,2.1729327772654314,True,1.0,1.0,historical_weather_proxy,verified_historical_demo,,,,,0.15087559613455048,2026-04,2026-02,VOLOGDA-p000-420-no-wind-M-2
2026-04-16,15,1,2,False,1.6006140031820306,False,1.0,1.0,historical_weather_proxy,verified_historical_demo,,,,,0.10102269496769095,2026-04,2026-02,VOLOGDA-p000-420-no-wind-M-2
2026-04-16,18,2,2,False,-1.6233488426148517,True,1.0,1.0,historical_weather_proxy,verified_historical_demo,,,,,0.010546839005789729,2026-04,2026-02,VOLOGDA-p000-420-no-wind-M-2
2026-04-16,19,2,2,False,-2.0440862124713677,False,1.0,1.0,historical_weather_proxy,verified_historical_demo,,,,,0.007853441188083734,2026-04,2026-02,VOLOGDA-p000-420-no-wind-M-2
2026-04-16,20,2,2,False,-3.3321247070620412,False,1.0,1.0,historical_weather_proxy,verified_historical_demo,,,,,0.0031842862650937626,2026-04,2026-02,VOLOGDA-p000-420-no-wind-M-2
2026-04-16,21,2,2,False,-1.314631322112621,True,1.0,1.0,historical_weather_proxy,verified_historical_demo,,,,,0.013094487147369983,2026-04,2026-02,VOLOGDA-p000-420-no-wind-M-2
2026-04-17,8,1,2,False,-4.64414576181812,False,1.0,1.0,historical_weather_proxy,verified_historical_demo,,,,,0.0011303360458703496,2026-04,2026-02,VOLOGDA-p000-420-no-wind-M-2
2026-04-17,9,1,2,False,1.8551469976506363,False,1.0,1.0,historical_weather_proxy,verified_historical_demo,,,,,0.11231378835846201,2026-04,2026-02,VOLOGDA-p000-420-no-wind-M-2
2026-04-17,10,1,2,False,3.4034559917815717,True,1.0,1.0,historical_weather_proxy,verified_historical_demo,,,,,0.33591293154323404,2026-04,2026-02,VOLOGDA-p000-420-no-wind-M-2
2026-04-17,11,1,2,True,2.4992699636874294,True,1.0,1.0,historical_weather_proxy,verified_historical_demo,,,,,0.1771623178335208,2026-04,2026-02,VOLOGDA-p000-420-no-wind-M-2
2026-04-17,12,1,2,False,2.2449683520615036,False,1.0,1.0,historical_weather_proxy,verified_historical_demo,,,,,0.14798740293147547,2026-04,2026-02,VOLOGDA-p000-420-no-wind-M-2
2026-04-17,13,1,2,False,-1.2893833436996864,False,1.0,1.0,historical_weather_proxy,verified_historical_demo,,,,,0.012137307905269555,2026-04,2026-02,VOLOGDA-p000-420-no-wind-M-2
2026-04-17,14,1,2,False,1.6892017511860966,False,1.0,1.0,historical_weather_proxy,verified_historical_demo,,,,,0.09987074395578774,2026-04,2026-02,VOLOGDA-p000-420-no-wind-M-2
2026-04-17,15,1,2,False,1.3427763832269284,False,1.0,1.0,historical_weather_proxy,verified_historical_demo,,,,,0.07815956819972206,2026-04,2026-02,VOLOGDA-p000-420-no-wind-M-2
2026-04-17,18,2,2,False,-1.8430024719762303,False,1.0,1.0,historical_weather_proxy,verified_historical_demo,,,,,0.008203436519782349,2026-04,2026-02,VOLOGDA-p000-420-no-wind-M-2
2026-04-17,19,2,2,False,-1.7951317344553444,True,1.0,1.0,historical_weather_proxy,verified_historical_demo,,,,,0.008486066810413747,2026-04,2026-02,VOLOGDA-p000-420-no-wind-M-2
2026-04-17,20,2,2,False,-2.87792902562548,False,1.0,1.0,historical_weather_proxy,verified_historical_demo,,,,,0.003944246355463221,2026-04,2026-02,VOLOGDA-p000-420-no-wind-M-2
2026-04-17,21,2,2,False,-1.019436976987825,True,1.0,1.0,historical_weather_proxy,verified_historical_demo,,,,,0.014691853540998648,2026-04,2026-02,VOLOGDA-p000-420-no-wind-M-2
2026-04-20,8,1,2,False,-5.420895768085325,False,0.0,0.0,historical_weather_proxy,verified_historical_demo,,,,,0.0010148473138915327,2026-04,2026-02,VOLOGDA-p000-420-no-wind-M-2
2026-04-20,9,1,2,False,1.8076234941468832,False,0.0,0.0,historical_weather_proxy,verified_historical_demo,,,,,0.1142767272001302,2026-04,2026-02,VOLOGDA-p000-420-no-wind-M-2
2026-04-20,10,1,2,False,3.24807647438401,True,0.0,0.0,historical_weather_proxy,verified_historical_demo,,,,,0.2929401765231073,2026-04,2026-02,VOLOGDA-p000-420-no-wind-M-2
2026-04-20,11,1,2,False,2.2701322306372544,True,0.0,0.0,historical_weather_proxy,verified_historical_demo,,,,,0.15460530230900257,2026-04,2026-02,VOLOGDA-p000-420-no-wind-M-2
2026-04-20,12,1,2,False,2.257082567533105,False,0.0,0.0,historical_weather_proxy,verified_historical_demo,,,,,0.15329242811414823,2026-04,2026-02,VOLOGDA-p000-420-no-wind-M-2
2026-04-20,13,1,2,False,-0.6878790894537774,False,0.0,0.0,historical_weather_proxy,verified_historical_demo,,,,,0.022371674472141792,2026-04,2026-02,VOLOGDA-p000-420-no-wind-M-2
2026-04-20,14,1,2,False,1.9667487807909387,False,0.0,0.0,historical_weather_proxy,verified_historical_demo,,,,,0.12680016679582579,2026-04,2026-02,VOLOGDA-p000-420-no-wind-M-2
2026-04-20,15,1,2,True,1.6033366719866455,False,0.0,0.0,historical_weather_proxy,verified_historical_demo,,,,,0.09999499750975467,2026-04,2026-02,VOLOGDA-p000-420-no-wind-M-2
2026-04-20,18,2,2,False,-1.8836987358542159,True,0.0,0.0,historical_weather_proxy,verified_historical_demo,,,,,0.010240184540774388,2026-04,2026-02,VOLOGDA-p000-420-no-wind-M-2
2026-04-20,19,2,2,False,-2.183581111951538,False,0.0,0.0,historical_weather_proxy,verified_historical_demo,,,,,0.008417766574079626,2026-04,2026-02,VOLOGDA-p000-420-no-wind-M-2
2026-04-20,20,2,2,False,-3.3491164070273567,False,0.0,0.0,historical_weather_proxy,verified_historical_demo,,,,,0.003930079197522947,2026-04,2026-02,VOLOGDA-p000-420-no-wind-M-2
2026-04-20,21,2,2,False,-1.6263511760497806,True,0.0,0.0,historical_weather_proxy,verified_historical_demo,,,,,0.012115649449620982,2026-04,2026-02,VOLOGDA-p000-420-no-wind-M-2
2026-04-21,8,1,2,False,-4.49841225515258,False,0.0,0.0,historical_weather_proxy,verified_historical_demo,,,,,0.0011020903913768908,2026-04,2026-02,VOLOGDA-p000-420-no-wind-M-2
2026-04-21,9,1,2,True,1.8016427266502169,False,0.0,0.0,historical_weather_proxy,verified_historical_demo,,,,,0.11180542656735565,2026-04,2026-02,VOLOGDA-p000-420-no-wind-M-2
2026-04-21,10,1,2,False,3.4796823588876453,True,0.0,0.0,historical_weather_proxy,verified_historical_demo,,,,,0.382677370728853,2026-04,2026-02,VOLOGDA-p000-420-no-wind-M-2
2026-04-21,11,1,2,False,2.3468132080486654,True,0.0,0.0,historical_weather_proxy,verified_historical_demo,,,,,0.16675229915984924,2026-04,2026-02,VOLOGDA-p000-420-no-wind-M-2
2026-04-21,12,1,2,False,1.9053660204355123,False,0.0,0.0,historical_weather_proxy,verified_historical_demo,,,,,0.1206405901898367,2026-04,2026-02,VOLOGDA-p000-420-no-wind-M-2
2026-04-21,13,1,2,False,-1.2252911208549508,False,0.0,0.0,historical_weather_proxy,verified_historical_demo,,,,,0.012148959561802328,2026-04,2026-02,VOLOGDA-p000-420-no-wind-M-2
2026-04-21,14,1,2,False,1.5312863758685467,False,0.0,0.0,historical_weather_proxy,verified_historical_demo,,,,,0.09169975949045382,2026-04,2026-02,VOLOGDA-p000-420-no-wind-M-2
2026-04-21,15,1,2,False,1.3329720353048324,False,0.0,0.0,historical_weather_proxy,verified_historical_demo,,,,,0.07928941438031428,2026-04,2026-02,VOLOGDA-p000-420-no-wind-M-2
2026-04-21,18,2,2,False,-1.7961225768850735,False,0.0,0.0,historical_weather_proxy,verified_historical_demo,,,,,0.007993894811791302,2026-04,2026-02,VOLOGDA-p000-420-no-wind-M-2
2026-04-21,19,2,2,False,-1.6452246593671098,True,0.0,0.0,historical_weather_proxy,verified_historical_demo,,,,,0.008929182660267841,2026-04,2026-02,VOLOGDA-p000-420-no-wind-M-2
2026-04-21,20,2,2,False,-2.792198228085256,False,0.0,0.0,historical_weather_proxy,verified_historical_demo,,,,,0.0038508732117659766,2026-04,2026-02,VOLOGDA-p000-420-no-wind-M-2
2026-04-21,21,2,2,False,-1.12144964653538,True,0.0,0.0,historical_weather_proxy,verified_historical_demo,,,,,0.013110138846332949,2026-04,2026-02,VOLOGDA-p000-420-no-wind-M-2
2026-04-22,8,1,2,False,-4.915496467015172,False,1.0,1.0,historical_weather_proxy,verified_historical_demo,,,,,0.0008880317568654988,2026-04,2026-02,VOLOGDA-p000-420-no-wind-M-2
2026-04-22,9,1,2,False,1.6643770304453207,False,1.0,1.0,historical_weather_proxy,verified_historical_demo,,,,,0.10903317995558771,2026-04,2026-02,VOLOGDA-p000-420-no-wind-M-2
2026-04-22,10,1,2,False,2.964184361179897,True,1.0,1.0,historical_weather_proxy,verified_historical_demo,,,,,0.282001569377905,2026-04,2026-02,VOLOGDA-p000-420-no-wind-M-2
2026-04-22,11,1,2,False,2.0293643140252526,False,1.0,1.0,historical_weather_proxy,verified_historical_demo,,,,,0.14237812509174572,2026-04,2026-02,VOLOGDA-p000-420-no-wind-M-2
2026-04-22,12,1,2,False,1.5695635205808278,False,1.0,1.0,historical_weather_proxy,verified_historical_demo,,,,,0.1017314175064576,2026-04,2026-02,VOLOGDA-p000-420-no-wind-M-2
2026-04-22,13,1,2,False,-1.0007972089220734,False,1.0,1.0,historical_weather_proxy,verified_historical_demo,,,,,0.015536658368897331,2026-04,2026-02,VOLOGDA-p000-420-no-wind-M-2
2026-04-22,14,1,2,True,2.238737437596791,True,1.0,1.0,historical_weather_proxy,verified_historical_demo,,,,,0.16592807843545151,2026-04,2026-02,VOLOGDA-p000-420-no-wind-M-2
2026-04-22,15,1,2,False,2.0246286559745115,False,1.0,1.0,historical_weather_proxy,verified_historical_demo,,,,,0.1418860451336158,2026-04,2026-02,VOLOGDA-p000-420-no-wind-M-2
2026-04-22,18,2,2,False,-1.6137824749487975,False,1.0,1.0,historical_weather_proxy,verified_historical_demo,,,,,0.009925054468435222,2026-04,2026-02,VOLOGDA-p000-420-no-wind-M-2
2026-04-22,19,2,2,False,-1.3516776942214972,True,1.0,1.0,historical_weather_proxy,verified_historical_demo,,,,,0.012021314996626549,2026-04,2026-02,VOLOGDA-p000-420-no-wind-M-2
2026-04-22,20,2,2,False,-2.7614121416439805,False,1.0,1.0,historical_weather_proxy,verified_historical_demo,,,,,0.0042890087375013425,2026-04,2026-02,VOLOGDA-p000-420-no-wind-M-2
2026-04-22,21,2,2,False,-1.1064747382088056,True,1.0,1.0,historical_weather_proxy,verified_historical_demo,,,,,0.014381516170910769,2026-04,2026-02,VOLOGDA-p000-420-no-wind-M-2
2026-04-23,8,1,2,False,-5.000963092187674,False,0.0,0.0,historical_weather_proxy,verified_historical_demo,,,,,0.0008783326926620353,2026-04,2026-02,VOLOGDA-p000-420-no-wind-M-2
2026-04-23,9,1,2,False,1.5067675847578874,False,0.0,0.0,historical_weather_proxy,verified_historical_demo,,,,,0.08788280442109604,2026-04,2026-02,VOLOGDA-p000-420-no-wind-M-2
2026-04-23,10,1,2,False,3.327045562227974,True,0.0,0.0,historical_weather_proxy,verified_historical_demo,,,,,0.3187077250689789,2026-04,2026-02,VOLOGDA-p000-420-no-wind-M-2
2026-04-23,11,1,2,True,2.0967304942791207,False,0.0,0.0,historical_weather_proxy,verified_historical_demo,,,,,0.13342509299747657,2026-04,2026-02,VOLOGDA-p000-420-no-wind-M-2
2026-04-23,12,1,2,False,1.8249096244477578,False,0.0,0.0,historical_weather_proxy,verified_historical_demo,,,,,0.11007519168818608,2026-04,2026-02,VOLOGDA-p000-420-no-wind-M-2
2026-04-23,13,1,2,False,-0.9235192412577804,False,0.0,0.0,historical_weather_proxy,verified_historical_demo,,,,,0.015736937090064917,2026-04,2026-02,VOLOGDA-p000-420-no-wind-M-2
2026-04-23,14,1,2,False,2.47488523432,True,0.0,0.0,historical_weather_proxy,verified_historical_demo,,,,,0.1743688190388625,2026-04,2026-02,VOLOGDA-p000-420-no-wind-M-2
2026-04-23,15,1,2,False,1.9307323487952988,False,0.0,0.0,historical_weather_proxy,verified_historical_demo,,,,,0.11863575285797176,2026-04,2026-02,VOLOGDA-p000-420-no-wind-M-2
2026-04-23,18,2,2,False,-1.0601655898477,True,0.0,0.0,historical_weather_proxy,verified_historical_demo,,,,,0.014286307152716149,2026-04,2026-02,VOLOGDA-p000-420-no-wind-M-2
2026-04-23,19,2,2,False,-1.4880736508862624,False,0.0,0.0,historical_weather_proxy,verified_historical_demo,,,,,0.010553494071855574,2026-04,2026-02,VOLOGDA-p000-420-no-wind-M-2
2026-04-23,20,2,2,False,-2.8449062150158686,False,0.0,0.0,historical_weather_proxy,verified_historical_demo,,,,,0.004039747470063775,2026-04,2026-02,VOLOGDA-p000-420-no-wind-M-2
2026-04-23,21,2,2,False,-1.3778410214318848,True,0.0,0.0,historical_weather_proxy,verified_historical_demo,,,,,0.011409795450065768,2026-04,2026-02,VOLOGDA-p000-420-no-wind-M-2
2026-04-24,8,1,2,False,-5.025892086379075,False,0.0,0.0,historical_weather_proxy,verified_historical_demo,,,,,0.0010550892358351023,2026-04,2026-02,VOLOGDA-p000-420-no-wind-M-2
2026-04-24,9,1,2,False,1.8304443627117506,False,0.0,0.0,historical_weather_proxy,verified_historical_demo,,,,,0.10610468142607654,2026-04,2026-02,VOLOGDA-p000-420-no-wind-M-2
2026-04-24,10,1,2,False,3.42130428569156,True,0.0,0.0,historical_weather_proxy,verified_historical_demo,,,,,0.3092839047858397,2026-04,2026-02,VOLOGDA-p000-420-no-wind-M-2
2026-04-24,11,1,2,False,2.5965673242532934,True,0.0,0.0,historical_weather_proxy,verified_historical_demo,,,,,0.1776178463745399,2026-04,2026-02,VOLOGDA-p000-420-no-wind-M-2
2026-04-24,12,1,2,False,2.1572057970411858,False,0.0,0.0,historical_weather_proxy,verified_historical_demo,,,,,0.1321805987709749,2026-04,2026-02,VOLOGDA-p000-420-no-wind-M-2
2026-04-24,13,1,2,False,-0.9230516965490387,False,0.0,0.0,historical_weather_proxy,verified_historical_demo,,,,,0.016655398212303753,2026-04,2026-02,VOLOGDA-p000-420-no-wind-M-2
2026-04-24,14,1,2,True,2.0634144937839194,False,0.0,0.0,historical_weather_proxy,verified_historical_demo,,,,,0.12410099096076307,2026-04,2026-02,VOLOGDA-p000-420-no-wind-M-2
2026-04-24,15,1,2,False,1.7184102880441487,False,0.0,0.0,historical_weather_proxy,verified_historical_demo,,,,,0.09840431437195046,2026-04,2026-02,VOLOGDA-p000-420-no-wind-M-2
2026-04-24,18,2,2,False,-1.6962846357864372,True,0.0,0.0,historical_weather_proxy,verified_historical_demo,,,,,0.009902080286364544,2026-04,2026-02,VOLOGDA-p000-420-no-wind-M-2
2026-04-24,19,2,2,False,-1.793234918096854,False,0.0,0.0,historical_weather_proxy,verified_historical_demo,,,,,0.00927708154188171,2026-04,2026-02,VOLOGDA-p000-420-no-wind-M-2
2026-04-24,20,2,2,False,-3.1025153314799683,False,0.0,0.0,historical_weather_proxy,verified_historical_demo,,,,,0.0038461484546989015,2026-04,2026-02,VOLOGDA-p000-420-no-wind-M-2
2026-04-24,21,2,2,False,-1.4645600355585287,True,0.0,0.0,historical_weather_proxy,verified_historical_demo,,,,,0.011571865578771294,2026-04,2026-02,VOLOGDA-p000-420-no-wind-M-2
2026-04-27,8,1,2,False,-5.727651018587955,False,1.0,1.0,historical_weather_proxy,verified_historical_demo,,,,,0.0006424032411205019,2026-04,2026-02,VOLOGDA-p000-420-no-wind-M-2
2026-04-27,9,1,2,False,1.5293716135903568,False,1.0,1.0,historical_weather_proxy,verified_historical_demo,,,,,0.10438974531185355,2026-04,2026-02,VOLOGDA-p000-420-no-wind-M-2
2026-04-27,10,1,2,False,2.8747715725131413,True,1.0,1.0,historical_weather_proxy,verified_historical_demo,,,,,0.2682462109544446,2026-04,2026-02,VOLOGDA-p000-420-no-wind-M-2
2026-04-27,11,1,2,True,2.0312311236943033,True,1.0,1.0,historical_weather_proxy,verified_historical_demo,,,,,0.14843940715794873,2026-04,2026-02,VOLOGDA-p000-420-no-wind-M-2
2026-04-27,12,1,2,False,1.9728317941187083,False,1.0,1.0,historical_weather_proxy,verified_historical_demo,,,,,0.14248130038610243,2026-04,2026-02,VOLOGDA-p000-420-no-wind-M-2
2026-04-27,13,1,2,False,-0.9740721218408892,False,1.0,1.0,historical_weather_proxy,verified_historical_demo,,,,,0.018029527088711392,2026-04,2026-02,VOLOGDA-p000-420-no-wind-M-2
2026-04-27,14,1,2,False,2.0022106356358496,False,1.0,1.0,historical_weather_proxy,verified_historical_demo,,,,,0.14544812492250833,2026-04,2026-02,VOLOGDA-p000-420-no-wind-M-2
2026-04-27,15,1,2,False,1.7345529288223964,False,1.0,1.0,historical_weather_proxy,verified_historical_demo,,,,,0.1205497388633674,2026-04,2026-02,VOLOGDA-p000-420-no-wind-M-2
2026-04-27,18,2,2,False,-1.08672772970158,True,1.0,1.0,historical_weather_proxy,verified_historical_demo,,,,,0.01665957173535068,2026-04,2026-02,VOLOGDA-p000-420-no-wind-M-2
2026-04-27,19,2,2,False,-1.2676555059518284,False,1.0,1.0,historical_weather_proxy,verified_historical_demo,,,,,0.01467385527742433,2026-04,2026-02,VOLOGDA-p000-420-no-wind-M-2
2026-04-27,20,2,2,False,-2.792634239481464,False,1.0,1.0,historical_weather_proxy,verified_historical_demo,,,,,0.005034540570396687,2026-04,2026-02,VOLOGDA-p000-420-no-wind-M-2
2026-04-27,21,2,2,False,-1.1982851324485864,True,1.0,1.0,historical_weather_proxy,verified_historical_demo,,,,,0.015405574490771321,2026-04,2026-02,VOLOGDA-p000-420-no-wind-M-2
2026-04-28,8,1,2,False,-4.9897842839415345,False,0.0,0.0,historical_weather_proxy,verified_historical_demo,,,,,0.0009199964434221537,2026-04,2026-02,VOLOGDA-p000-420-no-wind-M-2
2026-04-28,9,1,2,True,1.7025983319050466,False,0.0,0.0,historical_weather_proxy,verified_historical_demo,,,,,0.1067093808960243,2026-04,2026-02,VOLOGDA-p000-420-no-wind-M-2
2026-04-28,10,1,2,False,3.303201589113236,True,0.0,0.0,historical_weather_proxy,verified_historical_demo,,,,,0.33261727205940855,2026-04,2026-02,VOLOGDA-p000-420-no-wind-M-2
2026-04-28,11,1,2,False,2.2999275779413297,True,0.0,0.0,historical_weather_proxy,verified_historical_demo,,,,,0.16310312675350758,2026-04,2026-02,VOLOGDA-p000-420-no-wind-M-2
2026-04-28,12,1,2,False,1.9707966701476094,False,0.0,0.0,historical_weather_proxy,verified_historical_demo,,,,,0.1291024340505641,2026-04,2026-02,VOLOGDA-p000-420-no-wind-M-2
2026-04-28,13,1,2,False,-0.9969642809828316,False,0.0,0.0,historical_weather_proxy,verified_historical_demo,,,,,0.015684171715543326,2026-04,2026-02,VOLOGDA-p000-420-no-wind-M-2
2026-04-28,14,1,2,False,1.7799000579364157,False,0.0,0.0,historical_weather_proxy,verified_historical_demo,,,,,0.11273222069208337,2026-04,2026-02,VOLOGDA-p000-420-no-wind-M-2
2026-04-28,15,1,2,False,1.604501432620102,False,0.0,0.0,historical_weather_proxy,verified_historical_demo,,,,,0.09952734015240099,2026-04,2026-02,VOLOGDA-p000-420-no-wind-M-2
2026-04-28,18,2,2,False,-1.1070107802406624,True,0.0,0.0,historical_weather_proxy,verified_historical_demo,,,,,0.014504917474207818,2026-04,2026-02,VOLOGDA-p000-420-no-wind-M-2
2026-04-28,19,2,2,False,-1.3738038623403,True,0.0,0.0,historical_weather_proxy,verified_historical_demo,,,,,0.012000985611574363,2026-04,2026-02,VOLOGDA-p000-420-no-wind-M-2
2026-04-28,20,2,2,False,-2.975698787689458,False,0.0,0.0,historical_weather_proxy,verified_historical_demo,,,,,0.003846593325609539,2026-04,2026-02,VOLOGDA-p000-420-no-wind-M-2
2026-04-28,21,2,2,False,-1.7401311091167062,False,0.0,0.0,historical_weather_proxy,verified_historical_demo,,,,,0.009251560825653959,2026-04,2026-02,VOLOGDA-p000-420-no-wind-M-2
2026-04-29,8,1,2,False,-5.056696030618729,False,0.0,0.0,historical_weather_proxy,verified_historical_demo,,,,,0.0009892267396043632,2026-04,2026-02,VOLOGDA-p000-420-no-wind-M-2
2026-04-29,9,1,2,False,1.5804366503388658,False,0.0,0.0,historical_weather_proxy,verified_historical_demo,,,,,0.09302388136364967,2026-04,2026-02,VOLOGDA-p000-420-no-wind-M-2
2026-04-29,10,1,2,False,3.139144649805625,True,0.0,0.0,historical_weather_proxy,verified_historical_demo,,,,,0.2704063662714237,2026-04,2026-02,VOLOGDA-p000-420-no-wind-M-2
2026-04-29,11,1,2,True,2.2596441318471725,False,0.0,0.0,historical_weather_proxy,verified_historical_demo,,,,,0.14809177255066394,2026-04,2026-02,VOLOGDA-p000-420-no-wind-M-2
2026-04-29,12,1,2,False,1.8795943848205368,False,0.0,0.0,historical_weather_proxy,verified_historical_demo,,,,,0.11416621798831914,2026-04,2026-02,VOLOGDA-p000-420-no-wind-M-2
2026-04-29,13,1,2,False,-0.6953317089815982,False,0.0,0.0,historical_weather_proxy,verified_historical_demo,,,,,0.019587608428067935,2026-04,2026-02,VOLOGDA-p000-420-no-wind-M-2
2026-04-29,14,1,2,False,2.4195585550081944,True,0.0,0.0,historical_weather_proxy,verified_historical_demo,,,,,0.16522486065924505,2026-04,2026-02,VOLOGDA-p000-420-no-wind-M-2
2026-04-29,15,1,2,False,2.2679539216523934,False,0.0,0.0,historical_weather_proxy,verified_historical_demo,,,,,0.1489366327553508,2026-04,2026-02,VOLOGDA-p000-420-no-wind-M-2
2026-04-29,18,2,2,False,-1.2045617806091171,True,0.0,0.0,historical_weather_proxy,verified_historical_demo,,,,,0.01382232967859264,2026-04,2026-02,VOLOGDA-p000-420-no-wind-M-2
2026-04-29,19,2,2,False,-1.286851268775434,True,0.0,0.0,historical_weather_proxy,verified_historical_demo,,,,,0.013065186157763618,2026-04,2026-02,VOLOGDA-p000-420-no-wind-M-2
2026-04-29,20,2,2,False,-3.2528735904015824,False,0.0,0.0,historical_weather_proxy,verified_historical_demo,,,,,0.0034008990920570115,2026-04,2026-02,VOLOGDA-p000-420-no-wind-M-2
2026-04-29,21,2,2,False,-1.7857644681968863,False,0.0,0.0,historical_weather_proxy,verified_historical_demo,,,,,0.009285018315262128,2026-04,2026-02,VOLOGDA-p000-420-no-wind-M-2
2026-04-30,8,1,2,False,-4.899879684832155,False,0.0,0.0,historical_weather_proxy,verified_historical_demo,,,,,0.0009934482372786061,2026-04,2026-02,VOLOGDA-p000-420-no-wind-M-2
2026-04-30,9,1,2,False,1.7446444014650988,False,0.0,0.0,historical_weather_proxy,verified_historical_demo,,,,,0.1040868187393405,2026-04,2026-02,VOLOGDA-p000-420-no-wind-M-2
2026-04-30,10,1,2,False,3.397986046233498,True,0.0,0.0,historical_weather_proxy,verified_historical_demo,,,,,0.33119976354667346,2026-04,2026-02,VOLOGDA-p000-420-no-wind-M-2
2026-04-30,11,1,2,True,2.1749084317259397,False,0.0,0.0,historical_weather_proxy,verified_historical_demo,,,,,0.1406748332592116,2026-04,2026-02,VOLOGDA-p000-420-no-wind-M-2
2026-04-30,12,1,2,False,1.9673103550537687,False,0.0,0.0,historical_weather_proxy,verified_historical_demo,,,,,0.12164569577243983,2026-04,2026-02,VOLOGDA-p000-420-no-wind-M-2
2026-04-30,13,1,2,False,-1.143992246461204,False,0.0,0.0,historical_weather_proxy,verified_historical_demo,,,,,0.013775684179736085,2026-04,2026-02,VOLOGDA-p000-420-no-wind-M-2
2026-04-30,14,1,2,False,2.2717711411071693,True,0.0,0.0,historical_weather_proxy,verified_historical_demo,,,,,0.15054532278842914,2026-04,2026-02,VOLOGDA-p000-420-no-wind-M-2
2026-04-30,15,1,2,False,1.6978818648996876,False,0.0,0.0,historical_weather_proxy,verified_historical_demo,,,,,0.10073437725871683,2026-04,2026-02,VOLOGDA-p000-420-no-wind-M-2
2026-04-30,18,2,2,False,-1.3979653863506911,True,0.0,0.0,historical_weather_proxy,verified_historical_demo,,,,,0.011531698959485286,2026-04,2026-02,VOLOGDA-p000-420-no-wind-M-2
2026-04-30,19,2,2,False,-1.6846667119383638,False,0.0,0.0,historical_weather_proxy,verified_historical_demo,,,,,0.009434578325567758,2026-04,2026-02,VOLOGDA-p000-420-no-wind-M-2
2026-04-30,20,2,2,False,-2.870665844574469,False,0.0,0.0,historical_weather_proxy,verified_historical_demo,,,,,0.004112657115235233,2026-04,2026-02,VOLOGDA-p000-420-no-wind-M-2
2026-04-30,21,2,2,False,-1.431372686901352,True,0.0,0.0,historical_weather_proxy,verified_historical_demo,,,,,0.011265121817885637,2026-04,2026-02,VOLOGDA-p000-420-no-wind-M-2
2026-05-04,8,1,2,False,-5.796173288931051,False,1.0,1.0,historical_weather_proxy,verified_historical_demo,,,,,0.0016962111724249556,2026-05,2026-03,VOLOGDA-p000-420-no-wind-M-2
2026-05-04,9,1,2,False,1.9863587117144605,False,1.0,1.0,historical_weather_proxy,verified_historical_demo,,,,,0.12677589741452244,2026-05,2026-03,VOLOGDA-p000-420-no-wind-M-2
2026-05-04,10,1,2,False,3.3245586825992897,True,1.0,1.0,historical_weather_proxy,verified_historical_demo,,,,,0.2661909207542029,2026-05,2026-03,VOLOGDA-p000-420-no-wind-M-2
2026-05-04,11,1,2,True,2.3767987570661724,True,1.0,1.0,historical_weather_proxy,verified_historical_demo,,,,,0.1574094238570922,2026-05,2026-03,VOLOGDA-p000-420-no-wind-M-2
2026-05-04,12,1,2,False,2.197592305714385,False,1.0,1.0,historical_weather_proxy,verified_historical_demo,,,,,0.1425242610689398,2026-05,2026-03,VOLOGDA-p000-420-no-wind-M-2
2026-05-04,13,1,2,False,-0.8185666467386754,False,1.0,1.0,historical_weather_proxy,verified_historical_demo,,,,,0.0267782726755267,2026-05,2026-03,VOLOGDA-p000-420-no-wind-M-2
2026-05-04,14,1,2,False,2.0680491882249594,False,1.0,1.0,historical_weather_proxy,verified_historical_demo,,,,,0.13264862545529227,2026-05,2026-03,VOLOGDA-p000-420-no-wind-M-2
2026-05-04,15,1,2,False,2.0863616872220976,False,1.0,1.0,historical_weather_proxy,verified_historical_demo,,,,,0.13400200038712715,2026-05,2026-03,VOLOGDA-p000-420-no-wind-M-2
2026-05-04,20,2,2,False,-3.773594460622306,True,1.0,1.0,historical_weather_proxy,verified_historical_demo,,,,,0.005204667057923515,2026-05,2026-03,VOLOGDA-p000-420-no-wind-M-2
2026-05-04,21,2,2,False,-3.2993136113523276,True,1.0,1.0,historical_weather_proxy,verified_historical_demo,,,,,0.006769720156948011,2026-05,2026-03,VOLOGDA-p000-420-no-wind-M-2
2026-05-05,8,1,2,False,-5.408919341930801,False,0.0,0.0,historical_weather_proxy,verified_historical_demo,,,,,0.0020411467334249937,2026-05,2026-03,VOLOGDA-p000-420-no-wind-M-2
2026-05-05,9,1,2,True,2.1100987590583746,False,0.0,0.0,historical_weather_proxy,verified_historical_demo,,,,,0.13943382257296588,2026-05,2026-03,VOLOGDA-p000-420-no-wind-M-2
2026-05-05,10,1,2,False,3.358586235118675,True,0.0,0.0,historical_weather_proxy,verified_historical_demo,,,,,0.28117373562000036,2026-05,2026-03,VOLOGDA-p000-420-no-wind-M-2
2026-05-05,11,1,2,False,2.509305314390745,True,0.0,0.0,historical_weather_proxy,verified_historical_demo,,,,,0.17448847805188789,2026-05,2026-03,VOLOGDA-p000-420-no-wind-M-2
2026-05-05,12,1,2,False,1.878333471075413,False,0.0,0.0,historical_weather_proxy,verified_historical_demo,,,,,0.12241141535895753,2026-05,2026-03,VOLOGDA-p000-420-no-wind-M-2
2026-05-05,13,1,2,False,-0.8883300186659882,False,0.0,0.0,historical_weather_proxy,verified_historical_demo,,,,,0.025870804659269973,2026-05,2026-03,VOLOGDA-p000-420-no-wind-M-2
2026-05-05,14,1,2,False,1.9667557899844739,False,0.0,0.0,historical_weather_proxy,verified_historical_demo,,,,,0.12864569048168,2026-05,2026-03,VOLOGDA-p000-420-no-wind-M-2
2026-05-05,15,1,2,False,1.7752590021379189,False,0.0,0.0,historical_weather_proxy,verified_historical_demo,,,,,0.11552440952726109,2026-05,2026-03,VOLOGDA-p000-420-no-wind-M-2
2026-05-05,20,2,2,False,-4.009740393662524,True,0.0,0.0,historical_weather_proxy,verified_historical_demo,,,,,0.004479676230859688,2026-05,2026-03,VOLOGDA-p000-420-no-wind-M-2
2026-05-05,21,2,2,False,-3.5102407800241724,True,0.0,0.0,historical_weather_proxy,verified_historical_demo,,,,,0.005930820763692594,2026-05,2026-03,VOLOGDA-p000-420-no-wind-M-2
2026-05-06,8,1,2,False,-4.945913618045687,False,0.0,0.0,historical_weather_proxy,verified_historical_demo,,,,,0.0020177908991174647,2026-05,2026-03,VOLOGDA-p000-420-no-wind-M-2
2026-05-06,9,1,2,False,2.1518408677646175,False,0.0,0.0,historical_weather_proxy,verified_historical_demo,,,,,0.15065180812248907,2026-05,2026-03,VOLOGDA-p000-420-no-wind-M-2
2026-05-06,10,1,2,False,3.17317331319816,True,0.0,0.0,historical_weather_proxy,verified_historical_demo,,,,,0.2802232032003344,2026-05,2026-03,VOLOGDA-p000-420-no-wind-M-2
2026-05-06,11,1,2,False,2.258687385173181,True,0.0,0.0,historical_weather_proxy,verified_historical_demo,,,,,0.16075746758971993,2026-05,2026-03,VOLOGDA-p000-420-no-wind-M-2
2026-05-06,12,1,2,False,1.5253794448016693,False,0.0,0.0,historical_weather_proxy,verified_historical_demo,,,,,0.10295586933009235,2026-05,2026-03,VOLOGDA-p000-420-no-wind-M-2
2026-05-06,13,1,2,False,-1.045823628869072,False,0.0,0.0,historical_weather_proxy,verified_historical_demo,,,,,0.02158292671296987,2026-05,2026-03,VOLOGDA-p000-420-no-wind-M-2
2026-05-06,14,1,2,True,1.9757411947889678,False,0.0,0.0,historical_weather_proxy,verified_historical_demo,,,,,0.13536351567211014,2026-05,2026-03,VOLOGDA-p000-420-no-wind-M-2
2026-05-06,15,1,2,False,1.977795226429991,False,0.0,0.0,historical_weather_proxy,verified_historical_demo,,,,,0.13553257341736225,2026-05,2026-03,VOLOGDA-p000-420-no-wind-M-2
2026-05-06,20,2,2,False,-3.5943526817796445,True,0.0,0.0,historical_weather_proxy,verified_historical_demo,,,,,0.004587258759565547,2026-05,2026-03,VOLOGDA-p000-420-no-wind-M-2
2026-05-06,21,2,2,False,-3.0650431707812533,True,0.0,0.0,historical_weather_proxy,verified_historical_demo,,,,,0.0063275862962389575,2026-05,2026-03,VOLOGDA-p000-420-no-wind-M-2
2026-05-07,8,1,2,False,-4.582405996407146,False,1.0,1.0,historical_weather_proxy,verified_historical_demo,,,,,0.0021845512885751714,2026-05,2026-03,VOLOGDA-p000-420-no-wind-M-2
2026-05-07,9,1,2,False,2.016225733334349,False,1.0,1.0,historical_weather_proxy,verified_historical_demo,,,,,0.15255055044754393,2026-05,2026-03,VOLOGDA-p000-420-no-wind-M-2
2026-05-07,10,1,2,False,3.0176702438295306,True,1.0,1.0,historical_weather_proxy,verified_historical_demo,,,,,0.2905876446565699,2026-05,2026-03,VOLOGDA-p000-420-no-wind-M-2
2026-05-07,11,1,2,False,1.7223971724118756,False,1.0,1.0,historical_weather_proxy,verified_historical_demo,,,,,0.12627010524745924,2026-05,2026-03,VOLOGDA-p000-420-no-wind-M-2
2026-05-07,12,1,2,False,1.2229836700976988,False,1.0,1.0,historical_weather_proxy,verified_historical_demo,,,,,0.09156607601086914,2026-05,2026-03,VOLOGDA-p000-420-no-wind-M-2
2026-05-07,13,1,2,False,-0.8442551428115483,False,1.0,1.0,historical_weather_proxy,verified_historical_demo,,,,,0.024211667396465374,2026-05,2026-03,VOLOGDA-p000-420-no-wind-M-2
2026-05-07,14,1,2,True,2.11249561401361,True,1.0,1.0,historical_weather_proxy,verified_historical_demo,,,,,0.16229955513170571,2026-05,2026-03,VOLOGDA-p000-420-no-wind-M-2
2026-05-07,15,1,2,False,1.8865770675505933,False,1.0,1.0,historical_weather_proxy,verified_historical_demo,,,,,0.14034023646720847,2026-05,2026-03,VOLOGDA-p000-420-no-wind-M-2
2026-05-07,20,2,2,False,-3.516640533696749,True,1.0,1.0,historical_weather_proxy,verified_historical_demo,,,,,0.0043371128670345585,2026-05,2026-03,VOLOGDA-p000-420-no-wind-M-2
2026-05-07,21,2,2,False,-3.104989440213688,True,1.0,1.0,historical_weather_proxy,verified_historical_demo,,,,,0.005652500486568386,2026-05,2026-03,VOLOGDA-p000-420-no-wind-M-2
2026-05-08,8,1,2,False,-4.832202849243805,False,0.0,0.0,historical_weather_proxy,verified_historical_demo,,,,,0.0022278237943993457,2026-05,2026-03,VOLOGDA-p000-420-no-wind-M-2
2026-05-08,9,1,2,True,2.400879225358251,False,0.0,0.0,historical_weather_proxy,verified_historical_demo,,,,,0.15791963487793348,2026-05,2026-03,VOLOGDA-p000-420-no-wind-M-2
2026-05-08,10,1,2,False,3.6158576003207874,True,0.0,0.0,historical_weather_proxy,verified_historical_demo,,,,,0.32306024507244,2026-05,2026-03,VOLOGDA-p000-420-no-wind-M-2
2026-05-08,11,1,2,False,2.5994275116779537,True,0.0,0.0,historical_weather_proxy,verified_historical_demo,,,,,0.17751453572215203,2026-05,2026-03,VOLOGDA-p000-420-no-wind-M-2
2026-05-08,12,1,2,False,1.931351211278547,False,0.0,0.0,historical_weather_proxy,verified_historical_demo,,,,,0.11975930181576826,2026-05,2026-03,VOLOGDA-p000-420-no-wind-M-2
2026-05-08,13,1,2,False,-1.13368910017169,False,0.0,0.0,historical_weather_proxy,verified_historical_demo,,,,,0.019684794127011844,2026-05,2026-03,VOLOGDA-p000-420-no-wind-M-2
2026-05-08,14,1,2,False,1.610541068119297,False,0.0,0.0,historical_weather_proxy,verified_historical_demo,,,,,0.09913596895268559,2026-05,2026-03,VOLOGDA-p000-420-no-wind-M-2
2026-05-08,15,1,2,False,1.4570898771875753,False,0.0,0.0,historical_weather_proxy,verified_historical_demo,,,,,0.09056729121579331,2026-05,2026-03,VOLOGDA-p000-420-no-wind-M-2
2026-05-08,20,2,2,False,-3.7519169936972983,True,0.0,0.0,historical_weather_proxy,verified_historical_demo,,,,,0.004209860252202967,2026-05,2026-03,VOLOGDA-p000-420-no-wind-M-2
2026-05-08,21,2,2,False,-3.173076863996937,True,0.0,0.0,historical_weather_proxy,verified_historical_demo,,,,,0.005920544169613171,2026-05,2026-03,VOLOGDA-p000-420-no-wind-M-2
2026-05-12,8,1,2,False,-4.745034864732789,False,1.0,1.0,historical_weather_proxy,verified_historical_demo,,,,,0.0021128001055162327,2026-05,2026-03,VOLOGDA-p000-420-no-wind-M-2
2026-05-12,9,1,2,False,2.185262499772229,False,1.0,1.0,historical_weather_proxy,verified_historical_demo,,,,,0.1425162907839647,2026-05,2026-03,VOLOGDA-p000-420-no-wind-M-2
2026-05-12,10,1,2,False,3.6574257974470723,True,1.0,1.0,historical_weather_proxy,verified_historical_demo,,,,,0.34865008893455873,2026-05,2026-03,VOLOGDA-p000-420-no-wind-M-2
2026-05-12,11,1,2,True,2.5804117859748517,True,1.0,1.0,historical_weather_proxy,verified_historical_demo,,,,,0.1811966419148581,2026-05,2026-03,VOLOGDA-p000-420-no-wind-M-2
2026-05-12,12,1,2,False,1.8210408661405948,False,1.0,1.0,historical_weather_proxy,verified_historical_demo,,,,,0.11421973101812535,2026-05,2026-03,VOLOGDA-p000-420-no-wind-M-2
2026-05-12,13,1,2,False,-1.2249077570432025,False,1.0,1.0,historical_weather_proxy,verified_historical_demo,,,,,0.01794200878549285,2026-05,2026-03,VOLOGDA-p000-420-no-wind-M-2
2026-05-12,14,1,2,False,1.3661281021598297,False,1.0,1.0,historical_weather_proxy,verified_historical_demo,,,,,0.08663293929401063,2026-05,2026-03,VOLOGDA-p000-420-no-wind-M-2
2026-05-12,15,1,2,False,1.5409086790142612,False,1.0,1.0,historical_weather_proxy,verified_historical_demo,,,,,0.09634078516874946,2026-05,2026-03,VOLOGDA-p000-420-no-wind-M-2
2026-05-12,20,2,2,False,-3.4176520271558735,True,1.0,1.0,historical_weather_proxy,verified_historical_demo,,,,,0.00473340880161235,2026-05,2026-03,VOLOGDA-p000-420-no-wind-M-2
2026-05-12,21,2,2,False,-3.124822238870558,True,1.0,1.0,historical_weather_proxy,verified_historical_demo,,,,,0.005655305193111613,2026-05,2026-03,VOLOGDA-p000-420-no-wind-M-2
2026-05-13,8,1,2,False,-5.517140676720161,False,0.0,0.0,historical_weather_proxy,verified_historical_demo,,,,,0.001969449057392851,2026-05,2026-03,VOLOGDA-p000-420-no-wind-M-2
2026-05-13,9,1,2,False,2.0111225696033412,False,0.0,0.0,historical_weather_proxy,verified_historical_demo,,,,,0.1301302068813363,2026-05,2026-03,VOLOGDA-p000-420-no-wind-M-2
2026-05-13,10,1,2,False,3.2749555953674516,True,0.0,0.0,historical_weather_proxy,verified_historical_demo,,,,,0.26297984643657196,2026-05,2026-03,VOLOGDA-p000-420-no-wind-M-2
2026-05-13,11,1,2,False,2.4649223403130893,True,0.0,0.0,historical_weather_proxy,verified_historical_demo,,,,,0.16752853075222016,2026-05,2026-03,VOLOGDA-p000-420-no-wind-M-2
2026-05-13,12,1,2,False,1.622911727859111,False,0.0,0.0,historical_weather_proxy,verified_historical_demo,,,,,0.10483933176179938,2026-05,2026-03,VOLOGDA-p000-420-no-wind-M-2
2026-05-13,13,1,2,False,-0.7901659105146612,False,0.0,0.0,historical_weather_proxy,verified_historical_demo,,,,,0.02736140857522836,2026-05,2026-03,VOLOGDA-p000-420-no-wind-M-2
2026-05-13,14,1,2,True,2.260860195101166,False,0.0,0.0,historical_weather_proxy,verified_historical_demo,,,,,0.149539079632962,2026-05,2026-03,VOLOGDA-p000-420-no-wind-M-2
2026-05-13,15,1,2,False,2.206761480205438,False,0.0,0.0,historical_weather_proxy,verified_historical_demo,,,,,0.14510280063390743,2026-05,2026-03,VOLOGDA-p000-420-no-wind-M-2
2026-05-13,20,2,2,False,-3.8700883421650376,True,0.0,0.0,historical_weather_proxy,verified_historical_demo,,,,,0.00492647430130473,2026-05,2026-03,VOLOGDA-p000-420-no-wind-M-2
2026-05-13,21,2,2,False,-3.632571966384073,True,0.0,0.0,historical_weather_proxy,verified_historical_demo,,,,,0.00562287196727678,2026-05,2026-03,VOLOGDA-p000-420-no-wind-M-2
2026-05-14,8,1,2,False,-5.558577683007786,False,1.0,1.0,historical_weather_proxy,verified_historical_demo,,,,,0.0022463374643026442,2026-05,2026-03,VOLOGDA-p000-420-no-wind-M-2
2026-05-14,9,1,2,False,2.0701667286868592,False,1.0,1.0,historical_weather_proxy,verified_historical_demo,,,,,0.1316043783159001,2026-05,2026-03,VOLOGDA-p000-420-no-wind-M-2
2026-05-14,10,1,2,False,3.350113728607942,True,1.0,1.0,historical_weather_proxy,verified_historical_demo,,,,,0.26053745926569427,2026-05,2026-03,VOLOGDA-p000-420-no-wind-M-2
2026-05-14,11,1,2,False,2.327217581501728,False,1.0,1.0,historical_weather_proxy,verified_historical_demo,,,,,0.15095109705872356,2026-05,2026-03,VOLOGDA-p000-420-no-wind-M-2
2026-05-14,12,1,2,False,1.908337127229131,False,1.0,1.0,historical_weather_proxy,verified_historical_demo,,,,,0.12071739442505136,2026-05,2026-03,VOLOGDA-p000-420-no-wind-M-2
2026-05-14,13,1,2,False,-0.9273490089133252,False,1.0,1.0,historical_weather_proxy,verified_historical_demo,,,,,0.026586511857816686,2026-05,2026-03,VOLOGDA-p000-420-no-wind-M-2
2026-05-14,14,1,2,True,2.458555867617148,True,1.0,1.0,historical_weather_proxy,verified_historical_demo,,,,,0.16190902610726604,2026-05,2026-03,VOLOGDA-p000-420-no-wind-M-2
2026-05-14,15,1,2,False,2.128331913194116,False,1.0,1.0,historical_weather_proxy,verified_historical_demo,,,,,0.13575281764391148,2026-05,2026-03,VOLOGDA-p000-420-no-wind-M-2
2026-05-14,20,2,2,False,-4.260170051660851,True,1.0,1.0,historical_weather_proxy,verified_historical_demo,,,,,0.004491099585305396,2026-05,2026-03,VOLOGDA-p000-420-no-wind-M-2
2026-05-14,21,2,2,False,-3.9840947200974486,True,1.0,1.0,historical_weather_proxy,verified_historical_demo,,,,,0.005203878276028476,2026-05,2026-03,VOLOGDA-p000-420-no-wind-M-2
2026-05-15,8,1,2,False,-6.32687256580683,False,0.0,1.0,historical_weather_proxy,verified_historical_demo,,,,,0.0020082996388581784,2026-05,2026-03,VOLOGDA-p000-420-no-wind-M-2
2026-05-15,9,1,2,False,2.116267277043262,False,0.0,1.0,historical_weather_proxy,verified_historical_demo,,,,,0.1278744680615084,2026-05,2026-03,VOLOGDA-p000-420-no-wind-M-2
2026-05-15,10,1,2,False,3.3819437115160316,True,0.0,1.0,historical_weather_proxy,verified_historical_demo,,,,,0.2383457313508674,2026-05,2026-03,VOLOGDA-p000-420-no-wind-M-2
2026-05-15,11,1,2,False,2.798290516611766,True,0.0,1.0,historical_weather_proxy,verified_historical_demo,,,,,0.17885638414006355,2026-05,2026-03,VOLOGDA-p000-420-no-wind-M-2
2026-05-15,12,1,2,False,2.3019407712234314,False,0.0,1.0,historical_weather_proxy,verified_historical_demo,,,,,0.14010534649411607,2026-05,2026-03,VOLOGDA-p000-420-no-wind-M-2
2026-05-15,13,1,2,False,-0.718234998142876,False,0.0,1.0,historical_weather_proxy,verified_historical_demo,,,,,0.03170779738989388,2026-05,2026-03,VOLOGDA-p000-420-no-wind-M-2
2026-05-15,14,1,2,False,2.3657789413738572,False,0.0,1.0,historical_weather_proxy,verified_historical_demo,,,,,0.14457537488824743,2026-05,2026-03,VOLOGDA-p000-420-no-wind-M-2
2026-05-15,15,1,2,False,2.0904025537038224,False,0.0,1.0,historical_weather_proxy,verified_historical_demo,,,,,0.12625762088134568,2026-05,2026-03,VOLOGDA-p000-420-no-wind-M-2
2026-05-15,20,2,2,False,-4.575466601231509,True,0.0,1.0,historical_weather_proxy,verified_historical_demo,,,,,0.004753709941178885,2026-05,2026-03,VOLOGDA-p000-420-no-wind-M-2
2026-05-15,21,2,2,True,-4.273425544458114,True,0.0,1.0,historical_weather_proxy,verified_historical_demo,,,,,0.005515267213920587,2026-05,2026-03,VOLOGDA-p000-420-no-wind-M-2
2026-05-18,8,1,2,False,-7.442646799765373,False,0.0,0.0,historical_weather_proxy,verified_historical_demo,,,,,0.0017241553000226333,2026-05,2026-03,VOLOGDA-p000-420-no-wind-M-2
2026-05-18,9,1,2,False,1.4570711056064913,False,0.0,0.0,historical_weather_proxy,verified_historical_demo,,,,,0.08465550074571189,2026-05,2026-03,VOLOGDA-p000-420-no-wind-M-2
2026-05-18,10,1,2,False,3.369514372905814,True,0.0,0.0,historical_weather_proxy,verified_historical_demo,,,,,0.19545548158010098,2026-05,2026-03,VOLOGDA-p000-420-no-wind-M-2
2026-05-18,11,1,2,False,2.9895835862573126,False,0.0,0.0,historical_weather_proxy,verified_historical_demo,,,,,0.1655218581865155,2026-05,2026-03,VOLOGDA-p000-420-no-wind-M-2
2026-05-18,12,1,2,False,2.7257732062804854,False,0.0,0.0,historical_weather_proxy,verified_historical_demo,,,,,0.14747807367719487,2026-05,2026-03,VOLOGDA-p000-420-no-wind-M-2
2026-05-18,13,1,2,False,0.287397268550061,False,0.0,0.0,historical_weather_proxy,verified_historical_demo,,,,,0.05074575903454364,2026-05,2026-03,VOLOGDA-p000-420-no-wind-M-2
2026-05-18,14,1,2,False,3.075079560371707,True,0.0,0.0,historical_weather_proxy,verified_historical_demo,,,,,0.171830739900475,2026-05,2026-03,VOLOGDA-p000-420-no-wind-M-2
2026-05-18,15,1,2,True,3.070722742118069,False,0.0,0.0,historical_weather_proxy,verified_historical_demo,,,,,0.17150350491233865,2026-05,2026-03,VOLOGDA-p000-420-no-wind-M-2
2026-05-18,20,2,2,False,-4.994788412080197,True,0.0,0.0,historical_weather_proxy,verified_historical_demo,,,,,0.005031597486377906,2026-05,2026-03,VOLOGDA-p000-420-no-wind-M-2
2026-05-18,21,2,2,False,-4.572250971298717,True,0.0,0.0,historical_weather_proxy,verified_historical_demo,,,,,0.006053329176718875,2026-05,2026-03,VOLOGDA-p000-420-no-wind-M-2
2026-05-19,8,1,2,False,-6.985628460673065,False,1.0,1.0,historical_weather_proxy,verified_historical_demo,,,,,0.0017205825888753142,2026-05,2026-03,VOLOGDA-p000-420-no-wind-M-2
2026-05-19,9,1,2,False,1.533664287047364,False,1.0,1.0,historical_weather_proxy,verified_historical_demo,,,,,0.09361133933090122,2026-05,2026-03,VOLOGDA-p000-420-no-wind-M-2
2026-05-19,10,1,2,True,3.423436394426335,True,1.0,1.0,historical_weather_proxy,verified_historical_demo,,,,,0.22716195375720313,2026-05,2026-03,VOLOGDA-p000-420-no-wind-M-2
2026-05-19,11,1,2,False,3.053918652509972,True,1.0,1.0,historical_weather_proxy,verified_historical_demo,,,,,0.1910086301497981,2026-05,2026-03,VOLOGDA-p000-420-no-wind-M-2
2026-05-19,12,1,2,False,2.427583558226257,False,1.0,1.0,historical_weather_proxy,verified_historical_demo,,,,,0.14237982678322839,2026-05,2026-03,VOLOGDA-p000-420-no-wind-M-2
2026-05-19,13,1,2,False,-0.2359533154469395,False,1.0,1.0,historical_weather_proxy,verified_historical_demo,,,,,0.04081319982408781,2026-05,2026-03,VOLOGDA-p000-420-no-wind-M-2
2026-05-19,14,1,2,False,2.5377181645594864,False,1.0,1.0,historical_weather_proxy,verified_historical_demo,,,,,0.14992926392625172,2026-05,2026-03,VOLOGDA-p000-420-no-wind-M-2
2026-05-19,15,1,2,False,2.4239372862650894,False,1.0,1.0,historical_weather_proxy,verified_historical_demo,,,,,0.14213649369191367,2026-05,2026-03,VOLOGDA-p000-420-no-wind-M-2
2026-05-19,20,2,2,False,-4.693777160119673,True,1.0,1.0,historical_weather_proxy,verified_historical_demo,,,,,0.005041956292432372,2026-05,2026-03,VOLOGDA-p000-420-no-wind-M-2
2026-05-19,21,2,2,False,-4.254154836675616,True,1.0,1.0,historical_weather_proxy,verified_historical_demo,,,,,0.006196753655308181,2026-05,2026-03,VOLOGDA-p000-420-no-wind-M-2
2026-05-20,8,1,2,False,-7.027694272809217,False,0.0,0.0,historical_weather_proxy,verified_historical_demo,,,,,0.0019359716118643056,2026-05,2026-03,VOLOGDA-p000-420-no-wind-M-2
2026-05-20,9,1,2,False,1.7152147211030218,False,0.0,0.0,historical_weather_proxy,verified_historical_demo,,,,,0.0966904014919109,2026-05,2026-03,VOLOGDA-p000-420-no-wind-M-2
2026-05-20,10,1,2,False,3.3546276618254494,True,0.0,0.0,historical_weather_proxy,verified_historical_demo,,,,,0.2013130887002288,2026-05,2026-03,VOLOGDA-p000-420-no-wind-M-2
2026-05-20,11,1,2,False,3.0478373864410555,True,0.0,0.0,historical_weather_proxy,verified_historical_demo,,,,,0.17549788409436626,2026-05,2026-03,VOLOGDA-p000-420-no-wind-M-2
2026-05-20,12,1,2,True,2.348828223242602,False,0.0,0.0,historical_weather_proxy,verified_historical_demo,,,,,0.12837351082494594,2026-05,2026-03,VOLOGDA-p000-420-no-wind-M-2
2026-05-20,13,1,2,False,-0.22511616303144763,False,0.0,0.0,historical_weather_proxy,verified_historical_demo,,,,,0.040591528484000446,2026-05,2026-03,VOLOGDA-p000-420-no-wind-M-2
2026-05-20,14,1,2,False,3.037206589530137,False,0.0,0.0,historical_weather_proxy,verified_historical_demo,,,,,0.17466530254717505,2026-05,2026-03,VOLOGDA-p000-420-no-wind-M-2
2026-05-20,15,1,2,False,2.984770742586411,False,0.0,0.0,historical_weather_proxy,verified_historical_demo,,,,,0.17061606908798788,2026-05,2026-03,VOLOGDA-p000-420-no-wind-M-2
2026-05-20,20,2,2,False,-5.026880166068864,True,0.0,0.0,historical_weather_proxy,verified_historical_demo,,,,,0.004738021368536594,2026-05,2026-03,VOLOGDA-p000-420-no-wind-M-2
2026-05-20,21,2,2,False,-4.661930427625033,True,0.0,0.0,historical_weather_proxy,verified_historical_demo,,,,,0.005578221788983814,2026-05,2026-03,VOLOGDA-p000-420-no-wind-M-2
2026-05-21,8,1,2,False,-7.0567166268171695,False,0.0,0.0,historical_weather_proxy,verified_historical_demo,,,,,0.001908853857414615,2026-05,2026-03,VOLOGDA-p000-420-no-wind-M-2
2026-05-21,9,1,2,False,1.6681760262299927,False,0.0,0.0,historical_weather_proxy,verified_historical_demo,,,,,0.09764982632865009,2026-05,2026-03,VOLOGDA-p000-420-no-wind-M-2
2026-05-21,10,1,2,False,3.32076741543187,True,0.0,0.0,historical_weather_proxy,verified_historical_demo,,,,,0.2057575837329433,2026-05,2026-03,VOLOGDA-p000-420-no-wind-M-2
2026-05-21,11,1,2,False,2.707433616758087,False,0.0,0.0,historical_weather_proxy,verified_historical_demo,,,,,0.15603620843642824,2026-05,2026-03,VOLOGDA-p000-420-no-wind-M-2
2026-05-21,12,1,2,False,2.409899680813566,False,0.0,0.0,historical_weather_proxy,verified_historical_demo,,,,,0.13644228469181593,2026-05,2026-03,VOLOGDA-p000-420-no-wind-M-2
2026-05-21,13,1,2,False,-0.23404754807470293,False,0.0,0.0,historical_weather_proxy,verified_historical_demo,,,,,0.041408829757320645,2026-05,2026-03,VOLOGDA-p000-420-no-wind-M-2
2026-05-21,14,1,2,False,3.130206008407368,True,0.0,0.0,historical_weather_proxy,verified_historical_demo,,,,,0.1888128690906089,2026-05,2026-03,VOLOGDA-p000-420-no-wind-M-2
2026-05-21,15,1,2,True,2.7845163887033983,False,0.0,0.0,historical_weather_proxy,verified_historical_demo,,,,,0.16155603484339745,2026-05,2026-03,VOLOGDA-p000-420-no-wind-M-2
2026-05-21,20,2,2,False,-5.069673120982174,True,0.0,0.0,historical_weather_proxy,verified_historical_demo,,,,,0.004676968354981092,2026-05,2026-03,VOLOGDA-p000-420-no-wind-M-2
2026-05-21,21,2,2,False,-4.61147800326403,True,0.0,0.0,historical_weather_proxy,verified_historical_demo,,,,,0.005750540906439767,2026-05,2026-03,VOLOGDA-p000-420-no-wind-M-2
2026-05-22,8,1,2,False,-7.070737858295118,False,1.0,1.0,historical_weather_proxy,verified_historical_demo,,,,,0.001942206048579046,2026-05,2026-03,VOLOGDA-p000-420-no-wind-M-2
2026-05-22,9,1,2,False,1.9983441142518488,False,1.0,1.0,historical_weather_proxy,verified_historical_demo,,,,,0.11127747839689783,2026-05,2026-03,VOLOGDA-p000-420-no-wind-M-2
2026-05-22,10,1,2,False,3.5171833716004777,True,1.0,1.0,historical_weather_proxy,verified_historical_demo,,,,,0.21920278193509424,2026-05,2026-03,VOLOGDA-p000-420-no-wind-M-2
2026-05-22,11,1,2,True,3.1531494129775806,True,1.0,1.0,historical_weather_proxy,verified_historical_demo,,,,,0.1863267682821341,2026-05,2026-03,VOLOGDA-p000-420-no-wind-M-2
2026-05-22,12,1,2,False,2.6039358566794304,False,1.0,1.0,historical_weather_proxy,verified_historical_demo,,,,,0.14581625438904017,2026-05,2026-03,VOLOGDA-p000-420-no-wind-M-2
2026-05-22,13,1,2,False,-0.5018610601070432,False,1.0,1.0,historical_weather_proxy,verified_historical_demo,,,,,0.03645214468601018,2026-05,2026-03,VOLOGDA-p000-420-no-wind-M-2
2026-05-22,14,1,2,False,2.641916141463696,False,1.0,1.0,historical_weather_proxy,verified_historical_demo,,,,,0.14830941143347337,2026-05,2026-03,VOLOGDA-p000-420-no-wind-M-2
2026-05-22,15,1,2,False,2.5177120753179527,False,1.0,1.0,historical_weather_proxy,verified_historical_demo,,,,,0.14031069912167357,2026-05,2026-03,VOLOGDA-p000-420-no-wind-M-2
2026-05-22,20,2,2,False,-5.008815866150942,True,1.0,1.0,historical_weather_proxy,verified_historical_demo,,,,,0.004875452099863948,2026-05,2026-03,VOLOGDA-p000-420-no-wind-M-2
2026-05-22,21,2,2,False,-4.744165537652982,True,1.0,1.0,historical_weather_proxy,verified_historical_demo,,,,,0.00548680360723361,2026-05,2026-03,VOLOGDA-p000-420-no-wind-M-2
2026-05-25,8,1,2,False,-6.334793382193701,False,1.0,1.0,historical_weather_proxy,verified_historical_demo,,,,,0.0017562755525765068,2026-05,2026-03,VOLOGDA-p000-420-no-wind-M-2
2026-05-25,9,1,2,False,1.6241575042027516,False,1.0,1.0,historical_weather_proxy,verified_historical_demo,,,,,0.11122467984334776,2026-05,2026-03,VOLOGDA-p000-420-no-wind-M-2
2026-05-25,10,1,2,False,3.0262916633697854,True,1.0,1.0,historical_weather_proxy,verified_historical_demo,,,,,0.23098928999885876,2026-05,2026-03,VOLOGDA-p000-420-no-wind-M-2
2026-05-25,11,1,2,True,2.3220558280735295,True,1.0,1.0,historical_weather_proxy,verified_historical_demo,,,,,0.16002182403406393,2026-05,2026-03,VOLOGDA-p000-420-no-wind-M-2
2026-05-25,12,1,2,False,2.1547366483562316,False,1.0,1.0,historical_weather_proxy,verified_historical_demo,,,,,0.14665754757338528,2026-05,2026-03,VOLOGDA-p000-420-no-wind-M-2
2026-05-25,13,1,2,False,-0.49479192877110045,False,1.0,1.0,historical_weather_proxy,verified_historical_demo,,,,,0.036859576688957264,2026-05,2026-03,VOLOGDA-p000-420-no-wind-M-2
2026-05-25,14,1,2,False,2.2144471141161426,False,1.0,1.0,historical_weather_proxy,verified_historical_demo,,,,,0.15129362627072485,2026-05,2026-03,VOLOGDA-p000-420-no-wind-M-2
2026-05-25,15,1,2,False,2.1973931515176575,False,1.0,1.0,historical_weather_proxy,verified_historical_demo,,,,,0.1499547591788422,2026-05,2026-03,VOLOGDA-p000-420-no-wind-M-2
2026-05-25,20,2,2,False,-4.359456781816841,True,1.0,1.0,historical_weather_proxy,verified_historical_demo,,,,,0.004917392883491965,2026-05,2026-03,VOLOGDA-p000-420-no-wind-M-2
2026-05-25,21,2,2,False,-3.8764814093974347,True,1.0,1.0,historical_weather_proxy,verified_historical_demo,,,,,0.00632502797575155,2026-05,2026-03,VOLOGDA-p000-420-no-wind-M-2
2026-05-26,8,1,2,False,-5.064444647563463,False,0.0,0.0,historical_weather_proxy,verified_historical_demo,,,,,0.002026682059575742,2026-05,2026-03,VOLOGDA-p000-420-no-wind-M-2
2026-05-26,9,1,2,False,1.8608073030495185,False,0.0,0.0,historical_weather_proxy,verified_historical_demo,,,,,0.1383523034373786,2026-05,2026-03,VOLOGDA-p000-420-no-wind-M-2
2026-05-26,10,1,2,False,3.244993782933175,True,0.0,0.0,historical_weather_proxy,verified_historical_demo,,,,,0.321808666520238,2026-05,2026-03,VOLOGDA-p000-420-no-wind-M-2
2026-05-26,11,1,2,False,2.2446943074705374,True,0.0,0.0,historical_weather_proxy,verified_historical_demo,,,,,0.17484834121037215,2026-05,2026-03,VOLOGDA-p000-420-no-wind-M-2
2026-05-26,12,1,2,True,1.4947839075943552,False,0.0,0.0,historical_weather_proxy,verified_historical_demo,,,,,0.11067322665144838,2026-05,2026-03,VOLOGDA-p000-420-no-wind-M-2
2026-05-26,13,1,2,False,-1.1584598230487129,False,0.0,0.0,historical_weather_proxy,verified_historical_demo,,,,,0.021943841590320767,2026-05,2026-03,VOLOGDA-p000-420-no-wind-M-2
2026-05-26,14,1,2,False,1.5051684593912866,False,0.0,0.0,historical_weather_proxy,verified_historical_demo,,,,,0.11137635279600176,2026-05,2026-03,VOLOGDA-p000-420-no-wind-M-2
2026-05-26,15,1,2,False,1.4623131260957891,False,0.0,0.0,historical_weather_proxy,verified_historical_demo,,,,,0.10850317867323786,2026-05,2026-03,VOLOGDA-p000-420-no-wind-M-2
2026-05-26,20,2,2,False,-3.6759941703153602,True,0.0,0.0,historical_weather_proxy,verified_historical_demo,,,,,0.004726354729427532,2026-05,2026-03,VOLOGDA-p000-420-no-wind-M-2
2026-05-26,21,2,2,False,-3.3570853880139317,True,0.0,0.0,historical_weather_proxy,verified_historical_demo,,,,,0.005741052331999175,2026-05,2026-03,VOLOGDA-p000-420-no-wind-M-2
2026-05-27,8,1,2,False,-4.924278327287671,False,0.0,0.0,historical_weather_proxy,verified_historical_demo,,,,,0.0021857051199176197,2026-05,2026-03,VOLOGDA-p000-420-no-wind-M-2
2026-05-27,9,1,2,False,2.0921517930569085,False,0.0,0.0,historical_weather_proxy,verified_historical_demo,,,,,0.14450044835232229,2026-05,2026-03,VOLOGDA-p000-420-no-wind-M-2
2026-05-27,10,1,2,False,3.253177551166917,True,0.0,0.0,historical_weather_proxy,verified_historical_demo,,,,,0.2891178866548113,2026-05,2026-03,VOLOGDA-p000-420-no-wind-M-2
2026-05-27,11,1,2,False,2.3004765394897406,True,0.0,0.0,historical_weather_proxy,verified_historical_demo,,,,,0.16364963339738323,2026-05,2026-03,VOLOGDA-p000-420-no-wind-M-2
2026-05-27,12,1,2,False,1.5173003526550177,False,0.0,0.0,historical_weather_proxy,verified_historical_demo,,,,,0.10250264278139717,2026-05,2026-03,VOLOGDA-p000-420-no-wind-M-2
2026-05-27,13,1,2,False,-0.9234631177239399,False,0.0,0.0,historical_weather_proxy,verified_historical_demo,,,,,0.02385206592599219,2026-05,2026-03,VOLOGDA-p000-420-no-wind-M-2
2026-05-27,14,1,2,True,1.980631474915337,False,0.0,0.0,historical_weather_proxy,verified_historical_demo,,,,,0.1351877676074879,2026-05,2026-03,VOLOGDA-p000-420-no-wind-M-2
2026-05-27,15,1,2,False,1.9032266229664212,False,0.0,0.0,historical_weather_proxy,verified_historical_demo,,,,,0.12907918030441193,2026-05,2026-03,VOLOGDA-p000-420-no-wind-M-2
2026-05-27,20,2,2,False,-3.6611198879541096,True,0.0,0.0,historical_weather_proxy,verified_historical_demo,,,,,0.004648295105678336,2026-05,2026-03,VOLOGDA-p000-420-no-wind-M-2
2026-05-27,21,2,2,False,-3.448955584810581,True,0.0,0.0,historical_weather_proxy,verified_historical_demo,,,,,0.005276374750598092,2026-05,2026-03,VOLOGDA-p000-420-no-wind-M-2
2026-05-28,8,1,2,False,-4.978329063716642,False,1.0,1.0,historical_weather_proxy,verified_historical_demo,,,,,0.001981706421342406,2026-05,2026-03,VOLOGDA-p000-420-no-wind-M-2
2026-05-28,9,1,2,False,2.012003552887625,False,1.0,1.0,historical_weather_proxy,verified_historical_demo,,,,,0.14645247642156056,2026-05,2026-03,VOLOGDA-p000-420-no-wind-M-2
2026-05-28,10,1,2,True,3.154591047444867,True,1.0,1.0,historical_weather_proxy,verified_historical_demo,,,,,0.29589217805856655,2026-05,2026-03,VOLOGDA-p000-420-no-wind-M-2
2026-05-28,11,1,2,False,2.0258340142366524,True,1.0,1.0,historical_weather_proxy,verified_historical_demo,,,,,0.14770455277347347,2026-05,2026-03,VOLOGDA-p000-420-no-wind-M-2
2026-05-28,12,1,2,False,1.5501798046430884,False,1.0,1.0,historical_weather_proxy,verified_historical_demo,,,,,0.11021529916671402,2026-05,2026-03,VOLOGDA-p000-420-no-wind-M-2
2026-05-28,13,1,2,False,-1.1018908826279177,False,1.0,1.0,historical_weather_proxy,verified_historical_demo,,,,,0.021542182821437567,2026-05,2026-03,VOLOGDA-p000-420-no-wind-M-2
2026-05-28,14,1,2,False,1.9311650414999832,False,1.0,1.0,historical_weather_proxy,verified_historical_demo,,,,,0.13934357523851076,2026-05,2026-03,VOLOGDA-p000-420-no-wind-M-2
2026-05-28,15,1,2,False,1.768149349770124,False,1.0,1.0,historical_weather_proxy,verified_historical_demo,,,,,0.12604033687589158,2026-05,2026-03,VOLOGDA-p000-420-no-wind-M-2
2026-05-28,20,2,2,False,-3.466371297652071,True,1.0,1.0,historical_weather_proxy,verified_historical_demo,,,,,0.005025927641716308,2026-05,2026-03,VOLOGDA-p000-420-no-wind-M-2
2026-05-28,21,2,2,False,-3.2331533779306025,True,1.0,1.0,historical_weather_proxy,verified_historical_demo,,,,,0.005801764580786833,2026-05,2026-03,VOLOGDA-p000-420-no-wind-M-2
2026-05-29,8,1,2,False,-4.993778783276059,False,1.0,1.0,historical_weather_proxy,verified_historical_demo,,,,,0.0019353275334389672,2026-05,2026-03,VOLOGDA-p000-420-no-wind-M-2
2026-05-29,9,1,2,False,2.219105015576284,False,1.0,1.0,historical_weather_proxy,verified_historical_demo,,,,,0.15301803507270662,2026-05,2026-03,VOLOGDA-p000-420-no-wind-M-2
2026-05-29,10,1,2,False,3.403814008696822,True,1.0,1.0,historical_weather_proxy,verified_historical_demo,,,,,0.3136788859040867,2026-05,2026-03,VOLOGDA-p000-420-no-wind-M-2
2026-05-29,11,1,2,True,2.5164789270506422,True,1.0,1.0,historical_weather_proxy,verified_historical_demo,,,,,0.18322856300347365,2026-05,2026-03,VOLOGDA-p000-420-no-wind-M-2
2026-05-29,12,1,2,False,1.85299800215714,False,1.0,1.0,historical_weather_proxy,verified_historical_demo,,,,,0.12257608151928544,2026-05,2026-03,VOLOGDA-p000-420-no-wind-M-2
2026-05-29,13,1,2,False,-1.199274662029097,False,1.0,1.0,historical_weather_proxy,verified_historical_demo,,,,,0.019285680951383083,2026-05,2026-03,VOLOGDA-p000-420-no-wind-M-2
2026-05-29,14,1,2,False,1.5056983729954692,False,1.0,1.0,historical_weather_proxy,verified_historical_demo,,,,,0.09931567430350775,2026-05,2026-03,VOLOGDA-p000-420-no-wind-M-2
2026-05-29,15,1,2,False,1.4461013300980443,False,1.0,1.0,historical_weather_proxy,verified_historical_demo,,,,,0.09579338349698902,2026-05,2026-03,VOLOGDA-p000-420-no-wind-M-2
2026-05-29,20,2,2,False,-3.4299953212766114,True,1.0,1.0,historical_weather_proxy,verified_historical_demo,,,,,0.004991674597119022,2026-05,2026-03,VOLOGDA-p000-420-no-wind-M-2
2026-05-29,21,2,2,False,-3.078432330358597,True,1.0,1.0,historical_weather_proxy,verified_historical_demo,,,,,0.006176693618009858,2026-05,2026-03,VOLOGDA-p000-420-no-wind-M-2
2026-06-01,8,1,2,False,-6.672324783667577,False,0.0,0.0,historical_weather_proxy,verified_historical_demo,,,,,0.0010790096751110082,2026-06,2026-04,VOLOGDA-p000-420-no-wind-M-2
2026-06-01,9,1,2,False,1.2092968165218174,False,0.0,0.0,historical_weather_proxy,verified_historical_demo,,,,,0.07408040052537473,2026-06,2026-04,VOLOGDA-p000-420-no-wind-M-2
2026-06-01,10,1,2,False,2.803645532953268,True,0.0,0.0,historical_weather_proxy,verified_historical_demo,,,,,0.1742766477607532,2026-06,2026-04,VOLOGDA-p000-420-no-wind-M-2
2026-06-01,11,1,2,True,2.501129740892777,False,0.0,0.0,historical_weather_proxy,verified_historical_demo,,,,,0.148164115546507,2026-06,2026-04,VOLOGDA-p000-420-no-wind-M-2
2026-06-01,12,1,2,False,2.5565513302744276,True,0.0,0.0,historical_weather_proxy,verified_historical_demo,,,,,0.15263639229265225,2026-06,2026-04,VOLOGDA-p000-420-no-wind-M-2
2026-06-01,13,1,2,False,0.1319310141813965,False,0.0,0.0,historical_weather_proxy,verified_historical_demo,,,,,0.041556745537305845,2026-06,2026-04,VOLOGDA-p000-420-no-wind-M-2
2026-06-01,14,1,2,False,2.5158207219969024,False,0.0,0.0,historical_weather_proxy,verified_historical_demo,,,,,0.14933668837830227,2026-06,2026-04,VOLOGDA-p000-420-no-wind-M-2
2026-06-01,15,1,2,False,2.419444990842135,False,0.0,0.0,historical_weather_proxy,verified_historical_demo,,,,,0.14181030462385547,2026-06,2026-04,VOLOGDA-p000-420-no-wind-M-2
2026-06-01,16,1,2,False,1.8932244888082694,False,0.0,0.0,historical_weather_proxy,verified_historical_demo,,,,,0.10692543947044705,2026-06,2026-04,VOLOGDA-p000-420-no-wind-M-2
2026-06-01,20,2,2,False,-3.793961225031666,True,0.0,0.0,historical_weather_proxy,verified_historical_demo,,,,,0.005055673914720871,2026-06,2026-04,VOLOGDA-p000-420-no-wind-M-2
2026-06-01,21,2,2,False,-3.7855356464713035,True,0.0,0.0,historical_weather_proxy,verified_historical_demo,,,,,0.005078582274970268,2026-06,2026-04,VOLOGDA-p000-420-no-wind-M-2
2026-06-02,8,1,2,False,-5.553863778518271,False,1.0,1.0,historical_weather_proxy,verified_historical_demo,,,,,0.0013813390476160685,2026-06,2026-04,VOLOGDA-p000-420-no-wind-M-2
2026-06-02,9,1,2,False,1.6143585833958989,False,1.0,1.0,historical_weather_proxy,verified_historical_demo,,,,,0.1031627391677168,2026-06,2026-04,VOLOGDA-p000-420-no-wind-M-2
2026-06-02,10,1,2,False,3.0396857951556266,True,1.0,1.0,historical_weather_proxy,verified_historical_demo,,,,,0.24321697762700617,2026-06,2026-04,VOLOGDA-p000-420-no-wind-M-2
2026-06-02,11,1,2,True,2.286746889007446,True,1.0,1.0,historical_weather_proxy,verified_historical_demo,,,,,0.15460854998370782,2026-06,2026-04,VOLOGDA-p000-420-no-wind-M-2
2026-06-02,12,1,2,False,1.9680001129991327,False,1.0,1.0,historical_weather_proxy,verified_historical_demo,,,,,0.12762553916424477,2026-06,2026-04,VOLOGDA-p000-420-no-wind-M-2
2026-06-02,13,1,2,False,-0.3595933490742119,False,1.0,1.0,historical_weather_proxy,verified_historical_demo,,,,,0.03145455116956791,2026-06,2026-04,VOLOGDA-p000-420-no-wind-M-2
2026-06-02,14,1,2,False,1.8731483695363527,False,1.0,1.0,historical_weather_proxy,verified_historical_demo,,,,,0.12054539703659088,2026-06,2026-04,VOLOGDA-p000-420-no-wind-M-2
2026-06-02,15,1,2,False,1.8108862229924667,False,1.0,1.0,historical_weather_proxy,verified_historical_demo,,,,,0.11611279795963773,2026-06,2026-04,VOLOGDA-p000-420-no-wind-M-2
2026-06-02,16,1,2,False,1.4502078419937678,False,1.0,1.0,historical_weather_proxy,verified_historical_demo,,,,,0.09346014988873981,2026-06,2026-04,VOLOGDA-p000-420-no-wind-M-2
2026-06-02,20,2,2,False,-3.6512264033934203,True,1.0,1.0,historical_weather_proxy,verified_historical_demo,,,,,0.00434013776332895,2026-06,2026-04,VOLOGDA-p000-420-no-wind-M-2
2026-06-02,21,2,2,False,-3.7491391446037325,True,1.0,1.0,historical_weather_proxy,verified_historical_demo,,,,,0.004091821191843052,2026-06,2026-04,VOLOGDA-p000-420-no-wind-M-2
2026-06-03,8,1,2,False,-6.277562415476009,False,1.0,1.0,historical_weather_proxy,verified_historical_demo,,,,,0.0012859090493345857,2026-06,2026-04,VOLOGDA-p000-420-no-wind-M-2
2026-06-03,9,1,2,False,1.2203182460882736,False,1.0,1.0,historical_weather_proxy,verified_historical_demo,,,,,0.07427446470046828,2026-06,2026-04,VOLOGDA-p000-420-no-wind-M-2
2026-06-03,10,1,2,False,2.9823924664608126,True,1.0,1.0,historical_weather_proxy,verified_historical_demo,,,,,0.1926812208884217,2026-06,2026-04,VOLOGDA-p000-420-no-wind-M-2
2026-06-03,11,1,2,False,2.4204313299975855,False,1.0,1.0,historical_weather_proxy,verified_historical_demo,,,,,0.14216950599131337,2026-06,2026-04,VOLOGDA-p000-420-no-wind-M-2
2026-06-03,12,1,2,False,2.06874969502637,False,1.0,1.0,historical_weather_proxy,verified_historical_demo,,,,,0.1175381227786075,2026-06,2026-04,VOLOGDA-p000-420-no-wind-M-2
2026-06-03,13,1,2,False,0.024671163634043907,False,1.0,1.0,historical_weather_proxy,verified_historical_demo,,,,,0.03889751841107406,2026-06,2026-04,VOLOGDA-p000-420-no-wind-M-2
2026-06-03,14,1,2,True,2.6531428655350013,True,1.0,1.0,historical_weather_proxy,verified_historical_demo,,,,,0.16124345615151434,2026-06,2026-04,VOLOGDA-p000-420-no-wind-M-2
2026-06-03,15,1,2,False,2.4826560333293015,False,1.0,1.0,historical_weather_proxy,verified_historical_demo,,,,,0.14703684208423462,2026-06,2026-04,VOLOGDA-p000-420-no-wind-M-2
2026-06-03,16,1,2,False,2.045105830122262,False,1.0,1.0,historical_weather_proxy,verified_historical_demo,,,,,0.1160442476454603,2026-06,2026-04,VOLOGDA-p000-420-no-wind-M-2
2026-06-03,20,2,2,False,-3.9500278055463243,True,1.0,1.0,historical_weather_proxy,verified_historical_demo,,,,,0.004529655749938881,2026-06,2026-04,VOLOGDA-p000-420-no-wind-M-2
2026-06-03,21,2,2,False,-4.046610103265114,True,1.0,1.0,historical_weather_proxy,verified_historical_demo,,,,,0.004299056549632289,2026-06,2026-04,VOLOGDA-p000-420-no-wind-M-2
2026-06-04,8,1,2,False,-5.639537549128747,False,1.0,1.0,historical_weather_proxy,verified_historical_demo,,,,,0.0013566727252629998,2026-06,2026-04,VOLOGDA-p000-420-no-wind-M-2
2026-06-04,9,1,2,False,1.3368900484316084,False,1.0,1.0,historical_weather_proxy,verified_historical_demo,,,,,0.08054537630736618,2026-06,2026-04,VOLOGDA-p000-420-no-wind-M-2
2026-06-04,10,1,2,True,2.956248107074676,True,1.0,1.0,historical_weather_proxy,verified_historical_demo,,,,,0.2078346819551032,2026-06,2026-04,VOLOGDA-p000-420-no-wind-M-2
2026-06-04,11,1,2,False,2.202222866731197,False,1.0,1.0,historical_weather_proxy,verified_historical_demo,,,,,0.13366809807410762,2026-06,2026-04,VOLOGDA-p000-420-no-wind-M-2
2026-06-04,12,1,2,False,2.11566694620359,False,1.0,1.0,historical_weather_proxy,verified_historical_demo,,,,,0.127064226777117,2026-06,2026-04,VOLOGDA-p000-420-no-wind-M-2
2026-06-04,13,1,2,False,-0.24861068320464424,False,1.0,1.0,historical_weather_proxy,verified_historical_demo,,,,,0.03183981282758177,2026-06,2026-04,VOLOGDA-p000-420-no-wind-M-2
2026-06-04,14,1,2,False,2.566812491868334,True,1.0,1.0,historical_weather_proxy,verified_historical_demo,,,,,0.16546825575076315,2026-06,2026-04,VOLOGDA-p000-420-no-wind-M-2
2026-06-04,15,1,2,False,2.152040876264482,False,1.0,1.0,historical_weather_proxy,verified_historical_demo,,,,,0.12979870897974266,2026-06,2026-04,VOLOGDA-p000-420-no-wind-M-2
2026-06-04,16,1,2,False,1.92741438331451,False,1.0,1.0,historical_weather_proxy,verified_historical_demo,,,,,0.11380602198447808,2026-06,2026-04,VOLOGDA-p000-420-no-wind-M-2
2026-06-04,20,2,2,False,-3.6460531773214315,True,1.0,1.0,historical_weather_proxy,verified_historical_demo,,,,,0.004357765558556475,2026-06,2026-04,VOLOGDA-p000-420-no-wind-M-2
2026-06-04,21,2,2,False,-3.684663516959855,True,1.0,1.0,historical_weather_proxy,verified_historical_demo,,,,,0.0042603790599207445,2026-06,2026-04,VOLOGDA-p000-420-no-wind-M-2
2026-06-05,8,1,2,False,-6.159890110463706,False,0.0,0.0,historical_weather_proxy,verified_historical_demo,,,,,0.0012773458108092228,2026-06,2026-04,VOLOGDA-p000-420-no-wind-M-2
2026-06-05,9,1,2,True,1.5182173793416376,False,0.0,0.0,historical_weather_proxy,verified_historical_demo,,,,,0.08395724455781386,2026-06,2026-04,VOLOGDA-p000-420-no-wind-M-2
2026-06-05,10,1,2,False,3.2727002737552504,True,0.0,0.0,historical_weather_proxy,verified_historical_demo,,,,,0.21848536198408675,2026-06,2026-04,VOLOGDA-p000-420-no-wind-M-2
2026-06-05,11,1,2,False,2.9018233985420268,True,0.0,0.0,historical_weather_proxy,verified_historical_demo,,,,,0.17849221814545996,2026-06,2026-04,VOLOGDA-p000-420-no-wind-M-2
2026-06-05,12,1,2,False,2.3431950638574155,False,0.0,0.0,historical_weather_proxy,verified_historical_demo,,,,,0.13163370431990332,2026-06,2026-04,VOLOGDA-p000-420-no-wind-M-2
2026-06-05,13,1,2,False,-0.17129781059303836,False,0.0,0.0,historical_weather_proxy,verified_historical_demo,,,,,0.033425256947411545,2026-06,2026-04,VOLOGDA-p000-420-no-wind-M-2
2026-06-05,14,1,2,False,2.4159866993549644,False,0.0,0.0,historical_weather_proxy,verified_historical_demo,,,,,0.13696201036444122,2026-06,2026-04,VOLOGDA-p000-420-no-wind-M-2
2026-06-05,15,1,2,False,2.157949084671596,False,0.0,0.0,historical_weather_proxy,verified_historical_demo,,,,,0.11899018424884363,2026-06,2026-04,VOLOGDA-p000-420-no-wind-M-2
2026-06-05,16,1,2,False,1.601290561551032,False,0.0,0.0,historical_weather_proxy,verified_historical_demo,,,,,0.08784666839797164,2026-06,2026-04,VOLOGDA-p000-420-no-wind-M-2
2026-06-05,20,2,2,False,-3.8980236897894485,True,0.0,0.0,historical_weather_proxy,verified_historical_demo,,,,,0.004383216417055462,2026-06,2026-04,VOLOGDA-p000-420-no-wind-M-2
2026-06-05,21,2,2,False,-3.830812547234975,True,0.0,0.0,historical_weather_proxy,verified_historical_demo,,,,,0.004546788806203299,2026-06,2026-04,VOLOGDA-p000-420-no-wind-M-2
2026-06-08,8,1,2,False,-8.404711853849125,False,0.0,0.0,historical_weather_proxy,verified_historical_demo,,,,,0.001121787931785297,2026-06,2026-04,VOLOGDA-p000-420-no-wind-M-2
2026-06-08,9,1,2,False,0.4227377855699539,False,0.0,0.0,historical_weather_proxy,verified_historical_demo,,,,,0.045911725673014214,2026-06,2026-04,VOLOGDA-p000-420-no-wind-M-2
2026-06-08,10,1,2,False,3.1659124268232133,False,0.0,0.0,historical_weather_proxy,verified_historical_demo,,,,,0.14550059440618235,2026-06,2026-04,VOLOGDA-p000-420-no-wind-M-2
2026-06-08,11,1,2,False,3.1793628013712207,False,0.0,0.0,historical_weather_proxy,verified_historical_demo,,,,,0.14632582776609596,2026-06,2026-04,VOLOGDA-p000-420-no-wind-M-2
2026-06-08,12,1,2,False,3.3456803105156774,False,0.0,0.0,historical_weather_proxy,verified_historical_demo,,,,,0.15692525318839323,2026-06,2026-04,VOLOGDA-p000-420-no-wind-M-2
2026-06-08,13,1,2,False,1.0059306661790375,False,0.0,0.0,historical_weather_proxy,verified_historical_demo,,,,,0.0586708798320272,2026-06,2026-04,VOLOGDA-p000-420-no-wind-M-2
2026-06-08,14,1,2,False,3.4769801778009692,True,0.0,0.0,historical_weather_proxy,verified_historical_demo,,,,,0.16583262939714835,2026-06,2026-04,VOLOGDA-p000-420-no-wind-M-2
2026-06-08,15,1,2,False,3.387494611740826,True,0.0,0.0,historical_weather_proxy,verified_historical_demo,,,,,0.15970874627589507,2026-06,2026-04,VOLOGDA-p000-420-no-wind-M-2
2026-06-08,16,1,2,True,2.5050947860641455,False,0.0,0.0,historical_weather_proxy,verified_historical_demo,,,,,0.1102022450497713,2026-06,2026-04,VOLOGDA-p000-420-no-wind-M-2
2026-06-08,20,2,2,False,-4.853741152770401,True,0.0,0.0,historical_weather_proxy,verified_historical_demo,,,,,0.004993056796224382,2026-06,2026-04,VOLOGDA-p000-420-no-wind-M-2
2026-06-08,21,2,2,False,-4.943928632010517,True,0.0,0.0,historical_weather_proxy,verified_historical_demo,,,,,0.004807253683462694,2026-06,2026-04,VOLOGDA-p000-420-no-wind-M-2
2026-06-09,8,1,2,False,-7.592256457696904,False,0.0,0.0,historical_weather_proxy,verified_historical_demo,,,,,0.001150394625192669,2026-06,2026-04,VOLOGDA-p000-420-no-wind-M-2
2026-06-09,9,1,2,False,0.6271940209501121,False,0.0,0.0,historical_weather_proxy,verified_historical_demo,,,,,0.0531936860621205,2026-06,2026-04,VOLOGDA-p000-420-no-wind-M-2
2026-06-09,10,1,2,False,3.309275239797827,True,0.0,0.0,historical_weather_proxy,verified_historical_demo,,,,,0.18585275519854152,2026-06,2026-04,VOLOGDA-p000-420-no-wind-M-2
2026-06-09,11,1,2,True,2.8733963764885866,False,0.0,0.0,historical_weather_proxy,verified_historical_demo,,,,,0.15166070379000066,2026-06,2026-04,VOLOGDA-p000-420-no-wind-M-2
2026-06-09,12,1,2,False,2.7346897456943577,False,0.0,0.0,historical_weather_proxy,verified_historical_demo,,,,,0.14215930088765183,2026-06,2026-04,VOLOGDA-p000-420-no-wind-M-2
2026-06-09,13,1,2,False,0.3653488230896632,False,0.0,0.0,historical_weather_proxy,verified_historical_demo,,,,,0.04707801369740632,2026-06,2026-04,VOLOGDA-p000-420-no-wind-M-2
2026-06-09,14,1,2,False,2.9120706594935517,True,0.0,0.0,historical_weather_proxy,verified_historical_demo,,,,,0.15442133851432838,2026-06,2026-04,VOLOGDA-p000-420-no-wind-M-2
2026-06-09,15,1,2,False,2.759117753855934,False,0.0,0.0,historical_weather_proxy,verified_historical_demo,,,,,0.14378833609871725,2026-06,2026-04,VOLOGDA-p000-420-no-wind-M-2
2026-06-09,16,1,2,False,2.2059006567845425,False,0.0,0.0,historical_weather_proxy,verified_historical_demo,,,,,0.11108579499136288,2026-06,2026-04,VOLOGDA-p000-420-no-wind-M-2
2026-06-09,20,2,2,False,-4.571719054266596,True,0.0,0.0,historical_weather_proxy,verified_historical_demo,,,,,0.0047067030212929704,2026-06,2026-04,VOLOGDA-p000-420-no-wind-M-2
2026-06-09,21,2,2,False,-4.4841309407281384,True,0.0,0.0,historical_weather_proxy,verified_historical_demo,,,,,0.004902973113385,2026-06,2026-04,VOLOGDA-p000-420-no-wind-M-2
2026-06-10,8,1,2,False,-7.817717341987627,False,0.0,0.0,historical_weather_proxy,verified_historical_demo,,,,,0.001176643768641116,2026-06,2026-04,VOLOGDA-p000-420-no-wind-M-2
2026-06-10,9,1,2,False,0.5242376737700081,False,0.0,0.0,historical_weather_proxy,verified_historical_demo,,,,,0.046665462863543186,2026-06,2026-04,VOLOGDA-p000-420-no-wind-M-2
2026-06-10,10,1,2,True,3.070431537220687,False,0.0,0.0,historical_weather_proxy,verified_historical_demo,,,,,0.14350138366993168,2026-06,2026-04,VOLOGDA-p000-420-no-wind-M-2
2026-06-10,11,1,2,False,2.984417051875606,False,0.0,0.0,historical_weather_proxy,verified_historical_demo,,,,,0.1381577918363746,2026-06,2026-04,VOLOGDA-p000-420-no-wind-M-2
2026-06-10,12,1,2,False,2.840641954013257,False,0.0,0.0,historical_weather_proxy,verified_historical_demo,,,,,0.12966642079073293,2026-06,2026-04,VOLOGDA-p000-420-no-wind-M-2
2026-06-10,13,1,2,False,0.8543679961417526,False,0.0,0.0,historical_weather_proxy,verified_historical_demo,,,,,0.05398210478957985,2026-06,2026-04,VOLOGDA-p000-420-no-wind-M-2
2026-06-10,14,1,2,False,3.5164128497421947,True,0.0,0.0,historical_weather_proxy,verified_historical_demo,,,,,0.17470599935866982,2026-06,2026-04,VOLOGDA-p000-420-no-wind-M-2
2026-06-10,15,1,2,False,3.4296291696458145,True,0.0,0.0,historical_weather_proxy,verified_historical_demo,,,,,0.16814336432076166,2026-06,2026-04,VOLOGDA-p000-420-no-wind-M-2
2026-06-10,16,1,2,False,2.924559313652918,False,0.0,0.0,historical_weather_proxy,verified_historical_demo,,,,,0.13455703571795197,2026-06,2026-04,VOLOGDA-p000-420-no-wind-M-2
2026-06-10,20,2,2,False,-4.686794332616116,True,0.0,0.0,historical_weather_proxy,verified_historical_demo,,,,,0.004683190856954757,2026-06,2026-04,VOLOGDA-p000-420-no-wind-M-2
2026-06-10,21,2,2,False,-4.6496342207848755,True,0.0,0.0,historical_weather_proxy,verified_historical_demo,,,,,0.004760602026858534,2026-06,2026-04,VOLOGDA-p000-420-no-wind-M-2
2026-06-11,8,1,2,False,-6.635149868027348,False,1.0,1.0,historical_weather_proxy,verified_historical_demo,,,,,0.0014021024355959477,2026-06,2026-04,VOLOGDA-p000-420-no-wind-M-2
2026-06-11,9,1,2,False,0.8070555920265522,False,1.0,1.0,historical_weather_proxy,verified_historical_demo,,,,,0.05637045854638668,2026-06,2026-04,VOLOGDA-p000-420-no-wind-M-2
2026-06-11,10,1,2,False,2.836149775788957,False,1.0,1.0,historical_weather_proxy,verified_historical_demo,,,,,0.15433033302379626,2026-06,2026-04,VOLOGDA-p000-420-no-wind-M-2
2026-06-11,11,1,2,False,2.5459134496321796,False,1.0,1.0,historical_weather_proxy,verified_historical_demo,,,,,0.133624711427532,2026-06,2026-04,VOLOGDA-p000-420-no-wind-M-2
2026-06-11,12,1,2,False,2.610591645726248,False,1.0,1.0,historical_weather_proxy,verified_historical_demo,,,,,0.1379841088603221,2026-06,2026-04,VOLOGDA-p000-420-no-wind-M-2
2026-06-11,13,1,2,False,0.43346480328814146,False,1.0,1.0,historical_weather_proxy,verified_historical_demo,,,,,0.04682942555941364,2026-06,2026-04,VOLOGDA-p000-420-no-wind-M-2
2026-06-11,14,1,2,False,3.196787331368967,True,1.0,1.0,historical_weather_proxy,verified_historical_demo,,,,,0.1845830336021524,2026-06,2026-04,VOLOGDA-p000-420-no-wind-M-2
2026-06-11,15,1,2,True,2.8465977395319957,True,1.0,1.0,historical_weather_proxy,verified_historical_demo,,,,,0.15513275262420526,2026-06,2026-04,VOLOGDA-p000-420-no-wind-M-2
2026-06-11,16,1,2,False,2.354389701951127,False,1.0,1.0,historical_weather_proxy,verified_historical_demo,,,,,0.12150695818783977,2026-06,2026-04,VOLOGDA-p000-420-no-wind-M-2
2026-06-11,20,2,2,False,-4.43760177993802,True,1.0,1.0,historical_weather_proxy,verified_historical_demo,,,,,0.00417341980295546,2026-06,2026-04,VOLOGDA-p000-420-no-wind-M-2
2026-06-11,21,2,2,False,-4.491774794189814,True,1.0,1.0,historical_weather_proxy,verified_historical_demo,,,,,0.004062695929800544,2026-06,2026-04,VOLOGDA-p000-420-no-wind-M-2
2026-06-15,8,1,2,False,-7.57092408426526,False,1.0,1.0,historical_weather_proxy,verified_historical_demo,,,,,0.0012116703847014625,2026-06,2026-04,VOLOGDA-p000-420-no-wind-M-2
2026-06-15,9,1,2,False,0.9188977163160228,False,1.0,1.0,historical_weather_proxy,verified_historical_demo,,,,,0.06654933937998171,2026-06,2026-04,VOLOGDA-p000-420-no-wind-M-2
2026-06-15,10,1,2,False,2.6132469069232753,False,1.0,1.0,historical_weather_proxy,verified_historical_demo,,,,,0.1480317143220637,2026-06,2026-04,VOLOGDA-p000-420-no-wind-M-2
2026-06-15,11,1,2,False,2.348898086905479,False,1.0,1.0,historical_weather_proxy,verified_historical_demo,,,,,0.13067232875459367,2026-06,2026-04,VOLOGDA-p000-420-no-wind-M-2
2026-06-15,12,1,2,False,2.5690221284565125,False,1.0,1.0,historical_weather_proxy,verified_historical_demo,,,,,0.14497465934908332,2026-06,2026-04,VOLOGDA-p000-420-no-wind-M-2
2026-06-15,13,1,2,False,0.4366240997107298,False,1.0,1.0,historical_weather_proxy,verified_historical_demo,,,,,0.05300475367698218,2026-06,2026-04,VOLOGDA-p000-420-no-wind-M-2
2026-06-15,14,1,2,True,2.837144851124144,True,1.0,1.0,historical_weather_proxy,verified_historical_demo,,,,,0.16452677842829908,2026-06,2026-04,VOLOGDA-p000-420-no-wind-M-2
2026-06-15,15,1,2,False,2.8071185023887826,True,1.0,1.0,historical_weather_proxy,verified_historical_demo,,,,,0.16221219693391364,2026-06,2026-04,VOLOGDA-p000-420-no-wind-M-2
2026-06-15,16,1,2,False,2.1625948618121718,False,1.0,1.0,historical_weather_proxy,verified_historical_demo,,,,,0.11967565854968486,2026-06,2026-04,VOLOGDA-p000-420-no-wind-M-2
2026-06-15,20,2,2,False,-4.589200618963497,True,1.0,1.0,historical_weather_proxy,verified_historical_demo,,,,,0.004947753288822088,2026-06,2026-04,VOLOGDA-p000-420-no-wind-M-2
2026-06-15,21,2,2,False,-4.939907840359988,True,1.0,1.0,historical_weather_proxy,verified_historical_demo,,,,,0.004193146931874249,2026-06,2026-04,VOLOGDA-p000-420-no-wind-M-2
2026-06-16,8,1,2,False,-6.474161829044422,False,1.0,1.0,historical_weather_proxy,verified_historical_demo,,,,,0.001192315989211496,2026-06,2026-04,VOLOGDA-p000-420-no-wind-M-2
2026-06-16,9,1,2,False,1.266037086768498,False,1.0,1.0,historical_weather_proxy,verified_historical_demo,,,,,0.08603789432594094,2026-06,2026-04,VOLOGDA-p000-420-no-wind-M-2
2026-06-16,10,1,2,True,2.9248125346062133,True,1.0,1.0,historical_weather_proxy,verified_historical_demo,,,,,0.21524611537412136,2026-06,2026-04,VOLOGDA-p000-420-no-wind-M-2
2026-06-16,11,1,2,False,2.294220798946592,True,1.0,1.0,historical_weather_proxy,verified_historical_demo,,,,,0.15189388710970253,2026-06,2026-04,VOLOGDA-p000-420-no-wind-M-2
2026-06-16,12,1,2,False,2.010437114070553,False,1.0,1.0,historical_weather_proxy,verified_historical_demo,,,,,0.12983995495461328,2026-06,2026-04,VOLOGDA-p000-420-no-wind-M-2
2026-06-16,13,1,2,False,-0.2198172210845395,False,1.0,1.0,historical_weather_proxy,verified_historical_demo,,,,,0.037840758546953825,2026-06,2026-04,VOLOGDA-p000-420-no-wind-M-2
2026-06-16,14,1,2,False,2.1532335185845555,False,1.0,1.0,historical_weather_proxy,verified_historical_demo,,,,,0.14050490871970614,2026-06,2026-04,VOLOGDA-p000-420-no-wind-M-2
2026-06-16,15,1,2,False,2.0064045943441733,False,1.0,1.0,historical_weather_proxy,verified_historical_demo,,,,,0.12955083378252938,2026-06,2026-04,VOLOGDA-p000-420-no-wind-M-2
2026-06-16,16,1,2,False,1.5118212924790062,False,1.0,1.0,historical_weather_proxy,verified_historical_demo,,,,,0.09855953452927481,2026-06,2026-04,VOLOGDA-p000-420-no-wind-M-2
2026-06-16,20,2,2,False,-4.020858089859625,True,1.0,1.0,historical_weather_proxy,verified_historical_demo,,,,,0.0046279696023608825,2026-06,2026-04,VOLOGDA-p000-420-no-wind-M-2
2026-06-16,21,2,2,False,-3.990679220770674,True,1.0,1.0,historical_weather_proxy,verified_historical_demo,,,,,0.004705827065585255,2026-06,2026-04,VOLOGDA-p000-420-no-wind-M-2
2026-06-17,8,1,2,False,-6.54181307842371,False,1.0,1.0,historical_weather_proxy,verified_historical_demo,,,,,0.001444981026578646,2026-06,2026-04,VOLOGDA-p000-420-no-wind-M-2
2026-06-17,9,1,2,False,1.2771857609884516,False,1.0,1.0,historical_weather_proxy,verified_historical_demo,,,,,0.07800854918614113,2026-06,2026-04,VOLOGDA-p000-420-no-wind-M-2
2026-06-17,10,1,2,True,2.7967180813542303,True,1.0,1.0,historical_weather_proxy,verified_historical_demo,,,,,0.16935220963824832,2026-06,2026-04,VOLOGDA-p000-420-no-wind-M-2
2026-06-17,11,1,2,False,2.3898982894871588,False,1.0,1.0,historical_weather_proxy,verified_historical_demo,,,,,0.13761346756916773,2026-06,2026-04,VOLOGDA-p000-420-no-wind-M-2
2026-06-17,12,1,2,False,2.041088632162588,False,1.0,1.0,historical_weather_proxy,verified_historical_demo,,,,,0.1151815748945057,2026-06,2026-04,VOLOGDA-p000-420-no-wind-M-2
2026-06-17,13,1,2,False,0.08024119089849502,False,1.0,1.0,historical_weather_proxy,verified_historical_demo,,,,,0.042360595902074645,2026-06,2026-04,VOLOGDA-p000-420-no-wind-M-2
2026-06-17,14,1,2,False,2.6791662406944017,False,1.0,1.0,historical_weather_proxy,verified_historical_demo,,,,,0.15949517333686425,2026-06,2026-04,VOLOGDA-p000-420-no-wind-M-2
2026-06-17,15,1,2,False,2.69979654181335,True,1.0,1.0,historical_weather_proxy,verified_historical_demo,,,,,0.16118259281491265,2026-06,2026-04,VOLOGDA-p000-420-no-wind-M-2
2026-06-17,16,1,2,False,2.23615193336835,False,1.0,1.0,historical_weather_proxy,verified_historical_demo,,,,,0.12723271932367453,2026-06,2026-04,VOLOGDA-p000-420-no-wind-M-2
2026-06-17,20,2,2,False,-4.308087848568129,True,1.0,1.0,historical_weather_proxy,verified_historical_demo,,,,,0.0045158395450456395,2026-06,2026-04,VOLOGDA-p000-420-no-wind-M-2
2026-06-17,21,2,2,False,-4.745714350512662,True,1.0,1.0,historical_weather_proxy,verified_historical_demo,,,,,0.003612296762786785,2026-06,2026-04,VOLOGDA-p000-420-no-wind-M-2
2026-06-18,8,1,2,False,-6.063750837980283,False,1.0,1.0,historical_weather_proxy,verified_historical_demo,,,,,0.0014894642786390689,2026-06,2026-04,VOLOGDA-p000-420-no-wind-M-2
2026-06-18,9,1,2,False,1.275656140554001,False,1.0,1.0,historical_weather_proxy,verified_historical_demo,,,,,0.07664968310264113,2026-06,2026-04,VOLOGDA-p000-420-no-wind-M-2
2026-06-18,10,1,2,False,2.8525989569799415,True,1.0,1.0,historical_weather_proxy,verified_historical_demo,,,,,0.17874689625471255,2026-06,2026-04,VOLOGDA-p000-420-no-wind-M-2
2026-06-18,11,1,2,False,2.2826518431874563,False,1.0,1.0,historical_weather_proxy,verified_historical_demo,,,,,0.13162313622156505,2026-06,2026-04,VOLOGDA-p000-420-no-wind-M-2
2026-06-18,12,1,2,False,2.2031583162129755,False,1.0,1.0,historical_weather_proxy,verified_historical_demo,,,,,0.12612323341879306,2026-06,2026-04,VOLOGDA-p000-420-no-wind-M-2
2026-06-18,13,1,2,False,-0.05252583172364702,False,1.0,1.0,historical_weather_proxy,verified_historical_demo,,,,,0.037565648736372706,2026-06,2026-04,VOLOGDA-p000-420-no-wind-M-2
2026-06-18,14,1,2,True,2.910384159950349,True,1.0,1.0,historical_weather_proxy,verified_historical_demo,,,,,0.18437985628644446,2026-06,2026-04,VOLOGDA-p000-420-no-wind-M-2
2026-06-18,15,1,2,False,2.444046984746921,False,1.0,1.0,historical_weather_proxy,verified_historical_demo,,,,,0.1435383847422424,2026-06,2026-04,VOLOGDA-p000-420-no-wind-M-2
2026-06-18,16,1,2,False,1.9809414412669173,False,1.0,1.0,historical_weather_proxy,verified_historical_demo,,,,,0.11193765983125151,2026-06,2026-04,VOLOGDA-p000-420-no-wind-M-2
2026-06-18,20,2,2,False,-4.199928115253393,True,1.0,1.0,historical_weather_proxy,verified_historical_demo,,,,,0.00405187387174337,2026-06,2026-04,VOLOGDA-p000-420-no-wind-M-2
2026-06-18,21,2,2,False,-4.2738666356947475,True,1.0,1.0,historical_weather_proxy,verified_historical_demo,,,,,0.0038941632555948044,2026-06,2026-04,VOLOGDA-p000-420-no-wind-M-2
2026-06-19,8,1,2,False,-6.383158480173656,False,0.0,0.0,historical_weather_proxy,verified_historical_demo,,,,,0.0013616936386966494,2026-06,2026-04,VOLOGDA-p000-420-no-wind-M-2
2026-06-19,9,1,2,False,1.173776199470257,False,0.0,0.0,historical_weather_proxy,verified_historical_demo,,,,,0.0752563460696231,2026-06,2026-04,VOLOGDA-p000-420-no-wind-M-2
2026-06-19,10,1,2,False,2.998250718876622,True,0.0,0.0,historical_weather_proxy,verified_historical_demo,,,,,0.19825630851866805,2026-06,2026-04,VOLOGDA-p000-420-no-wind-M-2
2026-06-19,11,1,2,False,2.7233710524525985,True,0.0,0.0,historical_weather_proxy,verified_historical_demo,,,,,0.17133487867158753,2026-06,2026-04,VOLOGDA-p000-420-no-wind-M-2
2026-06-19,12,1,2,True,2.407263283515285,False,0.0,0.0,historical_weather_proxy,verified_historical_demo,,,,,0.1448632583214883,2026-06,2026-04,VOLOGDA-p000-420-no-wind-M-2
2026-06-19,13,1,2,False,-0.07760612379766256,False,0.0,0.0,historical_weather_proxy,verified_historical_demo,,,,,0.038725921122361194,2026-06,2026-04,VOLOGDA-p000-420-no-wind-M-2
2026-06-19,14,1,2,False,2.3590605065458528,False,0.0,0.0,historical_weather_proxy,verified_historical_demo,,,,,0.1412029415495953,2026-06,2026-04,VOLOGDA-p000-420-no-wind-M-2
2026-06-19,15,1,2,False,2.08710226700356,False,0.0,0.0,historical_weather_proxy,verified_historical_demo,,,,,0.12221826861251757,2026-06,2026-04,VOLOGDA-p000-420-no-wind-M-2
2026-06-19,16,1,2,False,1.677717751918406,False,0.0,0.0,historical_weather_proxy,verified_historical_demo,,,,,0.09834244897231974,2026-06,2026-04,VOLOGDA-p000-420-no-wind-M-2
2026-06-19,20,2,2,False,-4.23056509347485,True,0.0,0.0,historical_weather_proxy,verified_historical_demo,,,,,0.00426992576232893,2026-06,2026-04,VOLOGDA-p000-420-no-wind-M-2
2026-06-19,21,2,2,False,-4.276066816102062,True,0.0,0.0,historical_weather_proxy,verified_historical_demo,,,,,0.004168008760813586,2026-06,2026-04,VOLOGDA-p000-420-no-wind-M-2
2026-06-22,8,1,2,False,-8.789999876681527,False,1.0,1.0,historical_weather_proxy,verified_historical_demo,,,,,0.0012204753382659285,2026-06,2026-04,VOLOGDA-p000-420-no-wind-M-2
2026-06-22,9,1,2,False,0.5153111140461928,False,1.0,1.0,historical_weather_proxy,verified_historical_demo,,,,,0.050792192620629784,2026-06,2026-04,VOLOGDA-p000-420-no-wind-M-2
2026-06-22,10,1,2,False,2.9649447662069495,False,1.0,1.0,historical_weather_proxy,verified_historical_demo,,,,,0.13554112397257778,2026-06,2026-04,VOLOGDA-p000-420-no-wind-M-2
2026-06-22,11,1,2,False,3.066046843092347,False,1.0,1.0,historical_weather_proxy,verified_historical_demo,,,,,0.14114464537479293,2026-06,2026-04,VOLOGDA-p000-420-no-wind-M-2
2026-06-22,12,1,2,False,3.321626200645268,False,1.0,1.0,historical_weather_proxy,verified_historical_demo,,,,,0.15636486197684357,2026-06,2026-04,VOLOGDA-p000-420-no-wind-M-2
2026-06-22,13,1,2,False,1.0556835148388966,False,1.0,1.0,historical_weather_proxy,verified_historical_demo,,,,,0.06307105735866161,2026-06,2026-04,VOLOGDA-p000-420-no-wind-M-2
2026-06-22,14,1,2,False,3.4936458212062136,True,1.0,1.0,historical_weather_proxy,verified_historical_demo,,,,,0.16752253600896766,2026-06,2026-04,VOLOGDA-p000-420-no-wind-M-2
2026-06-22,15,1,2,True,3.4976058561757597,True,1.0,1.0,historical_weather_proxy,verified_historical_demo,,,,,0.16778855973767093,2026-06,2026-04,VOLOGDA-p000-420-no-wind-M-2
2026-06-22,16,1,2,False,2.3860036339960713,False,1.0,1.0,historical_weather_proxy,verified_historical_demo,,,,,0.10747968290815677,2026-06,2026-04,VOLOGDA-p000-420-no-wind-M-2
2026-06-22,20,2,2,False,-5.436262168552407,True,1.0,1.0,historical_weather_proxy,verified_historical_demo,,,,,0.004678764770095486,2026-06,2026-04,VOLOGDA-p000-420-no-wind-M-2
2026-06-22,21,2,2,False,-5.59178659773684,True,1.0,1.0,historical_weather_proxy,verified_historical_demo,,,,,0.004396099933337541,2026-06,2026-04,VOLOGDA-p000-420-no-wind-M-2
2026-06-23,8,1,2,False,-6.782426991600022,False,0.0,0.0,historical_weather_proxy,verified_historical_demo,,,,,0.001348865265524421,2026-06,2026-04,VOLOGDA-p000-420-no-wind-M-2
2026-06-23,9,1,2,True,1.392031233186544,False,0.0,0.0,historical_weather_proxy,verified_historical_demo,,,,,0.08578155729066614,2026-06,2026-04,VOLOGDA-p000-420-no-wind-M-2
2026-06-23,10,1,2,False,3.0818909866270623,True,0.0,0.0,historical_weather_proxy,verified_historical_demo,,,,,0.2023978535553306,2026-06,2026-04,VOLOGDA-p000-420-no-wind-M-2
2026-06-23,11,1,2,False,2.5641539354889242,True,0.0,0.0,historical_weather_proxy,verified_historical_demo,,,,,0.15559092049786352,2026-06,2026-04,VOLOGDA-p000-420-no-wind-M-2
2026-06-23,12,1,2,False,2.502611533783293,False,0.0,0.0,historical_weather_proxy,verified_historical_demo,,,,,0.15080194511540834,2026-06,2026-04,VOLOGDA-p000-420-no-wind-M-2
2026-06-23,13,1,2,False,-0.02802945854915974,False,0.0,0.0,historical_weather_proxy,verified_historical_demo,,,,,0.041696945253159354,2026-06,2026-04,VOLOGDA-p000-420-no-wind-M-2
2026-06-23,14,1,2,False,2.239489976126857,False,0.0,0.0,historical_weather_proxy,verified_historical_demo,,,,,0.13193433290520976,2026-06,2026-04,VOLOGDA-p000-420-no-wind-M-2
2026-06-23,15,1,2,False,2.1466925155106518,False,0.0,0.0,historical_weather_proxy,verified_historical_demo,,,,,0.12585924374613072,2026-06,2026-04,VOLOGDA-p000-420-no-wind-M-2
2026-06-23,16,1,2,False,1.6159812674682947,False,0.0,0.0,historical_weather_proxy,verified_historical_demo,,,,,0.09611720550598289,2026-06,2026-04,VOLOGDA-p000-420-no-wind-M-2
2026-06-23,20,2,2,False,-4.387908901514249,True,0.0,0.0,historical_weather_proxy,verified_historical_demo,,,,,0.004552398104444444,2026-06,2026-04,VOLOGDA-p000-420-no-wind-M-2
2026-06-23,21,2,2,False,-4.682965735747582,True,0.0,0.0,historical_weather_proxy,verified_historical_demo,,,,,0.003918732760279752,2026-06,2026-04,VOLOGDA-p000-420-no-wind-M-2
2026-06-24,8,1,2,False,-6.487886232315336,False,0.0,0.0,historical_weather_proxy,verified_historical_demo,,,,,0.0013031915780039966,2026-06,2026-04,VOLOGDA-p000-420-no-wind-M-2
2026-06-24,9,1,2,False,1.2701011127693618,False,0.0,0.0,historical_weather_proxy,verified_historical_demo,,,,,0.07854041624313701,2026-06,2026-04,VOLOGDA-p000-420-no-wind-M-2
2026-06-24,10,1,2,False,2.764962622267403,True,0.0,0.0,historical_weather_proxy,verified_historical_demo,,,,,0.17301828851129736,2026-06,2026-04,VOLOGDA-p000-420-no-wind-M-2
2026-06-24,11,1,2,False,2.323274053170783,False,0.0,0.0,historical_weather_proxy,verified_historical_demo,,,,,0.13700793809259315,2026-06,2026-04,VOLOGDA-p000-420-no-wind-M-2
2026-06-24,12,1,2,False,2.094169887599816,False,0.0,0.0,historical_weather_proxy,verified_historical_demo,,,,,0.12138844397545875,2026-06,2026-04,VOLOGDA-p000-420-no-wind-M-2
2026-06-24,13,1,2,False,0.06190476900146851,False,0.0,0.0,historical_weather_proxy,verified_historical_demo,,,,,0.04148300915377451,2026-06,2026-04,VOLOGDA-p000-420-no-wind-M-2
2026-06-24,14,1,2,False,2.6039938042796043,True,0.0,0.0,historical_weather_proxy,verified_historical_demo,,,,,0.15891226238175202,2026-06,2026-04,VOLOGDA-p000-420-no-wind-M-2
2026-06-24,15,1,2,True,2.566782623634566,False,0.0,0.0,historical_weather_proxy,verified_historical_demo,,,,,0.1558185772317859,2026-06,2026-04,VOLOGDA-p000-420-no-wind-M-2
2026-06-24,16,1,2,False,2.1314257573890605,False,0.0,0.0,historical_weather_proxy,verified_historical_demo,,,,,0.12380146232128891,2026-06,2026-04,VOLOGDA-p000-420-no-wind-M-2
2026-06-24,20,2,2,False,-4.093633229335482,True,0.0,0.0,historical_weather_proxy,verified_historical_demo,,,,,0.004617151919079018,2026-06,2026-04,VOLOGDA-p000-420-no-wind-M-2
2026-06-24,21,2,2,False,-4.314205352152261,True,0.0,0.0,historical_weather_proxy,verified_historical_demo,,,,,0.0041092585918293435,2026-06,2026-04,VOLOGDA-p000-420-no-wind-M-2
2026-06-25,8,1,2,False,-6.3561869385305085,False,1.0,1.0,historical_weather_proxy,verified_historical_demo,,,,,0.0013225539008770455,2026-06,2026-04,VOLOGDA-p000-420-no-wind-M-2
2026-06-25,9,1,2,False,1.2293775530137294,False,1.0,1.0,historical_weather_proxy,verified_historical_demo,,,,,0.0768592595162222,2026-06,2026-04,VOLOGDA-p000-420-no-wind-M-2
2026-06-25,10,1,2,False,2.7736153330176085,True,1.0,1.0,historical_weather_proxy,verified_historical_demo,,,,,0.175736340825487,2026-06,2026-04,VOLOGDA-p000-420-no-wind-M-2
2026-06-25,11,1,2,False,2.2469341779060876,False,1.0,1.0,historical_weather_proxy,verified_historical_demo,,,,,0.13254514932328168,2026-06,2026-04,VOLOGDA-p000-420-no-wind-M-2
2026-06-25,12,1,2,False,2.2139943587496496,False,1.0,1.0,historical_weather_proxy,verified_historical_demo,,,,,0.1302274556961144,2026-06,2026-04,VOLOGDA-p000-420-no-wind-M-2
2026-06-25,13,1,2,False,-0.17727640720807064,False,1.0,1.0,historical_weather_proxy,verified_historical_demo,,,,,0.03618517206325865,2026-06,2026-04,VOLOGDA-p000-420-no-wind-M-2
2026-06-25,14,1,2,True,2.648497465459454,True,1.0,1.0,historical_weather_proxy,verified_historical_demo,,,,,0.16434675526288847,2026-06,2026-04,VOLOGDA-p000-420-no-wind-M-2
2026-06-25,15,1,2,False,2.432086349614071,False,1.0,1.0,historical_weather_proxy,verified_historical_demo,,,,,0.14636165693642675,2026-06,2026-04,VOLOGDA-p000-420-no-wind-M-2
2026-06-25,16,1,2,False,2.1772642265913253,False,1.0,1.0,historical_weather_proxy,verified_historical_demo,,,,,0.12769082869512993,2026-06,2026-04,VOLOGDA-p000-420-no-wind-M-2
2026-06-25,20,2,2,False,-4.060998573446343,True,1.0,1.0,historical_weather_proxy,verified_historical_demo,,,,,0.004521036792985553,2026-06,2026-04,VOLOGDA-p000-420-no-wind-M-2
2026-06-25,21,2,2,False,-4.196850106346206,True,1.0,1.0,historical_weather_proxy,verified_historical_demo,,,,,0.004203790987328338,2026-06,2026-04,VOLOGDA-p000-420-no-wind-M-2
2026-06-26,8,1,2,False,-6.453906719672962,False,0.0,0.0,historical_weather_proxy,verified_historical_demo,,,,,0.0013476238359043848,2026-06,2026-04,VOLOGDA-p000-420-no-wind-M-2
2026-06-26,9,1,2,False,1.3887776101514842,False,0.0,0.0,historical_weather_proxy,verified_historical_demo,,,,,0.08113660999819233,2026-06,2026-04,VOLOGDA-p000-420-no-wind-M-2
2026-06-26,10,1,2,False,3.2078571511472886,True,0.0,0.0,historical_weather_proxy,verified_historical_demo,,,,,0.20989360058149548,2026-06,2026-04,VOLOGDA-p000-420-no-wind-M-2
2026-06-26,11,1,2,False,2.7914015809918933,True,0.0,0.0,historical_weather_proxy,verified_historical_demo,,,,,0.16884874227330615,2026-06,2026-04,VOLOGDA-p000-420-no-wind-M-2
2026-06-26,12,1,2,True,2.4968260156061253,False,0.0,0.0,historical_weather_proxy,verified_historical_demo,,,,,0.14476156157578396,2026-06,2026-04,VOLOGDA-p000-420-no-wind-M-2
2026-06-26,13,1,2,False,-0.19387561872852457,False,0.0,0.0,historical_weather_proxy,verified_historical_demo,,,,,0.03548819927223737,2026-06,2026-04,VOLOGDA-p000-420-no-wind-M-2
2026-06-26,14,1,2,False,2.2601831557355303,False,0.0,0.0,historical_weather_proxy,verified_historical_demo,,,,,0.12792477934337315,2026-06,2026-04,VOLOGDA-p000-420-no-wind-M-2
2026-06-26,15,1,2,False,2.234222534998806,False,0.0,0.0,historical_weather_proxy,verified_historical_demo,,,,,0.1262012736733661,2026-06,2026-04,VOLOGDA-p000-420-no-wind-M-2
2026-06-26,16,1,2,False,1.7062042918696823,False,0.0,0.0,historical_weather_proxy,verified_historical_demo,,,,,0.09577380993923763,2026-06,2026-04,VOLOGDA-p000-420-no-wind-M-2
2026-06-26,20,2,2,False,-4.454536509738095,True,0.0,0.0,historical_weather_proxy,verified_historical_demo,,,,,0.0038305599677158643,2026-06,2026-04,VOLOGDA-p000-420-no-wind-M-2
2026-06-26,21,2,2,False,-4.025453044237855,True,0.0,0.0,historical_weather_proxy,verified_historical_demo,,,,,0.0047932395393876365,2026-06,2026-04,VOLOGDA-p000-420-no-wind-M-2
2026-06-29,8,1,2,False,-7.742351094416498,False,1.0,1.0,historical_weather_proxy,verified_historical_demo,,,,,0.001312635485939108,2026-06,2026-04,VOLOGDA-p000-420-no-wind-M-2
2026-06-29,9,1,2,False,0.8634985726655652,False,1.0,1.0,historical_weather_proxy,verified_historical_demo,,,,,0.06156522879342558,2026-06,2026-04,VOLOGDA-p000-420-no-wind-M-2
2026-06-29,10,1,2,False,2.7976464102537784,False,1.0,1.0,historical_weather_proxy,verified_historical_demo,,,,,0.14619498606592832,2026-06,2026-04,VOLOGDA-p000-420-no-wind-M-2
2026-06-29,11,1,2,False,2.6112178531588257,False,1.0,1.0,historical_weather_proxy,verified_historical_demo,,,,,0.1345022201094598,2026-06,2026-04,VOLOGDA-p000-420-no-wind-M-2
2026-06-29,12,1,2,False,2.8435391087109863,False,1.0,1.0,historical_weather_proxy,verified_historical_demo,,,,,0.14922599918307394,2026-06,2026-04,VOLOGDA-p000-420-no-wind-M-2
2026-06-29,13,1,2,False,0.6988736164100796,False,1.0,1.0,historical_weather_proxy,verified_historical_demo,,,,,0.05719611990701126,2026-06,2026-04,VOLOGDA-p000-420-no-wind-M-2
2026-06-29,14,1,2,False,3.09784682950118,True,1.0,1.0,historical_weather_proxy,verified_historical_demo,,,,,0.16719725556180576,2026-06,2026-04,VOLOGDA-p000-420-no-wind-M-2
2026-06-29,15,1,2,True,2.9820706686844094,True,1.0,1.0,historical_weather_proxy,verified_historical_demo,,,,,0.15876189855785494,2026-06,2026-04,VOLOGDA-p000-420-no-wind-M-2
2026-06-29,16,1,2,False,2.2705740645653356,False,1.0,1.0,historical_weather_proxy,verified_historical_demo,,,,,0.11549920319613982,2026-06,2026-04,VOLOGDA-p000-420-no-wind-M-2
2026-06-29,20,2,2,False,-5.092277443194259,True,1.0,1.0,historical_weather_proxy,verified_historical_demo,,,,,0.0042930755980303175,2026-06,2026-04,VOLOGDA-p000-420-no-wind-M-2
2026-06-29,21,2,2,False,-5.114105590316342,True,1.0,1.0,historical_weather_proxy,verified_historical_demo,,,,,0.004251377541331097,2026-06,2026-04,VOLOGDA-p000-420-no-wind-M-2
2026-06-30,8,1,2,False,-7.435014304123848,False,0.0,1.0,historical_weather_proxy,verified_historical_demo,,,,,0.0013314650874941697,2026-06,2026-04,VOLOGDA-p000-420-no-wind-M-2
2026-06-30,9,1,2,False,0.9407280356628783,False,0.0,1.0,historical_weather_proxy,verified_historical_demo,,,,,0.06047203829109866,2026-06,2026-04,VOLOGDA-p000-420-no-wind-M-2
2026-06-30,10,1,2,False,3.350851256803418,True,0.0,1.0,historical_weather_proxy,verified_historical_demo,,,,,0.1813099824401277,2026-06,2026-04,VOLOGDA-p000-420-no-wind-M-2
2026-06-30,11,1,2,False,3.0340544950349333,True,0.0,1.0,historical_weather_proxy,verified_historical_demo,,,,,0.15694240075094054,2026-06,2026-04,VOLOGDA-p000-420-no-wind-M-2
2026-06-30,12,1,2,False,2.9277133225906935,False,0.0,1.0,historical_weather_proxy,verified_historical_demo,,,,,0.14952011476246188,2026-06,2026-04,VOLOGDA-p000-420-no-wind-M-2
2026-06-30,13,1,2,False,0.48284775336314945,False,0.0,1.0,historical_weather_proxy,verified_historical_demo,,,,,0.049086084465288435,2026-06,2026-04,VOLOGDA-p000-420-no-wind-M-2
2026-06-30,14,1,2,False,3.0090782290006555,False,0.0,1.0,historical_weather_proxy,verified_historical_demo,,,,,0.15516668660802088,2026-06,2026-04,VOLOGDA-p000-420-no-wind-M-2
2026-06-30,15,1,2,False,2.794031677544528,False,0.0,1.0,historical_weather_proxy,verified_historical_demo,,,,,0.14068550839312058,2026-06,2026-04,VOLOGDA-p000-420-no-wind-M-2
2026-06-30,16,1,2,False,1.9774784834434218,False,0.0,1.0,historical_weather_proxy,verified_historical_demo,,,,,0.09698087674265969,2026-06,2026-04,VOLOGDA-p000-420-no-wind-M-2
2026-06-30,20,2,2,True,-4.863925987005866,True,0.0,1.0,historical_weather_proxy,verified_historical_demo,,,,,0.004295813853131102,2026-06,2026-04,VOLOGDA-p000-420-no-wind-M-2
2026-06-30,21,2,2,False,-4.9087231894134975,True,0.0,1.0,historical_weather_proxy,verified_historical_demo,,,,,0.0042090286056563645,2026-06,2026-04,VOLOGDA-p000-420-no-wind-M-2
2026-07-01,8,1,2,False,-8.350560531099289,False,1.0,1.0,historical_weather_proxy,verified_historical_demo,,,,,0.0010600875371008088,2026-07,2026-05,VOLOGDA-p000-420-no-wind-M-2
2026-07-01,9,1,2,False,-0.675403188300398,False,1.0,1.0,historical_weather_proxy,verified_historical_demo,,,,,0.026895351081231242,2026-07,2026-05,VOLOGDA-p000-420-no-wind-M-2
2026-07-01,10,1,2,False,2.6890015299868537,False,1.0,1.0,historical_weather_proxy,verified_historical_demo,,,,,0.1109858435729221,2026-07,2026-05,VOLOGDA-p000-420-no-wind-M-2
2026-07-01,11,1,2,False,3.125513161798402,False,1.0,1.0,historical_weather_proxy,verified_historical_demo,,,,,0.13339415498683538,2026-07,2026-05,VOLOGDA-p000-420-no-wind-M-2
2026-07-01,12,1,2,False,2.856674703233879,False,1.0,1.0,historical_weather_proxy,verified_historical_demo,,,,,0.11910966657325055,2026-07,2026-05,VOLOGDA-p000-420-no-wind-M-2
2026-07-01,13,1,2,False,1.6167454488304005,False,1.0,1.0,historical_weather_proxy,verified_historical_demo,,,,,0.07064399037746576,2026-07,2026-05,VOLOGDA-p000-420-no-wind-M-2
2026-07-01,14,1,2,False,3.6381091953353453,True,1.0,1.0,historical_weather_proxy,verified_historical_demo,,,,,0.16554927936214633,2026-07,2026-05,VOLOGDA-p000-420-no-wind-M-2
2026-07-01,15,1,2,True,3.7277649764489675,True,1.0,1.0,historical_weather_proxy,verified_historical_demo,,,,,0.17192211785912853,2026-07,2026-05,VOLOGDA-p000-420-no-wind-M-2
2026-07-01,16,1,2,False,2.9756044100196064,False,1.0,1.0,historical_weather_proxy,verified_historical_demo,,,,,0.12522982178456177,2026-07,2026-05,VOLOGDA-p000-420-no-wind-M-2
2026-07-01,17,1,2,False,1.534458606345661,False,1.0,1.0,historical_weather_proxy,verified_historical_demo,,,,,0.06823686580915181,2026-07,2026-05,VOLOGDA-p000-420-no-wind-M-2
2026-07-01,20,2,2,False,-5.89524471742006,True,1.0,1.0,historical_weather_proxy,verified_historical_demo,,,,,0.0029825977509899044,2026-07,2026-05,VOLOGDA-p000-420-no-wind-M-2
2026-07-01,21,2,2,False,-5.204413219481746,True,1.0,1.0,historical_weather_proxy,verified_historical_demo,,,,,0.003990223305215807,2026-07,2026-05,VOLOGDA-p000-420-no-wind-M-2
2026-07-02,8,1,2,False,-8.83590547669382,False,1.0,1.0,historical_weather_proxy,verified_historical_demo,,,,,0.000889658252393556,2026-07,2026-05,VOLOGDA-p000-420-no-wind-M-2
2026-07-02,9,1,2,False,-0.6387406175251527,False,1.0,1.0,historical_weather_proxy,verified_historical_demo,,,,,0.02754131154416365,2026-07,2026-05,VOLOGDA-p000-420-no-wind-M-2
2026-07-02,10,1,2,False,2.7564513090146603,False,1.0,1.0,historical_weather_proxy,verified_historical_demo,,,,,0.11414176361125788,2026-07,2026-05,VOLOGDA-p000-420-no-wind-M-2
2026-07-02,11,1,2,False,2.663097774427972,False,1.0,1.0,historical_weather_proxy,verified_historical_demo,,,,,0.10976579317928126,2026-07,2026-05,VOLOGDA-p000-420-no-wind-M-2
2026-07-02,12,1,2,False,3.0951976749348082,False,1.0,1.0,historical_weather_proxy,verified_historical_demo,,,,,0.1315376340545135,2026-07,2026-05,VOLOGDA-p000-420-no-wind-M-2
2026-07-02,13,1,2,False,1.2692251461977566,False,1.0,1.0,historical_weather_proxy,verified_historical_demo,,,,,0.061231245276623936,2026-07,2026-05,VOLOGDA-p000-420-no-wind-M-2
2026-07-02,14,1,2,False,3.7372651604873575,True,1.0,1.0,historical_weather_proxy,verified_historical_demo,,,,,0.17211486380467347,2026-07,2026-05,VOLOGDA-p000-420-no-wind-M-2
2026-07-02,15,1,2,True,3.59654615186109,True,1.0,1.0,historical_weather_proxy,verified_historical_demo,,,,,0.16226572306965806,2026-07,2026-05,VOLOGDA-p000-420-no-wind-M-2
2026-07-02,16,1,2,False,3.1789126164421146,False,1.0,1.0,historical_weather_proxy,verified_historical_demo,,,,,0.13623060353063435,2026-07,2026-05,VOLOGDA-p000-420-no-wind-M-2
2026-07-02,17,1,2,False,1.7985151585027754,False,1.0,1.0,historical_weather_proxy,verified_historical_demo,,,,,0.07642428566872089,2026-07,2026-05,VOLOGDA-p000-420-no-wind-M-2
2026-07-02,20,2,2,False,-5.259481839412108,True,1.0,1.0,historical_weather_proxy,verified_historical_demo,,,,,0.003977796158170352,2026-07,2026-05,VOLOGDA-p000-420-no-wind-M-2
2026-07-02,21,2,2,False,-5.319343979577744,True,1.0,1.0,historical_weather_proxy,verified_historical_demo,,,,,0.0038793218499090596,2026-07,2026-05,VOLOGDA-p000-420-no-wind-M-2
2026-07-03,8,1,2,False,-7.659205796483822,False,1.0,1.0,historical_weather_proxy,verified_historical_demo,,,,,0.0009413573058705984,2026-07,2026-05,VOLOGDA-p000-420-no-wind-M-2
2026-07-03,9,1,2,False,0.3166383578840001,False,1.0,1.0,historical_weather_proxy,verified_historical_demo,,,,,0.04671627428240552,2026-07,2026-05,VOLOGDA-p000-420-no-wind-M-2
2026-07-03,10,1,2,False,2.885571331709701,True,1.0,1.0,historical_weather_proxy,verified_historical_demo,,,,,0.16430062211865792,2026-07,2026-05,VOLOGDA-p000-420-no-wind-M-2
2026-07-03,11,1,2,True,2.7007265038432164,True,1.0,1.0,historical_weather_proxy,verified_historical_demo,,,,,0.15008595618681625,2026-07,2026-05,VOLOGDA-p000-420-no-wind-M-2
2026-07-03,12,1,2,False,2.488933481297101,False,1.0,1.0,historical_weather_proxy,verified_historical_demo,,,,,0.13530428555850216,2026-07,2026-05,VOLOGDA-p000-420-no-wind-M-2
2026-07-03,13,1,2,False,0.47959231746202785,False,1.0,1.0,historical_weather_proxy,verified_historical_demo,,,,,0.0505956543919626,2026-07,2026-05,VOLOGDA-p000-420-no-wind-M-2
2026-07-03,14,1,2,False,2.593321362882336,False,1.0,1.0,historical_weather_proxy,verified_historical_demo,,,,,0.14239838389671536,2026-07,2026-05,VOLOGDA-p000-420-no-wind-M-2
2026-07-03,15,1,2,False,2.3705816057640883,False,1.0,1.0,historical_weather_proxy,verified_historical_demo,,,,,0.1276877437753215,2026-07,2026-05,VOLOGDA-p000-420-no-wind-M-2
2026-07-03,16,1,2,False,1.885762332684603,False,1.0,1.0,historical_weather_proxy,verified_historical_demo,,,,,0.10071024276888586,2026-07,2026-05,VOLOGDA-p000-420-no-wind-M-2
2026-07-03,17,1,2,False,1.255330743265291,False,1.0,1.0,historical_weather_proxy,verified_historical_demo,,,,,0.07396733903543888,2026-07,2026-05,VOLOGDA-p000-420-no-wind-M-2
2026-07-03,20,2,2,False,-4.679712289564554,True,1.0,1.0,historical_weather_proxy,verified_historical_demo,,,,,0.004047745601211445,2026-07,2026-05,VOLOGDA-p000-420-no-wind-M-2
2026-07-03,21,2,2,False,-5.131625205559373,True,1.0,1.0,historical_weather_proxy,verified_historical_demo,,,,,0.0032443950782119944,2026-07,2026-05,VOLOGDA-p000-420-no-wind-M-2
2026-07-06,8,1,2,False,-8.284710669471155,False,1.0,1.0,historical_weather_proxy,verified_historical_demo,,,,,0.0008785366683105067,2026-07,2026-05,VOLOGDA-p000-420-no-wind-M-2
2026-07-06,9,1,2,False,-0.09488039601104586,False,1.0,1.0,historical_weather_proxy,verified_historical_demo,,,,,0.037529766672483054,2026-07,2026-05,VOLOGDA-p000-420-no-wind-M-2
2026-07-06,10,1,2,False,2.5733365552268763,False,1.0,1.0,historical_weather_proxy,verified_historical_demo,,,,,0.1275336015174787,2026-07,2026-05,VOLOGDA-p000-420-no-wind-M-2
2026-07-06,11,1,2,False,2.5144236904207533,False,1.0,1.0,historical_weather_proxy,verified_historical_demo,,,,,0.124135192910352,2026-07,2026-05,VOLOGDA-p000-420-no-wind-M-2
2026-07-06,12,1,2,True,2.7385362148595407,True,1.0,1.0,historical_weather_proxy,verified_historical_demo,,,,,0.1375676426501856,2026-07,2026-05,VOLOGDA-p000-420-no-wind-M-2
2026-07-06,13,1,2,False,0.9854116876959671,False,1.0,1.0,historical_weather_proxy,verified_historical_demo,,,,,0.06158355522375447,2026-07,2026-05,VOLOGDA-p000-420-no-wind-M-2
2026-07-06,14,1,2,False,2.815144304135111,True,1.0,1.0,historical_weather_proxy,verified_historical_demo,,,,,0.14248500438845288,2026-07,2026-05,VOLOGDA-p000-420-no-wind-M-2
2026-07-06,15,1,2,False,2.7204455557306986,False,1.0,1.0,historical_weather_proxy,verified_historical_demo,,,,,0.13643141995021962,2026-07,2026-05,VOLOGDA-p000-420-no-wind-M-2
2026-07-06,16,1,2,False,2.5659631927435536,False,1.0,1.0,historical_weather_proxy,verified_historical_demo,,,,,0.1271032247024,2026-07,2026-05,VOLOGDA-p000-420-no-wind-M-2
2026-07-06,17,1,2,False,1.9772027043036844,False,1.0,1.0,historical_weather_proxy,verified_historical_demo,,,,,0.09703599492299068,2026-07,2026-05,VOLOGDA-p000-420-no-wind-M-2
2026-07-06,20,2,2,False,-5.122130133767848,True,1.0,1.0,historical_weather_proxy,verified_historical_demo,,,,,0.0037448781879921163,2026-07,2026-05,VOLOGDA-p000-420-no-wind-M-2
2026-07-06,21,2,2,False,-4.994145233749628,True,1.0,1.0,historical_weather_proxy,verified_historical_demo,,,,,0.003971182205380427,2026-07,2026-05,VOLOGDA-p000-420-no-wind-M-2
2026-07-07,8,1,2,False,-7.101138571260208,False,1.0,1.0,historical_weather_proxy,verified_historical_demo,,,,,0.0010247741406391702,2026-07,2026-05,VOLOGDA-p000-420-no-wind-M-2
2026-07-07,9,1,2,False,0.4884146573270736,False,1.0,1.0,historical_weather_proxy,verified_historical_demo,,,,,0.05209157644372513,2026-07,2026-05,VOLOGDA-p000-420-no-wind-M-2
2026-07-07,10,1,2,True,2.8171230701535217,True,1.0,1.0,historical_weather_proxy,verified_historical_demo,,,,,0.1738855679167406,2026-07,2026-05,VOLOGDA-p000-420-no-wind-M-2
2026-07-07,11,1,2,False,2.551294934448297,True,1.0,1.0,historical_weather_proxy,verified_historical_demo,,,,,0.151532260109802,2026-07,2026-05,VOLOGDA-p000-420-no-wind-M-2
2026-07-07,12,1,2,False,2.436121577397631,False,1.0,1.0,historical_weather_proxy,verified_historical_demo,,,,,0.1427624564685863,2026-07,2026-05,VOLOGDA-p000-420-no-wind-M-2
2026-07-07,13,1,2,False,0.4844968075137509,False,1.0,1.0,historical_weather_proxy,verified_historical_demo,,,,,0.05198604327807707,2026-07,2026-05,VOLOGDA-p000-420-no-wind-M-2
2026-07-07,14,1,2,False,2.20089183025258,False,1.0,1.0,historical_weather_proxy,verified_historical_demo,,,,,0.12639623099196876,2026-07,2026-05,VOLOGDA-p000-420-no-wind-M-2
2026-07-07,15,1,2,False,2.072458114424859,False,1.0,1.0,historical_weather_proxy,verified_historical_demo,,,,,0.1182665949245838,2026-07,2026-05,VOLOGDA-p000-420-no-wind-M-2
2026-07-07,16,1,2,False,1.690488203984992,False,1.0,1.0,historical_weather_proxy,verified_historical_demo,,,,,0.09704984938249052,2026-07,2026-05,VOLOGDA-p000-420-no-wind-M-2
2026-07-07,17,1,2,False,1.2751846992558487,False,1.0,1.0,historical_weather_proxy,verified_historical_demo,,,,,0.07827700712110595,2026-07,2026-05,VOLOGDA-p000-420-no-wind-M-2
2026-07-07,20,2,2,False,-4.803297151893655,True,1.0,1.0,historical_weather_proxy,verified_historical_demo,,,,,0.0033665515076700364,2026-07,2026-05,VOLOGDA-p000-420-no-wind-M-2
2026-07-07,21,2,2,False,-4.806435113778806,True,1.0,1.0,historical_weather_proxy,verified_historical_demo,,,,,0.0033610877146106467,2026-07,2026-05,VOLOGDA-p000-420-no-wind-M-2
2026-07-08,8,1,2,False,-7.27187124888956,False,1.0,1.0,historical_weather_proxy,verified_historical_demo,,,,,0.0009034248164899526,2026-07,2026-05,VOLOGDA-p000-420-no-wind-M-2
2026-07-08,9,1,2,False,0.22502392588365025,False,1.0,1.0,historical_weather_proxy,verified_historical_demo,,,,,0.04159921451230366,2026-07,2026-05,VOLOGDA-p000-420-no-wind-M-2
2026-07-08,10,1,2,False,2.675068753675455,False,1.0,1.0,historical_weather_proxy,verified_historical_demo,,,,,0.14542190738444205,2026-07,2026-05,VOLOGDA-p000-420-no-wind-M-2
2026-07-08,11,1,2,False,2.435243611607845,False,1.0,1.0,historical_weather_proxy,verified_historical_demo,,,,,0.12865433002350085,2026-07,2026-05,VOLOGDA-p000-420-no-wind-M-2
2026-07-08,12,1,2,False,2.2866833634898063,False,1.0,1.0,historical_weather_proxy,verified_historical_demo,,,,,0.11925213947421945,2026-07,2026-05,VOLOGDA-p000-420-no-wind-M-2
2026-07-08,13,1,2,False,0.6781555541009069,False,1.0,1.0,historical_weather_proxy,verified_historical_demo,,,,,0.05243397711628143,2026-07,2026-05,VOLOGDA-p000-420-no-wind-M-2
2026-07-08,14,1,2,False,2.741931586362469,True,1.0,1.0,historical_weather_proxy,verified_historical_demo,,,,,0.15047467631444786,2026-07,2026-05,VOLOGDA-p000-420-no-wind-M-2
2026-07-08,15,1,2,True,2.757538284695145,True,1.0,1.0,historical_weather_proxy,verified_historical_demo,,,,,0.15167911227194086,2026-07,2026-05,VOLOGDA-p000-420-no-wind-M-2
2026-07-08,16,1,2,False,2.3958512918939823,False,1.0,1.0,historical_weather_proxy,verified_historical_demo,,,,,0.12609131820787967,2026-07,2026-05,VOLOGDA-p000-420-no-wind-M-2
2026-07-08,17,1,2,False,1.4035871278302123,False,1.0,1.0,historical_weather_proxy,verified_historical_demo,,,,,0.07595396749477282,2026-07,2026-05,VOLOGDA-p000-420-no-wind-M-2
2026-07-08,20,2,2,False,-4.5953450226344374,True,1.0,1.0,historical_weather_proxy,verified_historical_demo,,,,,0.0035455354324337713,2026-07,2026-05,VOLOGDA-p000-420-no-wind-M-2
2026-07-08,21,2,2,False,-4.363954188503566,True,1.0,1.0,historical_weather_proxy,verified_historical_demo,,,,,0.003990396951287586,2026-07,2026-05,VOLOGDA-p000-420-no-wind-M-2
2026-07-09,8,1,2,False,-8.712910352541027,False,1.0,1.0,historical_weather_proxy,verified_historical_demo,,,,,0.0010953081578611123,2026-07,2026-05,VOLOGDA-p000-420-no-wind-M-2
2026-07-09,9,1,2,False,-0.4458958679286385,False,1.0,1.0,historical_weather_proxy,verified_historical_demo,,,,,0.030421544949383907,2026-07,2026-05,VOLOGDA-p000-420-no-wind-M-2
2026-07-09,10,1,2,False,2.81886010020947,False,1.0,1.0,historical_weather_proxy,verified_historical_demo,,,,,0.11305667355968638,2026-07,2026-05,VOLOGDA-p000-420-no-wind-M-2
2026-07-09,11,1,2,False,2.7504923949916833,False,1.0,1.0,historical_weather_proxy,verified_historical_demo,,,,,0.10999104991206338,2026-07,2026-05,VOLOGDA-p000-420-no-wind-M-2
2026-07-09,12,1,2,False,3.152016535760465,False,1.0,1.0,historical_weather_proxy,verified_historical_demo,,,,,0.12926303616776177,2026-07,2026-05,VOLOGDA-p000-420-no-wind-M-2
2026-07-09,13,1,2,False,1.431715128633529,False,1.0,1.0,historical_weather_proxy,verified_historical_demo,,,,,0.06472366025970805,2026-07,2026-05,VOLOGDA-p000-420-no-wind-M-2
2026-07-09,14,1,2,True,3.844991227374276,True,1.0,1.0,historical_weather_proxy,verified_historical_demo,,,,,0.17079947375515703,2026-07,2026-05,VOLOGDA-p000-420-no-wind-M-2
2026-07-09,15,1,2,False,3.7724490434184377,True,1.0,1.0,historical_weather_proxy,verified_historical_demo,,,,,0.16588942258328807,2026-07,2026-05,VOLOGDA-p000-420-no-wind-M-2
2026-07-09,16,1,2,False,3.2339069180376763,False,1.0,1.0,historical_weather_proxy,verified_historical_demo,,,,,0.133590210533218,2026-07,2026-05,VOLOGDA-p000-420-no-wind-M-2
2026-07-09,17,1,2,False,1.7831890917663207,False,1.0,1.0,historical_weather_proxy,verified_historical_demo,,,,,0.07454867966710423,2026-07,2026-05,VOLOGDA-p000-420-no-wind-M-2
2026-07-09,20,2,2,False,-5.891702329086504,True,1.0,1.0,historical_weather_proxy,verified_historical_demo,,,,,0.0034056166373288097,2026-07,2026-05,VOLOGDA-p000-420-no-wind-M-2
2026-07-09,21,2,2,False,-6.03469868060775,True,1.0,1.0,historical_weather_proxy,verified_historical_demo,,,,,0.003215323817439344,2026-07,2026-05,VOLOGDA-p000-420-no-wind-M-2
2026-07-10,8,1,2,False,-9.196054638130223,False,0.0,0.0,historical_weather_proxy,verified_historical_demo,,,,,0.0008978375998832136,2026-07,2026-05,VOLOGDA-p000-420-no-wind-M-2
2026-07-10,9,1,2,False,-0.3246071592917783,False,0.0,0.0,historical_weather_proxy,verified_historical_demo,,,,,0.03179486849851331,2026-07,2026-05,VOLOGDA-p000-420-no-wind-M-2
2026-07-10,10,1,2,False,3.1801052331322843,False,0.0,0.0,historical_weather_proxy,verified_historical_demo,,,,,0.13012496068653512,2026-07,2026-05,VOLOGDA-p000-420-no-wind-M-2
2026-07-10,11,1,2,False,3.30306789909793,False,0.0,0.0,historical_weather_proxy,verified_historical_demo,,,,,0.13672021336057102,2026-07,2026-05,VOLOGDA-p000-420-no-wind-M-2
2026-07-10,12,1,2,True,3.3927010497975987,False,0.0,0.0,historical_weather_proxy,verified_historical_demo,,,,,0.14173749138027344,2026-07,2026-05,VOLOGDA-p000-420-no-wind-M-2
2026-07-10,13,1,2,False,1.3890712777071088,False,0.0,0.0,historical_weather_proxy,verified_historical_demo,,,,,0.06332931548000348,2026-07,2026-05,VOLOGDA-p000-420-no-wind-M-2
2026-07-10,14,1,2,False,3.6167852520621064,True,0.0,0.0,historical_weather_proxy,verified_historical_demo,,,,,0.15510114697616315,2026-07,2026-05,VOLOGDA-p000-420-no-wind-M-2
2026-07-10,15,1,2,False,3.620677797455948,True,0.0,0.0,historical_weather_proxy,verified_historical_demo,,,,,0.15534409080377742,2026-07,2026-05,VOLOGDA-p000-420-no-wind-M-2
2026-07-10,16,1,2,False,2.708267378326868,False,0.0,0.0,historical_weather_proxy,verified_historical_demo,,,,,0.10763830358829606,2026-07,2026-05,VOLOGDA-p000-420-no-wind-M-2
2026-07-10,17,1,2,False,1.6246514297357282,False,0.0,0.0,historical_weather_proxy,verified_historical_demo,,,,,0.06962136265535186,2026-07,2026-05,VOLOGDA-p000-420-no-wind-M-2
2026-07-10,20,2,2,False,-5.619664007898013,True,0.0,0.0,historical_weather_proxy,verified_historical_demo,,,,,0.003781969654598884,2026-07,2026-05,VOLOGDA-p000-420-no-wind-M-2
2026-07-10,21,2,2,False,-5.537857320912364,True,0.0,0.0,historical_weather_proxy,verified_historical_demo,,,,,0.003908439316032962,2026-07,2026-05,VOLOGDA-p000-420-no-wind-M-2
2026-07-13,8,1,2,False,-8.001579572349652,False,0.0,0.0,historical_weather_proxy,verified_historical_demo,,,,,0.0010486950828327772,2026-07,2026-05,VOLOGDA-p000-420-no-wind-M-2
2026-07-13,9,1,2,False,-0.26551586577418157,False,0.0,0.0,historical_weather_proxy,verified_historical_demo,,,,,0.03456424562383103,2026-07,2026-05,VOLOGDA-p000-420-no-wind-M-2
2026-07-13,10,1,2,False,2.466241725566161,False,0.0,0.0,historical_weather_proxy,verified_historical_demo,,,,,0.11875589611700371,2026-07,2026-05,VOLOGDA-p000-420-no-wind-M-2
2026-07-13,11,1,2,False,2.616113125531969,False,0.0,0.0,historical_weather_proxy,verified_historical_demo,,,,,0.12707586985245292,2026-07,2026-05,VOLOGDA-p000-420-no-wind-M-2
2026-07-13,12,1,2,True,2.928494115954263,False,0.0,0.0,historical_weather_proxy,verified_historical_demo,,,,,0.14633856404373785,2026-07,2026-05,VOLOGDA-p000-420-no-wind-M-2
2026-07-13,13,1,2,False,1.0929069471764752,False,0.0,0.0,historical_weather_proxy,verified_historical_demo,,,,,0.06385253029907742,2026-07,2026-05,VOLOGDA-p000-420-no-wind-M-2
2026-07-13,14,1,2,False,3.0498399725975736,True,0.0,0.0,historical_weather_proxy,verified_historical_demo,,,,,0.1545857259240048,2026-07,2026-05,VOLOGDA-p000-420-no-wind-M-2
2026-07-13,15,1,2,False,2.942785879276747,True,0.0,0.0,historical_weather_proxy,verified_historical_demo,,,,,0.14728656465399445,2026-07,2026-05,VOLOGDA-p000-420-no-wind-M-2
2026-07-13,16,1,2,False,2.3662907382740705,False,0.0,0.0,historical_weather_proxy,verified_historical_demo,,,,,0.1135122422154261,2026-07,2026-05,VOLOGDA-p000-420-no-wind-M-2
2026-07-13,17,1,2,False,1.7575331627389306,False,0.0,0.0,historical_weather_proxy,verified_historical_demo,,,,,0.08621676159912187,2026-07,2026-05,VOLOGDA-p000-420-no-wind-M-2
2026-07-13,20,2,2,False,-5.393197952506862,True,0.0,0.0,historical_weather_proxy,verified_historical_demo,,,,,0.0034077551160821822,2026-07,2026-05,VOLOGDA-p000-420-no-wind-M-2
2026-07-13,21,2,2,False,-5.4276311019422385,True,0.0,0.0,historical_weather_proxy,verified_historical_demo,,,,,0.003355149472434842,2026-07,2026-05,VOLOGDA-p000-420-no-wind-M-2
2026-07-14,8,1,2,False,-8.107039443009917,False,1.0,1.0,historical_weather_proxy,verified_historical_demo,,,,,0.0009535851988183113,2026-07,2026-05,VOLOGDA-p000-420-no-wind-M-2
2026-07-14,9,1,2,False,0.11292907711078701,False,1.0,1.0,historical_weather_proxy,verified_historical_demo,,,,,0.0414033622669734,2026-07,2026-05,VOLOGDA-p000-420-no-wind-M-2
2026-07-14,10,1,2,False,2.693907978012091,False,1.0,1.0,historical_weather_proxy,verified_historical_demo,,,,,0.1352844050396928,2026-07,2026-05,VOLOGDA-p000-420-no-wind-M-2
2026-07-14,11,1,2,False,2.6406306934620165,False,1.0,1.0,historical_weather_proxy,verified_historical_demo,,,,,0.1320180234442696,2026-07,2026-05,VOLOGDA-p000-420-no-wind-M-2
2026-07-14,12,1,2,False,2.736722000366516,False,1.0,1.0,historical_weather_proxy,verified_historical_demo,,,,,0.1379677669168419,2026-07,2026-05,VOLOGDA-p000-420-no-wind-M-2
2026-07-14,13,1,2,False,0.9335968224254125,False,1.0,1.0,historical_weather_proxy,verified_historical_demo,,,,,0.06033070795863025,2026-07,2026-05,VOLOGDA-p000-420-no-wind-M-2
2026-07-14,14,1,2,True,2.8284251503207685,True,1.0,1.0,historical_weather_proxy,verified_historical_demo,,,,,0.1438956896749247,2026-07,2026-05,VOLOGDA-p000-420-no-wind-M-2
2026-07-14,15,1,2,False,2.8613884255386335,True,1.0,1.0,historical_weather_proxy,verified_historical_demo,,,,,0.14608818909690727,2026-07,2026-05,VOLOGDA-p000-420-no-wind-M-2
2026-07-14,16,1,2,False,2.2986329727030714,False,1.0,1.0,historical_weather_proxy,verified_historical_demo,,,,,0.11284869214642881,2026-07,2026-05,VOLOGDA-p000-420-no-wind-M-2
2026-07-14,17,1,2,False,1.6034178090154443,False,1.0,1.0,historical_weather_proxy,verified_historical_demo,,,,,0.08203285313985678,2026-07,2026-05,VOLOGDA-p000-420-no-wind-M-2
2026-07-14,20,2,2,False,-5.216005523029497,True,1.0,1.0,historical_weather_proxy,verified_historical_demo,,,,,0.0035920662072936207,2026-07,2026-05,VOLOGDA-p000-420-no-wind-M-2
2026-07-14,21,2,2,False,-5.220505290820925,True,1.0,1.0,historical_weather_proxy,verified_historical_demo,,,,,0.003584658909362571,2026-07,2026-05,VOLOGDA-p000-420-no-wind-M-2
2026-07-15,8,1,2,False,-8.630555246743182,False,1.0,1.0,historical_weather_proxy,verified_historical_demo,,,,,0.0010323113296316982,2026-07,2026-05,VOLOGDA-p000-420-no-wind-M-2
2026-07-15,9,1,2,False,-0.45266974023386597,False,1.0,1.0,historical_weather_proxy,verified_historical_demo,,,,,0.030351760004170072,2026-07,2026-05,VOLOGDA-p000-420-no-wind-M-2
2026-07-15,10,1,2,False,2.848248973786095,False,1.0,1.0,historical_weather_proxy,verified_historical_demo,,,,,0.11881670242671609,2026-07,2026-05,VOLOGDA-p000-420-no-wind-M-2
2026-07-15,11,1,2,False,3.0207141425381803,False,1.0,1.0,historical_weather_proxy,verified_historical_demo,,,,,0.12759813591534594,2026-07,2026-05,VOLOGDA-p000-420-no-wind-M-2
2026-07-15,12,1,2,False,2.90616575207195,False,1.0,1.0,historical_weather_proxy,verified_historical_demo,,,,,0.12169610887178009,2026-07,2026-05,VOLOGDA-p000-420-no-wind-M-2
2026-07-15,13,1,2,False,1.4593466040617693,False,1.0,1.0,historical_weather_proxy,verified_historical_demo,,,,,0.06691050794034496,2026-07,2026-05,VOLOGDA-p000-420-no-wind-M-2
2026-07-15,14,1,2,True,3.6836428198582096,True,1.0,1.0,historical_weather_proxy,verified_historical_demo,,,,,0.16783244337703687,2026-07,2026-05,VOLOGDA-p000-420-no-wind-M-2
2026-07-15,15,1,2,False,3.757423890633695,True,1.0,1.0,historical_weather_proxy,verified_historical_demo,,,,,0.17303087893837615,2026-07,2026-05,VOLOGDA-p000-420-no-wind-M-2
2026-07-15,16,1,2,False,2.846775393680688,False,1.0,1.0,historical_weather_proxy,verified_historical_demo,,,,,0.11874433717693354,2026-07,2026-05,VOLOGDA-p000-420-no-wind-M-2
2026-07-15,17,1,2,False,1.464725856524186,False,1.0,1.0,historical_weather_proxy,verified_historical_demo,,,,,0.06705948190815589,2026-07,2026-05,VOLOGDA-p000-420-no-wind-M-2
2026-07-15,20,2,2,False,-5.58224925401435,True,1.0,1.0,historical_weather_proxy,verified_historical_demo,,,,,0.0036403794135430284,2026-07,2026-05,VOLOGDA-p000-420-no-wind-M-2
2026-07-15,21,2,2,False,-5.829267762729595,True,1.0,1.0,historical_weather_proxy,verified_historical_demo,,,,,0.003286952697965638,2026-07,2026-05,VOLOGDA-p000-420-no-wind-M-2
2026-07-16,8,1,2,False,-7.1095435232214585,False,1.0,1.0,historical_weather_proxy,verified_historical_demo,,,,,0.0009288479491098107,2026-07,2026-05,VOLOGDA-p000-420-no-wind-M-2
2026-07-16,9,1,2,False,0.2250505438661822,False,1.0,1.0,historical_weather_proxy,verified_historical_demo,,,,,0.04102342535457007,2026-07,2026-05,VOLOGDA-p000-420-no-wind-M-2
2026-07-16,10,1,2,True,2.84711730000231,True,1.0,1.0,historical_weather_proxy,verified_historical_demo,,,,,0.1589056258900952,2026-07,2026-05,VOLOGDA-p000-420-no-wind-M-2
2026-07-16,11,1,2,False,2.34948108260542,False,1.0,1.0,historical_weather_proxy,verified_historical_demo,,,,,0.12289202111181428,2026-07,2026-05,VOLOGDA-p000-420-no-wind-M-2
2026-07-16,12,1,2,False,2.5376531495737646,False,1.0,1.0,historical_weather_proxy,verified_historical_demo,,,,,0.13543443078244913,2026-07,2026-05,VOLOGDA-p000-420-no-wind-M-2
2026-07-16,13,1,2,False,0.5233570782707109,False,1.0,1.0,historical_weather_proxy,verified_historical_demo,,,,,0.04785634733864822,2026-07,2026-05,VOLOGDA-p000-420-no-wind-M-2
2026-07-16,14,1,2,False,2.823936978507316,True,1.0,1.0,historical_weather_proxy,verified_historical_demo,,,,,0.15701463123796894,2026-07,2026-05,VOLOGDA-p000-420-no-wind-M-2
2026-07-16,15,1,2,False,2.4536638987099435,False,1.0,1.0,historical_weather_proxy,verified_historical_demo,,,,,0.12968537720544213,2026-07,2026-05,VOLOGDA-p000-420-no-wind-M-2
2026-07-16,16,1,2,False,2.3954396115574124,False,1.0,1.0,historical_weather_proxy,verified_historical_demo,,,,,0.12584379175076782,2026-07,2026-05,VOLOGDA-p000-420-no-wind-M-2
2026-07-16,17,1,2,False,1.3415028080721791,False,1.0,1.0,historical_weather_proxy,verified_historical_demo,,,,,0.07302014680447463,2026-07,2026-05,VOLOGDA-p000-420-no-wind-M-2
2026-07-16,20,2,2,False,-4.496446387171798,True,1.0,1.0,historical_weather_proxy,verified_historical_demo,,,,,0.0035812956063286942,2026-07,2026-05,VOLOGDA-p000-420-no-wind-M-2
2026-07-16,21,2,2,False,-4.374519206452598,True,1.0,1.0,historical_weather_proxy,verified_historical_demo,,,,,0.003814058968331041,2026-07,2026-05,VOLOGDA-p000-420-no-wind-M-2
2026-07-17,8,1,2,False,-7.58312329860777,False,0.0,0.0,historical_weather_proxy,verified_historical_demo,,,,,0.0008897552831825092,2026-07,2026-05,VOLOGDA-p000-420-no-wind-M-2
2026-07-17,9,1,2,False,0.1749234935895876,False,0.0,0.0,historical_weather_proxy,verified_historical_demo,,,,,0.04234676497104919,2026-07,2026-05,VOLOGDA-p000-420-no-wind-M-2
2026-07-17,10,1,2,False,2.8548038656667627,True,0.0,0.0,historical_weather_proxy,verified_historical_demo,,,,,0.16080522978021042,2026-07,2026-05,VOLOGDA-p000-420-no-wind-M-2
2026-07-17,11,1,2,False,2.685269910168773,False,0.0,0.0,historical_weather_proxy,verified_historical_demo,,,,,0.14778870623093673,2026-07,2026-05,VOLOGDA-p000-420-no-wind-M-2
2026-07-17,12,1,2,True,2.449389966594026,False,0.0,0.0,historical_weather_proxy,verified_historical_demo,,,,,0.13141232524779672,2026-07,2026-05,VOLOGDA-p000-420-no-wind-M-2
2026-07-17,13,1,2,False,0.2933515750678827,False,0.0,0.0,historical_weather_proxy,verified_historical_demo,,,,,0.04491882195498067,2026-07,2026-05,VOLOGDA-p000-420-no-wind-M-2
2026-07-17,14,1,2,False,2.7263580581564533,True,0.0,0.0,historical_weather_proxy,verified_historical_demo,,,,,0.1508432502213207,2026-07,2026-05,VOLOGDA-p000-420-no-wind-M-2
2026-07-17,15,1,2,False,2.5770557597653383,False,0.0,0.0,historical_weather_proxy,verified_historical_demo,,,,,0.14003665295074538,2026-07,2026-05,VOLOGDA-p000-420-no-wind-M-2
2026-07-17,16,1,2,False,1.9477975986833025,False,0.0,0.0,historical_weather_proxy,verified_historical_demo,,,,,0.10237054685167896,2026-07,2026-05,VOLOGDA-p000-420-no-wind-M-2
2026-07-17,17,1,2,False,1.2108912142223947,False,0.0,0.0,historical_weather_proxy,verified_historical_demo,,,,,0.0709301979086948,2026-07,2026-05,VOLOGDA-p000-420-no-wind-M-2
2026-07-17,20,2,2,False,-4.588827392878212,True,0.0,0.0,historical_weather_proxy,verified_historical_demo,,,,,0.003951278844814673,2026-07,2026-05,VOLOGDA-p000-420-no-wind-M-2
2026-07-17,21,2,2,False,-4.717286756679649,True,0.0,0.0,historical_weather_proxy,verified_historical_demo,,,,,0.0037064697545892643,2026-07,2026-05,VOLOGDA-p000-420-no-wind-M-2
2026-07-20,8,1,2,False,-9.704385944237737,False,1.0,1.0,historical_weather_proxy,verified_historical_demo,,,,,0.0009391235426953515,2026-07,2026-05,VOLOGDA-p000-420-no-wind-M-2
2026-07-20,9,1,2,False,-1.013923041154814,False,1.0,1.0,historical_weather_proxy,verified_historical_demo,,,,,0.025033347942760475,2026-07,2026-05,VOLOGDA-p000-420-no-wind-M-2
2026-07-20,10,1,2,False,3.008028075834895,False,1.0,1.0,historical_weather_proxy,verified_historical_demo,,,,,0.11438740883760024,2026-07,2026-05,VOLOGDA-p000-420-no-wind-M-2
2026-07-20,11,1,2,False,3.2447763135160983,False,1.0,1.0,historical_weather_proxy,verified_historical_demo,,,,,0.12508930997909842,2026-07,2026-05,VOLOGDA-p000-420-no-wind-M-2
2026-07-20,12,1,2,False,3.484272718615098,False,1.0,1.0,historical_weather_proxy,verified_historical_demo,,,,,0.13693455289268056,2026-07,2026-05,VOLOGDA-p000-420-no-wind-M-2
2026-07-20,13,1,2,False,1.8977352709443396,False,1.0,1.0,historical_weather_proxy,verified_historical_demo,,,,,0.07520013485756864,2026-07,2026-05,VOLOGDA-p000-420-no-wind-M-2
2026-07-20,14,1,2,True,3.856888364594899,True,1.0,1.0,historical_weather_proxy,verified_historical_demo,,,,,0.15763259943689004,2026-07,2026-05,VOLOGDA-p000-420-no-wind-M-2
2026-07-20,15,1,2,False,3.8522240747040213,True,1.0,1.0,historical_weather_proxy,verified_historical_demo,,,,,0.1573550890519665,2026-07,2026-05,VOLOGDA-p000-420-no-wind-M-2
2026-07-20,16,1,2,False,2.9974875850410454,False,1.0,1.0,historical_weather_proxy,verified_historical_demo,,,,,0.11393283449811485,2026-07,2026-05,VOLOGDA-p000-420-no-wind-M-2
2026-07-20,17,1,2,False,2.249430577605171,False,1.0,1.0,historical_weather_proxy,verified_historical_demo,,,,,0.08588539635254266,2026-07,2026-05,VOLOGDA-p000-420-no-wind-M-2
2026-07-20,20,2,2,False,-6.030000256510893,True,1.0,1.0,historical_weather_proxy,verified_historical_demo,,,,,0.0037632136537989807,2026-07,2026-05,VOLOGDA-p000-420-no-wind-M-2
2026-07-20,21,2,2,False,-5.971717903027163,True,1.0,1.0,historical_weather_proxy,verified_historical_demo,,,,,0.0038469889542832782,2026-07,2026-05,VOLOGDA-p000-420-no-wind-M-2
2026-07-21,8,1,2,False,-8.682535152596142,False,0.0,0.0,historical_weather_proxy,verified_historical_demo,,,,,0.0011117795275923136,2026-07,2026-05,VOLOGDA-p000-420-no-wind-M-2
2026-07-21,9,1,2,True,-0.2518345775716405,False,0.0,0.0,historical_weather_proxy,verified_historical_demo,,,,,0.034974581170789505,2026-07,2026-05,VOLOGDA-p000-420-no-wind-M-2
2026-07-21,10,1,2,False,2.9104488778942033,False,0.0,0.0,historical_weather_proxy,verified_historical_demo,,,,,0.12750864769690726,2026-07,2026-05,VOLOGDA-p000-420-no-wind-M-2
2026-07-21,11,1,2,False,3.021049233244163,False,0.0,0.0,historical_weather_proxy,verified_historical_demo,,,,,0.1334098985519303,2026-07,2026-05,VOLOGDA-p000-420-no-wind-M-2
2026-07-21,12,1,2,False,3.03705132521137,False,0.0,0.0,historical_weather_proxy,verified_historical_demo,,,,,0.13428603886743823,2026-07,2026-05,VOLOGDA-p000-420-no-wind-M-2
2026-07-21,13,1,2,False,1.3634226052343195,False,0.0,0.0,historical_weather_proxy,verified_historical_demo,,,,,0.06771841307275354,2026-07,2026-05,VOLOGDA-p000-420-no-wind-M-2
2026-07-21,14,1,2,False,3.268375715167087,True,0.0,0.0,historical_weather_proxy,verified_historical_demo,,,,,0.14761353714538858,2026-07,2026-05,VOLOGDA-p000-420-no-wind-M-2
2026-07-21,15,1,2,False,3.3761353834635672,True,0.0,0.0,historical_weather_proxy,verified_historical_demo,,,,,0.1542659032427888,2026-07,2026-05,VOLOGDA-p000-420-no-wind-M-2
2026-07-21,16,1,2,False,2.5876647909362624,False,0.0,0.0,historical_weather_proxy,verified_historical_demo,,,,,0.11173681430357352,2026-07,2026-05,VOLOGDA-p000-420-no-wind-M-2
2026-07-21,17,1,2,False,1.7980558948663958,False,0.0,0.0,historical_weather_proxy,verified_historical_demo,,,,,0.08089476200732722,2026-07,2026-05,VOLOGDA-p000-420-no-wind-M-2
2026-07-21,20,2,2,False,-5.986332155967696,True,0.0,0.0,historical_weather_proxy,verified_historical_demo,,,,,0.0033496967879411785,2026-07,2026-05,VOLOGDA-p000-420-no-wind-M-2
2026-07-21,21,2,2,False,-6.152224697792883,True,0.0,0.0,historical_weather_proxy,verified_historical_demo,,,,,0.0031299276255695326,2026-07,2026-05,VOLOGDA-p000-420-no-wind-M-2
2026-07-22,8,1,2,False,-7.760067262302268,False,1.0,1.0,historical_weather_proxy,verified_historical_demo,,,,,0.0010529093569874367,2026-07,2026-05,VOLOGDA-p000-420-no-wind-M-2
2026-07-22,9,1,2,False,-0.02310430233194321,False,1.0,1.0,historical_weather_proxy,verified_historical_demo,,,,,0.037642110966095335,2026-07,2026-05,VOLOGDA-p000-420-no-wind-M-2
2026-07-22,10,1,2,False,2.5857770818697503,False,1.0,1.0,historical_weather_proxy,verified_historical_demo,,,,,0.12572929229228388,2026-07,2026-05,VOLOGDA-p000-420-no-wind-M-2
2026-07-22,11,1,2,False,2.5595759603272965,False,1.0,1.0,historical_weather_proxy,verified_historical_demo,,,,,0.12421564503820232,2026-07,2026-05,VOLOGDA-p000-420-no-wind-M-2
2026-07-22,12,1,2,False,2.579845537260372,False,1.0,1.0,historical_weather_proxy,verified_historical_demo,,,,,0.12538501787520454,2026-07,2026-05,VOLOGDA-p000-420-no-wind-M-2
2026-07-22,13,1,2,False,0.952188763931589,False,1.0,1.0,historical_weather_proxy,verified_historical_demo,,,,,0.05908470958295643,2026-07,2026-05,VOLOGDA-p000-420-no-wind-M-2
2026-07-22,14,1,2,False,3.087936287447473,True,1.0,1.0,historical_weather_proxy,verified_historical_demo,,,,,0.158580806314732,2026-07,2026-05,VOLOGDA-p000-420-no-wind-M-2
2026-07-22,15,1,2,True,3.0363446644363714,True,1.0,1.0,historical_weather_proxy,verified_historical_demo,,,,,0.15484351407353528,2026-07,2026-05,VOLOGDA-p000-420-no-wind-M-2
2026-07-22,16,1,2,False,2.6549772166374632,False,1.0,1.0,historical_weather_proxy,verified_historical_demo,,,,,0.1298162866678032,2026-07,2026-05,VOLOGDA-p000-420-no-wind-M-2
2026-07-22,17,1,2,False,1.523276881136272,False,1.0,1.0,historical_weather_proxy,verified_historical_demo,,,,,0.0769356302783837,2026-07,2026-05,VOLOGDA-p000-420-no-wind-M-2
2026-07-22,20,2,2,False,-5.187053547594006,True,1.0,1.0,historical_weather_proxy,verified_historical_demo,,,,,0.0034590165860218726,2026-07,2026-05,VOLOGDA-p000-420-no-wind-M-2
2026-07-22,21,2,2,False,-5.318520682667703,True,1.0,1.0,historical_weather_proxy,verified_historical_demo,,,,,0.0032550609677939645,2026-07,2026-05,VOLOGDA-p000-420-no-wind-M-2
2026-07-23,8,1,2,False,-7.205387500053382,False,1.0,1.0,historical_weather_proxy,verified_historical_demo,,,,,0.0009842657195212937,2026-07,2026-05,VOLOGDA-p000-420-no-wind-M-2
2026-07-23,9,1,2,False,0.3234378760867403,False,1.0,1.0,historical_weather_proxy,verified_historical_demo,,,,,0.04548282427662575,2026-07,2026-05,VOLOGDA-p000-420-no-wind-M-2
2026-07-23,10,1,2,False,2.5153771143517867,False,1.0,1.0,historical_weather_proxy,verified_historical_demo,,,,,0.1388409997048333,2026-07,2026-05,VOLOGDA-p000-420-no-wind-M-2
2026-07-23,11,1,2,False,2.1906958465877873,False,1.0,1.0,historical_weather_proxy,verified_historical_demo,,,,,0.11768629307587007,2026-07,2026-05,VOLOGDA-p000-420-no-wind-M-2
2026-07-23,12,1,2,False,2.4470847107823284,False,1.0,1.0,historical_weather_proxy,verified_historical_demo,,,,,0.13409644600412696,2026-07,2026-05,VOLOGDA-p000-420-no-wind-M-2
2026-07-23,13,1,2,False,0.5896587537593151,False,1.0,1.0,historical_weather_proxy,verified_historical_demo,,,,,0.0520850173283349,2026-07,2026-05,VOLOGDA-p000-420-no-wind-M-2
2026-07-23,14,1,2,False,2.7854433608920592,True,1.0,1.0,historical_weather_proxy,verified_historical_demo,,,,,0.15930646055583758,2026-07,2026-05,VOLOGDA-p000-420-no-wind-M-2
2026-07-23,15,1,2,True,2.585444916804774,True,1.0,1.0,historical_weather_proxy,verified_historical_demo,,,,,0.14388342375297616,2026-07,2026-05,VOLOGDA-p000-420-no-wind-M-2
2026-07-23,16,1,2,False,2.2464185955011153,False,1.0,1.0,historical_weather_proxy,verified_historical_demo,,,,,0.1210729182823848,2026-07,2026-05,VOLOGDA-p000-420-no-wind-M-2
2026-07-23,17,1,2,False,1.4215506400619902,False,1.0,1.0,historical_weather_proxy,verified_historical_demo,,,,,0.07955298124707444,2026-07,2026-05,VOLOGDA-p000-420-no-wind-M-2
2026-07-23,20,2,2,False,-4.611408081410933,True,1.0,1.0,historical_weather_proxy,verified_historical_demo,,,,,0.003687055880123886,2026-07,2026-05,VOLOGDA-p000-420-no-wind-M-2
2026-07-23,21,2,2,False,-4.816594489482468,True,1.0,1.0,historical_weather_proxy,verified_historical_demo,,,,,0.00332131417229089,2026-07,2026-05,VOLOGDA-p000-420-no-wind-M-2
2026-07-24,8,1,2,False,-8.272342642996668,False,0.0,0.0,historical_weather_proxy,verified_historical_demo,,,,,0.000912646103371493,2026-07,2026-05,VOLOGDA-p000-420-no-wind-M-2
2026-07-24,9,1,2,False,0.09379483559868668,False,0.0,0.0,historical_weather_proxy,verified_historical_demo,,,,,0.039664087681366915,2026-07,2026-05,VOLOGDA-p000-420-no-wind-M-2
2026-07-24,10,1,2,False,2.9222606640724864,False,0.0,0.0,historical_weather_proxy,verified_historical_demo,,,,,0.14197532990876208,2026-07,2026-05,VOLOGDA-p000-420-no-wind-M-2
2026-07-24,11,1,2,True,2.791092448706178,False,0.0,0.0,historical_weather_proxy,verified_historical_demo,,,,,0.13382278572024892,2026-07,2026-05,VOLOGDA-p000-420-no-wind-M-2
2026-07-24,12,1,2,False,2.8470075911527495,False,0.0,0.0,historical_weather_proxy,verified_historical_demo,,,,,0.1372392344341266,2026-07,2026-05,VOLOGDA-p000-420-no-wind-M-2
2026-07-24,13,1,2,False,0.9003342226400324,False,0.0,0.0,historical_weather_proxy,verified_historical_demo,,,,,0.05705824335601863,2026-07,2026-05,VOLOGDA-p000-420-no-wind-M-2
2026-07-24,14,1,2,False,3.163118412990559,True,0.0,0.0,historical_weather_proxy,verified_historical_demo,,,,,0.15826066552607093,2026-07,2026-05,VOLOGDA-p000-420-no-wind-M-2
2026-07-24,15,1,2,False,3.0412965534894125,True,0.0,0.0,historical_weather_proxy,verified_historical_demo,,,,,0.1498028892750948,2026-07,2026-05,VOLOGDA-p000-420-no-wind-M-2
2026-07-24,16,1,2,False,2.210714170143551,False,0.0,0.0,historical_weather_proxy,verified_historical_demo,,,,,0.10301290348812421,2026-07,2026-05,VOLOGDA-p000-420-no-wind-M-2
2026-07-24,17,1,2,False,1.3786488918724504,False,0.0,0.0,historical_weather_proxy,verified_historical_demo,,,,,0.07079013082237587,2026-07,2026-05,VOLOGDA-p000-420-no-wind-M-2
2026-07-24,20,2,2,False,-5.1040136225007116,True,0.0,0.0,historical_weather_proxy,verified_historical_demo,,,,,0.003807704621969972,2026-07,2026-05,VOLOGDA-p000-420-no-wind-M-2
2026-07-24,21,2,2,False,-5.195783065803251,True,0.0,0.0,historical_weather_proxy,verified_historical_demo,,,,,0.0036533790624696492,2026-07,2026-05,VOLOGDA-p000-420-no-wind-M-2
2026-07-27,8,1,2,False,-7.728435352722595,False,1.0,1.0,historical_weather_proxy,verified_historical_demo,,,,,0.0009717653502515174,2026-07,2026-05,VOLOGDA-p000-420-no-wind-M-2
2026-07-27,9,1,2,False,-0.03292285042031663,False,1.0,1.0,historical_weather_proxy,verified_historical_demo,,,,,0.038284564980071274,2026-07,2026-05,VOLOGDA-p000-420-no-wind-M-2
2026-07-27,10,1,2,False,2.526545597783488,False,1.0,1.0,historical_weather_proxy,verified_historical_demo,,,,,0.12991588191250902,2026-07,2026-05,VOLOGDA-p000-420-no-wind-M-2
2026-07-27,11,1,2,False,2.5072030742734963,False,1.0,1.0,historical_weather_proxy,verified_historical_demo,,,,,0.12872179337587533,2026-07,2026-05,VOLOGDA-p000-420-no-wind-M-2
2026-07-27,12,1,2,False,2.609404823294401,False,1.0,1.0,historical_weather_proxy,verified_historical_demo,,,,,0.13515774240675524,2026-07,2026-05,VOLOGDA-p000-420-no-wind-M-2
2026-07-27,13,1,2,False,1.127293020271438,False,1.0,1.0,historical_weather_proxy,verified_historical_demo,,,,,0.06661376661831911,2026-07,2026-05,VOLOGDA-p000-420-no-wind-M-2
2026-07-27,14,1,2,False,2.9047120097813606,True,1.0,1.0,historical_weather_proxy,verified_historical_demo,,,,,0.1556198937568362,2026-07,2026-05,VOLOGDA-p000-420-no-wind-M-2
2026-07-27,15,1,2,True,2.731105153085937,True,1.0,1.0,historical_weather_proxy,verified_historical_demo,,,,,0.14324263272114524,2026-07,2026-05,VOLOGDA-p000-420-no-wind-M-2
2026-07-27,16,1,2,False,2.1599309029885623,False,1.0,1.0,historical_weather_proxy,verified_historical_demo,,,,,0.10905719472416613,2026-07,2026-05,VOLOGDA-p000-420-no-wind-M-2
2026-07-27,17,1,2,False,1.6457446176995063,False,1.0,1.0,historical_weather_proxy,verified_historical_demo,,,,,0.08532009038455808,2026-07,2026-05,VOLOGDA-p000-420-no-wind-M-2
2026-07-27,20,2,2,False,-5.037556380725602,True,1.0,1.0,historical_weather_proxy,verified_historical_demo,,,,,0.0035111101786710745,2026-07,2026-05,VOLOGDA-p000-420-no-wind-M-2
2026-07-27,21,2,2,False,-4.994769875196279,True,1.0,1.0,historical_weather_proxy,verified_historical_demo,,,,,0.0035835635908418465,2026-07,2026-05,VOLOGDA-p000-420-no-wind-M-2
2026-07-28,8,1,2,False,-8.716441380022554,False,1.0,1.0,historical_weather_proxy,verified_historical_demo,,,,,0.000997533245308435,2026-07,2026-05,VOLOGDA-p000-420-no-wind-M-2
2026-07-28,9,1,2,False,-0.2548385486751855,False,1.0,1.0,historical_weather_proxy,verified_historical_demo,,,,,0.03448240975466015,2026-07,2026-05,VOLOGDA-p000-420-no-wind-M-2
2026-07-28,10,1,2,False,3.0513497756619135,False,1.0,1.0,historical_weather_proxy,verified_historical_demo,,,,,0.1376574520602777,2026-07,2026-05,VOLOGDA-p000-420-no-wind-M-2
2026-07-28,11,1,2,False,3.0906705033735387,False,1.0,1.0,historical_weather_proxy,verified_historical_demo,,,,,0.13994257647774308,2026-07,2026-05,VOLOGDA-p000-420-no-wind-M-2
2026-07-28,12,1,2,False,3.111117663438119,False,1.0,1.0,historical_weather_proxy,verified_historical_demo,,,,,0.1411458153734439,2026-07,2026-05,VOLOGDA-p000-420-no-wind-M-2
2026-07-28,13,1,2,False,1.103920919107452,False,1.0,1.0,historical_weather_proxy,verified_historical_demo,,,,,0.060908291338320465,2026-07,2026-05,VOLOGDA-p000-420-no-wind-M-2
2026-07-28,14,1,2,False,3.1802757814214226,True,1.0,1.0,historical_weather_proxy,verified_historical_demo,,,,,0.14529270862480503,2026-07,2026-05,VOLOGDA-p000-420-no-wind-M-2
2026-07-28,15,1,2,True,3.1982280014186184,True,1.0,1.0,historical_weather_proxy,verified_historical_demo,,,,,0.14638894406035236,2026-07,2026-05,VOLOGDA-p000-420-no-wind-M-2
2026-07-28,16,1,2,False,2.532001759727067,False,1.0,1.0,historical_weather_proxy,verified_historical_demo,,,,,0.11075433257789902,2026-07,2026-05,VOLOGDA-p000-420-no-wind-M-2
2026-07-28,17,1,2,False,1.613380644501255,False,1.0,1.0,historical_weather_proxy,verified_historical_demo,,,,,0.07539062048640978,2026-07,2026-05,VOLOGDA-p000-420-no-wind-M-2
2026-07-28,20,2,2,False,-5.768465687195687,True,1.0,1.0,historical_weather_proxy,verified_historical_demo,,,,,0.003427611478027737,2026-07,2026-05,VOLOGDA-p000-420-no-wind-M-2
2026-07-28,21,2,2,False,-5.6435182506369195,True,1.0,1.0,historical_weather_proxy,verified_historical_demo,,,,,0.0036117045227523907,2026-07,2026-05,VOLOGDA-p000-420-no-wind-M-2
2026-07-29,8,1,2,False,-9.2670906026199,False,1.0,1.0,historical_weather_proxy,verified_historical_demo,,,,,0.001139842843467097,2026-07,2026-05,VOLOGDA-p000-420-no-wind-M-2
2026-07-29,9,1,2,False,-0.6084328095572753,False,1.0,1.0,historical_weather_proxy,verified_historical_demo,,,,,0.028867147157358282,2026-07,2026-05,VOLOGDA-p000-420-no-wind-M-2
2026-07-29,10,1,2,False,3.1049548549778843,False,1.0,1.0,historical_weather_proxy,verified_historical_demo,,,,,0.11543564014401844,2026-07,2026-05,VOLOGDA-p000-420-no-wind-M-2
2026-07-29,11,1,2,False,3.3935957385582407,False,1.0,1.0,historical_weather_proxy,verified_historical_demo,,,,,0.12856663728390758,2026-07,2026-05,VOLOGDA-p000-420-no-wind-M-2
2026-07-29,12,1,2,False,3.2225601473733274,False,1.0,1.0,historical_weather_proxy,verified_historical_demo,,,,,0.1206156339990575,2026-07,2026-05,VOLOGDA-p000-420-no-wind-M-2
2026-07-29,13,1,2,False,1.7601053888753768,False,1.0,1.0,historical_weather_proxy,verified_historical_demo,,,,,0.0698781339268255,2026-07,2026-05,VOLOGDA-p000-420-no-wind-M-2
2026-07-29,14,1,2,True,4.007810425739575,True,1.0,1.0,historical_weather_proxy,verified_historical_demo,,,,,0.1616932197207147,2026-07,2026-05,VOLOGDA-p000-420-no-wind-M-2
2026-07-29,15,1,2,False,4.07321340414659,True,1.0,1.0,historical_weather_proxy,verified_historical_demo,,,,,0.1656889553489294,2026-07,2026-05,VOLOGDA-p000-420-no-wind-M-2
2026-07-29,16,1,2,False,3.437757445944496,False,1.0,1.0,historical_weather_proxy,verified_historical_demo,,,,,0.13070338914659008,2026-07,2026-05,VOLOGDA-p000-420-no-wind-M-2
2026-07-29,17,1,2,False,1.8003648906177916,False,1.0,1.0,historical_weather_proxy,verified_historical_demo,,,,,0.07093610195353134,2026-07,2026-05,VOLOGDA-p000-420-no-wind-M-2
2026-07-29,20,2,2,False,-6.423506590176395,True,1.0,1.0,historical_weather_proxy,verified_historical_demo,,,,,0.0032944795235086365,2026-07,2026-05,VOLOGDA-p000-420-no-wind-M-2
2026-07-29,21,2,2,False,-6.517571771248792,True,1.0,1.0,historical_weather_proxy,verified_historical_demo,,,,,0.003180818952091417,2026-07,2026-05,VOLOGDA-p000-420-no-wind-M-2
2026-07-30,8,1,2,False,-9.033926992272333,False,0.0,0.0,historical_weather_proxy,verified_historical_demo,,,,,0.0011573556680509406,2026-07,2026-05,VOLOGDA-p000-420-no-wind-M-2
2026-07-30,9,1,2,False,-0.5300548786867197,False,0.0,0.0,historical_weather_proxy,verified_historical_demo,,,,,0.029733748945540928,2026-07,2026-05,VOLOGDA-p000-420-no-wind-M-2
2026-07-30,10,1,2,True,3.051669089258106,False,0.0,0.0,historical_weather_proxy,verified_historical_demo,,,,,0.1166896840687928,2026-07,2026-05,VOLOGDA-p000-420-no-wind-M-2
2026-07-30,11,1,2,False,3.1292629688237197,False,0.0,0.0,historical_weather_proxy,verified_historical_demo,,,,,0.12019767770428255,2026-07,2026-05,VOLOGDA-p000-420-no-wind-M-2
2026-07-30,12,1,2,False,3.4549945250227063,False,0.0,0.0,historical_weather_proxy,verified_historical_demo,,,,,0.1361119550750633,2026-07,2026-05,VOLOGDA-p000-420-no-wind-M-2
2026-07-30,13,1,2,False,1.4384455964007234,False,0.0,0.0,historical_weather_proxy,verified_historical_demo,,,,,0.06303622601654589,2026-07,2026-05,VOLOGDA-p000-420-no-wind-M-2
2026-07-30,14,1,2,False,3.9559372721060857,True,0.0,0.0,historical_weather_proxy,verified_historical_demo,,,,,0.16479468602424374,2026-07,2026-05,VOLOGDA-p000-420-no-wind-M-2
2026-07-30,15,1,2,False,3.8253339767288654,True,0.0,0.0,historical_weather_proxy,verified_historical_demo,,,,,0.15678034705114577,2026-07,2026-05,VOLOGDA-p000-420-no-wind-M-2
2026-07-30,16,1,2,False,3.3457163773656395,False,0.0,0.0,historical_weather_proxy,verified_historical_demo,,,,,0.1305509392252754,2026-07,2026-05,VOLOGDA-p000-420-no-wind-M-2
2026-07-30,17,1,2,False,1.8779520706586246,False,0.0,0.0,historical_weather_proxy,verified_historical_demo,,,,,0.07455077303102425,2026-07,2026-05,VOLOGDA-p000-420-no-wind-M-2
2026-07-30,20,2,2,False,-6.321633665752661,True,0.0,0.0,historical_weather_proxy,verified_historical_demo,,,,,0.0032592247509316847,2026-07,2026-05,VOLOGDA-p000-420-no-wind-M-2
2026-07-30,21,2,2,False,-6.421444984242356,True,0.0,0.0,historical_weather_proxy,verified_historical_demo,,,,,0.0031373824391027092,2026-07,2026-05,VOLOGDA-p000-420-no-wind-M-2
2026-07-31,8,1,2,False,-9.155854668161451,False,1.0,1.0,historical_weather_proxy,verified_historical_demo,,,,,0.0008724984647653432,2026-07,2026-05,VOLOGDA-p000-420-no-wind-M-2
2026-07-31,9,1,2,False,-0.0953548189805544,False,1.0,1.0,historical_weather_proxy,verified_historical_demo,,,,,0.03588498017639741,2026-07,2026-05,VOLOGDA-p000-420-no-wind-M-2
2026-07-31,10,1,2,False,3.157087127617305,False,1.0,1.0,historical_weather_proxy,verified_historical_demo,,,,,0.13625185372465418,2026-07,2026-05,VOLOGDA-p000-420-no-wind-M-2
2026-07-31,11,1,2,False,3.2950847415785587,False,1.0,1.0,historical_weather_proxy,verified_historical_demo,,,,,0.14418729653580264,2026-07,2026-05,VOLOGDA-p000-420-no-wind-M-2
2026-07-31,12,1,2,True,3.420577020290901,True,1.0,1.0,historical_weather_proxy,verified_historical_demo,,,,,0.15180417830062562,2026-07,2026-05,VOLOGDA-p000-420-no-wind-M-2
2026-07-31,13,1,2,False,1.1680001692016115,False,1.0,1.0,historical_weather_proxy,verified_historical_demo,,,,,0.06025348751692346,2026-07,2026-05,VOLOGDA-p000-420-no-wind-M-2
2026-07-31,14,1,2,False,3.437890979116667,True,1.0,1.0,historical_weather_proxy,verified_historical_demo,,,,,0.15288618555532882,2026-07,2026-05,VOLOGDA-p000-420-no-wind-M-2
2026-07-31,15,1,2,False,3.356899955029413,False,1.0,1.0,historical_weather_proxy,verified_historical_demo,,,,,0.14789024066981418,2026-07,2026-05,VOLOGDA-p000-420-no-wind-M-2
2026-07-31,16,1,2,False,2.2206492972644094,False,1.0,1.0,historical_weather_proxy,verified_historical_demo,,,,,0.09279273041867278,2026-07,2026-05,VOLOGDA-p000-420-no-wind-M-2
2026-07-31,17,1,2,False,1.5119685242956442,False,1.0,1.0,historical_weather_proxy,verified_historical_demo,,,,,0.06938425198959039,2026-07,2026-05,VOLOGDA-p000-420-no-wind-M-2
2026-07-31,20,2,2,False,-5.6161931912456495,True,1.0,1.0,historical_weather_proxy,verified_historical_demo,,,,,0.0037270324452350974,2026-07,2026-05,VOLOGDA-p000-420-no-wind-M-2
2026-07-31,21,2,2,False,-5.404432680326399,True,1.0,1.0,historical_weather_proxy,verified_historical_demo,,,,,0.004065264202190057,2026-07,2026-05,VOLOGDA-p000-420-no-wind-M-2
2026-08-03,8,1,1,False,-9.387266625425037,False,0.0,0.0,historical_weather_proxy,verified_historical_demo,,,,,0.0003759151445556495,2026-08,2026-06,VOLOGDA-p000-420-no-wind-M-2
2026-08-03,9,1,1,False,-0.4146466723229642,False,0.0,0.0,historical_weather_proxy,verified_historical_demo,,,,,0.026666019885078773,2026-08,2026-06,VOLOGDA-p000-420-no-wind-M-2
2026-08-03,10,1,1,True,2.705323411467563,False,0.0,0.0,historical_weather_proxy,verified_historical_demo,,,,,0.11736655364276267,2026-08,2026-06,VOLOGDA-p000-420-no-wind-M-2
2026-08-03,11,1,1,False,2.553038273572632,False,0.0,0.0,historical_weather_proxy,verified_historical_demo,,,,,0.10917696975252623,2026-08,2026-06,VOLOGDA-p000-420-no-wind-M-2
2026-08-03,12,1,1,False,2.644716590233087,False,0.0,0.0,historical_weather_proxy,verified_historical_demo,,,,,0.1140361119904294,2026-08,2026-06,VOLOGDA-p000-420-no-wind-M-2
2026-08-03,13,1,1,False,0.7324120959594708,False,0.0,0.0,historical_weather_proxy,verified_historical_demo,,,,,0.04598042831295864,2026-08,2026-06,VOLOGDA-p000-420-no-wind-M-2
2026-08-03,14,1,1,False,3.545703086512991,True,0.0,0.0,historical_weather_proxy,verified_historical_demo,,,,,0.17494338599723,2026-08,2026-06,VOLOGDA-p000-420-no-wind-M-2
2026-08-03,15,1,1,False,3.4928274694245296,True,0.0,0.0,historical_weather_proxy,verified_historical_demo,,,,,0.17060445482568878,2026-08,2026-06,VOLOGDA-p000-420-no-wind-M-2
2026-08-03,16,1,1,False,2.6964921781125586,False,0.0,0.0,historical_weather_proxy,verified_historical_demo,,,,,0.11687527585317771,2026-08,2026-06,VOLOGDA-p000-420-no-wind-M-2
2026-08-03,17,1,1,False,2.011901042279759,False,0.0,0.0,historical_weather_proxy,verified_historical_demo,,,,,0.08443168747098521,2026-08,2026-06,VOLOGDA-p000-420-no-wind-M-2
2026-08-03,18,1,1,False,-1.1502543195937243,False,0.0,0.0,historical_weather_proxy,verified_historical_demo,,,,,0.018802576046979585,2026-08,2026-06,VOLOGDA-p000-420-no-wind-M-2
2026-08-03,19,1,1,False,-2.355537044680231,False,0.0,0.0,historical_weather_proxy,verified_historical_demo,,,,,0.010606989184614068,2026-08,2026-06,VOLOGDA-p000-420-no-wind-M-2
2026-08-03,20,1,1,False,-4.304475788544161,False,0.0,0.0,historical_weather_proxy,verified_historical_demo,,,,,0.004203062408770957,2026-08,2026-06,VOLOGDA-p000-420-no-wind-M-2
2026-08-03,21,1,1,False,-3.579583136419167,False,0.0,0.0,historical_weather_proxy,verified_historical_demo,,,,,0.005930569484242357,2026-08,2026-06,VOLOGDA-p000-420-no-wind-M-2
2026-08-04,8,1,1,False,-8.373329628861912,False,1.0,1.0,historical_weather_proxy,verified_historical_demo,,,,,0.00040690412092092825,2026-08,2026-06,VOLOGDA-p000-420-no-wind-M-2
2026-08-04,9,1,1,False,-0.16870209684962612,False,1.0,1.0,historical_weather_proxy,verified_historical_demo,,,,,0.030662524002915997,2026-08,2026-06,VOLOGDA-p000-420-no-wind-M-2
2026-08-04,10,1,1,False,2.6787601592080685,False,1.0,1.0,historical_weather_proxy,verified_historical_demo,,,,,0.13742683047643667,2026-08,2026-06,VOLOGDA-p000-420-no-wind-M-2
2026-08-04,11,1,1,False,2.3948242730557343,False,1.0,1.0,historical_weather_proxy,verified_historical_demo,,,,,0.11833427733795342,2026-08,2026-06,VOLOGDA-p000-420-no-wind-M-2
2026-08-04,12,1,1,False,2.33157610811414,False,1.0,1.0,historical_weather_proxy,verified_historical_demo,,,,,0.11445642493349045,2026-08,2026-06,VOLOGDA-p000-420-no-wind-M-2
2026-08-04,13,1,1,False,0.32568498922125605,False,1.0,1.0,historical_weather_proxy,verified_historical_demo,,,,,0.03978482591039252,2026-08,2026-06,VOLOGDA-p000-420-no-wind-M-2
2026-08-04,14,1,1,False,3.121488888891701,True,1.0,1.0,historical_weather_proxy,verified_historical_demo,,,,,0.1735251016670109,2026-08,2026-06,VOLOGDA-p000-420-no-wind-M-2
2026-08-04,15,1,1,True,2.9439595375744068,True,1.0,1.0,historical_weather_proxy,verified_historical_demo,,,,,0.1580322850924258,2026-08,2026-06,VOLOGDA-p000-420-no-wind-M-2
2026-08-04,16,1,1,False,2.2505661365103533,False,1.0,1.0,historical_weather_proxy,verified_historical_demo,,,,,0.10967461326649124,2026-08,2026-06,VOLOGDA-p000-420-no-wind-M-2
2026-08-04,17,1,1,False,1.6379404513546778,False,1.0,1.0,historical_weather_proxy,verified_historical_demo,,,,,0.07942277246987914,2026-08,2026-06,VOLOGDA-p000-420-no-wind-M-2
2026-08-04,18,1,1,False,-1.1131755913148225,False,1.0,1.0,historical_weather_proxy,verified_historical_demo,,,,,0.01864336140748456,2026-08,2026-06,VOLOGDA-p000-420-no-wind-M-2
2026-08-04,19,1,1,False,-2.253590014516731,False,1.0,1.0,historical_weather_proxy,verified_historical_demo,,,,,0.010223785060309774,2026-08,2026-06,VOLOGDA-p000-420-no-wind-M-2
2026-08-04,20,1,1,False,-4.14957116413617,False,1.0,1.0,historical_weather_proxy,verified_historical_demo,,,,,0.0037656072170077232,2026-08,2026-06,VOLOGDA-p000-420-no-wind-M-2
2026-08-04,21,1,1,False,-3.3824968050186923,False,1.0,1.0,historical_weather_proxy,verified_historical_demo,,,,,0.005640687037280827,2026-08,2026-06,VOLOGDA-p000-420-no-wind-M-2
2026-08-05,8,1,1,False,-8.49715527161883,False,0.0,0.0,historical_weather_proxy,verified_historical_demo,,,,,0.00041262466751324693,2026-08,2026-06,VOLOGDA-p000-420-no-wind-M-2
2026-08-05,9,1,1,False,-0.35424231067592626,False,0.0,0.0,historical_weather_proxy,verified_historical_demo,,,,,0.025587252781700796,2026-08,2026-06,VOLOGDA-p000-420-no-wind-M-2
2026-08-05,10,1,1,False,2.5562038341810487,False,0.0,0.0,historical_weather_proxy,verified_historical_demo,,,,,0.11186368057497242,2026-08,2026-06,VOLOGDA-p000-420-no-wind-M-2
2026-08-05,11,1,1,False,2.4667060992516454,False,0.0,0.0,historical_weather_proxy,verified_historical_demo,,,,,0.10690260996581756,2026-08,2026-06,VOLOGDA-p000-420-no-wind-M-2
2026-08-05,12,1,1,False,2.17602375231301,False,0.0,0.0,historical_weather_proxy,verified_historical_demo,,,,,0.09225746316177125,2026-08,2026-06,VOLOGDA-p000-420-no-wind-M-2
2026-08-05,13,1,1,False,0.57899284375664,False,0.0,0.0,historical_weather_proxy,verified_historical_demo,,,,,0.04106323553758549,2026-08,2026-06,VOLOGDA-p000-420-no-wind-M-2
2026-08-05,14,1,1,False,3.6842640705476866,True,0.0,0.0,historical_weather_proxy,verified_historical_demo,,,,,0.19815485418459988,2026-08,2026-06,VOLOGDA-p000-420-no-wind-M-2
2026-08-05,15,1,1,False,3.5694856292779997,True,0.0,0.0,historical_weather_proxy,verified_historical_demo,,,,,0.1869558132543161,2026-08,2026-06,VOLOGDA-p000-420-no-wind-M-2
2026-08-05,16,1,1,False,2.775092373101823,False,0.0,0.0,historical_weather_proxy,verified_historical_demo,,,,,0.12498911886391047,2026-08,2026-06,VOLOGDA-p000-420-no-wind-M-2
2026-08-05,17,1,1,True,1.74037728453952,False,0.0,0.0,historical_weather_proxy,verified_historical_demo,,,,,0.07397829329563545,2026-08,2026-06,VOLOGDA-p000-420-no-wind-M-2
2026-08-05,18,1,1,False,-1.061972247581014,False,0.0,0.0,historical_weather_proxy,verified_historical_demo,,,,,0.017874494117615793,2026-08,2026-06,VOLOGDA-p000-420-no-wind-M-2
2026-08-05,19,1,1,False,-2.077733474380258,False,0.0,0.0,historical_weather_proxy,verified_historical_demo,,,,,0.01068164406255759,2026-08,2026-06,VOLOGDA-p000-420-no-wind-M-2
2026-08-05,20,1,1,False,-4.249817616835825,False,0.0,0.0,historical_weather_proxy,verified_historical_demo,,,,,0.003552265989189477,2026-08,2026-06,VOLOGDA-p000-420-no-wind-M-2
2026-08-05,21,1,1,False,-3.30765293988253,False,0.0,0.0,historical_weather_proxy,verified_historical_demo,,,,,0.005726649542814494,2026-08,2026-06,VOLOGDA-p000-420-no-wind-M-2
2026-08-06,8,1,1,False,-8.39594618744597,False,0.0,0.0,historical_weather_proxy,verified_historical_demo,,,,,0.00041388989103288145,2026-08,2026-06,VOLOGDA-p000-420-no-wind-M-2
2026-08-06,9,1,1,False,-0.4239663092343677,False,0.0,0.0,historical_weather_proxy,verified_historical_demo,,,,,0.024607811902570546,2026-08,2026-06,VOLOGDA-p000-420-no-wind-M-2
2026-08-06,10,1,1,False,2.4547719941736794,False,0.0,0.0,historical_weather_proxy,verified_historical_demo,,,,,0.1075833083046506,2026-08,2026-06,VOLOGDA-p000-420-no-wind-M-2
2026-08-06,11,1,1,False,2.0317539540816174,False,0.0,0.0,historical_weather_proxy,verified_historical_demo,,,,,0.08661656442495737,2026-08,2026-06,VOLOGDA-p000-420-no-wind-M-2
2026-08-06,12,1,1,True,2.3149020747218367,False,0.0,0.0,historical_weather_proxy,verified_historical_demo,,,,,0.10014203730747163,2026-08,2026-06,VOLOGDA-p000-420-no-wind-M-2
2026-08-06,13,1,1,False,0.34099745426770356,False,0.0,0.0,historical_weather_proxy,verified_historical_demo,,,,,0.036418159403572424,2026-08,2026-06,VOLOGDA-p000-420-no-wind-M-2
2026-08-06,14,1,1,False,3.7025256001918807,True,0.0,0.0,historical_weather_proxy,verified_historical_demo,,,,,0.20390892055653195,2026-08,2026-06,VOLOGDA-p000-420-no-wind-M-2
2026-08-06,15,1,1,False,3.465825800040168,True,0.0,0.0,historical_weather_proxy,verified_historical_demo,,,,,0.18061672813180826,2026-08,2026-06,VOLOGDA-p000-420-no-wind-M-2
2026-08-06,16,1,1,False,2.9364160550999365,False,0.0,0.0,historical_weather_proxy,verified_historical_demo,,,,,0.13770072740268471,2026-08,2026-06,VOLOGDA-p000-420-no-wind-M-2
2026-08-06,17,1,1,False,1.9713067566795084,False,0.0,0.0,historical_weather_proxy,verified_historical_demo,,,,,0.08397465873865388,2026-08,2026-06,VOLOGDA-p000-420-no-wind-M-2
2026-08-06,18,1,1,False,-0.9467884992507781,False,0.0,0.0,historical_weather_proxy,verified_historical_demo,,,,,0.018824235279368582,2026-08,2026-06,VOLOGDA-p000-420-no-wind-M-2
2026-08-06,19,1,1,False,-2.2261733011953178,False,0.0,0.0,historical_weather_proxy,verified_historical_demo,,,,,0.009772066051765869,2026-08,2026-06,VOLOGDA-p000-420-no-wind-M-2
2026-08-06,20,1,1,False,-4.106041348920422,False,0.0,0.0,historical_weather_proxy,verified_historical_demo,,,,,0.0037292035316358794,2026-08,2026-06,VOLOGDA-p000-420-no-wind-M-2
2026-08-06,21,1,1,False,-3.280956691052541,False,0.0,0.0,historical_weather_proxy,verified_historical_demo,,,,,0.005691689073295476,2026-08,2026-06,VOLOGDA-p000-420-no-wind-M-2
2026-08-07,8,1,1,False,-8.523867879942863,False,0.0,0.0,historical_weather_proxy,verified_historical_demo,,,,,0.0004971745974656083,2026-08,2026-06,VOLOGDA-p000-420-no-wind-M-2
2026-08-07,9,1,1,False,-0.01634422989019928,False,0.0,0.0,historical_weather_proxy,verified_historical_demo,,,,,0.031916862984233206,2026-08,2026-06,VOLOGDA-p000-420-no-wind-M-2
2026-08-07,10,1,1,False,2.857644611473617,False,0.0,0.0,historical_weather_proxy,verified_historical_demo,,,,,0.1302053448880787,2026-08,2026-06,VOLOGDA-p000-420-no-wind-M-2
2026-08-07,11,1,1,False,2.870695685908669,False,0.0,0.0,historical_weather_proxy,verified_historical_demo,,,,,0.13103932514852346,2026-08,2026-06,VOLOGDA-p000-420-no-wind-M-2
2026-08-07,12,1,1,True,2.625669849045021,False,0.0,0.0,historical_weather_proxy,verified_historical_demo,,,,,0.11623672846426789,2026-08,2026-06,VOLOGDA-p000-420-no-wind-M-2
2026-08-07,13,1,1,False,0.17534918250075418,False,0.0,0.0,historical_weather_proxy,verified_historical_demo,,,,,0.03505479603902005,2026-08,2026-06,VOLOGDA-p000-420-no-wind-M-2
2026-08-07,14,1,1,False,3.349800989022371,True,0.0,0.0,historical_weather_proxy,verified_historical_demo,,,,,0.16565041103069475,2026-08,2026-06,VOLOGDA-p000-420-no-wind-M-2
2026-08-07,15,1,1,False,3.21556048382587,True,0.0,0.0,historical_weather_proxy,verified_historical_demo,,,,,0.155121407266915,2026-08,2026-06,VOLOGDA-p000-420-no-wind-M-2
2026-08-07,16,1,1,False,2.7179544882109212,False,0.0,0.0,historical_weather_proxy,verified_historical_demo,,,,,0.1216046557934834,2026-08,2026-06,VOLOGDA-p000-420-no-wind-M-2
2026-08-07,17,1,1,False,1.7220339765013273,False,0.0,0.0,historical_weather_proxy,verified_historical_demo,,,,,0.07470619271384461,2026-08,2026-06,VOLOGDA-p000-420-no-wind-M-2
2026-08-07,18,1,1,False,-0.9013324746196764,False,0.0,0.0,historical_weather_proxy,verified_historical_demo,,,,,0.020701189747964446,2026-08,2026-06,VOLOGDA-p000-420-no-wind-M-2
2026-08-07,19,1,1,False,-2.49590079059553,False,0.0,0.0,historical_weather_proxy,verified_historical_demo,,,,,0.009488832886692939,2026-08,2026-06,VOLOGDA-p000-420-no-wind-M-2
2026-08-07,20,1,1,False,-4.806941107173703,False,0.0,0.0,historical_weather_proxy,verified_historical_demo,,,,,0.0030634331915204154,2026-08,2026-06,VOLOGDA-p000-420-no-wind-M-2
2026-08-07,21,1,1,False,-3.926077926867496,False,0.0,0.0,historical_weather_proxy,verified_historical_demo,,,,,0.004713645247295473,2026-08,2026-06,VOLOGDA-p000-420-no-wind-M-2
2026-08-10,8,1,1,False,-9.022803571131412,False,0.0,0.0,historical_weather_proxy,verified_historical_demo,,,,,0.0003842129288998965,2026-08,2026-06,VOLOGDA-p000-420-no-wind-M-2
2026-08-10,9,1,1,False,-0.5009026618728115,False,0.0,0.0,historical_weather_proxy,verified_historical_demo,,,,,0.02463054446012308,2026-08,2026-06,VOLOGDA-p000-420-no-wind-M-2
2026-08-10,10,1,1,False,2.505899324218552,False,0.0,0.0,historical_weather_proxy,verified_historical_demo,,,,,0.10690731747302482,2026-08,2026-06,VOLOGDA-p000-420-no-wind-M-2
2026-08-10,11,1,1,False,2.369075421261564,False,0.0,0.0,historical_weather_proxy,verified_historical_demo,,,,,0.09999921846001787,2026-08,2026-06,VOLOGDA-p000-420-no-wind-M-2
2026-08-10,12,1,1,True,2.3921478630492805,False,0.0,0.0,historical_weather_proxy,verified_historical_demo,,,,,0.10113201602424542,2026-08,2026-06,VOLOGDA-p000-420-no-wind-M-2
2026-08-10,13,1,1,False,0.761272414650047,False,0.0,0.0,historical_weather_proxy,verified_historical_demo,,,,,0.04561351024775572,2026-08,2026-06,VOLOGDA-p000-420-no-wind-M-2
2026-08-10,14,1,1,False,3.663768815825801,True,0.0,0.0,historical_weather_proxy,verified_historical_demo,,,,,0.18815291923002112,2026-08,2026-06,VOLOGDA-p000-420-no-wind-M-2
2026-08-10,15,1,1,False,3.6218407197366824,True,0.0,0.0,historical_weather_proxy,verified_historical_demo,,,,,0.18434057167864856,2026-08,2026-06,VOLOGDA-p000-420-no-wind-M-2
2026-08-10,16,1,1,False,2.8277680219443146,False,0.0,0.0,historical_weather_proxy,verified_historical_demo,,,,,0.12509886811512078,2026-08,2026-06,VOLOGDA-p000-420-no-wind-M-2
2026-08-10,17,1,1,False,1.998003818888942,False,0.0,0.0,historical_weather_proxy,verified_historical_demo,,,,,0.08342921292609957,2026-08,2026-06,VOLOGDA-p000-420-no-wind-M-2
2026-08-10,18,1,1,False,-0.9865427404787577,False,0.0,0.0,historical_weather_proxy,verified_historical_demo,,,,,0.01943137589439293,2026-08,2026-06,VOLOGDA-p000-420-no-wind-M-2
2026-08-10,19,1,1,False,-2.1302299838707377,False,0.0,0.0,historical_weather_proxy,verified_historical_demo,,,,,0.011117498828079888,2026-08,2026-06,VOLOGDA-p000-420-no-wind-M-2
2026-08-10,20,1,1,False,-4.290983329794927,False,0.0,0.0,historical_weather_proxy,verified_historical_demo,,,,,0.003871343446881742,2026-08,2026-06,VOLOGDA-p000-420-no-wind-M-2
2026-08-10,21,1,1,False,-3.430936397826187,False,0.0,0.0,historical_weather_proxy,verified_historical_demo,,,,,0.005891390286688544,2026-08,2026-06,VOLOGDA-p000-420-no-wind-M-2
2026-08-11,8,1,1,False,-8.24848043930013,False,0.0,0.0,historical_weather_proxy,verified_historical_demo,,,,,0.00040529975678156273,2026-08,2026-06,VOLOGDA-p000-420-no-wind-M-2
2026-08-11,9,1,1,False,-0.37682994573112927,False,0.0,0.0,historical_weather_proxy,verified_historical_demo,,,,,0.026805167272593144,2026-08,2026-06,VOLOGDA-p000-420-no-wind-M-2
2026-08-11,10,1,1,False,2.513824818684941,False,0.0,0.0,historical_weather_proxy,verified_historical_demo,,,,,0.12494750982865761,2026-08,2026-06,VOLOGDA-p000-420-no-wind-M-2
2026-08-11,11,1,1,False,2.2676344331564504,False,0.0,0.0,historical_weather_proxy,verified_historical_demo,,,,,0.10959537614895937,2026-08,2026-06,VOLOGDA-p000-420-no-wind-M-2
2026-08-11,12,1,1,False,2.1841901942892514,False,0.0,0.0,historical_weather_proxy,verified_historical_demo,,,,,0.1048321390429298,2026-08,2026-06,VOLOGDA-p000-420-no-wind-M-2
2026-08-11,13,1,1,False,0.22792691667558224,False,0.0,0.0,historical_weather_proxy,verified_historical_demo,,,,,0.036989460410964396,2026-08,2026-06,VOLOGDA-p000-420-no-wind-M-2
2026-08-11,14,1,1,False,3.19943714008737,True,0.0,0.0,historical_weather_proxy,verified_historical_demo,,,,,0.18000566281720512,2026-08,2026-06,VOLOGDA-p000-420-no-wind-M-2
2026-08-11,15,1,1,False,3.139168998960028,True,0.0,0.0,historical_weather_proxy,verified_historical_demo,,,,,0.17432040187439163,2026-08,2026-06,VOLOGDA-p000-420-no-wind-M-2
2026-08-11,16,1,1,True,2.423456404854006,False,0.0,0.0,historical_weather_proxy,verified_historical_demo,,,,,0.11907716801816513,2026-08,2026-06,VOLOGDA-p000-420-no-wind-M-2
2026-08-11,17,1,1,False,1.8053217076455848,False,0.0,0.0,historical_weather_proxy,verified_historical_demo,,,,,0.08567915796870265,2026-08,2026-06,VOLOGDA-p000-420-no-wind-M-2
2026-08-11,18,1,1,False,-1.1651622449905128,False,0.0,0.0,historical_weather_proxy,verified_historical_demo,,,,,0.017615880643196122,2026-08,2026-06,VOLOGDA-p000-420-no-wind-M-2
2026-08-11,19,1,1,False,-2.262200022622765,False,0.0,0.0,historical_weather_proxy,verified_historical_demo,,,,,0.009821938958397817,2026-08,2026-06,VOLOGDA-p000-420-no-wind-M-2
2026-08-11,20,1,1,False,-4.045369781262247,False,0.0,0.0,historical_weather_proxy,verified_historical_demo,,,,,0.0038002429355386037,2026-08,2026-06,VOLOGDA-p000-420-no-wind-M-2
2026-08-11,21,1,1,False,-3.1552874470637775,False,0.0,0.0,historical_weather_proxy,verified_historical_demo,,,,,0.006104594323517098,2026-08,2026-06,VOLOGDA-p000-420-no-wind-M-2
2026-08-12,8,1,1,False,-7.0249632340285455,False,1.0,1.0,historical_weather_proxy,verified_historical_demo,,,,,0.000449100674164175,2026-08,2026-06,VOLOGDA-p000-420-no-wind-M-2
2026-08-12,9,1,1,False,0.22347943045761162,False,1.0,1.0,historical_weather_proxy,verified_historical_demo,,,,,0.03391137820252436,2026-08,2026-06,VOLOGDA-p000-420-no-wind-M-2
2026-08-12,10,1,1,False,2.5022636490334804,False,1.0,1.0,historical_weather_proxy,verified_historical_demo,,,,,0.13205550179984712,2026-08,2026-06,VOLOGDA-p000-420-no-wind-M-2
2026-08-12,11,1,1,False,2.2798623394451383,False,1.0,1.0,historical_weather_proxy,verified_historical_demo,,,,,0.11564702390109796,2026-08,2026-06,VOLOGDA-p000-420-no-wind-M-2
2026-08-12,12,1,1,False,1.8101647760379647,False,1.0,1.0,historical_weather_proxy,verified_historical_demo,,,,,0.08738569462800964,2026-08,2026-06,VOLOGDA-p000-420-no-wind-M-2
2026-08-12,13,1,1,False,0.10334272680355082,False,1.0,1.0,historical_weather_proxy,verified_historical_demo,,,,,0.031565972711718224,2026-08,2026-06,VOLOGDA-p000-420-no-wind-M-2
2026-08-12,14,1,1,True,2.964717907252563,True,1.0,1.0,historical_weather_proxy,verified_historical_demo,,,,,0.17400989596151004,2026-08,2026-06,VOLOGDA-p000-420-no-wind-M-2
2026-08-12,15,1,1,False,2.9176286197576395,True,1.0,1.0,historical_weather_proxy,verified_historical_demo,,,,,0.16918956202034638,2026-08,2026-06,VOLOGDA-p000-420-no-wind-M-2
2026-08-12,16,1,1,False,2.4689584720117566,False,1.0,1.0,historical_weather_proxy,verified_historical_demo,,,,,0.12945756947260537,2026-08,2026-06,VOLOGDA-p000-420-no-wind-M-2
2026-08-12,17,1,1,False,1.8335905458076396,False,1.0,1.0,historical_weather_proxy,verified_historical_demo,,,,,0.08861550857221484,2026-08,2026-06,VOLOGDA-p000-420-no-wind-M-2
2026-08-12,18,1,1,False,-0.7060879686441536,False,1.0,1.0,historical_weather_proxy,verified_historical_demo,,,,,0.019476166279889014,2026-08,2026-06,VOLOGDA-p000-420-no-wind-M-2
2026-08-12,19,1,1,False,-1.9164201467128092,False,1.0,1.0,historical_weather_proxy,verified_historical_demo,,,,,0.00946058637017747,2026-08,2026-06,VOLOGDA-p000-420-no-wind-M-2
2026-08-12,20,1,1,False,-3.678597108572699,False,1.0,1.0,historical_weather_proxy,verified_historical_demo,,,,,0.0033063967378346056,2026-08,2026-06,VOLOGDA-p000-420-no-wind-M-2
2026-08-12,21,1,1,False,-2.8348606695845433,False,1.0,1.0,historical_weather_proxy,verified_historical_demo,,,,,0.005469642668060838,2026-08,2026-06,VOLOGDA-p000-420-no-wind-M-2
2026-08-13,8,1,1,False,-6.334332525868088,False,0.0,0.0,historical_weather_proxy,verified_historical_demo,,,,,0.0005332070926126711,2026-08,2026-06,VOLOGDA-p000-420-no-wind-M-2
2026-08-13,9,1,1,False,0.2029386498657711,False,0.0,0.0,historical_weather_proxy,verified_historical_demo,,,,,0.03269837410509027,2026-08,2026-06,VOLOGDA-p000-420-no-wind-M-2
2026-08-13,10,1,1,False,2.725602491465515,True,0.0,0.0,historical_weather_proxy,verified_historical_demo,,,,,0.1600861540902705,2026-08,2026-06,VOLOGDA-p000-420-no-wind-M-2
2026-08-13,11,1,1,False,2.057306032278076,False,0.0,0.0,historical_weather_proxy,verified_historical_demo,,,,,0.10510097158089904,2026-08,2026-06,VOLOGDA-p000-420-no-wind-M-2
2026-08-13,12,1,1,True,2.1351130124794393,False,0.0,0.0,historical_weather_proxy,verified_historical_demo,,,,,0.11037817508012902,2026-08,2026-06,VOLOGDA-p000-420-no-wind-M-2
2026-08-13,13,1,1,False,0.03515145254982919,False,0.0,0.0,historical_weather_proxy,verified_historical_demo,,,,,0.02942011759598558,2026-08,2026-06,VOLOGDA-p000-420-no-wind-M-2
2026-08-13,14,1,1,False,2.9102557139956193,True,0.0,0.0,historical_weather_proxy,verified_historical_demo,,,,,0.17982396714366009,2026-08,2026-06,VOLOGDA-p000-420-no-wind-M-2
2026-08-13,15,1,1,False,2.659200395750638,False,0.0,0.0,historical_weather_proxy,verified_historical_demo,,,,,0.15353096572707806,2026-08,2026-06,VOLOGDA-p000-420-no-wind-M-2
2026-08-13,16,1,1,False,2.2668950960070626,False,0.0,0.0,historical_weather_proxy,verified_historical_demo,,,,,0.11992764099085529,2026-08,2026-06,VOLOGDA-p000-420-no-wind-M-2
2026-08-13,17,1,1,False,1.5271912446399334,False,0.0,0.0,historical_weather_proxy,verified_historical_demo,,,,,0.0752741313312842,2026-08,2026-06,VOLOGDA-p000-420-no-wind-M-2
2026-08-13,18,1,1,False,-0.7995780509971151,False,0.0,0.0,historical_weather_proxy,verified_historical_demo,,,,,0.017393456915464053,2026-08,2026-06,VOLOGDA-p000-420-no-wind-M-2
2026-08-13,19,1,1,False,-2.062005876660959,False,0.0,0.0,historical_weather_proxy,verified_historical_demo,,,,,0.007855474476093494,2026-08,2026-06,VOLOGDA-p000-420-no-wind-M-2
2026-08-13,20,1,1,False,-3.5291815595421427,False,0.0,0.0,historical_weather_proxy,verified_historical_demo,,,,,0.0031186756939880047,2026-08,2026-06,VOLOGDA-p000-420-no-wind-M-2
2026-08-13,21,1,1,False,-2.825040529518362,False,0.0,0.0,historical_weather_proxy,verified_historical_demo,,,,,0.004858688176589676,2026-08,2026-06,VOLOGDA-p000-420-no-wind-M-2
2026-08-14,8,1,1,False,-6.194850614711682,False,1.0,1.0,historical_weather_proxy,verified_historical_demo,,,,,0.0004514619034831702,2026-08,2026-06,VOLOGDA-p000-420-no-wind-M-2
2026-08-14,9,1,1,False,0.47832954939816147,False,1.0,1.0,historical_weather_proxy,verified_historical_demo,,,,,0.04084231248340244,2026-08,2026-06,VOLOGDA-p000-420-no-wind-M-2
2026-08-14,10,1,1,False,2.785087350059115,True,1.0,1.0,historical_weather_proxy,verified_historical_demo,,,,,0.1938302540508953,2026-08,2026-06,VOLOGDA-p000-420-no-wind-M-2
2026-08-14,11,1,1,False,2.3940847181401868,False,1.0,1.0,historical_weather_proxy,verified_historical_demo,,,,,0.1488622925804797,2026-08,2026-06,VOLOGDA-p000-420-no-wind-M-2
2026-08-14,12,1,1,False,1.9988540266600958,False,1.0,1.0,historical_weather_proxy,verified_historical_demo,,,,,0.11400088674867923,2026-08,2026-06,VOLOGDA-p000-420-no-wind-M-2
2026-08-14,13,1,1,False,-0.13904819985853611,False,1.0,1.0,historical_weather_proxy,verified_historical_demo,,,,,0.026921746833230915,2026-08,2026-06,VOLOGDA-p000-420-no-wind-M-2
2026-08-14,14,1,1,True,2.4124275601822402,True,1.0,1.0,historical_weather_proxy,verified_historical_demo,,,,,0.15071711929251205,2026-08,2026-06,VOLOGDA-p000-420-no-wind-M-2
2026-08-14,15,1,1,False,2.3198582639523133,False,1.0,1.0,historical_weather_proxy,verified_historical_demo,,,,,0.14158670559009887,2026-08,2026-06,VOLOGDA-p000-420-no-wind-M-2
2026-08-14,16,1,1,False,1.655098694202601,False,1.0,1.0,historical_weather_proxy,verified_historical_demo,,,,,0.09039068100419245,2026-08,2026-06,VOLOGDA-p000-420-no-wind-M-2
2026-08-14,17,1,1,False,1.0388853191706242,False,1.0,1.0,historical_weather_proxy,verified_historical_demo,,,,,0.05962905817440227,2026-08,2026-06,VOLOGDA-p000-420-no-wind-M-2
2026-08-14,18,1,1,False,-0.9737762660287523,False,1.0,1.0,historical_weather_proxy,verified_historical_demo,,,,,0.015323990553467661,2026-08,2026-06,VOLOGDA-p000-420-no-wind-M-2
2026-08-14,19,1,1,False,-2.0441914548632667,False,1.0,1.0,historical_weather_proxy,verified_historical_demo,,,,,0.007439438038573447,2026-08,2026-06,VOLOGDA-p000-420-no-wind-M-2
2026-08-14,20,1,1,False,-3.100333855941991,False,1.0,1.0,historical_weather_proxy,verified_historical_demo,,,,,0.0036466407538592754,2026-08,2026-06,VOLOGDA-p000-420-no-wind-M-2
2026-08-14,21,1,1,False,-2.277011430159364,False,1.0,1.0,historical_weather_proxy,verified_historical_demo,,,,,0.006357411992723202,2026-08,2026-06,VOLOGDA-p000-420-no-wind-M-2
2026-08-17,8,1,1,False,-8.075877143162929,False,0.0,0.0,historical_weather_proxy,verified_historical_demo,,,,,0.00043285968366848067,2026-08,2026-06,VOLOGDA-p000-420-no-wind-M-2
2026-08-17,9,1,1,False,0.043148607718311964,False,0.0,0.0,historical_weather_proxy,verified_historical_demo,,,,,0.033782793689578185,2026-08,2026-06,VOLOGDA-p000-420-no-wind-M-2
2026-08-17,10,1,1,False,2.5460164586871397,False,0.0,0.0,historical_weather_proxy,verified_historical_demo,,,,,0.12943552452616322,2026-08,2026-06,VOLOGDA-p000-420-no-wind-M-2
2026-08-17,11,1,1,False,2.371135812459677,False,0.0,0.0,historical_weather_proxy,verified_historical_demo,,,,,0.11784008346473189,2026-08,2026-06,VOLOGDA-p000-420-no-wind-M-2
2026-08-17,12,1,1,False,2.2698436503607287,False,0.0,0.0,historical_weather_proxy,verified_historical_demo,,,,,0.11160516392955654,2026-08,2026-06,VOLOGDA-p000-420-no-wind-M-2
2026-08-17,13,1,1,False,0.3754556191059603,False,0.0,0.0,historical_weather_proxy,verified_historical_demo,,,,,0.040378323536124056,2026-08,2026-06,VOLOGDA-p000-420-no-wind-M-2
2026-08-17,14,1,1,False,2.9832572758290237,True,0.0,0.0,historical_weather_proxy,verified_historical_demo,,,,,0.16366798713737166,2026-08,2026-06,VOLOGDA-p000-420-no-wind-M-2
2026-08-17,15,1,1,False,2.9683065531753092,True,0.0,0.0,historical_weather_proxy,verified_historical_demo,,,,,0.1623600175738112,2026-08,2026-06,VOLOGDA-p000-420-no-wind-M-2
2026-08-17,16,1,1,True,2.3298970875902754,False,0.0,0.0,historical_weather_proxy,verified_historical_demo,,,,,0.11526071057313009,2026-08,2026-06,VOLOGDA-p000-420-no-wind-M-2
2026-08-17,17,1,1,False,1.861630718894746,False,0.0,0.0,historical_weather_proxy,verified_historical_demo,,,,,0.089647820197909,2026-08,2026-06,VOLOGDA-p000-420-no-wind-M-2
2026-08-17,18,1,1,False,-1.1626945712681092,False,0.0,0.0,historical_weather_proxy,verified_historical_demo,,,,,0.0176865325296356,2026-08,2026-06,VOLOGDA-p000-420-no-wind-M-2
2026-08-17,19,1,1,False,-2.5576657141712564,False,0.0,0.0,historical_weather_proxy,verified_historical_demo,,,,,0.008365823195235378,2026-08,2026-06,VOLOGDA-p000-420-no-wind-M-2
2026-08-17,20,1,1,False,-4.083027934164568,False,0.0,0.0,historical_weather_proxy,verified_historical_demo,,,,,0.0036896371799213863,2026-08,2026-06,VOLOGDA-p000-420-no-wind-M-2
2026-08-17,21,1,1,False,-3.2252432967841953,False,0.0,0.0,historical_weather_proxy,verified_historical_demo,,,,,0.005846722783163286,2026-08,2026-06,VOLOGDA-p000-420-no-wind-M-2
2026-08-18,8,1,1,False,-7.086713730727599,False,0.0,0.0,historical_weather_proxy,verified_historical_demo,,,,,0.0004003329888170381,2026-08,2026-06,VOLOGDA-p000-420-no-wind-M-2
2026-08-18,9,1,1,False,0.48129655886101175,False,0.0,0.0,historical_weather_proxy,verified_historical_demo,,,,,0.043993954910961114,2026-08,2026-06,VOLOGDA-p000-420-no-wind-M-2
2026-08-18,10,1,1,False,2.65190365975487,True,0.0,0.0,historical_weather_proxy,verified_historical_demo,,,,,0.16934450468624201,2026-08,2026-06,VOLOGDA-p000-420-no-wind-M-2
2026-08-18,11,1,1,False,2.2098510877494677,False,0.0,0.0,historical_weather_proxy,verified_historical_demo,,,,,0.12869349116710826,2026-08,2026-06,VOLOGDA-p000-420-no-wind-M-2
2026-08-18,12,1,1,False,2.08948169719274,False,0.0,0.0,historical_weather_proxy,verified_historical_demo,,,,,0.11942489781516022,2026-08,2026-06,VOLOGDA-p000-420-no-wind-M-2
2026-08-18,13,1,1,False,-0.15740240843399148,False,0.0,0.0,historical_weather_proxy,verified_historical_demo,,,,,0.029590076259246513,2026-08,2026-06,VOLOGDA-p000-420-no-wind-M-2
2026-08-18,14,1,1,False,2.4076746631615507,False,0.0,0.0,historical_weather_proxy,verified_historical_demo,,,,,0.14551455799607158,2026-08,2026-06,VOLOGDA-p000-420-no-wind-M-2
2026-08-18,15,1,1,False,2.412101381059853,True,0.0,0.0,historical_weather_proxy,verified_historical_demo,,,,,0.14591510757301507,2026-08,2026-06,VOLOGDA-p000-420-no-wind-M-2
2026-08-18,16,1,1,False,1.8809132477118777,False,0.0,0.0,historical_weather_proxy,verified_historical_demo,,,,,0.10491734579953943,2026-08,2026-06,VOLOGDA-p000-420-no-wind-M-2
2026-08-18,17,1,1,True,1.3740720227632859,False,0.0,0.0,historical_weather_proxy,verified_historical_demo,,,,,0.07658792505296579,2026-08,2026-06,VOLOGDA-p000-420-no-wind-M-2
2026-08-18,18,1,1,False,-1.1177137709164187,False,0.0,0.0,historical_weather_proxy,verified_historical_demo,,,,,0.01629916783841616,2026-08,2026-06,VOLOGDA-p000-420-no-wind-M-2
2026-08-18,19,1,1,False,-2.158919292290724,False,0.0,0.0,historical_weather_proxy,verified_historical_demo,,,,,0.008538250954133403,2026-08,2026-06,VOLOGDA-p000-420-no-wind-M-2
2026-08-18,20,1,1,False,-3.413340870293192,False,0.0,0.0,historical_weather_proxy,verified_historical_demo,,,,,0.003918063138196678,2026-08,2026-06,VOLOGDA-p000-420-no-wind-M-2
2026-08-18,21,1,1,False,-2.510804060402153,False,0.0,0.0,historical_weather_proxy,verified_historical_demo,,,,,0.006862323820126766,2026-08,2026-06,VOLOGDA-p000-420-no-wind-M-2
2026-08-19,8,1,1,False,-7.429310756379274,False,1.0,1.0,historical_weather_proxy,verified_historical_demo,,,,,0.00044419934985295476,2026-08,2026-06,VOLOGDA-p000-420-no-wind-M-2
2026-08-19,9,1,1,False,0.29296005383537277,False,1.0,1.0,historical_weather_proxy,verified_historical_demo,,,,,0.03582969892649335,2026-08,2026-06,VOLOGDA-p000-420-no-wind-M-2
2026-08-19,10,1,1,False,2.678374151957784,False,1.0,1.0,historical_weather_proxy,verified_historical_demo,,,,,0.13906351368522638,2026-08,2026-06,VOLOGDA-p000-420-no-wind-M-2
2026-08-19,11,1,1,False,2.4696320011278727,False,1.0,1.0,historical_weather_proxy,verified_historical_demo,,,,,0.12350193800401933,2026-08,2026-06,VOLOGDA-p000-420-no-wind-M-2
2026-08-19,12,1,1,False,2.0411579967595275,False,1.0,1.0,historical_weather_proxy,verified_historical_demo,,,,,0.09680137170872354,2026-08,2026-06,VOLOGDA-p000-420-no-wind-M-2
2026-08-19,13,1,1,False,0.3370298926288132,False,1.0,1.0,historical_weather_proxy,verified_historical_demo,,,,,0.03673873604274508,2026-08,2026-06,VOLOGDA-p000-420-no-wind-M-2
2026-08-19,14,1,1,False,3.180751584307491,True,1.0,1.0,historical_weather_proxy,verified_historical_demo,,,,,0.18503443826627639,2026-08,2026-06,VOLOGDA-p000-420-no-wind-M-2
2026-08-19,15,1,1,True,3.0672019079017048,True,1.0,1.0,historical_weather_proxy,verified_historical_demo,,,,,0.17346689828992648,2026-08,2026-06,VOLOGDA-p000-420-no-wind-M-2
2026-08-19,16,1,1,False,2.229979796552298,False,1.0,1.0,historical_weather_proxy,verified_historical_demo,,,,,0.10777114778176326,2026-08,2026-06,VOLOGDA-p000-420-no-wind-M-2
2026-08-19,17,1,1,False,1.4297887176026547,False,1.0,1.0,historical_weather_proxy,verified_historical_demo,,,,,0.0683803848364647,2026-08,2026-06,VOLOGDA-p000-420-no-wind-M-2
2026-08-19,18,1,1,False,-1.3681825564285202,False,1.0,1.0,historical_weather_proxy,verified_historical_demo,,,,,0.013934749957404135,2026-08,2026-06,VOLOGDA-p000-420-no-wind-M-2
2026-08-19,19,1,1,False,-1.9229965612988054,False,1.0,1.0,historical_weather_proxy,verified_historical_demo,,,,,0.010165130874597535,2026-08,2026-06,VOLOGDA-p000-420-no-wind-M-2
2026-08-19,20,1,1,False,-3.7160947586776754,False,1.0,1.0,historical_weather_proxy,verified_historical_demo,,,,,0.0036676555034494867,2026-08,2026-06,VOLOGDA-p000-420-no-wind-M-2
2026-08-19,21,1,1,False,-3.1019865312269497,False,1.0,1.0,historical_weather_proxy,verified_historical_demo,,,,,0.005200136773057355,2026-08,2026-06,VOLOGDA-p000-420-no-wind-M-2
2026-08-20,8,1,1,False,-7.4900279839374,False,1.0,1.0,historical_weather_proxy,verified_historical_demo,,,,,0.00045235705057608663,2026-08,2026-06,VOLOGDA-p000-420-no-wind-M-2
2026-08-20,9,1,1,False,0.11226955731342705,False,1.0,1.0,historical_weather_proxy,verified_historical_demo,,,,,0.03121100664707314,2026-08,2026-06,VOLOGDA-p000-420-no-wind-M-2
2026-08-20,10,1,1,False,2.7978831264672532,False,1.0,1.0,historical_weather_proxy,verified_historical_demo,,,,,0.13928292188647476,2026-08,2026-06,VOLOGDA-p000-420-no-wind-M-2
2026-08-20,11,1,1,False,2.236358899766267,False,1.0,1.0,historical_weather_proxy,verified_historical_demo,,,,,0.10187735662948054,2026-08,2026-06,VOLOGDA-p000-420-no-wind-M-2
2026-08-20,12,1,1,False,2.4416820089392317,False,1.0,1.0,historical_weather_proxy,verified_historical_demo,,,,,0.11421963129868079,2026-08,2026-06,VOLOGDA-p000-420-no-wind-M-2
2026-08-20,13,1,1,False,0.2235786574185925,False,1.0,1.0,historical_weather_proxy,verified_historical_demo,,,,,0.033207101357544046,2026-08,2026-06,VOLOGDA-p000-420-no-wind-M-2
2026-08-20,14,1,1,True,3.314058856367229,True,1.0,1.0,historical_weather_proxy,verified_historical_demo,,,,,0.18567322406227607,2026-08,2026-06,VOLOGDA-p000-420-no-wind-M-2
2026-08-20,15,1,1,False,3.0314903782412914,True,1.0,1.0,historical_weather_proxy,verified_historical_demo,,,,,0.1586361856255956,2026-08,2026-06,VOLOGDA-p000-420-no-wind-M-2
2026-08-20,16,1,1,False,2.555267999742526,False,1.0,1.0,historical_weather_proxy,verified_historical_demo,,,,,0.12167873180816655,2026-08,2026-06,VOLOGDA-p000-420-no-wind-M-2
2026-08-20,17,1,1,False,1.7518186838887204,False,1.0,1.0,historical_weather_proxy,verified_historical_demo,,,,,0.07778183493204407,2026-08,2026-06,VOLOGDA-p000-420-no-wind-M-2
2026-08-20,18,1,1,False,-0.8526485943246788,False,1.0,1.0,historical_weather_proxy,verified_historical_demo,,,,,0.01823541164879705,2026-08,2026-06,VOLOGDA-p000-420-no-wind-M-2
2026-08-20,19,1,1,False,-2.105816070144396,False,1.0,1.0,historical_weather_proxy,verified_historical_demo,,,,,0.009074073172540192,2026-08,2026-06,VOLOGDA-p000-420-no-wind-M-2
2026-08-20,20,1,1,False,-3.7163941309915254,False,1.0,1.0,historical_weather_proxy,verified_historical_demo,,,,,0.0037003203518978177,2026-08,2026-06,VOLOGDA-p000-420-no-wind-M-2
2026-08-20,21,1,1,False,-3.1867736678892147,False,1.0,1.0,historical_weather_proxy,verified_historical_demo,,,,,0.004969843528853329,2026-08,2026-06,VOLOGDA-p000-420-no-wind-M-2
2026-08-21,8,1,1,False,-7.13208169728867,False,1.0,1.0,historical_weather_proxy,verified_historical_demo,,,,,0.00043057196127610915,2026-08,2026-06,VOLOGDA-p000-420-no-wind-M-2
2026-08-21,9,1,1,False,0.5185192432702652,False,1.0,1.0,historical_weather_proxy,verified_historical_demo,,,,,0.040643462387492224,2026-08,2026-06,VOLOGDA-p000-420-no-wind-M-2
2026-08-21,10,1,1,True,2.9309012678445674,True,1.0,1.0,historical_weather_proxy,verified_historical_demo,,,,,0.1705017850369155,2026-08,2026-06,VOLOGDA-p000-420-no-wind-M-2
2026-08-21,11,1,1,False,2.559798664445558,False,1.0,1.0,historical_weather_proxy,verified_historical_demo,,,,,0.13675134009491502,2026-08,2026-06,VOLOGDA-p000-420-no-wind-M-2
2026-08-21,12,1,1,False,2.239910099894338,False,1.0,1.0,historical_weather_proxy,verified_historical_demo,,,,,0.113071920776823,2026-08,2026-06,VOLOGDA-p000-420-no-wind-M-2
2026-08-21,13,1,1,False,0.12117652185391646,False,1.0,1.0,historical_weather_proxy,verified_historical_demo,,,,,0.032093691247243934,2026-08,2026-06,VOLOGDA-p000-420-no-wind-M-2
2026-08-21,14,1,1,False,2.7690047469293306,True,1.0,1.0,historical_weather_proxy,verified_historical_demo,,,,,0.1548590404146348,2026-08,2026-06,VOLOGDA-p000-420-no-wind-M-2
2026-08-21,15,1,1,False,2.6480453371219497,False,1.0,1.0,historical_weather_proxy,verified_historical_demo,,,,,0.144115868770404,2026-08,2026-06,VOLOGDA-p000-420-no-wind-M-2
2026-08-21,16,1,1,False,2.034445591579779,False,1.0,1.0,historical_weather_proxy,verified_historical_demo,,,,,0.1000727088810262,2026-08,2026-06,VOLOGDA-p000-420-no-wind-M-2
2026-08-21,17,1,1,False,1.5018558853667126,False,1.0,1.0,historical_weather_proxy,verified_historical_demo,,,,,0.07291747788558234,2026-08,2026-06,VOLOGDA-p000-420-no-wind-M-2
2026-08-21,18,1,1,False,-0.969497482797422,False,1.0,1.0,historical_weather_proxy,verified_historical_demo,,,,,0.016783031079668182,2026-08,2026-06,VOLOGDA-p000-420-no-wind-M-2
2026-08-21,19,1,1,False,-2.2886835394204326,False,1.0,1.0,historical_weather_proxy,verified_historical_demo,,,,,0.007661829159293145,2026-08,2026-06,VOLOGDA-p000-420-no-wind-M-2
2026-08-21,20,1,1,False,-3.4793184788884286,False,1.0,1.0,historical_weather_proxy,verified_historical_demo,,,,,0.003775539610085779,2026-08,2026-06,VOLOGDA-p000-420-no-wind-M-2
2026-08-21,21,1,1,False,-2.6121341465141796,False,1.0,1.0,historical_weather_proxy,verified_historical_demo,,,,,0.006321732694639727,2026-08,2026-06,VOLOGDA-p000-420-no-wind-M-2
2026-08-24,8,1,1,False,-7.837369642048212,False,0.0,0.0,historical_weather_proxy,verified_historical_demo,,,,,0.00039249196034866796,2026-08,2026-06,VOLOGDA-p000-420-no-wind-M-2
2026-08-24,9,1,1,False,-0.029393734180159097,False,0.0,0.0,historical_weather_proxy,verified_historical_demo,,,,,0.030665842728092214,2026-08,2026-06,VOLOGDA-p000-420-no-wind-M-2
2026-08-24,10,1,1,False,2.6330780042050455,False,0.0,0.0,historical_weather_proxy,verified_historical_demo,,,,,0.13554899062051295,2026-08,2026-06,VOLOGDA-p000-420-no-wind-M-2
2026-08-24,11,1,1,False,2.4898042174093433,False,0.0,0.0,historical_weather_proxy,verified_historical_demo,,,,,0.12513061764740294,2026-08,2026-06,VOLOGDA-p000-420-no-wind-M-2
2026-08-24,12,1,1,True,2.354131470464595,False,0.0,0.0,historical_weather_proxy,verified_historical_demo,,,,,0.11600415553160352,2026-08,2026-06,VOLOGDA-p000-420-no-wind-M-2
2026-08-24,13,1,1,False,0.5073728075589566,False,0.0,0.0,historical_weather_proxy,verified_historical_demo,,,,,0.041378891684093595,2026-08,2026-06,VOLOGDA-p000-420-no-wind-M-2
2026-08-24,14,1,1,False,2.854868019884548,True,0.0,0.0,historical_weather_proxy,verified_historical_demo,,,,,0.153413309482043,2026-08,2026-06,VOLOGDA-p000-420-no-wind-M-2
2026-08-24,15,1,1,False,2.8566395926688255,True,0.0,0.0,historical_weather_proxy,verified_historical_demo,,,,,0.15356509288317127,2026-08,2026-06,VOLOGDA-p000-420-no-wind-M-2
2026-08-24,16,1,1,False,2.2669558279094817,False,0.0,0.0,historical_weather_proxy,verified_historical_demo,,,,,0.1104943990987195,2026-08,2026-06,VOLOGDA-p000-420-no-wind-M-2
2026-08-24,17,1,1,False,2.0199072426407136,False,0.0,0.0,historical_weather_proxy,verified_historical_demo,,,,,0.09626098112150616,2026-08,2026-06,VOLOGDA-p000-420-no-wind-M-2
2026-08-24,18,1,1,False,-1.0409785399360674,False,0.0,0.0,historical_weather_proxy,verified_historical_demo,,,,,0.017435107176151793,2026-08,2026-06,VOLOGDA-p000-420-no-wind-M-2
2026-08-24,19,1,1,False,-2.178683315887504,False,0.0,0.0,historical_weather_proxy,verified_historical_demo,,,,,0.00923889644768695,2026-08,2026-06,VOLOGDA-p000-420-no-wind-M-2
2026-08-24,20,1,1,False,-3.6776134495286357,False,0.0,0.0,historical_weather_proxy,verified_historical_demo,,,,,0.004001719558745827,2026-08,2026-06,VOLOGDA-p000-420-no-wind-M-2
2026-08-24,21,1,1,False,-2.8170296342187404,False,0.0,0.0,historical_weather_proxy,verified_historical_demo,,,,,0.006469504059921566,2026-08,2026-06,VOLOGDA-p000-420-no-wind-M-2
2026-08-25,8,1,1,False,-7.293375711394366,False,0.0,0.0,historical_weather_proxy,verified_historical_demo,,,,,0.00037841182774716,2026-08,2026-06,VOLOGDA-p000-420-no-wind-M-2
2026-08-25,9,1,1,False,0.4281313808664924,False,0.0,0.0,historical_weather_proxy,verified_historical_demo,,,,,0.04010991723884677,2026-08,2026-06,VOLOGDA-p000-420-no-wind-M-2
2026-08-25,10,1,1,False,2.8953840702146527,True,0.0,0.0,historical_weather_proxy,verified_historical_demo,,,,,0.17798836658580214,2026-08,2026-06,VOLOGDA-p000-420-no-wind-M-2
2026-08-25,11,1,1,False,2.4149049678209096,False,0.0,0.0,historical_weather_proxy,verified_historical_demo,,,,,0.13315759627442342,2026-08,2026-06,VOLOGDA-p000-420-no-wind-M-2
2026-08-25,12,1,1,True,2.264428540922272,False,0.0,0.0,historical_weather_proxy,verified_historical_demo,,,,,0.12158982462297419,2026-08,2026-06,VOLOGDA-p000-420-no-wind-M-2
2026-08-25,13,1,1,False,0.03268049342056763,False,0.0,0.0,historical_weather_proxy,verified_historical_demo,,,,,0.03158844798009635,2026-08,2026-06,VOLOGDA-p000-420-no-wind-M-2
2026-08-25,14,1,1,False,2.4392279161113892,True,0.0,0.0,historical_weather_proxy,verified_historical_demo,,,,,0.1351280948457329,2026-08,2026-06,VOLOGDA-p000-420-no-wind-M-2
2026-08-25,15,1,1,False,2.3884929912271247,False,0.0,0.0,historical_weather_proxy,verified_historical_demo,,,,,0.13105038618637083,2026-08,2026-06,VOLOGDA-p000-420-no-wind-M-2
2026-08-25,16,1,1,False,2.0197829951519797,False,0.0,0.0,historical_weather_proxy,verified_historical_demo,,,,,0.1048887092277855,2026-08,2026-06,VOLOGDA-p000-420-no-wind-M-2
2026-08-25,17,1,1,False,1.708343384429317,False,0.0,0.0,historical_weather_proxy,verified_historical_demo,,,,,0.08690419127543791,2026-08,2026-06,VOLOGDA-p000-420-no-wind-M-2
2026-08-25,18,1,1,False,-0.9183136495767116,False,0.0,0.0,historical_weather_proxy,verified_historical_demo,,,,,0.01778649757519903,2026-08,2026-06,VOLOGDA-p000-420-no-wind-M-2
2026-08-25,19,1,1,False,-2.221785468207826,False,0.0,0.0,historical_weather_proxy,verified_historical_demo,,,,,0.008094697523315686,2026-08,2026-06,VOLOGDA-p000-420-no-wind-M-2
2026-08-25,20,1,1,False,-3.2417855195403726,False,0.0,0.0,historical_weather_proxy,verified_historical_demo,,,,,0.004371828314013718,2026-08,2026-06,VOLOGDA-p000-420-no-wind-M-2
2026-08-25,21,1,1,False,-2.471135070999728,False,0.0,0.0,historical_weather_proxy,verified_historical_demo,,,,,0.006963030522254379,2026-08,2026-06,VOLOGDA-p000-420-no-wind-M-2
2026-08-26,8,1,1,False,-6.96778566837174,False,0.0,0.0,historical_weather_proxy,verified_historical_demo,,,,,0.0003771770685432512,2026-08,2026-06,VOLOGDA-p000-420-no-wind-M-2
2026-08-26,9,1,1,False,0.14453425702500128,False,0.0,0.0,historical_weather_proxy,verified_historical_demo,,,,,0.030661293953352164,2026-08,2026-06,VOLOGDA-p000-420-no-wind-M-2
2026-08-26,10,1,1,False,2.688532377933801,False,0.0,0.0,historical_weather_proxy,verified_historical_demo,,,,,0.1478401881116186,2026-08,2026-06,VOLOGDA-p000-420-no-wind-M-2
2026-08-26,11,1,1,False,2.43629473104716,False,0.0,0.0,historical_weather_proxy,verified_historical_demo,,,,,0.12648905931895543,2026-08,2026-06,VOLOGDA-p000-420-no-wind-M-2
2026-08-26,12,1,1,False,1.9538667827686755,False,0.0,0.0,historical_weather_proxy,verified_historical_demo,,,,,0.0938630772682268,2026-08,2026-06,VOLOGDA-p000-420-no-wind-M-2
2026-08-26,13,1,1,False,0.28308706569158615,False,0.0,0.0,historical_weather_proxy,verified_historical_demo,,,,,0.033404075203220994,2026-08,2026-06,VOLOGDA-p000-420-no-wind-M-2
2026-08-26,14,1,1,False,2.930361179770715,True,0.0,0.0,historical_weather_proxy,verified_historical_demo,,,,,0.17168672187293854,2026-08,2026-06,VOLOGDA-p000-420-no-wind-M-2
2026-08-26,15,1,1,False,2.869891572403583,True,0.0,0.0,historical_weather_proxy,verified_historical_demo,,,,,0.1653854601832842,2026-08,2026-06,VOLOGDA-p000-420-no-wind-M-2
2026-08-26,16,1,1,True,2.3201919249857044,False,0.0,0.0,historical_weather_proxy,verified_historical_demo,,,,,0.11772617589802349,2026-08,2026-06,VOLOGDA-p000-420-no-wind-M-2
2026-08-26,17,1,1,False,1.6329243866076035,False,0.0,0.0,historical_weather_proxy,verified_historical_demo,,,,,0.07696695021752312,2026-08,2026-06,VOLOGDA-p000-420-no-wind-M-2
2026-08-26,18,1,1,False,-1.0238168528747162,False,0.0,0.0,historical_weather_proxy,verified_historical_demo,,,,,0.014887596301987369,2026-08,2026-06,VOLOGDA-p000-420-no-wind-M-2
2026-08-26,19,1,1,False,-1.7489342174933211,False,0.0,0.0,historical_weather_proxy,verified_historical_demo,,,,,0.009508041868235555,2026-08,2026-06,VOLOGDA-p000-420-no-wind-M-2
2026-08-26,20,1,1,False,-3.0076805479707724,False,0.0,0.0,historical_weather_proxy,verified_historical_demo,,,,,0.004365652377249743,2026-08,2026-06,VOLOGDA-p000-420-no-wind-M-2
2026-08-26,21,1,1,False,-2.281892445929122,False,0.0,0.0,historical_weather_proxy,verified_historical_demo,,,,,0.0068385303568407356,2026-08,2026-06,VOLOGDA-p000-420-no-wind-M-2
2026-08-27,8,1,1,False,-6.719307494654678,False,0.0,0.0,historical_weather_proxy,verified_historical_demo,,,,,0.0004001875715308351,2026-08,2026-06,VOLOGDA-p000-420-no-wind-M-2
2026-08-27,9,1,1,False,0.10875831959571991,False,0.0,0.0,historical_weather_proxy,verified_historical_demo,,,,,0.031576213899662794,2026-08,2026-06,VOLOGDA-p000-420-no-wind-M-2
2026-08-27,10,1,1,False,2.6967245560126223,True,0.0,0.0,historical_weather_proxy,verified_historical_demo,,,,,0.1653467014977596,2026-08,2026-06,VOLOGDA-p000-420-no-wind-M-2
2026-08-27,11,1,1,False,2.0261597750921423,False,0.0,0.0,historical_weather_proxy,verified_historical_demo,,,,,0.10766811945107066,2026-08,2026-06,VOLOGDA-p000-420-no-wind-M-2
2026-08-27,12,1,1,True,2.009479197552456,False,0.0,0.0,historical_weather_proxy,verified_historical_demo,,,,,0.10652526631166885,2026-08,2026-06,VOLOGDA-p000-420-no-wind-M-2
2026-08-27,13,1,1,False,-0.15856105185003552,False,0.0,0.0,historical_weather_proxy,verified_historical_demo,,,,,0.026612677048554544,2026-08,2026-06,VOLOGDA-p000-420-no-wind-M-2
2026-08-27,14,1,1,False,2.778007321488036,True,0.0,0.0,historical_weather_proxy,verified_historical_demo,,,,,0.17417225724475746,2026-08,2026-06,VOLOGDA-p000-420-no-wind-M-2
2026-08-27,15,1,1,False,2.5842049306880197,False,0.0,0.0,historical_weather_proxy,verified_historical_demo,,,,,0.15386268357040797,2026-08,2026-06,VOLOGDA-p000-420-no-wind-M-2
2026-08-27,16,1,1,False,2.243410535172022,False,0.0,0.0,historical_weather_proxy,verified_historical_demo,,,,,0.12372220576633379,2026-08,2026-06,VOLOGDA-p000-420-no-wind-M-2
2026-08-27,17,1,1,False,1.4551624815181388,False,0.0,0.0,historical_weather_proxy,verified_historical_demo,,,,,0.07472094499623237,2026-08,2026-06,VOLOGDA-p000-420-no-wind-M-2
2026-08-27,18,1,1,False,-0.8990406841444976,False,0.0,0.0,historical_weather_proxy,verified_historical_demo,,,,,0.016571245454213124,2026-08,2026-06,VOLOGDA-p000-420-no-wind-M-2
2026-08-27,19,1,1,False,-2.1632644395055065,False,0.0,0.0,historical_weather_proxy,verified_historical_demo,,,,,0.007380838340061342,2026-08,2026-06,VOLOGDA-p000-420-no-wind-M-2
2026-08-27,20,1,1,False,-2.955616754020193,False,0.0,0.0,historical_weather_proxy,verified_historical_demo,,,,,0.004445903941110939,2026-08,2026-06,VOLOGDA-p000-420-no-wind-M-2
2026-08-27,21,1,1,False,-2.2472457085866093,False,0.0,0.0,historical_weather_proxy,verified_historical_demo,,,,,0.006994754906635683,2026-08,2026-06,VOLOGDA-p000-420-no-wind-M-2
2026-08-28,8,1,1,False,-6.345450301445259,False,0.0,0.0,historical_weather_proxy,verified_historical_demo,,,,,0.00039231401265499755,2026-08,2026-06,VOLOGDA-p000-420-no-wind-M-2
2026-08-28,9,1,1,False,0.48567986163478494,False,0.0,0.0,historical_weather_proxy,verified_historical_demo,,,,,0.04267765103320034,2026-08,2026-06,VOLOGDA-p000-420-no-wind-M-2
2026-08-28,10,1,1,False,2.8719873879336566,True,0.0,0.0,historical_weather_proxy,verified_historical_demo,,,,,0.21959933351685065,2026-08,2026-06,VOLOGDA-p000-420-no-wind-M-2
2026-08-28,11,1,1,False,2.2887397678208936,True,0.0,0.0,historical_weather_proxy,verified_historical_demo,,,,,0.1471455886136066,2026-08,2026-06,VOLOGDA-p000-420-no-wind-M-2
2026-08-28,12,1,1,True,1.9915709976817295,False,0.0,0.0,historical_weather_proxy,verified_historical_demo,,,,,0.11999198576390828,2026-08,2026-06,VOLOGDA-p000-420-no-wind-M-2
2026-08-28,13,1,1,False,-0.44252670876275757,False,0.0,0.0,historical_weather_proxy,verified_historical_demo,,,,,0.02256701052669655,2026-08,2026-06,VOLOGDA-p000-420-no-wind-M-2
2026-08-28,14,1,1,False,2.191892888212367,False,0.0,0.0,historical_weather_proxy,verified_historical_demo,,,,,0.13768107876056646,2026-08,2026-06,VOLOGDA-p000-420-no-wind-M-2
2026-08-28,15,1,1,False,2.0789960644056134,False,0.0,0.0,historical_weather_proxy,verified_historical_demo,,,,,0.12741375044668518,2026-08,2026-06,VOLOGDA-p000-420-no-wind-M-2
2026-08-28,16,1,1,False,1.5702732848453353,False,0.0,0.0,historical_weather_proxy,verified_historical_demo,,,,,0.08985673604786622,2026-08,2026-06,VOLOGDA-p000-420-no-wind-M-2
2026-08-28,17,1,1,False,0.9341718259476246,False,0.0,0.0,historical_weather_proxy,verified_historical_demo,,,,,0.05806434601034184,2026-08,2026-06,VOLOGDA-p000-420-no-wind-M-2
2026-08-28,18,1,1,False,-1.1243505986947706,False,0.0,0.0,historical_weather_proxy,verified_historical_demo,,,,,0.014131936923543718,2026-08,2026-06,VOLOGDA-p000-420-no-wind-M-2
2026-08-28,19,1,1,False,-1.9396836071213566,False,0.0,0.0,historical_weather_proxy,verified_historical_demo,,,,,0.008074697091647084,2026-08,2026-06,VOLOGDA-p000-420-no-wind-M-2
2026-08-28,20,1,1,False,-2.9856483919292884,False,0.0,0.0,historical_weather_proxy,verified_historical_demo,,,,,0.003938152001342155,2026-08,2026-06,VOLOGDA-p000-420-no-wind-M-2
2026-08-28,21,1,1,False,-1.8708471488226206,False,0.0,0.0,historical_weather_proxy,verified_historical_demo,,,,,0.00846541925108997,2026-08,2026-06,VOLOGDA-p000-420-no-wind-M-2
2026-08-31,8,1,1,False,-7.671273737395557,False,1.0,1.0,historical_weather_proxy,verified_historical_demo,,,,,0.00040048845759702283,2026-08,2026-06,VOLOGDA-p000-420-no-wind-M-2
2026-08-31,9,1,1,False,-0.1516122987834103,False,1.0,1.0,historical_weather_proxy,verified_historical_demo,,,,,0.029653810167215043,2026-08,2026-06,VOLOGDA-p000-420-no-wind-M-2
2026-08-31,10,1,1,False,2.6312486998110343,False,1.0,1.0,historical_weather_proxy,verified_historical_demo,,,,,0.14586051463454142,2026-08,2026-06,VOLOGDA-p000-420-no-wind-M-2
2026-08-31,11,1,1,False,2.386740097193119,False,1.0,1.0,historical_weather_proxy,verified_historical_demo,,,,,0.126808850178621,2026-08,2026-06,VOLOGDA-p000-420-no-wind-M-2
2026-08-31,12,1,1,False,2.15253036297731,False,1.0,1.0,historical_weather_proxy,verified_historical_demo,,,,,0.11089751819949234,2026-08,2026-06,VOLOGDA-p000-420-no-wind-M-2
2026-08-31,13,1,1,False,0.2518706485060302,False,1.0,1.0,historical_weather_proxy,verified_historical_demo,,,,,0.037358710075710705,2026-08,2026-06,VOLOGDA-p000-420-no-wind-M-2
2026-08-31,14,1,1,False,2.8109930020921254,True,1.0,1.0,historical_weather_proxy,verified_historical_demo,,,,,0.1616682097445014,2026-08,2026-06,VOLOGDA-p000-420-no-wind-M-2
2026-08-31,15,1,1,True,2.79193042050212,True,1.0,1.0,historical_weather_proxy,verified_historical_demo,,,,,0.1599136039713131,2026-08,2026-06,VOLOGDA-p000-420-no-wind-M-2
2026-08-31,16,1,1,False,2.1139475122662317,False,1.0,1.0,historical_weather_proxy,verified_historical_demo,,,,,0.10847498621914575,2026-08,2026-06,VOLOGDA-p000-420-no-wind-M-2
2026-08-31,17,1,1,False,1.6528702793804342,False,1.0,1.0,historical_weather_proxy,verified_historical_demo,,,,,0.08331045540189204,2026-08,2026-06,VOLOGDA-p000-420-no-wind-M-2
2026-08-31,18,1,1,False,-1.2290394975441779,False,1.0,1.0,historical_weather_proxy,verified_historical_demo,,,,,0.016003589072250406,2026-08,2026-06,VOLOGDA-p000-420-no-wind-M-2
2026-08-31,19,1,1,False,-2.204040059134032,False,1.0,1.0,historical_weather_proxy,verified_historical_demo,,,,,0.009158385921452013,2026-08,2026-06,VOLOGDA-p000-420-no-wind-M-2
2026-08-31,20,1,1,False,-3.6566134655118656,False,1.0,1.0,historical_weather_proxy,verified_historical_demo,,,,,0.003987395913146416,2026-08,2026-06,VOLOGDA-p000-420-no-wind-M-2
2026-08-31,21,1,1,False,-2.8020482253341594,False,1.0,1.0,historical_weather_proxy,verified_historical_demo,,,,,0.006503482043121278,2026-08,2026-06,VOLOGDA-p000-420-no-wind-M-2
2026-09-01,8,1,2,False,-6.21324344045619,False,,,ideal_weather_proxy,static_retrospective_demo_without_target_labels,2026-10-07T20:12:22.045430+00:00,2026-08-31,,,0.0005251834440010833,2026-09,2026-07,VOLOGDA-p000-420-no-wind-M-2
2026-09-01,9,1,2,False,1.5819154681009737,False,,,ideal_weather_proxy,static_retrospective_demo_without_target_labels,2026-10-07T20:12:22.045430+00:00,2026-08-31,,,0.0975782662399667,2026-09,2026-07,VOLOGDA-p000-420-no-wind-M-2
2026-09-01,10,1,2,False,3.0486041013143357,True,,,ideal_weather_proxy,static_retrospective_demo_without_target_labels,2026-10-07T20:12:22.045430+00:00,2026-08-31,,,0.26078460226494066,2026-09,2026-07,VOLOGDA-p000-420-no-wind-M-2
2026-09-01,11,1,2,False,2.5882975508944037,True,,,ideal_weather_proxy,static_retrospective_demo_without_target_labels,2026-10-07T20:12:22.045430+00:00,2026-08-31,,,0.19155535952575425,2026-09,2026-07,VOLOGDA-p000-420-no-wind-M-2
2026-09-01,12,1,2,False,2.074649435522753,False,,,ideal_weather_proxy,static_retrospective_demo_without_target_labels,2026-10-07T20:12:22.045430+00:00,2026-08-31,,,0.13576249817873384,2026-09,2026-07,VOLOGDA-p000-420-no-wind-M-2
2026-09-01,13,1,2,False,-0.40766115883556203,False,,,ideal_weather_proxy,static_retrospective_demo_without_target_labels,2026-10-07T20:12:22.045430+00:00,2026-08-31,,,0.025716992992546452,2026-09,2026-07,VOLOGDA-p000-420-no-wind-M-2
2026-09-01,14,1,2,False,1.9518135968026107,False,,,ideal_weather_proxy,static_retrospective_demo_without_target_labels,2026-10-07T20:12:22.045430+00:00,2026-08-31,,,0.12503290915743354,2026-09,2026-07,VOLOGDA-p000-420-no-wind-M-2
2026-09-01,15,1,2,False,1.8017942974787449,False,,,ideal_weather_proxy,static_retrospective_demo_without_target_labels,2026-10-07T20:12:22.045430+00:00,2026-08-31,,,0.11307229178346952,2026-09,2026-07,VOLOGDA-p000-420-no-wind-M-2
2026-09-01,18,2,2,False,-2.0055356320332773,False,,,ideal_weather_proxy,static_retrospective_demo_without_target_labels,2026-10-07T20:12:22.045430+00:00,2026-08-31,,,0.008812625324949275,2026-09,2026-07,VOLOGDA-p000-420-no-wind-M-2
2026-09-01,19,2,2,False,-1.5247237477560265,False,,,ideal_weather_proxy,static_retrospective_demo_without_target_labels,2026-10-07T20:12:22.045430+00:00,2026-08-31,,,0.012163588185982389,2026-09,2026-07,VOLOGDA-p000-420-no-wind-M-2
2026-09-01,20,2,2,False,-1.289048037759385,True,,,ideal_weather_proxy,static_retrospective_demo_without_target_labels,2026-10-07T20:12:22.045430+00:00,2026-08-31,,,0.014245018467557836,2026-09,2026-07,VOLOGDA-p000-420-no-wind-M-2
2026-09-01,21,2,2,False,-1.2370060390508233,True,,,ideal_weather_proxy,static_retrospective_demo_without_target_labels,2026-10-07T20:12:22.045430+00:00,2026-08-31,,,0.014750664434664475,2026-09,2026-07,VOLOGDA-p000-420-no-wind-M-2
2026-09-02,8,1,2,False,-6.47183117713744,False,,,ideal_weather_proxy,static_retrospective_demo_without_target_labels,2026-10-07T20:12:22.045430+00:00,2026-09-01,,,0.0004800121095435366,2026-09,2026-07,VOLOGDA-p000-420-no-wind-M-2
2026-09-02,9,1,2,False,1.1034370535115796,False,,,ideal_weather_proxy,static_retrospective_demo_without_target_labels,2026-10-07T20:12:22.045430+00:00,2026-09-01,,,0.06630393598162727,2026-09,2026-07,VOLOGDA-p000-420-no-wind-M-2
2026-09-02,10,1,2,False,2.7569336698225273,True,,,ideal_weather_proxy,static_retrospective_demo_without_target_labels,2026-10-07T20:12:22.045430+00:00,2026-09-01,,,0.19440699040222176,2026-09,2026-07,VOLOGDA-p000-420-no-wind-M-2
2026-09-02,11,1,2,False,2.56073551635886,False,,,ideal_weather_proxy,static_retrospective_demo_without_target_labels,2026-10-07T20:12:22.045430+00:00,2026-09-01,,,0.17111134548197754,2026-09,2026-07,VOLOGDA-p000-420-no-wind-M-2
2026-09-02,12,1,2,False,1.9728808276798333,False,,,ideal_weather_proxy,static_retrospective_demo_without_target_labels,2026-10-07T20:12:22.045430+00:00,2026-09-01,,,0.1167316451100332,2026-09,2026-07,VOLOGDA-p000-420-no-wind-M-2
2026-09-02,13,1,2,False,-0.169433152474395,False,,,ideal_weather_proxy,static_retrospective_demo_without_target_labels,2026-10-07T20:12:22.045430+00:00,2026-09-01,,,0.028967263067511333,2026-09,2026-07,VOLOGDA-p000-420-no-wind-M-2
2026-09-02,14,1,2,False,2.7579994287366327,True,,,ideal_weather_proxy,static_retrospective_demo_without_target_labels,2026-10-07T20:12:22.045430+00:00,2026-09-01,,,0.19454182803764516,2026-09,2026-07,VOLOGDA-p000-420-no-wind-M-2
2026-09-02,15,1,2,False,2.572573375899588,False,,,ideal_weather_proxy,static_retrospective_demo_without_target_labels,2026-10-07T20:12:22.045430+00:00,2026-09-01,,,0.17243420913644447,2026-09,2026-07,VOLOGDA-p000-420-no-wind-M-2
2026-09-02,18,2,2,False,-1.8994673618086002,False,,,ideal_weather_proxy,static_retrospective_demo_without_target_labels,2026-10-07T20:12:22.045430+00:00,2026-09-01,,,0.009399619198532995,2026-09,2026-07,VOLOGDA-p000-420-no-wind-M-2
2026-09-02,19,2,2,False,-0.9584488063690593,True,,,ideal_weather_proxy,static_retrospective_demo_without_target_labels,2026-10-07T20:12:22.045430+00:00,2026-09-01,,,0.01733732214018236,2026-09,2026-07,VOLOGDA-p000-420-no-wind-M-2
2026-09-02,20,2,2,False,-1.1941964933131846,True,,,ideal_weather_proxy,static_retrospective_demo_without_target_labels,2026-10-07T20:12:22.045430+00:00,2026-09-01,,,0.0148721848612886,2026-09,2026-07,VOLOGDA-p000-420-no-wind-M-2
2026-09-02,21,2,2,False,-1.3528593190902019,False,,,ideal_weather_proxy,static_retrospective_demo_without_target_labels,2026-10-07T20:12:22.045430+00:00,2026-09-01,,,0.013413644472991693,2026-09,2026-07,VOLOGDA-p000-420-no-wind-M-2
2026-09-03,8,1,2,False,-6.086010520762605,False,,,ideal_weather_proxy,static_retrospective_demo_without_target_labels,2026-10-07T20:12:22.045430+00:00,2026-09-02,,,0.0006108367797931047,2026-09,2026-07,VOLOGDA-p000-420-no-wind-M-2
2026-09-03,9,1,2,False,1.1109596105411037,False,,,ideal_weather_proxy,static_retrospective_demo_without_target_labels,2026-10-07T20:12:22.045430+00:00,2026-09-02,,,0.0704261508654587,2026-09,2026-07,VOLOGDA-p000-420-no-wind-M-2
2026-09-03,10,1,2,False,3.0057389706414357,True,,,ideal_weather_proxy,static_retrospective_demo_without_target_labels,2026-10-07T20:12:22.045430+00:00,2026-09-02,,,0.24578524750159156,2026-09,2026-07,VOLOGDA-p000-420-no-wind-M-2
2026-09-03,11,1,2,False,2.3248924988887847,False,,,ideal_weather_proxy,static_retrospective_demo_without_target_labels,2026-10-07T20:12:22.045430+00:00,2026-09-02,,,0.15685737758403398,2026-09,2026-07,VOLOGDA-p000-420-no-wind-M-2
2026-09-03,12,1,2,False,2.102558002290581,False,,,ideal_weather_proxy,static_retrospective_demo_without_target_labels,2026-10-07T20:12:22.045430+00:00,2026-09-02,,,0.13545964145530634,2026-09,2026-07,VOLOGDA-p000-420-no-wind-M-2
2026-09-03,13,1,2,False,-0.5755403202221776,False,,,ideal_weather_proxy,static_retrospective_demo_without_target_labels,2026-10-07T20:12:22.045430+00:00,2026-09-02,,,0.02315157734105401,2026-09,2026-07,VOLOGDA-p000-420-no-wind-M-2
2026-09-03,14,1,2,False,2.4710718371238656,True,,,ideal_weather_proxy,static_retrospective_demo_without_target_labels,2026-10-07T20:12:22.045430+00:00,2026-09-02,,,0.17273598812590293,2026-09,2026-07,VOLOGDA-p000-420-no-wind-M-2
2026-09-03,15,1,2,False,2.2715517553177094,False,,,ideal_weather_proxy,static_retrospective_demo_without_target_labels,2026-10-07T20:12:22.045430+00:00,2026-09-02,,,0.15143412058207914,2026-09,2026-07,VOLOGDA-p000-420-no-wind-M-2
2026-09-03,18,2,2,False,-1.899150824096059,False,,,ideal_weather_proxy,static_retrospective_demo_without_target_labels,2026-10-07T20:12:22.045430+00:00,2026-09-02,,,0.009669161813046213,2026-09,2026-07,VOLOGDA-p000-420-no-wind-M-2
2026-09-03,19,2,2,False,-1.6798791924867618,True,,,ideal_weather_proxy,static_retrospective_demo_without_target_labels,2026-10-07T20:12:22.045430+00:00,2026-09-02,,,0.01117394162120263,2026-09,2026-07,VOLOGDA-p000-420-no-wind-M-2
2026-09-03,20,2,2,False,-1.5590183140826375,True,,,ideal_weather_proxy,static_retrospective_demo_without_target_labels,2026-10-07T20:12:22.045430+00:00,2026-09-02,,,0.01210127056813721,2026-09,2026-07,VOLOGDA-p000-420-no-wind-M-2
2026-09-03,21,2,2,False,-1.760576222122094,False,,,ideal_weather_proxy,static_retrospective_demo_without_target_labels,2026-10-07T20:12:22.045430+00:00,2026-09-02,,,0.010594685762394213,2026-09,2026-07,VOLOGDA-p000-420-no-wind-M-2
2026-09-04,8,1,2,False,-5.754268575696642,False,,,ideal_weather_proxy,static_retrospective_demo_without_target_labels,2026-10-07T20:12:22.045430+00:00,2026-09-03,,,0.0007095191050614298,2026-09,2026-07,VOLOGDA-p000-420-no-wind-M-2
2026-09-04,9,1,2,False,1.5743636244079993,False,,,ideal_weather_proxy,static_retrospective_demo_without_target_labels,2026-10-07T20:12:22.045430+00:00,2026-09-03,,,0.09350461966736169,2026-09,2026-07,VOLOGDA-p000-420-no-wind-M-2
2026-09-04,10,1,2,False,3.2652908388842414,True,,,ideal_weather_proxy,static_retrospective_demo_without_target_labels,2026-10-07T20:12:22.045430+00:00,2026-09-03,,,0.28836868395943355,2026-09,2026-07,VOLOGDA-p000-420-no-wind-M-2
2026-09-04,11,1,2,False,2.7321282766378276,True,,,ideal_weather_proxy,static_retrospective_demo_without_target_labels,2026-10-07T20:12:22.045430+00:00,2026-09-03,,,0.20217446649538465,2026-09,2026-07,VOLOGDA-p000-420-no-wind-M-2
2026-09-04,12,1,2,False,2.1844301975295943,False,,,ideal_weather_proxy,static_retrospective_demo_without_target_labels,2026-10-07T20:12:22.045430+00:00,2026-09-03,,,0.14037830513712893,2026-09,2026-07,VOLOGDA-p000-420-no-wind-M-2
2026-09-04,13,1,2,False,-0.7391301956978349,False,,,ideal_weather_proxy,static_retrospective_demo_without_target_labels,2026-10-07T20:12:22.045430+00:00,2026-09-03,,,0.02002789813093571,2026-09,2026-07,VOLOGDA-p000-420-no-wind-M-2
2026-09-04,14,1,2,False,2.026199525374902,False,,,ideal_weather_proxy,static_retrospective_demo_without_target_labels,2026-10-07T20:12:22.045430+00:00,2026-09-03,,,0.1263369627047539,2026-09,2026-07,VOLOGDA-p000-420-no-wind-M-2
2026-09-04,15,1,2,False,1.4833683271280216,False,,,ideal_weather_proxy,static_retrospective_demo_without_target_labels,2026-10-07T20:12:22.045430+00:00,2026-09-03,,,0.08800592401028556,2026-09,2026-07,VOLOGDA-p000-420-no-wind-M-2
2026-09-04,18,2,2,False,-2.39672608342378,False,,,ideal_weather_proxy,static_retrospective_demo_without_target_labels,2026-10-07T20:12:22.045430+00:00,2026-09-03,,,0.0066399026967434984,2026-09,2026-07,VOLOGDA-p000-420-no-wind-M-2
2026-09-04,19,2,2,False,-1.9025305899505511,False,,,ideal_weather_proxy,static_retrospective_demo_without_target_labels,2026-10-07T20:12:22.045430+00:00,2026-09-03,,,0.009228092729204308,2026-09,2026-07,VOLOGDA-p000-420-no-wind-M-2
2026-09-04,20,2,2,False,-1.2936560662124614,True,,,ideal_weather_proxy,static_retrospective_demo_without_target_labels,2026-10-07T20:12:22.045430+00:00,2026-09-03,,,0.013843122629212687,2026-09,2026-07,VOLOGDA-p000-420-no-wind-M-2
2026-09-04,21,2,2,False,-1.668803204617593,True,,,ideal_weather_proxy,static_retrospective_demo_without_target_labels,2026-10-07T20:12:22.045430+00:00,2026-09-03,,,0.010782502734494074,2026-09,2026-07,VOLOGDA-p000-420-no-wind-M-2
2026-09-07,8,1,2,False,-6.346724980357865,False,,,ideal_weather_proxy,static_retrospective_demo_without_target_labels,2026-10-07T20:12:22.045430+00:00,2026-09-06,,,0.0005032302788390986,2026-09,2026-07,VOLOGDA-p000-420-no-wind-M-2
2026-09-07,9,1,2,False,0.9905585718215703,False,,,ideal_weather_proxy,static_retrospective_demo_without_target_labels,2026-10-07T20:12:22.045430+00:00,2026-09-06,,,0.07307013896477733,2026-09,2026-07,VOLOGDA-p000-420-no-wind-M-2
2026-09-07,10,1,2,False,2.6289669903954564,True,,,ideal_weather_proxy,static_retrospective_demo_without_target_labels,2026-10-07T20:12:22.045430+00:00,2026-09-06,,,0.22207848176672057,2026-09,2026-07,VOLOGDA-p000-420-no-wind-M-2
2026-09-07,11,1,2,False,2.2667866242598187,True,,,ideal_weather_proxy,static_retrospective_demo_without_target_labels,2026-10-07T20:12:22.045430+00:00,2026-09-06,,,0.17369524658019914,2026-09,2026-07,VOLOGDA-p000-420-no-wind-M-2
2026-09-07,12,1,2,False,1.994235202282728,False,,,ideal_weather_proxy,static_retrospective_demo_without_target_labels,2026-10-07T20:12:22.045430+00:00,2026-09-06,,,0.14437070448673014,2026-09,2026-07,VOLOGDA-p000-420-no-wind-M-2
2026-09-07,13,1,2,False,-0.26344633154341435,False,,,ideal_weather_proxy,static_retrospective_demo_without_target_labels,2026-10-07T20:12:22.045430+00:00,2026-09-06,,,0.031206144335102083,2026-09,2026-07,VOLOGDA-p000-420-no-wind-M-2
2026-09-07,14,1,2,False,2.147831631499426,False,,,ideal_weather_proxy,static_retrospective_demo_without_target_labels,2026-10-07T20:12:22.045430+00:00,2026-09-06,,,0.1602275362324555,2026-09,2026-07,VOLOGDA-p000-420-no-wind-M-2
2026-09-07,15,1,2,False,1.96609744546958,False,,,ideal_weather_proxy,static_retrospective_demo_without_target_labels,2026-10-07T20:12:22.045430+00:00,2026-09-06,,,0.1416407189163015,2026-09,2026-07,VOLOGDA-p000-420-no-wind-M-2
2026-09-07,18,2,2,False,-2.240254721801409,False,,,ideal_weather_proxy,static_retrospective_demo_without_target_labels,2026-10-07T20:12:22.045430+00:00,2026-09-06,,,0.008161350909228919,2026-09,2026-07,VOLOGDA-p000-420-no-wind-M-2
2026-09-07,19,2,2,False,-1.4744912592003876,False,,,ideal_weather_proxy,static_retrospective_demo_without_target_labels,2026-10-07T20:12:22.045430+00:00,2026-09-06,,,0.013721408646479976,2026-09,2026-07,VOLOGDA-p000-420-no-wind-M-2
2026-09-07,20,2,2,False,-1.1882376304087303,True,,,ideal_weather_proxy,static_retrospective_demo_without_target_labels,2026-10-07T20:12:22.045430+00:00,2026-09-06,,,0.016662685261596706,2026-09,2026-07,VOLOGDA-p000-420-no-wind-M-2
2026-09-07,21,2,2,False,-1.3767331606659523,True,,,ideal_weather_proxy,static_retrospective_demo_without_target_labels,2026-10-07T20:12:22.045430+00:00,2026-09-06,,,0.014662353621569035,2026-09,2026-07,VOLOGDA-p000-420-no-wind-M-2
2026-09-08,8,1,2,False,-4.835637868497187,False,,,ideal_weather_proxy,static_retrospective_demo_without_target_labels,2026-10-07T20:12:22.045430+00:00,2026-09-07,,,0.0007483052343685029,2026-09,2026-07,VOLOGDA-p000-420-no-wind-M-2
2026-09-08,9,1,2,False,1.61201914605732,False,,,ideal_weather_proxy,static_retrospective_demo_without_target_labels,2026-10-07T20:12:22.045430+00:00,2026-09-07,,,0.10444159304971094,2026-09,2026-07,VOLOGDA-p000-420-no-wind-M-2
2026-09-08,10,1,2,False,3.221979303168757,True,,,ideal_weather_proxy,static_retrospective_demo_without_target_labels,2026-10-07T20:12:22.045430+00:00,2026-09-07,,,0.3584446799630643,2026-09,2026-07,VOLOGDA-p000-420-no-wind-M-2
2026-09-08,11,1,2,False,2.507031599010646,True,,,ideal_weather_proxy,static_retrospective_demo_without_target_labels,2026-10-07T20:12:22.045430+00:00,2026-09-07,,,0.20729881792282837,2026-09,2026-07,VOLOGDA-p000-420-no-wind-M-2
2026-09-08,12,1,2,False,1.8484013681330727,False,,,ideal_weather_proxy,static_retrospective_demo_without_target_labels,2026-10-07T20:12:22.045430+00:00,2026-09-07,,,0.12517147186720617,2026-09,2026-07,VOLOGDA-p000-420-no-wind-M-2
2026-09-08,13,1,2,False,-0.8655327124653903,False,,,ideal_weather_proxy,static_retrospective_demo_without_target_labels,2026-10-07T20:12:22.045430+00:00,2026-09-07,,,0.015657518469132537,2026-09,2026-07,VOLOGDA-p000-420-no-wind-M-2
2026-09-08,14,1,2,False,1.1431650748147648,False,,,ideal_weather_proxy,static_retrospective_demo_without_target_labels,2026-10-07T20:12:22.045430+00:00,2026-09-07,,,0.07293072297241258,2026-09,2026-07,VOLOGDA-p000-420-no-wind-M-2
2026-09-08,15,1,2,False,1.1065982896437845,False,,,ideal_weather_proxy,static_retrospective_demo_without_target_labels,2026-10-07T20:12:22.045430+00:00,2026-09-07,,,0.07091640018217817,2026-09,2026-07,VOLOGDA-p000-420-no-wind-M-2
2026-09-08,18,2,2,False,-2.4950841683104423,False,,,ideal_weather_proxy,static_retrospective_demo_without_target_labels,2026-10-07T20:12:22.045430+00:00,2026-09-07,,,0.004494250667288173,2026-09,2026-07,VOLOGDA-p000-420-no-wind-M-2
2026-09-08,19,2,2,False,-1.6668951308844027,False,,,ideal_weather_proxy,static_retrospective_demo_without_target_labels,2026-10-07T20:12:22.045430+00:00,2026-09-07,,,0.008475240115823362,2026-09,2026-07,VOLOGDA-p000-420-no-wind-M-2
2026-09-08,20,2,2,False,-0.8000459243773638,True,,,ideal_weather_proxy,static_retrospective_demo_without_target_labels,2026-10-07T20:12:22.045430+00:00,2026-09-07,,,0.01646292219993931,2026-09,2026-07,VOLOGDA-p000-420-no-wind-M-2
2026-09-08,21,2,2,False,-0.9251970085053927,True,,,ideal_weather_proxy,static_retrospective_demo_without_target_labels,2026-10-07T20:12:22.045430+00:00,2026-09-07,,,0.014958077356047653,2026-09,2026-07,VOLOGDA-p000-420-no-wind-M-2
2026-09-09,8,1,2,False,-4.77394638968346,False,,,ideal_weather_proxy,static_retrospective_demo_without_target_labels,2026-10-07T20:12:22.045430+00:00,2026-09-08,,,0.0008622327069484313,2026-09,2026-07,VOLOGDA-p000-420-no-wind-M-2
2026-09-09,9,1,2,False,1.7213052775233053,False,,,ideal_weather_proxy,static_retrospective_demo_without_target_labels,2026-10-07T20:12:22.045430+00:00,2026-09-08,,,0.10828060782400528,2026-09,2026-07,VOLOGDA-p000-420-no-wind-M-2
2026-09-09,10,1,2,False,3.0079680199486205,True,,,ideal_weather_proxy,static_retrospective_demo_without_target_labels,2026-10-07T20:12:22.045430+00:00,2026-09-08,,,0.2820544141370705,2026-09,2026-07,VOLOGDA-p000-420-no-wind-M-2
2026-09-09,11,1,2,False,2.377631411737915,True,,,ideal_weather_proxy,static_retrospective_demo_without_target_labels,2026-10-07T20:12:22.045430+00:00,2026-09-08,,,0.17645786559843063,2026-09,2026-07,VOLOGDA-p000-420-no-wind-M-2
2026-09-09,12,1,2,False,1.514143291262094,False,,,ideal_weather_proxy,static_retrospective_demo_without_target_labels,2026-10-07T20:12:22.045430+00:00,2026-09-08,,,0.09281255917509289,2026-09,2026-07,VOLOGDA-p000-420-no-wind-M-2
2026-09-09,13,1,2,False,-0.5381193333574669,False,,,ideal_weather_proxy,static_retrospective_demo_without_target_labels,2026-10-07T20:12:22.045430+00:00,2026-09-08,,,0.020156848220138936,2026-09,2026-07,VOLOGDA-p000-420-no-wind-M-2
2026-09-09,14,1,2,False,2.1841414215087314,False,,,ideal_weather_proxy,static_retrospective_demo_without_target_labels,2026-10-07T20:12:22.045430+00:00,2026-09-08,,,0.1527971169822741,2026-09,2026-07,VOLOGDA-p000-420-no-wind-M-2
2026-09-09,15,1,2,False,1.9661078959995846,False,,,ideal_weather_proxy,static_retrospective_demo_without_target_labels,2026-10-07T20:12:22.045430+00:00,2026-09-08,,,0.12991464442866904,2026-09,2026-07,VOLOGDA-p000-420-no-wind-M-2
2026-09-09,18,2,2,False,-2.344419208353747,False,,,ideal_weather_proxy,static_retrospective_demo_without_target_labels,2026-10-07T20:12:22.045430+00:00,2026-09-08,,,0.005256792337856028,2026-09,2026-07,VOLOGDA-p000-420-no-wind-M-2
2026-09-09,19,2,2,False,-1.5458893506078375,True,,,ideal_weather_proxy,static_retrospective_demo_without_target_labels,2026-10-07T20:12:22.045430+00:00,2026-09-08,,,0.009522784936781492,2026-09,2026-07,VOLOGDA-p000-420-no-wind-M-2
2026-09-09,20,2,2,False,-1.1478702850589877,True,,,ideal_weather_proxy,static_retrospective_demo_without_target_labels,2026-10-07T20:12:22.045430+00:00,2026-09-08,,,0.012805099454742019,2026-09,2026-07,VOLOGDA-p000-420-no-wind-M-2
2026-09-09,21,2,2,False,-1.6100220022327607,False,,,ideal_weather_proxy,static_retrospective_demo_without_target_labels,2026-10-07T20:12:22.045430+00:00,2026-09-08,,,0.00907903419799065,2026-09,2026-07,VOLOGDA-p000-420-no-wind-M-2
2026-09-10,8,1,2,False,-6.000873884497007,False,,,ideal_weather_proxy,static_retrospective_demo_without_target_labels,2026-10-07T20:12:22.045430+00:00,2026-09-09,,,0.0006839860983098462,2026-09,2026-07,VOLOGDA-p000-420-no-wind-M-2
2026-09-10,9,1,2,False,1.2770619822326323,False,,,ideal_weather_proxy,static_retrospective_demo_without_target_labels,2026-10-07T20:12:22.045430+00:00,2026-09-09,,,0.07380971358465244,2026-09,2026-07,VOLOGDA-p000-420-no-wind-M-2
2026-09-10,10,1,2,False,3.216289769585414,True,,,ideal_weather_proxy,static_retrospective_demo_without_target_labels,2026-10-07T20:12:22.045430+00:00,2026-09-09,,,0.2569390440779211,2026-09,2026-07,VOLOGDA-p000-420-no-wind-M-2
2026-09-10,11,1,2,False,2.461457512820254,False,,,ideal_weather_proxy,static_retrospective_demo_without_target_labels,2026-10-07T20:12:22.045430+00:00,2026-09-09,,,0.1581139980878938,2026-09,2026-07,VOLOGDA-p000-420-no-wind-M-2
2026-09-10,12,1,2,False,2.116919359736615,False,,,ideal_weather_proxy,static_retrospective_demo_without_target_labels,2026-10-07T20:12:22.045430+00:00,2026-09-09,,,0.126684877980269,2026-09,2026-07,VOLOGDA-p000-420-no-wind-M-2
2026-09-10,13,1,2,False,-0.3712856099457301,False,,,ideal_weather_proxy,static_retrospective_demo_without_target_labels,2026-10-07T20:12:22.045430+00:00,2026-09-09,,,0.025565442485720544,2026-09,2026-07,VOLOGDA-p000-420-no-wind-M-2
2026-09-10,14,1,2,False,2.6955960097213785,True,,,ideal_weather_proxy,static_retrospective_demo_without_target_labels,2026-10-07T20:12:22.045430+00:00,2026-09-09,,,0.18381294818587837,2026-09,2026-07,VOLOGDA-p000-420-no-wind-M-2
2026-09-10,15,1,2,False,2.2015987621661353,False,,,ideal_weather_proxy,static_retrospective_demo_without_target_labels,2026-10-07T20:12:22.045430+00:00,2026-09-09,,,0.13377645278764153,2026-09,2026-07,VOLOGDA-p000-420-no-wind-M-2
2026-09-10,18,2,2,False,-2.361593918471124,False,,,ideal_weather_proxy,static_retrospective_demo_without_target_labels,2026-10-07T20:12:22.045430+00:00,2026-09-09,,,0.007106693129072342,2026-09,2026-07,VOLOGDA-p000-420-no-wind-M-2
2026-09-10,19,2,2,False,-1.8160437419022557,False,,,ideal_weather_proxy,static_retrospective_demo_without_target_labels,2026-10-07T20:12:22.045430+00:00,2026-09-09,,,0.010094042295758325,2026-09,2026-07,VOLOGDA-p000-420-no-wind-M-2
2026-09-10,20,2,2,False,-1.3877326828857215,True,,,ideal_weather_proxy,static_retrospective_demo_without_target_labels,2026-10-07T20:12:22.045430+00:00,2026-09-09,,,0.013295734526349742,2026-09,2026-07,VOLOGDA-p000-420-no-wind-M-2
2026-09-10,21,2,2,False,-1.812501562223735,True,,,ideal_weather_proxy,static_retrospective_demo_without_target_labels,2026-10-07T20:12:22.045430+00:00,2026-09-09,,,0.010117066760532924,2026-09,2026-07,VOLOGDA-p000-420-no-wind-M-2
2026-09-11,8,1,2,False,-5.816499145462921,False,,,ideal_weather_proxy,static_retrospective_demo_without_target_labels,2026-10-07T20:12:22.045430+00:00,2026-09-10,,,0.0006208180940119187,2026-09,2026-07,VOLOGDA-p000-420-no-wind-M-2
2026-09-11,9,1,2,False,1.2443319340543606,False,,,ideal_weather_proxy,static_retrospective_demo_without_target_labels,2026-10-07T20:12:22.045430+00:00,2026-09-10,,,0.07653786638195617,2026-09,2026-07,VOLOGDA-p000-420-no-wind-M-2
2026-09-11,10,1,2,False,3.1420499511260527,True,,,ideal_weather_proxy,static_retrospective_demo_without_target_labels,2026-10-07T20:12:22.045430+00:00,2026-09-10,,,0.2791543395258589,2026-09,2026-07,VOLOGDA-p000-420-no-wind-M-2
2026-09-11,11,1,2,False,2.7611933754117235,True,,,ideal_weather_proxy,static_retrospective_demo_without_target_labels,2026-10-07T20:12:22.045430+00:00,2026-09-10,,,0.21530889335691897,2026-09,2026-07,VOLOGDA-p000-420-no-wind-M-2
2026-09-11,12,1,2,False,2.072584254618304,False,,,ideal_weather_proxy,static_retrospective_demo_without_target_labels,2026-10-07T20:12:22.045430+00:00,2026-09-10,,,0.13463107469223348,2026-09,2026-07,VOLOGDA-p000-420-no-wind-M-2
2026-09-11,13,1,2,False,-0.5766402056851937,False,,,ideal_weather_proxy,static_retrospective_demo_without_target_labels,2026-10-07T20:12:22.045430+00:00,2026-09-10,,,0.0221123523682847,2026-09,2026-07,VOLOGDA-p000-420-no-wind-M-2
2026-09-11,14,1,2,False,1.9713346013398003,False,,,ideal_weather_proxy,static_retrospective_demo_without_target_labels,2026-10-07T20:12:22.045430+00:00,2026-09-10,,,0.12564997996994276,2026-09,2026-07,VOLOGDA-p000-420-no-wind-M-2
2026-09-11,15,1,2,False,1.6603719223263236,False,,,ideal_weather_proxy,static_retrospective_demo_without_target_labels,2026-10-07T20:12:22.045430+00:00,2026-09-10,,,0.10164302242767544,2026-09,2026-07,VOLOGDA-p000-420-no-wind-M-2
2026-09-11,18,2,2,False,-2.250424852413639,False,,,ideal_weather_proxy,static_retrospective_demo_without_target_labels,2026-10-07T20:12:22.045430+00:00,2026-09-10,,,0.007062849061816939,2026-09,2026-07,VOLOGDA-p000-420-no-wind-M-2
2026-09-11,19,2,2,False,-1.6724652634969972,False,,,ideal_weather_proxy,static_retrospective_demo_without_target_labels,2026-10-07T20:12:22.045430+00:00,2026-09-10,,,0.010474423333567318,2026-09,2026-07,VOLOGDA-p000-420-no-wind-M-2
2026-09-11,20,2,2,False,-1.1832755678727385,True,,,ideal_weather_proxy,static_retrospective_demo_without_target_labels,2026-10-07T20:12:22.045430+00:00,2026-09-10,,,0.014621537448231267,2026-09,2026-07,VOLOGDA-p000-420-no-wind-M-2
2026-09-11,21,2,2,False,-1.4508770710637882,True,,,ideal_weather_proxy,static_retrospective_demo_without_target_labels,2026-10-07T20:12:22.045430+00:00,2026-09-10,,,0.012182843339502189,2026-09,2026-07,VOLOGDA-p000-420-no-wind-M-2
2026-09-14,8,1,2,False,-6.922738543085634,False,,,ideal_weather_proxy,static_retrospective_demo_without_target_labels,2026-10-07T20:12:22.045430+00:00,2026-09-13,,,0.000460329764049457,2026-09,2026-07,VOLOGDA-p000-420-no-wind-M-2
2026-09-14,9,1,2,False,0.6799413659543213,False,,,ideal_weather_proxy,static_retrospective_demo_without_target_labels,2026-10-07T20:12:22.045430+00:00,2026-09-13,,,0.05948913503348394,2026-09,2026-07,VOLOGDA-p000-420-no-wind-M-2
2026-09-14,10,1,2,False,2.6648289996950565,True,,,ideal_weather_proxy,static_retrospective_demo_without_target_labels,2026-10-07T20:12:22.045430+00:00,2026-09-13,,,0.21167433467245136,2026-09,2026-07,VOLOGDA-p000-420-no-wind-M-2
2026-09-14,11,1,2,False,2.408452617349832,True,,,ideal_weather_proxy,static_retrospective_demo_without_target_labels,2026-10-07T20:12:22.045430+00:00,2026-09-13,,,0.17966726711446926,2026-09,2026-07,VOLOGDA-p000-420-no-wind-M-2
2026-09-14,12,1,2,False,2.0693083026041617,False,,,ideal_weather_proxy,static_retrospective_demo_without_target_labels,2026-10-07T20:12:22.045430+00:00,2026-09-13,,,0.14463850662574362,2026-09,2026-07,VOLOGDA-p000-420-no-wind-M-2
2026-09-14,13,1,2,False,-0.28709925885912185,False,,,ideal_weather_proxy,static_retrospective_demo_without_target_labels,2026-10-07T20:12:22.045430+00:00,2026-09-13,,,0.03205362819882917,2026-09,2026-07,VOLOGDA-p000-420-no-wind-M-2
2026-09-14,14,1,2,False,2.2096009155077034,False,,,ideal_weather_proxy,static_retrospective_demo_without_target_labels,2026-10-07T20:12:22.045430+00:00,2026-09-13,,,0.15821407409249433,2026-09,2026-07,VOLOGDA-p000-420-no-wind-M-2
2026-09-14,15,1,2,False,2.170391206144413,False,,,ideal_weather_proxy,static_retrospective_demo_without_target_labels,2026-10-07T20:12:22.045430+00:00,2026-09-13,,,0.15429648739431034,2026-09,2026-07,VOLOGDA-p000-420-no-wind-M-2
2026-09-14,18,2,2,False,-2.3214464119274627,False,,,ideal_weather_proxy,static_retrospective_demo_without_target_labels,2026-10-07T20:12:22.045430+00:00,2026-09-13,,,0.008727926061169431,2026-09,2026-07,VOLOGDA-p000-420-no-wind-M-2
2026-09-14,19,2,2,False,-1.6341971922922214,False,,,ideal_weather_proxy,static_retrospective_demo_without_target_labels,2026-10-07T20:12:22.045430+00:00,2026-09-13,,,0.013544706629342866,2026-09,2026-07,VOLOGDA-p000-420-no-wind-M-2
2026-09-14,20,2,2,False,-0.9751598278951239,True,,,ideal_weather_proxy,static_retrospective_demo_without_target_labels,2026-10-07T20:12:22.045430+00:00,2026-09-13,,,0.020643975157647064,2026-09,2026-07,VOLOGDA-p000-420-no-wind-M-2
2026-09-14,21,2,2,False,-1.3170825953692984,True,,,ideal_weather_proxy,static_retrospective_demo_without_target_labels,2026-10-07T20:12:22.045430+00:00,2026-09-13,,,0.0165896292560091,2026-09,2026-07,VOLOGDA-p000-420-no-wind-M-2
2026-09-15,8,1,2,False,-5.2292690799397805,False,,,ideal_weather_proxy,static_retrospective_demo_without_target_labels,2026-10-07T20:12:22.045430+00:00,2026-09-14,,,0.0007061150398943469,2026-09,2026-07,VOLOGDA-p000-420-no-wind-M-2
2026-09-15,9,1,2,False,1.6436062891731114,False,,,ideal_weather_proxy,static_retrospective_demo_without_target_labels,2026-10-07T20:12:22.045430+00:00,2026-09-14,,,0.10368086277031634,2026-09,2026-07,VOLOGDA-p000-420-no-wind-M-2
2026-09-15,10,1,2,False,3.280767460010119,True,,,ideal_weather_proxy,static_retrospective_demo_without_target_labels,2026-10-07T20:12:22.045430+00:00,2026-09-14,,,0.34029000822979794,2026-09,2026-07,VOLOGDA-p000-420-no-wind-M-2
2026-09-15,11,1,2,False,2.6278131092968824,True,,,ideal_weather_proxy,static_retrospective_demo_without_target_labels,2026-10-07T20:12:22.045430+00:00,2026-09-14,,,0.2118318043177612,2026-09,2026-07,VOLOGDA-p000-420-no-wind-M-2
2026-09-15,12,1,2,False,1.983784875550884,False,,,ideal_weather_proxy,static_retrospective_demo_without_target_labels,2026-10-07T20:12:22.045430+00:00,2026-09-14,,,0.13272333493248686,2026-09,2026-07,VOLOGDA-p000-420-no-wind-M-2
2026-09-15,13,1,2,False,-0.9540928237841398,False,,,ideal_weather_proxy,static_retrospective_demo_without_target_labels,2026-10-07T20:12:22.045430+00:00,2026-09-14,,,0.015729596142868035,2026-09,2026-07,VOLOGDA-p000-420-no-wind-M-2
2026-09-15,14,1,2,False,1.1789059550918712,False,,,ideal_weather_proxy,static_retrospective_demo_without_target_labels,2026-10-07T20:12:22.045430+00:00,2026-09-14,,,0.07399318735195784,2026-09,2026-07,VOLOGDA-p000-420-no-wind-M-2
2026-09-15,15,1,2,False,1.1997778609774976,False,,,ideal_weather_proxy,static_retrospective_demo_without_target_labels,2026-10-07T20:12:22.045430+00:00,2026-09-14,,,0.07512285019307283,2026-09,2026-07,VOLOGDA-p000-420-no-wind-M-2
2026-09-15,18,2,2,False,-2.609259078451786,False,,,ideal_weather_proxy,static_retrospective_demo_without_target_labels,2026-10-07T20:12:22.045430+00:00,2026-09-14,,,0.004730319594376204,2026-09,2026-07,VOLOGDA-p000-420-no-wind-M-2
2026-09-15,19,2,2,False,-1.5513472482104897,False,,,ideal_weather_proxy,static_retrospective_demo_without_target_labels,2026-10-07T20:12:22.045430+00:00,2026-09-14,,,0.010195772845624016,2026-09,2026-07,VOLOGDA-p000-420-no-wind-M-2
2026-09-15,20,2,2,False,-0.7928883630838146,True,,,ideal_weather_proxy,static_retrospective_demo_without_target_labels,2026-10-07T20:12:22.045430+00:00,2026-09-14,,,0.017682382365211642,2026-09,2026-07,VOLOGDA-p000-420-no-wind-M-2
2026-09-15,21,2,2,False,-1.1837888106920904,True,,,ideal_weather_proxy,static_retrospective_demo_without_target_labels,2026-10-07T20:12:22.045430+00:00,2026-09-14,,,0.0133137662166328,2026-09,2026-07,VOLOGDA-p000-420-no-wind-M-2
2026-09-16,8,1,2,False,-4.965711165480025,False,,,ideal_weather_proxy,static_retrospective_demo_without_target_labels,2026-10-07T20:12:22.045430+00:00,2026-09-15,,,0.0006998604735502798,2026-09,2026-07,VOLOGDA-p000-420-no-wind-M-2
2026-09-16,9,1,2,False,1.6066352815523486,False,,,ideal_weather_proxy,static_retrospective_demo_without_target_labels,2026-10-07T20:12:22.045430+00:00,2026-09-15,,,0.09953627459902978,2026-09,2026-07,VOLOGDA-p000-420-no-wind-M-2
2026-09-16,10,1,2,False,3.1108773519799717,True,,,ideal_weather_proxy,static_retrospective_demo_without_target_labels,2026-10-07T20:12:22.045430+00:00,2026-09-15,,,0.309557372789119,2026-09,2026-07,VOLOGDA-p000-420-no-wind-M-2
2026-09-16,11,1,2,False,2.4237649817888105,True,,,ideal_weather_proxy,static_retrospective_demo_without_target_labels,2026-10-07T20:12:22.045430+00:00,2026-09-15,,,0.18435580287219022,2026-09,2026-07,VOLOGDA-p000-420-no-wind-M-2
2026-09-16,12,1,2,False,1.555998334336534,False,,,ideal_weather_proxy,static_retrospective_demo_without_target_labels,2026-10-07T20:12:22.045430+00:00,2026-09-15,,,0.09580622446672304,2026-09,2026-07,VOLOGDA-p000-420-no-wind-M-2
2026-09-16,13,1,2,False,-0.7185329333370657,False,,,ideal_weather_proxy,static_retrospective_demo_without_target_labels,2026-10-07T20:12:22.045430+00:00,2026-09-15,,,0.017230684976195083,2026-09,2026-07,VOLOGDA-p000-420-no-wind-M-2
2026-09-16,14,1,2,False,1.924982644999606,False,,,ideal_weather_proxy,static_retrospective_demo_without_target_labels,2026-10-07T20:12:22.045430+00:00,2026-09-15,,,0.12655101819889444,2026-09,2026-07,VOLOGDA-p000-420-no-wind-M-2
2026-09-16,15,1,2,False,1.8501692481788892,False,,,ideal_weather_proxy,static_retrospective_demo_without_target_labels,2026-10-07T20:12:22.045430+00:00,2026-09-15,,,0.11960745886328386,2026-09,2026-07,VOLOGDA-p000-420-no-wind-M-2
2026-09-16,18,2,2,False,-2.3626973671267812,False,,,ideal_weather_proxy,static_retrospective_demo_without_target_labels,2026-10-07T20:12:22.045430+00:00,2026-09-15,,,0.004985480138362278,2026-09,2026-07,VOLOGDA-p000-420-no-wind-M-2
2026-09-16,19,2,2,False,-1.2879211584347527,False,,,ideal_weather_proxy,static_retrospective_demo_without_target_labels,2026-10-07T20:12:22.045430+00:00,2026-09-15,,,0.011214561318155404,2026-09,2026-07,VOLOGDA-p000-420-no-wind-M-2
2026-09-16,20,2,2,False,-0.6600560473159753,True,,,ideal_weather_proxy,static_retrospective_demo_without_target_labels,2026-10-07T20:12:22.045430+00:00,2026-09-15,,,0.018007706624685507,2026-09,2026-07,VOLOGDA-p000-420-no-wind-M-2
2026-09-16,21,2,2,False,-1.1496290196713055,True,,,ideal_weather_proxy,static_retrospective_demo_without_target_labels,2026-10-07T20:12:22.045430+00:00,2026-09-15,,,0.01244755467981111,2026-09,2026-07,VOLOGDA-p000-420-no-wind-M-2
2026-09-17,8,1,2,False,-5.2029136201748525,False,,,ideal_weather_proxy,static_retrospective_demo_without_target_labels,2026-10-07T20:12:22.045430+00:00,2026-09-16,,,0.0008261751133870315,2026-09,2026-07,VOLOGDA-p000-420-no-wind-M-2
2026-09-17,9,1,2,False,1.7014177131703792,False,,,ideal_weather_proxy,static_retrospective_demo_without_target_labels,2026-10-07T20:12:22.045430+00:00,2026-09-16,,,0.09552655281029437,2026-09,2026-07,VOLOGDA-p000-420-no-wind-M-2
2026-09-17,10,1,2,False,3.336227472726419,True,,,ideal_weather_proxy,static_retrospective_demo_without_target_labels,2026-10-07T20:12:22.045430+00:00,2026-09-16,,,0.29418072316595506,2026-09,2026-07,VOLOGDA-p000-420-no-wind-M-2
2026-09-17,11,1,2,False,2.5351409440311476,True,,,ideal_weather_proxy,static_retrospective_demo_without_target_labels,2026-10-07T20:12:22.045430+00:00,2026-09-16,,,0.16952945710204578,2026-09,2026-07,VOLOGDA-p000-420-no-wind-M-2
2026-09-17,12,1,2,False,2.0924496156696053,False,,,ideal_weather_proxy,static_retrospective_demo_without_target_labels,2026-10-07T20:12:22.045430+00:00,2026-09-16,,,0.12501628206175738,2026-09,2026-07,VOLOGDA-p000-420-no-wind-M-2
2026-09-17,13,1,2,False,-0.7735288419189849,False,,,ideal_weather_proxy,static_retrospective_demo_without_target_labels,2026-10-07T20:12:22.045430+00:00,2026-09-16,,,0.01740189433503238,2026-09,2026-07,VOLOGDA-p000-420-no-wind-M-2
2026-09-17,14,1,2,False,2.33335594178972,False,,,ideal_weather_proxy,static_retrospective_demo_without_target_labels,2026-10-07T20:12:22.045430+00:00,2026-09-16,,,0.147553905148156,2026-09,2026-07,VOLOGDA-p000-420-no-wind-M-2
2026-09-17,15,1,2,False,1.921834210669049,False,,,ideal_weather_proxy,static_retrospective_demo_without_target_labels,2026-10-07T20:12:22.045430+00:00,2026-09-16,,,0.11116952806978676,2026-09,2026-07,VOLOGDA-p000-420-no-wind-M-2
2026-09-17,18,2,2,False,-2.494315274292336,False,,,ideal_weather_proxy,static_retrospective_demo_without_target_labels,2026-10-07T20:12:22.045430+00:00,2026-09-16,,,0.005326183459455295,2026-09,2026-07,VOLOGDA-p000-420-no-wind-M-2
2026-09-17,19,2,2,False,-1.784956981887017,False,,,ideal_weather_proxy,static_retrospective_demo_without_target_labels,2026-10-07T20:12:22.045430+00:00,2026-09-16,,,0.00867713316382457,2026-09,2026-07,VOLOGDA-p000-420-no-wind-M-2
2026-09-17,20,2,2,False,-1.1959048922086246,True,,,ideal_weather_proxy,static_retrospective_demo_without_target_labels,2026-10-07T20:12:22.045430+00:00,2026-09-16,,,0.013013324255738687,2026-09,2026-07,VOLOGDA-p000-420-no-wind-M-2
2026-09-17,21,2,2,False,-1.3407672997232887,True,,,ideal_weather_proxy,static_retrospective_demo_without_target_labels,2026-10-07T20:12:22.045430+00:00,2026-09-16,,,0.01177884131456672,2026-09,2026-07,VOLOGDA-p000-420-no-wind-M-2
2026-09-18,8,1,2,False,-5.664383685882098,False,,,ideal_weather_proxy,static_retrospective_demo_without_target_labels,2026-10-07T20:12:22.045430+00:00,2026-09-17,,,0.0006805058001955646,2026-09,2026-07,VOLOGDA-p000-420-no-wind-M-2
2026-09-18,9,1,2,False,1.236763045824699,False,,,ideal_weather_proxy,static_retrospective_demo_without_target_labels,2026-10-07T20:12:22.045430+00:00,2026-09-17,,,0.07375390662086005,2026-09,2026-07,VOLOGDA-p000-420-no-wind-M-2
2026-09-18,10,1,2,False,3.2628020450391704,True,,,ideal_weather_proxy,static_retrospective_demo_without_target_labels,2026-10-07T20:12:22.045430+00:00,2026-09-17,,,0.291881580823801,2026-09,2026-07,VOLOGDA-p000-420-no-wind-M-2
2026-09-18,11,1,2,False,2.940548781778383,True,,,ideal_weather_proxy,static_retrospective_demo_without_target_labels,2026-10-07T20:12:22.045430+00:00,2026-09-17,,,0.2345218474972738,2026-09,2026-07,VOLOGDA-p000-420-no-wind-M-2
2026-09-18,12,1,2,False,2.0943140367582966,False,,,ideal_weather_proxy,static_retrospective_demo_without_target_labels,2026-10-07T20:12:22.045430+00:00,2026-09-17,,,0.13202390937471167,2026-09,2026-07,VOLOGDA-p000-420-no-wind-M-2
2026-09-18,13,1,2,False,-0.8505831135327013,False,,,ideal_weather_proxy,static_retrospective_demo_without_target_labels,2026-10-07T20:12:22.045430+00:00,2026-09-17,,,0.01787662866561152,2026-09,2026-07,VOLOGDA-p000-420-no-wind-M-2
2026-09-18,14,1,2,False,1.8108476491576329,False,,,ideal_weather_proxy,static_retrospective_demo_without_target_labels,2026-10-07T20:12:22.045430+00:00,2026-09-17,,,0.10890964926226676,2026-09,2026-07,VOLOGDA-p000-420-no-wind-M-2
2026-09-18,15,1,2,False,1.5579730463595685,False,,,ideal_weather_proxy,static_retrospective_demo_without_target_labels,2026-10-07T20:12:22.045430+00:00,2026-09-17,,,0.09172775899024711,2026-09,2026-07,VOLOGDA-p000-420-no-wind-M-2
2026-09-18,18,2,2,False,-2.821164647769127,False,,,ideal_weather_proxy,static_retrospective_demo_without_target_labels,2026-10-07T20:12:22.045430+00:00,2026-09-17,,,0.004690474703281695,2026-09,2026-07,VOLOGDA-p000-420-no-wind-M-2
2026-09-18,19,2,2,False,-1.5928751904932492,False,,,ideal_weather_proxy,static_retrospective_demo_without_target_labels,2026-10-07T20:12:22.045430+00:00,2026-09-17,,,0.010799525071084726,2026-09,2026-07,VOLOGDA-p000-420-no-wind-M-2
2026-09-18,20,2,2,False,-0.8105642106796836,True,,,ideal_weather_proxy,static_retrospective_demo_without_target_labels,2026-10-07T20:12:22.045430+00:00,2026-09-17,,,0.01836902320866534,2026-09,2026-07,VOLOGDA-p000-420-no-wind-M-2
2026-09-18,21,2,2,False,-1.1322193853737892,True,,,ideal_weather_proxy,static_retrospective_demo_without_target_labels,2026-10-07T20:12:22.045430+00:00,2026-09-17,,,0.014765189982000762,2026-09,2026-07,VOLOGDA-p000-420-no-wind-M-2
2026-09-21,8,1,2,False,-6.6497071094227165,False,,,ideal_weather_proxy,static_retrospective_demo_without_target_labels,2026-10-07T20:12:22.045430+00:00,2026-09-20,,,0.0005580613474747688,2026-09,2026-07,VOLOGDA-p000-420-no-wind-M-2
2026-09-21,9,1,2,False,0.9552752703499615,False,,,ideal_weather_proxy,static_retrospective_demo_without_target_labels,2026-10-07T20:12:22.045430+00:00,2026-09-20,,,0.0647874497796865,2026-09,2026-07,VOLOGDA-p000-420-no-wind-M-2
2026-09-21,10,1,2,False,2.8474395568231428,True,,,ideal_weather_proxy,static_retrospective_demo_without_target_labels,2026-10-07T20:12:22.045430+00:00,2026-09-20,,,0.21145963501358916,2026-09,2026-07,VOLOGDA-p000-420-no-wind-M-2
2026-09-21,11,1,2,False,2.576254133660429,True,,,ideal_weather_proxy,static_retrospective_demo_without_target_labels,2026-10-07T20:12:22.045430+00:00,2026-09-20,,,0.17848372899613354,2026-09,2026-07,VOLOGDA-p000-420-no-wind-M-2
2026-09-21,12,1,2,False,2.333361992394293,False,,,ideal_weather_proxy,static_retrospective_demo_without_target_labels,2026-10-07T20:12:22.045430+00:00,2026-09-20,,,0.15333864414498666,2026-09,2026-07,VOLOGDA-p000-420-no-wind-M-2
2026-09-21,13,1,2,False,-0.093459631636173,False,,,ideal_weather_proxy,static_retrospective_demo_without_target_labels,2026-10-07T20:12:22.045430+00:00,2026-09-20,,,0.0336319156969802,2026-09,2026-07,VOLOGDA-p000-420-no-wind-M-2
2026-09-21,14,1,2,False,2.370637292377439,False,,,ideal_weather_proxy,static_retrospective_demo_without_target_labels,2026-10-07T20:12:22.045430+00:00,2026-09-20,,,0.15695390968305706,2026-09,2026-07,VOLOGDA-p000-420-no-wind-M-2
2026-09-21,15,1,2,False,2.317942854111881,False,,,ideal_weather_proxy,static_retrospective_demo_without_target_labels,2026-10-07T20:12:22.045430+00:00,2026-09-20,,,0.1518676276339286,2026-09,2026-07,VOLOGDA-p000-420-no-wind-M-2
2026-09-21,18,2,2,False,-2.4572303349426736,False,,,ideal_weather_proxy,static_retrospective_demo_without_target_labels,2026-10-07T20:12:22.045430+00:00,2026-09-20,,,0.007673091618051335,2026-09,2026-07,VOLOGDA-p000-420-no-wind-M-2
2026-09-21,19,2,2,False,-1.5492539739925857,True,,,ideal_weather_proxy,static_retrospective_demo_without_target_labels,2026-10-07T20:12:22.045430+00:00,2026-09-20,,,0.013536072714734733,2026-09,2026-07,VOLOGDA-p000-420-no-wind-M-2
2026-09-21,20,2,2,False,-1.1896321351410946,True,,,ideal_weather_proxy,static_retrospective_demo_without_target_labels,2026-10-07T20:12:22.045430+00:00,2026-09-20,,,0.016948554597716107,2026-09,2026-07,VOLOGDA-p000-420-no-wind-M-2
2026-09-21,21,2,2,False,-1.9161964160898035,False,,,ideal_weather_proxy,static_retrospective_demo_without_target_labels,2026-10-07T20:12:22.045430+00:00,2026-09-20,,,0.010761308773661254,2026-09,2026-07,VOLOGDA-p000-420-no-wind-M-2
2026-09-22,8,1,2,False,-5.148469080536999,False,,,ideal_weather_proxy,static_retrospective_demo_without_target_labels,2026-10-07T20:12:22.045430+00:00,2026-09-21,,,0.0006889233405103503,2026-09,2026-07,VOLOGDA-p000-420-no-wind-M-2
2026-09-22,9,1,2,False,1.656990227376051,False,,,ideal_weather_proxy,static_retrospective_demo_without_target_labels,2026-10-07T20:12:22.045430+00:00,2026-09-21,,,0.10632871974997668,2026-09,2026-07,VOLOGDA-p000-420-no-wind-M-2
2026-09-22,10,1,2,False,3.130580489182849,True,,,ideal_weather_proxy,static_retrospective_demo_without_target_labels,2026-10-07T20:12:22.045430+00:00,2026-09-21,,,0.31660912555329335,2026-09,2026-07,VOLOGDA-p000-420-no-wind-M-2
2026-09-22,11,1,2,False,2.544287367869317,True,,,ideal_weather_proxy,static_retrospective_demo_without_target_labels,2026-10-07T20:12:22.045430+00:00,2026-09-21,,,0.20510913462265556,2026-09,2026-07,VOLOGDA-p000-420-no-wind-M-2
2026-09-22,12,1,2,False,1.903631881609341,False,,,ideal_weather_proxy,static_retrospective_demo_without_target_labels,2026-10-07T20:12:22.045430+00:00,2026-09-21,,,0.12763356093675277,2026-09,2026-07,VOLOGDA-p000-420-no-wind-M-2
2026-09-22,13,1,2,False,-0.6134026546663026,False,,,ideal_weather_proxy,static_retrospective_demo_without_target_labels,2026-10-07T20:12:22.045430+00:00,2026-09-21,,,0.01979448863361302,2026-09,2026-07,VOLOGDA-p000-420-no-wind-M-2
2026-09-22,14,1,2,False,1.462216479996572,False,,,ideal_weather_proxy,static_retrospective_demo_without_target_labels,2026-10-07T20:12:22.045430+00:00,2026-09-21,,,0.09204830870107893,2026-09,2026-07,VOLOGDA-p000-420-no-wind-M-2
2026-09-22,15,1,2,False,1.4076722111205002,False,,,ideal_weather_proxy,static_retrospective_demo_without_target_labels,2026-10-07T20:12:22.045430+00:00,2026-09-21,,,0.08840475539038621,2026-09,2026-07,VOLOGDA-p000-420-no-wind-M-2
2026-09-22,18,2,2,False,-2.380475397324423,False,,,ideal_weather_proxy,static_retrospective_demo_without_target_labels,2026-10-07T20:12:22.045430+00:00,2026-09-21,,,0.005349266144059861,2026-09,2026-07,VOLOGDA-p000-420-no-wind-M-2
2026-09-22,19,2,2,False,-1.555668874913192,False,,,ideal_weather_proxy,static_retrospective_demo_without_target_labels,2026-10-07T20:12:22.045430+00:00,2026-09-21,,,0.009852196688692628,2026-09,2026-07,VOLOGDA-p000-420-no-wind-M-2
2026-09-22,20,2,2,False,-1.027487644377996,True,,,ideal_weather_proxy,static_retrospective_demo_without_target_labels,2026-10-07T20:12:22.045430+00:00,2026-09-21,,,0.014567467160078415,2026-09,2026-07,VOLOGDA-p000-420-no-wind-M-2
2026-09-22,21,2,2,False,-1.1189015250795737,True,,,ideal_weather_proxy,static_retrospective_demo_without_target_labels,2026-10-07T20:12:22.045430+00:00,2026-09-21,,,0.013614053078902203,2026-09,2026-07,VOLOGDA-p000-420-no-wind-M-2
2026-09-23,8,1,2,False,-5.916675170142247,False,,,ideal_weather_proxy,static_retrospective_demo_without_target_labels,2026-10-07T20:12:22.045430+00:00,2026-09-22,,,0.000612321488652964,2026-09,2026-07,VOLOGDA-p000-420-no-wind-M-2
2026-09-23,9,1,2,False,1.3212583815739085,False,,,ideal_weather_proxy,static_retrospective_demo_without_target_labels,2026-10-07T20:12:22.045430+00:00,2026-09-22,,,0.07322955201662157,2026-09,2026-07,VOLOGDA-p000-420-no-wind-M-2
2026-09-23,10,1,2,False,3.1847732088403093,True,,,ideal_weather_proxy,static_retrospective_demo_without_target_labels,2026-10-07T20:12:22.045430+00:00,2026-09-22,,,0.25097083436337014,2026-09,2026-07,VOLOGDA-p000-420-no-wind-M-2
2026-09-23,11,1,2,False,2.8435244486171563,True,,,ideal_weather_proxy,static_retrospective_demo_without_target_labels,2026-10-07T20:12:22.045430+00:00,2026-09-22,,,0.20029267230893524,2026-09,2026-07,VOLOGDA-p000-420-no-wind-M-2
2026-09-23,12,1,2,False,1.827733515880476,False,,,ideal_weather_proxy,static_retrospective_demo_without_target_labels,2026-10-07T20:12:22.045430+00:00,2026-09-22,,,0.1023467666030118,2026-09,2026-07,VOLOGDA-p000-420-no-wind-M-2
2026-09-23,13,1,2,False,-0.2802509831441473,False,,,ideal_weather_proxy,static_retrospective_demo_without_target_labels,2026-10-07T20:12:22.045430+00:00,2026-09-22,,,0.025407402611326218,2026-09,2026-07,VOLOGDA-p000-420-no-wind-M-2
2026-09-23,14,1,2,False,2.515185201879757,False,,,ideal_weather_proxy,static_retrospective_demo_without_target_labels,2026-10-07T20:12:22.045430+00:00,2026-09-22,,,0.16121767244076368,2026-09,2026-07,VOLOGDA-p000-420-no-wind-M-2
2026-09-23,15,1,2,False,2.302137233494764,False,,,ideal_weather_proxy,static_retrospective_demo_without_target_labels,2026-10-07T20:12:22.045430+00:00,2026-09-22,,,0.14004110171989667,2026-09,2026-07,VOLOGDA-p000-420-no-wind-M-2
2026-09-23,18,2,2,False,-2.360882739175233,False,,,ideal_weather_proxy,static_retrospective_demo_without_target_labels,2026-10-07T20:12:22.045430+00:00,2026-09-22,,,0.006422413099972156,2026-09,2026-07,VOLOGDA-p000-420-no-wind-M-2
2026-09-23,19,2,2,False,-1.3735840000781958,False,,,ideal_weather_proxy,static_retrospective_demo_without_target_labels,2026-10-07T20:12:22.045430+00:00,2026-09-22,,,0.012334179321632966,2026-09,2026-07,VOLOGDA-p000-420-no-wind-M-2
2026-09-23,20,2,2,False,-1.1066793948253182,True,,,ideal_weather_proxy,static_retrospective_demo_without_target_labels,2026-10-07T20:12:22.045430+00:00,2026-09-22,,,0.014713885284040518,2026-09,2026-07,VOLOGDA-p000-420-no-wind-M-2
2026-09-23,21,2,2,False,-1.3641661412722466,True,,,ideal_weather_proxy,static_retrospective_demo_without_target_labels,2026-10-07T20:12:22.045430+00:00,2026-09-22,,,0.01241119874177606,2026-09,2026-07,VOLOGDA-p000-420-no-wind-M-2
2026-09-24,8,1,2,False,-6.190460696965583,False,,,ideal_weather_proxy,static_retrospective_demo_without_target_labels,2026-10-07T20:12:22.045430+00:00,2026-09-23,,,0.0006543769880891139,2026-09,2026-07,VOLOGDA-p000-420-no-wind-M-2
2026-09-24,9,1,2,False,1.1072661727310749,False,,,ideal_weather_proxy,static_retrospective_demo_without_target_labels,2026-10-07T20:12:22.045430+00:00,2026-09-23,,,0.06450370042304446,2026-09,2026-07,VOLOGDA-p000-420-no-wind-M-2
2026-09-24,10,1,2,False,3.167946370395624,True,,,ideal_weather_proxy,static_retrospective_demo_without_target_labels,2026-10-07T20:12:22.045430+00:00,2026-09-23,,,0.2358128342692856,2026-09,2026-07,VOLOGDA-p000-420-no-wind-M-2
2026-09-24,11,1,2,False,2.4872732054053515,False,,,ideal_weather_proxy,static_retrospective_demo_without_target_labels,2026-10-07T20:12:22.045430+00:00,2026-09-23,,,0.15367594239894497,2026-09,2026-07,VOLOGDA-p000-420-no-wind-M-2
2026-09-24,12,1,2,False,2.146996542750318,False,,,ideal_weather_proxy,static_retrospective_demo_without_target_labels,2026-10-07T20:12:22.045430+00:00,2026-09-23,,,0.12406277146925088,2026-09,2026-07,VOLOGDA-p000-420-no-wind-M-2
2026-09-24,13,1,2,False,-0.24913673856390747,False,,,ideal_weather_proxy,static_retrospective_demo_without_target_labels,2026-10-07T20:12:22.045430+00:00,2026-09-23,,,0.027479705716397497,2026-09,2026-07,VOLOGDA-p000-420-no-wind-M-2
2026-09-24,14,1,2,False,2.9438417914629404,True,,,ideal_weather_proxy,static_retrospective_demo_without_target_labels,2026-10-07T20:12:22.045430+00:00,2026-09-23,,,0.20480545777486975,2026-09,2026-07,VOLOGDA-p000-420-no-wind-M-2
2026-09-24,15,1,2,False,2.4207715267227625,False,,,ideal_weather_proxy,static_retrospective_demo_without_target_labels,2026-10-07T20:12:22.045430+00:00,2026-09-23,,,0.1473796313235914,2026-09,2026-07,VOLOGDA-p000-420-no-wind-M-2
2026-09-24,18,2,2,False,-2.3687622880755264,False,,,ideal_weather_proxy,static_retrospective_demo_without_target_labels,2026-10-07T20:12:22.045430+00:00,2026-09-23,,,0.007243112931527152,2026-09,2026-07,VOLOGDA-p000-420-no-wind-M-2
2026-09-24,19,2,2,False,-1.6097215134446876,True,,,ideal_weather_proxy,static_retrospective_demo_without_target_labels,2026-10-07T20:12:22.045430+00:00,2026-09-23,,,0.011676079140537865,2026-09,2026-07,VOLOGDA-p000-420-no-wind-M-2
2026-09-24,20,2,2,False,-1.5063980866224012,True,,,ideal_weather_proxy,static_retrospective_demo_without_target_labels,2026-10-07T20:12:22.045430+00:00,2026-09-23,,,0.012460206498911643,2026-09,2026-07,VOLOGDA-p000-420-no-wind-M-2
2026-09-24,21,2,2,False,-1.817388065520265,False,,,ideal_weather_proxy,static_retrospective_demo_without_target_labels,2026-10-07T20:12:22.045430+00:00,2026-09-23,,,0.010246181065549679,2026-09,2026-07,VOLOGDA-p000-420-no-wind-M-2
2026-09-25,8,1,2,False,-5.9629364368524165,False,,,ideal_weather_proxy,static_retrospective_demo_without_target_labels,2026-10-07T20:12:22.045430+00:00,2026-09-24,,,0.0007059677776372616,2026-09,2026-07,VOLOGDA-p000-420-no-wind-M-2
2026-09-25,9,1,2,False,1.6808603334975485,False,,,ideal_weather_proxy,static_retrospective_demo_without_target_labels,2026-10-07T20:12:22.045430+00:00,2026-09-24,,,0.0891785433804983,2026-09,2026-07,VOLOGDA-p000-420-no-wind-M-2
2026-09-25,10,1,2,False,3.486917156475111,True,,,ideal_weather_proxy,static_retrospective_demo_without_target_labels,2026-10-07T20:12:22.045430+00:00,2026-09-24,,,0.2797638844919669,2026-09,2026-07,VOLOGDA-p000-420-no-wind-M-2
2026-09-25,11,1,2,False,3.0935678528708834,True,,,ideal_weather_proxy,static_retrospective_demo_without_target_labels,2026-10-07T20:12:22.045430+00:00,2026-09-24,,,0.21809708045359444,2026-09,2026-07,VOLOGDA-p000-420-no-wind-M-2
2026-09-25,12,1,2,False,2.3698379933488827,False,,,ideal_weather_proxy,static_retrospective_demo_without_target_labels,2026-10-07T20:12:22.045430+00:00,2026-09-24,,,0.13793611134675285,2026-09,2026-07,VOLOGDA-p000-420-no-wind-M-2
2026-09-25,13,1,2,False,-0.5243942727188645,False,,,ideal_weather_proxy,static_retrospective_demo_without_target_labels,2026-10-07T20:12:22.045430+00:00,2026-09-24,,,0.022079000280781382,2026-09,2026-07,VOLOGDA-p000-420-no-wind-M-2
2026-09-25,14,1,2,False,2.237248586577376,False,,,ideal_weather_proxy,static_retrospective_demo_without_target_labels,2026-10-07T20:12:22.045430+00:00,2026-09-24,,,0.1268310987179344,2026-09,2026-07,VOLOGDA-p000-420-no-wind-M-2
2026-09-25,15,1,2,False,1.5476433165787642,False,,,ideal_weather_proxy,static_retrospective_demo_without_target_labels,2026-10-07T20:12:22.045430+00:00,2026-09-24,,,0.08196635160445151,2026-09,2026-07,VOLOGDA-p000-420-no-wind-M-2
2026-09-25,18,2,2,False,-2.877770312592756,False,,,ideal_weather_proxy,static_retrospective_demo_without_target_labels,2026-10-07T20:12:22.045430+00:00,2026-09-24,,,0.004977096485035261,2026-09,2026-07,VOLOGDA-p000-420-no-wind-M-2
2026-09-25,19,2,2,False,-1.3479947991920944,True,,,ideal_weather_proxy,static_retrospective_demo_without_target_labels,2026-10-07T20:12:22.045430+00:00,2026-09-24,,,0.013108425412843445,2026-09,2026-07,VOLOGDA-p000-420-no-wind-M-2
2026-09-25,20,2,2,False,-1.1655713358657793,True,,,ideal_weather_proxy,static_retrospective_demo_without_target_labels,2026-10-07T20:12:22.045430+00:00,2026-09-24,,,0.01471307366305395,2026-09,2026-07,VOLOGDA-p000-420-no-wind-M-2
2026-09-25,21,2,2,False,-1.677071142936911,False,,,ideal_weather_proxy,static_retrospective_demo_without_target_labels,2026-10-07T20:12:22.045430+00:00,2026-09-24,,,0.010643366385450333,2026-09,2026-07,VOLOGDA-p000-420-no-wind-M-2
2026-09-28,8,1,2,False,-6.46177508312522,False,,,ideal_weather_proxy,static_retrospective_demo_without_target_labels,2026-10-07T20:12:22.045430+00:00,2026-09-27,,,0.0004804967587407876,2026-09,2026-07,VOLOGDA-p000-420-no-wind-M-2
2026-09-28,9,1,2,False,0.9538204398445841,False,,,ideal_weather_proxy,static_retrospective_demo_without_target_labels,2026-10-07T20:12:22.045430+00:00,2026-09-27,,,0.06806890904263739,2026-09,2026-07,VOLOGDA-p000-420-no-wind-M-2
2026-09-28,10,1,2,False,2.8021148874559447,True,,,ideal_weather_proxy,static_retrospective_demo_without_target_labels,2026-10-07T20:12:22.045430+00:00,2026-09-27,,,0.233957800866167,2026-09,2026-07,VOLOGDA-p000-420-no-wind-M-2
2026-09-28,11,1,2,False,2.5574911567917074,True,,,ideal_weather_proxy,static_retrospective_demo_without_target_labels,2026-10-07T20:12:22.045430+00:00,2026-09-27,,,0.19868834027353538,2026-09,2026-07,VOLOGDA-p000-420-no-wind-M-2
2026-09-28,12,1,2,False,2.1181175407693837,False,,,ideal_weather_proxy,static_retrospective_demo_without_target_labels,2026-10-07T20:12:22.045430+00:00,2026-09-27,,,0.14815299911686666,2026-09,2026-07,VOLOGDA-p000-420-no-wind-M-2
2026-09-28,13,1,2,False,-0.400592159298426,False,,,ideal_weather_proxy,static_retrospective_demo_without_target_labels,2026-10-07T20:12:22.045430+00:00,2026-09-27,,,0.027544492741109986,2026-09,2026-07,VOLOGDA-p000-420-no-wind-M-2
2026-09-28,14,1,2,False,2.0536049166918975,False,,,ideal_weather_proxy,static_retrospective_demo_without_target_labels,2026-10-07T20:12:22.045430+00:00,2026-09-27,,,0.14190424483500483,2026-09,2026-07,VOLOGDA-p000-420-no-wind-M-2
2026-09-28,15,1,2,False,1.843658683142454,False,,,ideal_weather_proxy,static_retrospective_demo_without_target_labels,2026-10-07T20:12:22.045430+00:00,2026-09-27,,,0.12333608323878392,2026-09,2026-07,VOLOGDA-p000-420-no-wind-M-2
2026-09-28,18,2,2,False,-2.247413888522469,False,,,ideal_weather_proxy,static_retrospective_demo_without_target_labels,2026-10-07T20:12:22.045430+00:00,2026-09-27,,,0.008021826652928813,2026-09,2026-07,VOLOGDA-p000-420-no-wind-M-2
2026-09-28,19,2,2,False,-1.3114968612968894,True,,,ideal_weather_proxy,static_retrospective_demo_without_target_labels,2026-10-07T20:12:22.045430+00:00,2026-09-27,,,0.014989324223663437,2026-09,2026-07,VOLOGDA-p000-420-no-wind-M-2
2026-09-28,20,2,2,False,-0.8436958543994705,True,,,ideal_weather_proxy,static_retrospective_demo_without_target_labels,2026-10-07T20:12:22.045430+00:00,2026-09-27,,,0.020487584198657257,2026-09,2026-07,VOLOGDA-p000-420-no-wind-M-2
2026-09-28,21,2,2,False,-1.3748848880723135,False,,,ideal_weather_proxy,static_retrospective_demo_without_target_labels,2026-10-07T20:12:22.045430+00:00,2026-09-27,,,0.014367898051904528,2026-09,2026-07,VOLOGDA-p000-420-no-wind-M-2
2026-09-29,8,1,2,False,-4.711786516997285,False,,,ideal_weather_proxy,static_retrospective_demo_without_target_labels,2026-10-07T20:12:22.045430+00:00,2026-09-28,,,0.0008314493602043573,2026-09,2026-07,VOLOGDA-p000-420-no-wind-M-2
2026-09-29,9,1,2,False,1.888487448509017,False,,,ideal_weather_proxy,static_retrospective_demo_without_target_labels,2026-10-07T20:12:22.045430+00:00,2026-09-28,,,0.12311730412241725,2026-09,2026-07,VOLOGDA-p000-420-no-wind-M-2
2026-09-29,10,1,2,False,3.293693449538952,True,,,ideal_weather_proxy,static_retrospective_demo_without_target_labels,2026-10-07T20:12:22.045430+00:00,2026-09-28,,,0.35679397660649403,2026-09,2026-07,VOLOGDA-p000-420-no-wind-M-2
2026-09-29,11,1,2,False,2.586926761796189,True,,,ideal_weather_proxy,static_retrospective_demo_without_target_labels,2026-10-07T20:12:22.045430+00:00,2026-09-28,,,0.2089291741920701,2026-09,2026-07,VOLOGDA-p000-420-no-wind-M-2
2026-09-29,12,1,2,False,1.8628828733180915,False,,,ideal_weather_proxy,static_retrospective_demo_without_target_labels,2026-10-07T20:12:22.045430+00:00,2026-09-28,,,0.12075332494066672,2026-09,2026-07,VOLOGDA-p000-420-no-wind-M-2
2026-09-29,13,1,2,False,-0.8952786683000681,False,,,ideal_weather_proxy,static_retrospective_demo_without_target_labels,2026-10-07T20:12:22.045430+00:00,2026-09-28,,,0.014958384599304028,2026-09,2026-07,VOLOGDA-p000-420-no-wind-M-2
2026-09-29,14,1,2,False,1.1500014131744176,False,,,ideal_weather_proxy,static_retrospective_demo_without_target_labels,2026-10-07T20:12:22.045430+00:00,2026-09-28,,,0.07038333546860977,2026-09,2026-07,VOLOGDA-p000-420-no-wind-M-2
2026-09-29,15,1,2,False,0.9776728233428679,False,,,ideal_weather_proxy,static_retrospective_demo_without_target_labels,2026-10-07T20:12:22.045430+00:00,2026-09-28,,,0.06177318956883235,2026-09,2026-07,VOLOGDA-p000-420-no-wind-M-2
2026-09-29,18,2,2,False,-2.6907110750825485,False,,,ideal_weather_proxy,static_retrospective_demo_without_target_labels,2026-10-07T20:12:22.045430+00:00,2026-09-28,,,0.0038411504530276625,2026-09,2026-07,VOLOGDA-p000-420-no-wind-M-2
2026-09-29,19,2,2,False,-1.5714543195057207,False,,,ideal_weather_proxy,static_retrospective_demo_without_target_labels,2026-10-07T20:12:22.045430+00:00,2026-09-28,,,0.008964499626877813,2026-09,2026-07,VOLOGDA-p000-420-no-wind-M-2
2026-09-29,20,2,2,False,-0.8278016203153657,True,,,ideal_weather_proxy,static_retrospective_demo_without_target_labels,2026-10-07T20:12:22.045430+00:00,2026-09-28,,,0.015742523518230037,2026-09,2026-07,VOLOGDA-p000-420-no-wind-M-2
2026-09-29,21,2,2,False,-0.9910826041633347,True,,,ideal_weather_proxy,static_retrospective_demo_without_target_labels,2026-10-07T20:12:22.045430+00:00,2026-09-28,,,0.013911687543265923,2026-09,2026-07,VOLOGDA-p000-420-no-wind-M-2
2026-09-30,8,1,2,False,-5.415273766853517,False,,,ideal_weather_proxy,static_retrospective_demo_without_target_labels,2026-10-07T20:12:22.045430+00:00,2026-09-29,,,0.0006144129258293591,2026-09,2026-07,VOLOGDA-p000-420-no-wind-M-2
2026-09-30,9,1,2,False,1.4361953544360289,False,,,ideal_weather_proxy,static_retrospective_demo_without_target_labels,2026-10-07T20:12:22.045430+00:00,2026-09-29,,,0.09297293791006432,2026-09,2026-07,VOLOGDA-p000-420-no-wind-M-2
2026-09-30,10,1,2,False,3.0516861960504036,True,,,ideal_weather_proxy,static_retrospective_demo_without_target_labels,2026-10-07T20:12:22.045430+00:00,2026-09-29,,,0.30363291824011573,2026-09,2026-07,VOLOGDA-p000-420-no-wind-M-2
2026-09-30,11,1,2,False,2.4761346853700363,True,,,ideal_weather_proxy,static_retrospective_demo_without_target_labels,2026-10-07T20:12:22.045430+00:00,2026-09-29,,,0.19917215852391798,2026-09,2026-07,VOLOGDA-p000-420-no-wind-M-2
2026-09-30,12,1,2,False,1.4916714087639333,False,,,ideal_weather_proxy,static_retrospective_demo_without_target_labels,2026-10-07T20:12:22.045430+00:00,2026-09-29,,,0.09682936453543625,2026-09,2026-07,VOLOGDA-p000-420-no-wind-M-2
2026-09-30,13,1,2,False,-0.8219403005050256,False,,,ideal_weather_proxy,static_retrospective_demo_without_target_labels,2026-10-07T20:12:22.045430+00:00,2026-09-29,,,0.01777858964388091,2026-09,2026-07,VOLOGDA-p000-420-no-wind-M-2
2026-09-30,14,1,2,False,1.8390086256624447,False,,,ideal_weather_proxy,static_retrospective_demo_without_target_labels,2026-10-07T20:12:22.045430+00:00,2026-09-29,,,0.12488709201311528,2026-09,2026-07,VOLOGDA-p000-420-no-wind-M-2
2026-09-30,15,1,2,False,1.6689181106229016,False,,,ideal_weather_proxy,static_retrospective_demo_without_target_labels,2026-10-07T20:12:22.045430+00:00,2026-09-29,,,0.1102556212750981,2026-09,2026-07,VOLOGDA-p000-420-no-wind-M-2
2026-09-30,18,2,2,False,-2.5561247825565854,False,,,ideal_weather_proxy,static_retrospective_demo_without_target_labels,2026-10-07T20:12:22.045430+00:00,2026-09-29,,,0.004990463346756712,2026-09,2026-07,VOLOGDA-p000-420-no-wind-M-2
2026-09-30,19,2,2,False,-1.189317035696523,False,,,ideal_weather_proxy,static_retrospective_demo_without_target_labels,2026-10-07T20:12:22.045430+00:00,2026-09-29,,,0.013583477425399032,2026-09,2026-07,VOLOGDA-p000-420-no-wind-M-2
2026-09-30,20,2,2,False,-0.6125876717613127,True,,,ideal_weather_proxy,static_retrospective_demo_without_target_labels,2026-10-07T20:12:22.045430+00:00,2026-09-29,,,0.02072554408107826,2026-09,2026-07,VOLOGDA-p000-420-no-wind-M-2
2026-09-30,21,2,2,False,-1.0947954216442324,True,,,ideal_weather_proxy,static_retrospective_demo_without_target_labels,2026-10-07T20:12:22.045430+00:00,2026-09-29,,,0.014557420079308039,2026-09,2026-07,VOLOGDA-p000-420-no-wind-M-2
