date,month,market_hour,probability,score,segment,segment_count,is_predicted,is_actual,hit_at_2,hit_segment_2plus2,load_history_last_month,model_version,input_mode,forecast_status,generated_at_utc,as_of_date,forecast_issued_at,weather_issued_at,rsv_issued_at,fact_available
2026-01-12,2026-01,8,0.0002802746291335,-4.030447030594482,0,1,False,False,0.0,0.0,,,,,,,,,,True
2026-01-12,2026-01,9,0.0053687848263211,-1.3009265154679222,0,1,False,False,0.0,0.0,,,,,,,,,,True
2026-01-12,2026-01,10,0.1277024101417816,1.628750581465907,0,1,False,False,0.0,0.0,,,,,,,,,,True
2026-01-12,2026-01,11,0.1814951762318116,1.953719380417636,0,1,True,False,0.0,0.0,,,,,,,,,,True
2026-01-12,2026-01,12,0.132074892303079,1.659873586748815,0,1,True,False,0.0,0.0,,,,,,,,,,True
2026-01-12,2026-01,13,0.1016441527224861,1.4177682121208337,0,1,False,True,0.0,0.0,,,,,,,,,,True
2026-01-12,2026-01,14,0.1008424682571653,1.4104480100534331,0,1,False,False,0.0,0.0,,,,,,,,,,True
2026-01-12,2026-01,15,0.1028345456560587,1.4285318936541906,0,1,False,False,0.0,0.0,,,,,,,,,,True
2026-01-12,2026-01,16,0.0929296728686748,1.334905077643294,0,1,False,False,0.0,0.0,,,,,,,,,,True
2026-01-12,2026-01,17,0.0953193644452072,1.3583768607769486,0,1,False,False,0.0,0.0,,,,,,,,,,True
2026-01-12,2026-01,18,0.0363761021748678,0.4678343021039348,0,1,False,False,0.0,0.0,,,,,,,,,,True
2026-01-12,2026-01,19,0.0194792161721851,-0.1095441786455797,0,1,False,False,0.0,0.0,,,,,,,,,,True
2026-01-12,2026-01,20,0.0027149755985658,-1.93123409841377,0,1,False,False,0.0,0.0,,,,,,,,,,True
2026-01-12,2026-01,21,0.0009379639726618,-2.913764795271506,0,1,False,False,0.0,0.0,,,,,,,,,,True
2026-01-13,2026-01,8,0.0001225894475791,-4.70315216261014,0,1,False,False,0.0,0.0,,,,,,,,,,True
2026-01-13,2026-01,9,0.0066751545119488,-1.007839933466164,0,1,False,False,0.0,0.0,,,,,,,,,,True
2026-01-13,2026-01,10,0.1455318034098008,1.8413186773916383,0,1,False,False,0.0,0.0,,,,,,,,,,True
2026-01-13,2026-01,11,0.1784685960643837,2.0299232326159338,0,1,True,False,0.0,0.0,,,,,,,,,,True
2026-01-13,2026-01,12,0.1611935321807093,1.9358077478326687,0,1,True,False,0.0,0.0,,,,,,,,,,True
2026-01-13,2026-01,13,0.132304212365209,1.7532271102461618,0,1,False,False,0.0,0.0,,,,,,,,,,True
2026-01-13,2026-01,14,0.0978727744153262,1.47456491099412,0,1,False,True,0.0,0.0,,,,,,,,,,True
2026-01-13,2026-01,15,0.0737245827200131,1.2126383859702203,0,1,False,False,0.0,0.0,,,,,,,,,,True
2026-01-13,2026-01,16,0.0727050283795446,1.199764722486011,0,1,False,False,0.0,0.0,,,,,,,,,,True
2026-01-13,2026-01,17,0.0808965190417464,1.2984592879318737,0,1,False,False,0.0,0.0,,,,,,,,,,True
2026-01-13,2026-01,18,0.0365958955793824,0.5651530560651868,0,1,False,False,0.0,0.0,,,,,,,,,,True
2026-01-13,2026-01,19,0.0106909701634081,-0.5724171548532603,0,1,False,False,0.0,0.0,,,,,,,,,,True
2026-01-13,2026-01,20,0.0022748361945175,-2.002996405126986,0,1,False,False,0.0,0.0,,,,,,,,,,True
2026-01-13,2026-01,21,0.0009435055264304,-2.816569347788647,0,1,False,False,0.0,0.0,,,,,,,,,,True
2026-01-14,2026-01,8,0.0007585265678629,-3.394077423383784,0,1,False,False,0.0,0.0,,,,,,,,,,True
2026-01-14,2026-01,9,0.0234000642066036,-0.2240291612631736,0,1,False,False,0.0,0.0,,,,,,,,,,True
2026-01-14,2026-01,10,0.2152350609974391,1.827319113817715,0,1,True,False,0.0,0.0,,,,,,,,,,True
2026-01-14,2026-01,11,0.1407564236096416,1.4347051332711382,0,1,True,False,0.0,0.0,,,,,,,,,,True
2026-01-14,2026-01,12,0.1182544462983291,1.2736729928434944,0,1,False,False,0.0,0.0,,,,,,,,,,True
2026-01-14,2026-01,13,0.0805664250314038,0.9189089800591976,0,1,False,False,0.0,0.0,,,,,,,,,,True
2026-01-14,2026-01,14,0.0831084435047308,0.947626391406614,0,1,False,False,0.0,0.0,,,,,,,,,,True
2026-01-14,2026-01,15,0.0572294363960705,0.6027343201188643,0,1,False,False,0.0,0.0,,,,,,,,,,True
2026-01-14,2026-01,16,0.0657509288891436,0.7310530533463429,0,1,False,False,0.0,0.0,,,,,,,,,,True
2026-01-14,2026-01,17,0.0460316839038573,0.4014458989421663,0,1,False,True,0.0,0.0,,,,,,,,,,True
2026-01-14,2026-01,18,0.1050418444495421,1.164144245219755,0,1,False,False,0.0,0.0,,,,,,,,,,True
2026-01-14,2026-01,19,0.0458719776219817,0.3982329539737205,0,1,False,False,0.0,0.0,,,,,,,,,,True
2026-01-14,2026-01,20,0.0118146951746514,-0.8557937040220479,0,1,False,False,0.0,0.0,,,,,,,,,,True
2026-01-14,2026-01,21,0.0061800433487419,-1.4548550413949304,0,1,False,False,0.0,0.0,,,,,,,,,,True
2026-01-15,2026-01,8,0.0001526653060716,-4.567959501522083,0,1,False,False,0.0,0.0,,,,,,,,,,True
2026-01-15,2026-01,9,0.0102555132507384,-0.6784978246856311,0,1,False,False,0.0,0.0,,,,,,,,,,True
2026-01-15,2026-01,10,0.1898243214964869,2.0193109406873333,0,1,True,False,0.0,0.0,,,,,,,,,,True
2026-01-15,2026-01,11,0.2512646914149817,2.278534178228138,0,1,True,False,0.0,0.0,,,,,,,,,,True
2026-01-15,2026-01,12,0.1795648382173324,1.9679460087797709,0,1,False,False,0.0,0.0,,,,,,,,,,True
2026-01-15,2026-01,13,0.1174876879680929,1.5757914985344157,0,1,False,False,0.0,0.0,,,,,,,,,,True
2026-01-15,2026-01,14,0.0666226287909741,1.051360655048474,0,1,False,False,0.0,0.0,,,,,,,,,,True
2026-01-15,2026-01,15,0.0408914042970298,0.6001137878668081,0,1,False,False,0.0,0.0,,,,,,,,,,True
2026-01-15,2026-01,16,0.0267259973774894,0.2069606054833319,0,1,False,False,0.0,0.0,,,,,,,,,,True
2026-01-15,2026-01,17,0.051406955475479,0.811677622926565,0,1,False,True,0.0,0.0,,,,,,,,,,True
2026-01-15,2026-01,18,0.0464163909945589,0.7172719662673188,0,1,False,False,0.0,0.0,,,,,,,,,,True
2026-01-15,2026-01,19,0.0160899884473706,-0.2621421332845777,0,1,False,False,0.0,0.0,,,,,,,,,,True
2026-01-15,2026-01,20,0.0022287721482024,-2.0895463786579707,0,1,False,False,0.0,0.0,,,,,,,,,,True
2026-01-15,2026-01,21,0.0010681448151913,-2.769505157629727,0,1,False,False,0.0,0.0,,,,,,,,,,True
2026-01-16,2026-01,8,0.0002710087423405,-4.425021314656844,0,1,False,False,0.0,0.0,,,,,,,,,,True
2026-01-16,2026-01,9,0.0127143561164234,-0.8674251501939628,0,1,False,False,0.0,0.0,,,,,,,,,,True
2026-01-16,2026-01,10,0.207741584083687,1.7150857617309514,0,1,True,False,0.0,0.0,,,,,,,,,,True
2026-01-16,2026-01,11,0.243468403490202,1.8617888953926016,0,1,True,False,0.0,0.0,,,,,,,,,,True
2026-01-16,2026-01,12,0.1038374517298986,1.074008715845702,0,1,False,False,0.0,0.0,,,,,,,,,,True
2026-01-16,2026-01,13,0.0631960791050574,0.6149409620209068,0,1,False,False,0.0,0.0,,,,,,,,,,True
2026-01-16,2026-01,14,0.0786631483548264,0.8173332537407809,0,1,False,False,0.0,0.0,,,,,,,,,,True
2026-01-16,2026-01,15,0.0510357563839442,0.4173713106470368,0,1,False,False,0.0,0.0,,,,,,,,,,True
2026-01-16,2026-01,16,0.0804841853878477,0.8384901536304705,0,1,False,False,0.0,0.0,,,,,,,,,,True
2026-01-16,2026-01,17,0.0841423103442675,0.8795808936191711,0,1,False,True,0.0,0.0,,,,,,,,,,True
2026-01-16,2026-01,18,0.0465247786702442,0.3318213218254293,0,1,False,False,0.0,0.0,,,,,,,,,,True
2026-01-16,2026-01,19,0.0217857006845161,-0.3695881490816395,0,1,False,False,0.0,0.0,,,,,,,,,,True
2026-01-16,2026-01,20,0.0046555159956445,-1.7962011762964671,0,1,False,False,0.0,0.0,,,,,,,,,,True
2026-01-16,2026-01,21,0.0014797209110998,-2.8558056707306827,0,1,False,False,0.0,0.0,,,,,,,,,,True
2026-01-19,2026-01,8,0.0004447888196814,-3.939773162865084,0,1,False,False,0.0,0.0,,,,,,,,,,True
2026-01-19,2026-01,9,0.0183127557128154,-0.502893997451771,0,1,False,False,0.0,0.0,,,,,,,,,,True
2026-01-19,2026-01,10,0.1864931872986505,1.642567858063992,0,1,False,True,0.0,0.0,,,,,,,,,,True
2026-01-19,2026-01,11,0.2400848995318896,1.876082116952989,0,1,True,False,0.0,0.0,,,,,,,,,,True
2026-01-19,2026-01,12,0.2407850359165917,1.87877407938338,0,1,True,False,0.0,0.0,,,,,,,,,,True
2026-01-19,2026-01,13,0.0583676022892087,0.5686949572533476,0,1,False,False,0.0,0.0,,,,,,,,,,True
2026-01-19,2026-01,14,0.0640488942449146,0.6545632679842889,0,1,False,False,0.0,0.0,,,,,,,,,,True
2026-01-19,2026-01,15,0.0596424399300249,0.5886690228787204,0,1,False,False,0.0,0.0,,,,,,,,,,True
2026-01-19,2026-01,16,0.0325675737674633,0.0293299821590689,0,1,False,False,0.0,0.0,,,,,,,,,,True
2026-01-19,2026-01,17,0.0346090982230988,0.0855360912716161,0,1,False,False,0.0,0.0,,,,,,,,,,True
2026-01-19,2026-01,18,0.0347248043466518,0.0886215856994694,0,1,False,False,0.0,0.0,,,,,,,,,,True
2026-01-19,2026-01,19,0.0215043550791542,-0.3543739721308152,0,1,False,False,0.0,0.0,,,,,,,,,,True
2026-01-19,2026-01,20,0.0062265720842238,-1.5001652346518126,0,1,False,False,0.0,0.0,,,,,,,,,,True
2026-01-19,2026-01,21,0.0021879927556307,-2.4669938394224147,0,1,False,False,0.0,0.0,,,,,,,,,,True
2026-01-20,2026-01,8,0.0001332536680727,-4.785427501173897,0,1,False,False,0.0,0.0,,,,,,,,,,True
2026-01-20,2026-01,9,0.0072592580259944,-1.089679274455039,0,1,False,False,0.0,0.0,,,,,,,,,,True
2026-01-20,2026-01,10,0.0861740270338862,1.1974956126736558,0,1,False,False,0.0,0.0,,,,,,,,,,True
2026-01-20,2026-01,11,0.236674457189533,2.131483479150998,0,1,True,False,0.0,0.0,,,,,,,,,,True
2026-01-20,2026-01,12,0.1862287048596762,1.909883367982193,0,1,True,False,0.0,0.0,,,,,,,,,,True
2026-01-20,2026-01,13,0.114292949821636,1.458556801654566,0,1,False,False,0.0,0.0,,,,,,,,,,True
2026-01-20,2026-01,14,0.1362795450526499,1.6212077381332717,0,1,False,False,0.0,0.0,,,,,,,,,,True
2026-01-20,2026-01,15,0.0948538465896237,1.2862136757754108,0,1,False,True,0.0,0.0,,,,,,,,,,True
2026-01-20,2026-01,16,0.0463382428487357,0.6239653822060335,0,1,False,False,0.0,0.0,,,,,,,,,,True
2026-01-20,2026-01,17,0.0513584849600164,0.7190567297873063,0,1,False,False,0.0,0.0,,,,,,,,,,True
2026-01-20,2026-01,18,0.0248206021363312,0.046836877988867,0,1,False,False,0.0,0.0,,,,,,,,,,True
2026-01-20,2026-01,19,0.0120007379059431,-0.624966766452413,0,1,False,False,0.0,0.0,,,,,,,,,,True
2026-01-20,2026-01,20,0.0025852047529032,-2.044149390141053,0,1,False,False,0.0,0.0,,,,,,,,,,True
2026-01-20,2026-01,21,0.0010006851549977,-2.9215636728990884,0,1,False,False,0.0,0.0,,,,,,,,,,True
2026-01-21,2026-01,8,0.0003854647693463,-4.069328206717955,0,1,False,False,0.0,0.0,,,,,,,,,,True
2026-01-21,2026-01,9,0.0081735207111055,-1.2458666057540109,0,1,False,False,0.0,0.0,,,,,,,,,,True
2026-01-21,2026-01,10,0.1944170036683595,1.683814711529163,0,1,True,False,0.0,0.0,,,,,,,,,,True
2026-01-21,2026-01,11,0.175086468997323,1.5870012658242405,0,1,True,False,0.0,0.0,,,,,,,,,,True
2026-01-21,2026-01,12,0.1420482829363125,1.3936867003942526,0,1,False,False,0.0,0.0,,,,,,,,,,True
2026-01-21,2026-01,13,0.095044066200103,1.0222180941499124,0,1,False,False,0.0,0.0,,,,,,,,,,True
2026-01-21,2026-01,14,0.0777525630060178,0.8365799960783096,0,1,False,False,0.0,0.0,,,,,,,,,,True
2026-01-21,2026-01,15,0.0675282596977144,0.7062460230840284,0,1,False,False,0.0,0.0,,,,,,,,,,True
2026-01-21,2026-01,16,0.0543812058557522,0.5060770093678729,0,1,False,False,0.0,0.0,,,,,,,,,,True
2026-01-21,2026-01,17,0.0447315292630791,0.3254948380462697,0,1,False,False,0.0,0.0,,,,,,,,,,True
2026-01-21,2026-01,18,0.0924786705542868,0.9969227156877266,0,1,False,False,0.0,0.0,,,,,,,,,,True
2026-01-21,2026-01,19,0.0399915948713733,0.2219477811057222,0,1,False,True,0.0,0.0,,,,,,,,,,True
2026-01-21,2026-01,20,0.0054666619607107,-1.6177097814401329,0,1,False,False,0.0,0.0,,,,,,,,,,True
2026-01-21,2026-01,21,0.0025147075085154,-2.335556412136788,0,1,False,False,0.0,0.0,,,,,,,,,,True
2026-01-22,2026-01,8,0.0002281086323654,-4.410197901888177,0,1,False,False,0.0,0.0,,,,,,,,,,True
2026-01-22,2026-01,9,0.0070333998413021,-1.2406236116116065,0,1,False,False,0.0,0.0,,,,,,,,,,True
2026-01-22,2026-01,10,0.1715927499474713,1.7124907888317966,0,1,True,False,0.0,0.0,,,,,,,,,,True
2026-01-22,2026-01,11,0.1795093642517496,1.7541866860159123,0,1,True,False,0.0,0.0,,,,,,,,,,True
2026-01-22,2026-01,12,0.1425316850311841,1.54095011113631,0,1,False,False,0.0,0.0,,,,,,,,,,True
2026-01-22,2026-01,13,0.0732222449553897,0.9252059235879376,0,1,False,False,0.0,0.0,,,,,,,,,,True
2026-01-22,2026-01,14,0.084872646473974,1.0617034353791612,0,1,False,False,0.0,0.0,,,,,,,,,,True
2026-01-22,2026-01,15,0.0897657648702919,1.113520559105636,0,1,False,False,0.0,0.0,,,,,,,,,,True
2026-01-22,2026-01,16,0.0488261458166937,0.5505877683977349,0,1,False,True,0.0,0.0,,,,,,,,,,True
2026-01-22,2026-01,17,0.0527921977799647,0.6227850113538483,0,1,False,False,0.0,0.0,,,,,,,,,,True
2026-01-22,2026-01,18,0.0909962982481593,1.1261071026570826,0,1,False,False,0.0,0.0,,,,,,,,,,True
2026-01-22,2026-01,19,0.048359158896346,0.5417035111783728,0,1,False,False,0.0,0.0,,,,,,,,,,True
2026-01-22,2026-01,20,0.0080227721496491,-1.118953157999425,0,1,False,False,0.0,0.0,,,,,,,,,,True
2026-01-22,2026-01,21,0.0022474631054585,-2.295299750031163,0,1,False,False,0.0,0.0,,,,,,,,,,True
2026-01-23,2026-01,8,0.0003452705407061,-4.291669319927613,0,1,False,False,1.0,1.0,,,,,,,,,,True
2026-01-23,2026-01,9,0.0199023499696673,-0.543702123636233,0,1,False,False,1.0,1.0,,,,,,,,,,True
2026-01-23,2026-01,10,0.2045908054543927,1.6104285271924992,0,1,True,True,1.0,1.0,,,,,,,,,,True
2026-01-23,2026-01,11,0.0496922143265825,0.3021797632682749,0,1,False,False,1.0,1.0,,,,,,,,,,True
2026-01-23,2026-01,12,0.0455266365022959,0.2212434778923466,0,1,False,False,1.0,1.0,,,,,,,,,,True
2026-01-23,2026-01,13,0.0990489878291686,0.9398345636695672,0,1,False,False,1.0,1.0,,,,,,,,,,True
2026-01-23,2026-01,14,0.1158001968893185,1.0842815387419948,0,1,True,False,1.0,1.0,,,,,,,,,,True
2026-01-23,2026-01,15,0.1109163508869139,1.0444470179361989,0,1,False,False,1.0,1.0,,,,,,,,,,True
2026-01-23,2026-01,16,0.1078493486526922,1.0185245119313562,0,1,False,False,1.0,1.0,,,,,,,,,,True
2026-01-23,2026-01,17,0.0804588951642251,0.7476707732804635,0,1,False,False,1.0,1.0,,,,,,,,,,True
2026-01-23,2026-01,18,0.0917396683574534,0.8689664827145424,0,1,False,False,1.0,1.0,,,,,,,,,,True
2026-01-23,2026-01,19,0.0623056690879355,0.5112943073971258,0,1,False,False,1.0,1.0,,,,,,,,,,True
2026-01-23,2026-01,20,0.0081769198795361,-1.3660214522039895,0,1,False,False,1.0,1.0,,,,,,,,,,True
2026-01-23,2026-01,21,0.0036466864591115,-2.112512102363837,0,1,False,False,1.0,1.0,,,,,,,,,,True
2026-01-26,2026-01,8,0.0002474962428937,-4.237282838675482,0,1,False,False,1.0,1.0,,,,,,,,,,True
2026-01-26,2026-01,9,0.0303340281032023,0.2080576496485289,0,1,False,False,1.0,1.0,,,,,,,,,,True
2026-01-26,2026-01,10,0.3026590846641845,2.3346053013881964,0,1,True,True,1.0,1.0,,,,,,,,,,True
2026-01-26,2026-01,11,0.2818224212178865,2.268664358473254,0,1,True,False,1.0,1.0,,,,,,,,,,True
2026-01-26,2026-01,12,0.1392753196921226,1.6170890135475884,0,1,False,False,1.0,1.0,,,,,,,,,,True
2026-01-26,2026-01,13,0.0588935074856731,0.8213942672301214,0,1,False,False,1.0,1.0,,,,,,,,,,True
2026-01-26,2026-01,14,0.0582927553969994,0.8119158449231475,0,1,False,False,1.0,1.0,,,,,,,,,,True
2026-01-26,2026-01,15,0.0325174962770093,0.272314512754189,0,1,False,False,1.0,1.0,,,,,,,,,,True
2026-01-26,2026-01,16,0.0175877998170481,-0.2958276501917311,0,1,False,False,1.0,1.0,,,,,,,,,,True
2026-01-26,2026-01,17,0.0225043909146104,-0.0679460009847978,0,1,False,False,1.0,1.0,,,,,,,,,,True
2026-01-26,2026-01,18,0.0297450253435343,0.1899308210697651,0,1,False,False,1.0,1.0,,,,,,,,,,True
2026-01-26,2026-01,19,0.020980756617547,-0.1327543972626488,0,1,False,False,1.0,1.0,,,,,,,,,,True
2026-01-26,2026-01,20,0.0036764965960028,-1.7428193683362112,0,1,False,False,1.0,1.0,,,,,,,,,,True
2026-01-26,2026-01,21,0.0014634216312855,-2.594407477948313,0,1,False,False,1.0,1.0,,,,,,,,,,True
2026-01-27,2026-01,8,0.0025335076421263,-2.389575420028323,0,1,False,False,1.0,1.0,,,,,,,,,,True
2026-01-27,2026-01,9,0.0631958697826508,0.5840437149441428,0,1,False,False,1.0,1.0,,,,,,,,,,True
2026-01-27,2026-01,10,0.1470810228953711,1.3649683558391117,0,1,False,False,1.0,1.0,,,,,,,,,,True
2026-01-27,2026-01,11,0.1748123578332633,1.524648274482221,0,1,True,True,1.0,1.0,,,,,,,,,,True
2026-01-27,2026-01,12,0.1792428781700759,1.5477859671781644,0,1,True,False,1.0,1.0,,,,,,,,,,True
2026-01-27,2026-01,13,0.0327873296782903,-0.0225777532138828,0,1,False,False,1.0,1.0,,,,,,,,,,True
2026-01-27,2026-01,14,0.0888161546966233,0.898661597178428,0,1,False,False,1.0,1.0,,,,,,,,,,True
2026-01-27,2026-01,15,0.0587671303448749,0.5168766009628531,0,1,False,False,1.0,1.0,,,,,,,,,,True
2026-01-27,2026-01,16,0.0463196047582956,0.2968413013080335,0,1,False,False,1.0,1.0,,,,,,,,,,True
2026-01-27,2026-01,17,0.0293320615198708,-0.1255254713873974,0,1,False,False,1.0,1.0,,,,,,,,,,True
2026-01-27,2026-01,18,0.0948576822940009,0.9594988828331836,0,1,False,False,1.0,1.0,,,,,,,,,,True
2026-01-27,2026-01,19,0.0717694415771621,0.7016521555067454,0,1,False,False,1.0,1.0,,,,,,,,,,True
2026-01-27,2026-01,20,0.0085364905135718,-1.2666035790124814,0,1,False,False,1.0,1.0,,,,,,,,,,True
2026-01-27,2026-01,21,0.0019484682938222,-2.632300246712555,0,1,False,False,1.0,1.0,,,,,,,,,,True
2026-01-28,2026-01,8,0.0001442508758245,-4.628327557903304,0,1,False,False,0.0,0.0,,,,,,,,,,True
2026-01-28,2026-01,9,0.012499707979596,-0.5035157097474886,0,1,False,False,0.0,0.0,,,,,,,,,,True
2026-01-28,2026-01,10,0.211065098836848,2.1094079265221,0,1,True,False,0.0,0.0,,,,,,,,,,True
2026-01-28,2026-01,11,0.2473892049238695,2.25620716837256,0,1,True,False,0.0,0.0,,,,,,,,,,True
2026-01-28,2026-01,12,0.1738721761039618,1.9302067048662657,0,1,False,False,0.0,0.0,,,,,,,,,,True
2026-01-28,2026-01,13,0.1186525385551852,1.5769547200899212,0,1,False,False,0.0,0.0,,,,,,,,,,True
2026-01-28,2026-01,14,0.1038242729448902,1.453540954021082,0,1,False,False,0.0,0.0,,,,,,,,,,True
2026-01-28,2026-01,15,0.0531077926368476,0.8338114077208434,0,1,False,False,0.0,0.0,,,,,,,,,,True
2026-01-28,2026-01,16,0.025010613455881,0.1376785378111059,0,1,False,True,0.0,0.0,,,,,,,,,,True
2026-01-28,2026-01,17,0.0251614052062888,0.1432354173249706,0,1,False,False,0.0,0.0,,,,,,,,,,True
2026-01-28,2026-01,18,0.0133151130370402,-0.445095589712457,0,1,False,False,0.0,0.0,,,,,,,,,,True
2026-01-28,2026-01,19,0.013052036283434,-0.4635435082610364,0,1,False,False,0.0,0.0,,,,,,,,,,True
2026-01-28,2026-01,20,0.0021587701723874,-2.127004819241924,0,1,False,False,0.0,0.0,,,,,,,,,,True
2026-01-28,2026-01,21,0.0007470189879451,-3.108034823265392,0,1,False,False,0.0,0.0,,,,,,,,,,True
2026-01-29,2026-01,8,0.000230200635657,-4.105759833722522,0,1,False,False,1.0,1.0,,,,,,,,,,True
2026-01-29,2026-01,9,0.0141660122901733,-0.2973476166756566,0,1,False,False,1.0,1.0,,,,,,,,,,True
2026-01-29,2026-01,10,0.2465580062790189,2.343577960117971,0,1,True,False,1.0,1.0,,,,,,,,,,True
2026-01-29,2026-01,11,0.2428179617234972,2.32944750147198,0,1,True,True,1.0,1.0,,,,,,,,,,True
2026-01-29,2026-01,12,0.175448240571148,2.0290307028812524,0,1,False,False,1.0,1.0,,,,,,,,,,True
2026-01-29,2026-01,13,0.1162915898722212,1.6488565929297994,0,1,False,False,1.0,1.0,,,,,,,,,,True
2026-01-29,2026-01,14,0.0743054672802254,1.2347802211248076,0,1,False,False,1.0,1.0,,,,,,,,,,True
2026-01-29,2026-01,15,0.0501354751205884,0.8710499059633803,0,1,False,False,1.0,1.0,,,,,,,,,,True
2026-01-29,2026-01,16,0.0220711582673547,0.1125778757487077,0,1,False,False,1.0,1.0,,,,,,,,,,True
2026-01-29,2026-01,17,0.0195161111537014,-0.0011585313358211,0,1,False,False,1.0,1.0,,,,,,,,,,True
2026-01-29,2026-01,18,0.0238742281077992,0.1851729917615314,0,1,False,False,1.0,1.0,,,,,,,,,,True
2026-01-29,2026-01,19,0.0125241586631923,-0.4112270915660896,0,1,False,False,1.0,1.0,,,,,,,,,,True
2026-01-29,2026-01,20,0.0015495140822126,-2.343068055959659,0,1,False,False,1.0,1.0,,,,,,,,,,True
2026-01-29,2026-01,21,0.0005118759532095,-3.367002713018993,0,1,False,False,1.0,1.0,,,,,,,,,,True
2026-01-30,2026-01,8,0.000223977935833,-4.417687005166007,0,1,False,False,1.0,1.0,,,,,,,,,,True
2026-01-30,2026-01,9,0.0151105543135247,-0.524270104996029,0,1,False,False,1.0,1.0,,,,,,,,,,True
2026-01-30,2026-01,10,0.1476645949949644,1.583061062457328,0,1,False,False,1.0,1.0,,,,,,,,,,True
2026-01-30,2026-01,11,0.2280035436523279,1.9846587475677795,0,1,True,False,1.0,1.0,,,,,,,,,,True
2026-01-30,2026-01,12,0.1798944841837352,1.7655725806537244,0,1,True,True,1.0,1.0,,,,,,,,,,True
2026-01-30,2026-01,13,0.1546445350795398,1.625757465256187,0,1,False,False,1.0,1.0,,,,,,,,,,True
2026-01-30,2026-01,14,0.0889639795119939,1.1146309950745237,0,1,False,False,1.0,1.0,,,,,,,,,,True
2026-01-30,2026-01,15,0.0631332379718566,0.7975590911025744,0,1,False,False,1.0,1.0,,,,,,,,,,True
2026-01-30,2026-01,16,0.0338359244654484,0.2209568492623995,0,1,False,False,1.0,1.0,,,,,,,,,,True
2026-01-30,2026-01,17,0.028662400940022,0.0675563963177605,0,1,False,False,1.0,1.0,,,,,,,,,,True
2026-01-30,2026-01,18,0.028611509859977,0.0659135436829274,0,1,False,False,1.0,1.0,,,,,,,,,,True
2026-01-30,2026-01,19,0.0259420281452791,-0.024631501195316,0,1,False,False,1.0,1.0,,,,,,,,,,True
2026-01-30,2026-01,20,0.0041551371411655,-1.7177801206235142,0,1,False,False,1.0,1.0,,,,,,,,,,True
2026-01-30,2026-01,21,0.0011540918043319,-2.9020305525820205,0,1,False,False,1.0,1.0,,,,,,,,,,True
2026-02-02,2026-02,8,0.0001962162940318,-4.528338153956185,0,2,False,False,0.0,1.0,,,,,,,,,,True
2026-02-02,2026-02,9,0.0234990117887869,-0.1043838516136416,0,2,False,False,0.0,1.0,,,,,,,,,,True
2026-02-02,2026-02,10,0.2692990998980838,2.150225500629789,0,2,True,False,0.0,1.0,,,,,,,,,,True
2026-02-02,2026-02,11,0.3154048648836177,2.2963205217211016,0,2,True,False,0.0,1.0,,,,,,,,,,True
2026-02-02,2026-02,12,0.1838984825069085,1.797604225538035,0,2,False,False,0.0,1.0,,,,,,,,,,True
2026-02-02,2026-02,13,0.0693257273675779,0.8957400720560555,0,2,False,False,0.0,1.0,,,,,,,,,,True
2026-02-02,2026-02,17,0.0373268054401268,0.3234087167305193,1,2,False,False,0.0,1.0,,,,,,,,,,True
2026-02-02,2026-02,18,0.0399106892870476,0.3852844795875378,1,2,True,False,0.0,1.0,,,,,,,,,,True
2026-02-02,2026-02,19,0.0492070719555791,0.5788580965688679,1,2,True,True,0.0,1.0,,,,,,,,,,True
2026-02-02,2026-02,20,0.0109336378677467,-0.8116941511957978,1,2,False,False,0.0,1.0,,,,,,,,,,True
2026-02-02,2026-02,21,0.0009983927104925,-3.0243227022785204,1,2,False,False,0.0,1.0,,,,,,,,,,True
2026-02-03,2026-02,8,0.0001564142535652,-4.851682602758457,0,2,False,False,0.0,1.0,,,,,,,,,,True
2026-02-03,2026-02,9,0.0228161301401163,-0.2454090829703775,0,2,False,False,0.0,1.0,,,,,,,,,,True
2026-02-03,2026-02,10,0.304024079933604,2.148584177394784,0,2,True,False,0.0,1.0,,,,,,,,,,True
2026-02-03,2026-02,11,0.2678416556554193,2.031446183618172,0,2,True,False,0.0,1.0,,,,,,,,,,True
2026-02-03,2026-02,12,0.167353346177828,1.5966876939684145,0,2,False,False,0.0,1.0,,,,,,,,,,True
2026-02-03,2026-02,13,0.0601471949981334,0.6506858184405976,0,2,False,False,0.0,1.0,,,,,,,,,,True
2026-02-03,2026-02,17,0.0228516794064038,-0.2439698396802926,1,2,False,False,0.0,1.0,,,,,,,,,,True
2026-02-03,2026-02,18,0.0490625863957864,0.4623770495304006,1,2,True,False,0.0,1.0,,,,,,,,,,True
2026-02-03,2026-02,19,0.0867701156690157,0.9894668558451186,1,2,True,True,0.0,1.0,,,,,,,,,,True
2026-02-03,2026-02,20,0.0173961829305235,-0.4961357212692912,1,2,False,False,0.0,1.0,,,,,,,,,,True
2026-02-03,2026-02,21,0.0015806144396039,-2.713372187082225,1,2,False,False,0.0,1.0,,,,,,,,,,True
2026-02-04,2026-02,8,0.0001117682925225,-4.917080002999672,0,2,False,False,1.0,1.0,,,,,,,,,,True
2026-02-04,2026-02,9,0.0239470590703743,0.0446057484540819,0,2,False,False,1.0,1.0,,,,,,,,,,True
2026-02-04,2026-02,10,0.2932261777793056,2.360445561665615,0,2,True,False,1.0,1.0,,,,,,,,,,True
2026-02-04,2026-02,11,0.302206457925176,2.388332693369553,0,2,True,True,1.0,1.0,,,,,,,,,,True
2026-02-04,2026-02,12,0.1847975188110072,1.9336419964257423,0,2,False,False,1.0,1.0,,,,,,,,,,True
2026-02-04,2026-02,13,0.0709670383916421,1.048901055970804,0,2,False,False,1.0,1.0,,,,,,,,,,True
2026-02-04,2026-02,17,0.0194884589839112,-0.1458523928392308,1,2,False,False,1.0,1.0,,,,,,,,,,True
2026-02-04,2026-02,18,0.0239965843820397,0.0465156456982005,1,2,True,False,1.0,1.0,,,,,,,,,,True
2026-02-04,2026-02,19,0.0707531812542884,1.046111044895233,1,2,True,False,1.0,1.0,,,,,,,,,,True
2026-02-04,2026-02,20,0.0094847464057638,-0.811583947824261,1,2,False,False,1.0,1.0,,,,,,,,,,True
2026-02-04,2026-02,21,0.0010210087039686,-2.8720859756514177,1,2,False,False,1.0,1.0,,,,,,,,,,True
2026-02-05,2026-02,8,0.0002562573000633,-4.17872197096092,0,2,False,False,1.0,1.0,,,,,,,,,,True
2026-02-05,2026-02,9,0.0346056428256874,0.3562532558343448,0,2,False,False,1.0,1.0,,,,,,,,,,True
2026-02-05,2026-02,10,0.3387461352014588,2.465141397489818,0,2,True,True,1.0,1.0,,,,,,,,,,True
2026-02-05,2026-02,11,0.3353263724863584,2.4557613130127693,0,2,True,False,1.0,1.0,,,,,,,,,,True
2026-02-05,2026-02,12,0.1188134299873045,1.4965978121716983,0,2,False,False,1.0,1.0,,,,,,,,,,True
2026-02-05,2026-02,13,0.028731022289864,0.1842691276894554,0,2,False,False,1.0,1.0,,,,,,,,,,True
2026-02-05,2026-02,17,0.0191286222485623,-0.1917896646580568,1,2,False,False,1.0,1.0,,,,,,,,,,True
2026-02-05,2026-02,18,0.0357806419069991,0.3871209008826763,1,2,True,False,1.0,1.0,,,,,,,,,,True
2026-02-05,2026-02,19,0.0808908096125837,1.1411888988934875,1,2,True,False,1.0,1.0,,,,,,,,,,True
2026-02-05,2026-02,20,0.0063591020015145,-1.2098857133120593,1,2,False,False,1.0,1.0,,,,,,,,,,True
2026-02-05,2026-02,21,0.0013619641396035,-2.6344263295603643,1,2,False,False,1.0,1.0,,,,,,,,,,True
2026-02-06,2026-02,8,0.0003369569231947,-3.904298388347148,0,2,False,False,1.0,1.0,,,,,,,,,,True
2026-02-06,2026-02,9,0.041301735119998,0.541111150347256,0,2,False,False,1.0,1.0,,,,,,,,,,True
2026-02-06,2026-02,10,0.3735482770688965,2.576883144920801,0,2,True,True,1.0,1.0,,,,,,,,,,True
2026-02-06,2026-02,11,0.3196386251873162,2.432801808849364,0,2,True,False,1.0,1.0,,,,,,,,,,True
2026-02-06,2026-02,12,0.0857231831692005,1.216162290713756,0,2,False,False,1.0,1.0,,,,,,,,,,True
2026-02-06,2026-02,13,0.0269393257494911,0.1460773878381517,0,2,False,False,1.0,1.0,,,,,,,,,,True
2026-02-06,2026-02,17,0.0130041799058988,-0.5272149974998206,1,2,False,False,1.0,1.0,,,,,,,,,,True
2026-02-06,2026-02,18,0.0460416902436706,0.6415460281765102,1,2,True,False,1.0,1.0,,,,,,,,,,True
2026-02-06,2026-02,19,0.085478004469035,1.2135144617568514,1,2,True,False,1.0,1.0,,,,,,,,,,True
2026-02-06,2026-02,20,0.006762749641144,-1.1316589048914467,1,2,False,False,1.0,1.0,,,,,,,,,,True
2026-02-06,2026-02,21,0.0012252725221543,-2.7108665436031263,1,2,False,False,1.0,1.0,,,,,,,,,,True
2026-02-09,2026-02,8,0.0001728666606901,-4.770054583300758,0,2,False,False,1.0,1.0,,,,,,,,,,True
2026-02-09,2026-02,9,0.0181377100533091,-0.4683756198156159,0,2,False,False,1.0,1.0,,,,,,,,,,True
2026-02-09,2026-02,10,0.1837050294409426,1.672039949156286,0,2,False,False,1.0,1.0,,,,,,,,,,True
2026-02-09,2026-02,11,0.2439857862708656,1.9343792227886103,0,2,True,False,1.0,1.0,,,,,,,,,,True
2026-02-09,2026-02,12,0.1879043157495353,1.6929339212884789,0,2,True,True,1.0,1.0,,,,,,,,,,True
2026-02-09,2026-02,13,0.1134436100016723,1.2264312402977413,0,2,False,False,1.0,1.0,,,,,,,,,,True
2026-02-09,2026-02,17,0.0606122010078966,0.6469767116177625,1,2,False,False,1.0,1.0,,,,,,,,,,True
2026-02-09,2026-02,18,0.0957786152091277,1.0699527844857797,1,2,True,False,1.0,1.0,,,,,,,,,,True
2026-02-09,2026-02,19,0.0855092330415726,0.9651061571300478,1,2,True,False,1.0,1.0,,,,,,,,,,True
2026-02-09,2026-02,20,0.0090910879319804,-1.1068923103266153,1,2,False,False,1.0,1.0,,,,,,,,,,True
2026-02-09,2026-02,21,0.0016595446324072,-2.679152764345313,1,2,False,False,1.0,1.0,,,,,,,,,,True
2026-02-10,2026-02,8,0.0003234210500244,-3.998027050427776,0,2,False,False,1.0,1.0,,,,,,,,,,True
2026-02-10,2026-02,9,0.0389723143964189,0.4316178873644866,0,2,False,False,1.0,1.0,,,,,,,,,,True
2026-02-10,2026-02,10,0.3875236566037683,2.555011750834246,0,2,True,True,1.0,1.0,,,,,,,,,,True
2026-02-10,2026-02,11,0.3102539019093026,2.349426994739586,0,2,True,False,1.0,1.0,,,,,,,,,,True
2026-02-10,2026-02,12,0.1216608101556934,1.4839988784496831,0,2,False,False,1.0,1.0,,,,,,,,,,True
2026-02-10,2026-02,13,0.036916100758205,0.3815092341127947,0,2,False,False,1.0,1.0,,,,,,,,,,True
2026-02-10,2026-02,17,0.0134603728917381,-0.5511668245915406,1,2,False,False,1.0,1.0,,,,,,,,,,True
2026-02-10,2026-02,18,0.0296848511958355,0.1799689117823551,1,2,True,False,1.0,1.0,,,,,,,,,,True
2026-02-10,2026-02,19,0.050407408042264,0.6694666569787431,1,2,True,False,1.0,1.0,,,,,,,,,,True
2026-02-10,2026-02,20,0.0094153277265851,-0.8815756610033342,1,2,False,False,1.0,1.0,,,,,,,,,,True
2026-02-10,2026-02,21,0.0013818352701644,-2.655528208540334,1,2,False,False,1.0,1.0,,,,,,,,,,True
2026-02-11,2026-02,8,0.0004467040867768,-3.799124856829224,0,2,False,False,1.0,1.0,,,,,,,,,,True
2026-02-11,2026-02,9,0.0509664111861586,0.5800210122938267,0,2,False,False,1.0,1.0,,,,,,,,,,True
2026-02-11,2026-02,10,0.2948146645903431,2.2025981552640497,0,2,True,True,1.0,1.0,,,,,,,,,,True
2026-02-11,2026-02,11,0.3266672136329736,2.297442206056714,0,2,True,False,1.0,1.0,,,,,,,,,,True
2026-02-11,2026-02,12,0.1257358687938881,1.4148151894198542,0,2,False,False,1.0,1.0,,,,,,,,,,True
2026-02-11,2026-02,13,0.037657236654972,0.3002437666756122,0,2,False,False,1.0,1.0,,,,,,,,,,True
2026-02-11,2026-02,17,0.0170758679681727,-0.4308661591731104,1,2,False,False,1.0,1.0,,,,,,,,,,True
2026-02-11,2026-02,18,0.0484372085800359,0.5329678483654757,1,2,True,False,1.0,1.0,,,,,,,,,,True
2026-02-11,2026-02,19,0.0896077730022611,1.1016655652025098,1,2,True,False,1.0,1.0,,,,,,,,,,True
2026-02-11,2026-02,20,0.0072219504362707,-1.2263938949390134,1,2,False,False,1.0,1.0,,,,,,,,,,True
2026-02-11,2026-02,21,0.0013691010681468,-2.763728008930885,1,2,False,False,1.0,1.0,,,,,,,,,,True
2026-02-12,2026-02,8,0.0003693667856677,-3.939358858741772,0,2,False,False,1.0,1.0,,,,,,,,,,True
2026-02-12,2026-02,9,0.0398183682906402,0.3873408403368714,0,2,False,False,1.0,1.0,,,,,,,,,,True
2026-02-12,2026-02,10,0.3257970462601162,2.3304861924195217,0,2,True,True,1.0,1.0,,,,,,,,,,True
2026-02-12,2026-02,11,0.2987655288703687,2.250414403715296,0,2,True,False,1.0,1.0,,,,,,,,,,True
2026-02-12,2026-02,12,0.179122087231046,1.7774734173730666,0,2,False,False,1.0,1.0,,,,,,,,,,True
2026-02-12,2026-02,13,0.0682616239961825,0.8856376160759636,0,2,False,False,1.0,1.0,,,,,,,,,,True
2026-02-12,2026-02,17,0.0233347340589852,-0.1066719615657471,1,2,True,False,1.0,1.0,,,,,,,,,,True
2026-02-12,2026-02,18,0.0199933597523075,-0.2495391113050864,1,2,False,False,1.0,1.0,,,,,,,,,,True
2026-02-12,2026-02,19,0.0382873028662668,0.3510931380715266,1,2,True,False,1.0,1.0,,,,,,,,,,True
2026-02-12,2026-02,20,0.0052280039133395,-1.4895699128520925,1,2,False,False,1.0,1.0,,,,,,,,,,True
2026-02-12,2026-02,21,0.0010225779750793,-2.9979982978321384,1,2,False,False,1.0,1.0,,,,,,,,,,True
2026-02-13,2026-02,8,0.0001940441155857,-4.551481345603336,0,2,False,False,1.0,1.0,,,,,,,,,,True
2026-02-13,2026-02,9,0.0207919128105206,-0.230383447281389,0,2,False,False,1.0,1.0,,,,,,,,,,True
2026-02-13,2026-02,10,0.1775903733117795,1.7524848145814795,0,2,False,False,1.0,1.0,,,,,,,,,,True
2026-02-13,2026-02,11,0.2979857092929276,2.230948883150626,0,2,True,True,1.0,1.0,,,,,,,,,,True
2026-02-13,2026-02,12,0.2268965313281077,1.978988576957478,0,2,True,False,1.0,1.0,,,,,,,,,,True
2026-02-13,2026-02,13,0.0962487480210817,1.1862185121871458,0,2,False,False,1.0,1.0,,,,,,,,,,True
2026-02-13,2026-02,17,0.0662045626697644,0.8403015326510919,1,2,True,False,1.0,1.0,,,,,,,,,,True
2026-02-13,2026-02,18,0.0585406731752978,0.7265686019626864,1,2,True,False,1.0,1.0,,,,,,,,,,True
2026-02-13,2026-02,19,0.0520146262125248,0.6173014829909648,1,2,False,False,1.0,1.0,,,,,,,,,,True
2026-02-13,2026-02,20,0.0029118820659553,-2.047635431040604,1,2,False,False,1.0,1.0,,,,,,,,,,True
2026-02-13,2026-02,21,0.0006209369964545,-3.476212191658754,1,2,False,False,1.0,1.0,,,,,,,,,,True
2026-02-16,2026-02,8,0.0002329429730688,-4.285527306813563,0,2,False,False,1.0,1.0,,,,,,,,,,True
2026-02-16,2026-02,9,0.0285248451770784,0.1589877164015175,0,2,False,False,1.0,1.0,,,,,,,,,,True
2026-02-16,2026-02,10,0.256991632615195,2.19117775912142,0,2,True,False,1.0,1.0,,,,,,,,,,True
2026-02-16,2026-02,11,0.3304006495022701,2.423457489551596,0,2,True,True,1.0,1.0,,,,,,,,,,True
2026-02-16,2026-02,12,0.2040985202769598,1.9781467287552148,0,2,False,False,1.0,1.0,,,,,,,,,,True
2026-02-16,2026-02,13,0.1028145228300676,1.3442730074874203,0,2,False,False,1.0,1.0,,,,,,,,,,True
2026-02-16,2026-02,17,0.0240316324524109,0.0005327500456071,1,2,True,False,1.0,1.0,,,,,,,,,,True
2026-02-16,2026-02,18,0.020086584546679,-0.1652386300675107,1,2,False,False,1.0,1.0,,,,,,,,,,True
2026-02-16,2026-02,19,0.0271851413622474,0.1145171005388091,1,2,True,False,1.0,1.0,,,,,,,,,,True
2026-02-16,2026-02,20,0.0050090688435859,-1.449117466311712,1,2,False,False,1.0,1.0,,,,,,,,,,True
2026-02-16,2026-02,21,0.0006244594204365,-3.3739334234284453,1,2,False,False,1.0,1.0,,,,,,,,,,True
2026-02-17,2026-02,8,0.0001769907049251,-4.710729927714908,0,2,False,False,1.0,1.0,,,,,,,,,,True
2026-02-17,2026-02,9,0.0230122414637694,-0.2107965920594753,0,2,False,False,1.0,1.0,,,,,,,,,,True
2026-02-17,2026-02,10,0.2659893463827963,2.051731285466924,0,2,True,False,1.0,1.0,,,,,,,,,,True
2026-02-17,2026-02,11,0.2855358218939652,2.1172852134708773,0,2,True,True,1.0,1.0,,,,,,,,,,True
2026-02-17,2026-02,12,0.1480009892904112,1.509783911728288,0,2,False,False,1.0,1.0,,,,,,,,,,True
2026-02-17,2026-02,13,0.0854276440709089,1.0017528617465454,0,2,False,False,1.0,1.0,,,,,,,,,,True
2026-02-17,2026-02,17,0.0418221104689778,0.3414690802402066,1,2,True,False,1.0,1.0,,,,,,,,,,True
2026-02-17,2026-02,18,0.0399994498647219,0.3002760666014137,1,2,False,False,1.0,1.0,,,,,,,,,,True
2026-02-17,2026-02,19,0.0923554374530665,1.0738367375137572,1,2,True,False,1.0,1.0,,,,,,,,,,True
2026-02-17,2026-02,20,0.016351473529231,-0.5266890015261255,1,2,False,False,1.0,1.0,,,,,,,,,,True
2026-02-17,2026-02,21,0.0013284948772261,-2.847310682914542,1,2,False,False,1.0,1.0,,,,,,,,,,True
2026-02-18,2026-02,8,0.000209268999229,-4.452721254988685,0,2,False,False,0.0,1.0,,,,,,,,,,True
2026-02-18,2026-02,9,0.0272978720014709,0.0502250065260772,0,2,False,False,0.0,1.0,,,,,,,,,,True
2026-02-18,2026-02,10,0.2646010244377347,2.1500351974871217,0,2,True,False,0.0,1.0,,,,,,,,,,True
2026-02-18,2026-02,11,0.3293768209430683,2.352470747146846,0,2,True,False,0.0,1.0,,,,,,,,,,True
2026-02-18,2026-02,12,0.1859249626199701,1.823815138129057,0,2,False,False,0.0,1.0,,,,,,,,,,True
2026-02-18,2026-02,13,0.0855391042581927,1.10609992077168,0,2,False,False,0.0,1.0,,,,,,,,,,True
2026-02-18,2026-02,17,0.0316332088948058,0.1864878411295669,1,2,True,True,0.0,1.0,,,,,,,,,,True
2026-02-18,2026-02,18,0.0232598616045635,-0.0977606193053656,1,2,False,False,0.0,1.0,,,,,,,,,,True
2026-02-18,2026-02,19,0.0422723268782632,0.4545093216758676,1,2,True,False,0.0,1.0,,,,,,,,,,True
2026-02-18,2026-02,20,0.0087599640893713,-1.0005211156883846,1,2,False,False,0.0,1.0,,,,,,,,,,True
2026-02-18,2026-02,21,0.0011255852733302,-2.8973906500074182,1,2,False,False,0.0,1.0,,,,,,,,,,True
2026-02-19,2026-02,8,0.0002196021288537,-4.3277183887448105,0,2,False,False,1.0,1.0,,,,,,,,,,True
2026-02-19,2026-02,9,0.0297779462020475,0.2110617998892734,0,2,False,False,1.0,1.0,,,,,,,,,,True
2026-02-19,2026-02,10,0.1904035096410246,1.9262664850118445,0,2,True,False,1.0,1.0,,,,,,,,,,True
2026-02-19,2026-02,11,0.3010648698219781,2.349831408373606,0,2,True,True,1.0,1.0,,,,,,,,,,True
2026-02-19,2026-02,12,0.1815702406737679,1.8823523348702804,0,2,False,False,1.0,1.0,,,,,,,,,,True
2026-02-19,2026-02,13,0.1806520949414203,1.877665809324099,0,2,False,False,1.0,1.0,,,,,,,,,,True
2026-02-19,2026-02,17,0.0371325378492108,0.4151116551645684,1,2,True,False,1.0,1.0,,,,,,,,,,True
2026-02-19,2026-02,18,0.0281668266021137,0.1596409636776688,1,2,False,False,1.0,1.0,,,,,,,,,,True
2026-02-19,2026-02,19,0.0439744613297648,0.5714504970857228,1,2,True,False,1.0,1.0,,,,,,,,,,True
2026-02-19,2026-02,20,0.0064502513207647,-1.2030229761279452,1,2,False,False,1.0,1.0,,,,,,,,,,True
2026-02-19,2026-02,21,0.0005876594890534,-3.4177537562607103,1,2,False,False,1.0,1.0,,,,,,,,,,True
2026-02-20,2026-02,8,0.0002220358760449,-4.4515560392795335,0,2,False,False,0.0,0.0,,,,,,,,,,True
2026-02-20,2026-02,9,0.0252343573894885,-0.0760182567282318,0,2,False,False,0.0,0.0,,,,,,,,,,True
2026-02-20,2026-02,10,0.1613511996612261,1.6391858767021823,0,2,False,True,0.0,0.0,,,,,,,,,,True
2026-02-20,2026-02,11,0.292250882067119,2.1883365376880644,0,2,True,False,0.0,0.0,,,,,,,,,,True
2026-02-20,2026-02,12,0.181673639099958,1.748852084429555,0,2,True,False,0.0,0.0,,,,,,,,,,True
2026-02-20,2026-02,13,0.1594235968299514,1.6280753100180294,0,2,False,False,0.0,0.0,,,,,,,,,,True
2026-02-20,2026-02,17,0.045830570352945,0.4756428643341573,1,2,True,False,0.0,0.0,,,,,,,,,,True
2026-02-20,2026-02,18,0.0403365880182857,0.3575975637113756,1,2,False,False,0.0,0.0,,,,,,,,,,True
2026-02-20,2026-02,19,0.0809546350120165,1.001597516045061,1,2,True,False,0.0,0.0,,,,,,,,,,True
2026-02-20,2026-02,20,0.0114985058613111,-0.8026265199782135,1,2,False,False,0.0,0.0,,,,,,,,,,True
2026-02-20,2026-02,21,0.0012239898316534,-2.8734892554656444,1,2,False,False,0.0,0.0,,,,,,,,,,True
2026-02-24,2026-02,8,0.0003476899235908,-4.051525153570076,0,2,False,False,0.0,0.0,,,,,,,,,,True
2026-02-24,2026-02,9,0.069865820037241,0.8508551349142235,0,2,False,False,0.0,0.0,,,,,,,,,,True
2026-02-24,2026-02,10,0.3706399661817584,2.393443745990009,0,2,True,False,0.0,0.0,,,,,,,,,,True
2026-02-24,2026-02,11,0.1765195460702708,1.7076867805911309,0,2,True,False,0.0,0.0,,,,,,,,,,True
2026-02-24,2026-02,12,0.1210049417069083,1.358614055082034,0,2,False,False,0.0,0.0,,,,,,,,,,True
2026-02-24,2026-02,13,0.1368112107446381,1.472109368647867,0,2,False,True,0.0,0.0,,,,,,,,,,True
2026-02-24,2026-02,17,0.0475379298215576,0.4948967290010526,1,2,True,False,0.0,0.0,,,,,,,,,,True
2026-02-24,2026-02,18,0.0289427376125543,0.0361764303468447,1,2,False,False,0.0,0.0,,,,,,,,,,True
2026-02-24,2026-02,19,0.0384544642040203,0.2988641111345851,1,2,True,False,0.0,0.0,,,,,,,,,,True
2026-02-24,2026-02,20,0.0089751181003765,-1.0462286783427548,1,2,False,False,0.0,0.0,,,,,,,,,,True
2026-02-24,2026-02,21,0.0009005755970835,-3.171704285503571,1,2,False,False,0.0,0.0,,,,,,,,,,True
2026-02-25,2026-02,8,0.0003150409114503,-4.272668683643551,0,2,False,False,1.0,1.0,,,,,,,,,,True
2026-02-25,2026-02,9,0.0619357953271667,0.6094941435722768,0,2,False,False,1.0,1.0,,,,,,,,,,True
2026-02-25,2026-02,10,0.330983762064684,2.158846426388985,0,2,True,True,1.0,1.0,,,,,,,,,,True
2026-02-25,2026-02,11,0.180558395983018,1.598615483492826,0,2,True,False,1.0,1.0,,,,,,,,,,True
2026-02-25,2026-02,12,0.1342666509557989,1.3247687482496733,0,2,False,False,1.0,1.0,,,,,,,,,,True
2026-02-25,2026-02,13,0.1657036124863243,1.5192481494658576,0,2,False,False,1.0,1.0,,,,,,,,,,True
2026-02-25,2026-02,17,0.0418064115433988,0.2461401850139564,1,2,True,False,1.0,1.0,,,,,,,,,,True
2026-02-25,2026-02,18,0.0337015405075052,0.0469153991427488,1,2,False,False,1.0,1.0,,,,,,,,,,True
2026-02-25,2026-02,19,0.0424111580242969,0.2594169349599801,1,2,True,False,1.0,1.0,,,,,,,,,,True
2026-02-25,2026-02,20,0.0069118109843831,-1.417702522010538,1,2,False,False,1.0,1.0,,,,,,,,,,True
2026-02-25,2026-02,21,0.0014058212119734,-2.8899917156604245,1,2,False,False,1.0,1.0,,,,,,,,,,True
2026-02-26,2026-02,8,0.0002695626418292,-4.275831697504753,0,2,False,False,1.0,1.0,,,,,,,,,,True
2026-02-26,2026-02,9,0.0371839878774721,0.2787813510917509,0,2,False,False,1.0,1.0,,,,,,,,,,True
2026-02-26,2026-02,10,0.3306512367625813,2.29887760361495,0,2,True,False,1.0,1.0,,,,,,,,,,True
2026-02-26,2026-02,11,0.2641633980627668,2.091341873092164,0,2,True,True,1.0,1.0,,,,,,,,,,True
2026-02-26,2026-02,12,0.1427507621477705,1.5223724802255416,0,2,False,False,1.0,1.0,,,,,,,,,,True
2026-02-26,2026-02,13,0.0506757294293619,0.5649624356644943,0,2,False,False,1.0,1.0,,,,,,,,,,True
2026-02-26,2026-02,17,0.0518730053227648,0.5865496861673826,1,2,True,False,1.0,1.0,,,,,,,,,,True
2026-02-26,2026-02,18,0.0405960705588211,0.3599416745551473,1,2,False,False,1.0,1.0,,,,,,,,,,True
2026-02-26,2026-02,19,0.0705193009042839,0.8704372705345758,1,2,True,False,1.0,1.0,,,,,,,,,,True
2026-02-26,2026-02,20,0.0095563032137046,-0.9772485590075178,1,2,False,False,1.0,1.0,,,,,,,,,,True
2026-02-26,2026-02,21,0.0017606430786434,-2.540976790177509,1,2,False,False,1.0,1.0,,,,,,,,,,True
2026-02-27,2026-02,8,0.0005036191955906,-3.840277341773328,0,2,False,False,0.0,0.0,,,,,,,,,,True
2026-02-27,2026-02,9,0.0644418317224825,0.6448772376946847,0,2,False,True,0.0,0.0,,,,,,,,,,True
2026-02-27,2026-02,10,0.4187485519738763,2.374993444658159,0,2,True,False,0.0,0.0,,,,,,,,,,True
2026-02-27,2026-02,11,0.278153094271851,1.996801695730733,0,2,True,False,0.0,0.0,,,,,,,,,,True
2026-02-27,2026-02,12,0.0751758859477465,0.7873050461718798,0,2,False,False,0.0,0.0,,,,,,,,,,True
2026-02-27,2026-02,13,0.0282505028945376,-0.1174724749086794,0,2,False,False,0.0,0.0,,,,,,,,,,True
2026-02-27,2026-02,17,0.0281430343818317,-0.1209959085212057,1,2,True,False,0.0,0.0,,,,,,,,,,True
2026-02-27,2026-02,18,0.0229047552456815,-0.3113914251891261,1,2,False,False,0.0,0.0,,,,,,,,,,True
2026-02-27,2026-02,19,0.0538432173254374,0.478765920668335,1,2,True,False,0.0,0.0,,,,,,,,,,True
2026-02-27,2026-02,20,0.0271151002909034,-0.1553938788466846,1,2,False,False,0.0,0.0,,,,,,,,,,True
2026-02-27,2026-02,21,0.002720406750061,-2.280991613820655,1,2,False,False,0.0,0.0,,,,,,,,,,True
2026-03-02,2026-03,8,0.0002096025309792,-4.45822599383129,0,1,False,False,1.0,1.0,,,,,,,,,,True
2026-03-02,2026-03,9,0.0412956506959598,0.4259229002336167,0,1,False,False,1.0,1.0,,,,,,,,,,True
2026-03-02,2026-03,10,0.2272427777338776,2.0023530221203485,0,1,True,False,1.0,1.0,,,,,,,,,,True
2026-03-02,2026-03,11,0.1694851633661543,1.731254616844277,0,1,True,True,1.0,1.0,,,,,,,,,,True
2026-03-02,2026-03,12,0.0994797388959918,1.238696845515922,0,1,False,False,1.0,1.0,,,,,,,,,,True
2026-03-02,2026-03,13,0.0410765264950556,0.4210044929383238,0,1,False,False,1.0,1.0,,,,,,,,,,True
2026-03-02,2026-03,14,0.0634893455104121,0.8235428605083959,0,1,False,False,1.0,1.0,,,,,,,,,,True
2026-03-02,2026-03,15,0.1245045978082038,1.4461330500631782,0,1,False,False,1.0,1.0,,,,,,,,,,True
2026-03-02,2026-03,16,0.1009087823426489,1.25188225494449,0,1,False,False,1.0,1.0,,,,,,,,,,True
2026-03-02,2026-03,17,0.0744338843186888,0.9705667015370302,0,1,False,False,1.0,1.0,,,,,,,,,,True
2026-03-02,2026-03,18,0.0209598714579627,-0.2009908675361739,0,1,False,False,1.0,1.0,,,,,,,,,,True
2026-03-02,2026-03,19,0.0293205692220472,0.1093282791316941,0,1,False,False,1.0,1.0,,,,,,,,,,True
2026-03-02,2026-03,20,0.0058944519053399,-1.3737471044627083,0,1,False,False,1.0,1.0,,,,,,,,,,True
2026-03-02,2026-03,21,0.0016990377166775,-2.523716873489449,0,1,False,False,1.0,1.0,,,,,,,,,,True
2026-03-03,2026-03,8,0.0002314784487834,-4.521026493037144,0,1,False,False,1.0,1.0,,,,,,,,,,True
2026-03-03,2026-03,9,0.0233897953082301,-0.2541619620941672,0,1,False,False,1.0,1.0,,,,,,,,,,True
2026-03-03,2026-03,10,0.2817907904440468,2.0466706553078806,0,1,True,False,1.0,1.0,,,,,,,,,,True
2026-03-03,2026-03,11,0.2232595224674431,1.8314307997974053,0,1,True,True,1.0,1.0,,,,,,,,,,True
2026-03-03,2026-03,12,0.0857468566719061,0.9467913338171862,0,1,False,False,1.0,1.0,,,,,,,,,,True
2026-03-03,2026-03,13,0.0448957551085777,0.3486199145020473,0,1,False,False,1.0,1.0,,,,,,,,,,True
2026-03-03,2026-03,14,0.0450057076320618,0.3508811840019414,0,1,False,False,1.0,1.0,,,,,,,,,,True
2026-03-03,2026-03,15,0.0469064325156677,0.3891215436175003,0,1,False,False,1.0,1.0,,,,,,,,,,True
2026-03-03,2026-03,16,0.0573143902133783,0.574378571009161,0,1,False,False,1.0,1.0,,,,,,,,,,True
2026-03-03,2026-03,17,0.0636694048357826,0.6715867763757887,0,1,False,False,1.0,1.0,,,,,,,,,,True
2026-03-03,2026-03,18,0.0163190708888479,-0.5869321734730422,0,1,False,False,1.0,1.0,,,,,,,,,,True
2026-03-03,2026-03,19,0.078109730843919,0.8605541663586662,0,1,False,False,1.0,1.0,,,,,,,,,,True
2026-03-03,2026-03,20,0.0294738594384515,-0.0404253783145416,0,1,False,False,1.0,1.0,,,,,,,,,,True
2026-03-03,2026-03,21,0.0038872051829034,-1.913189541967244,0,1,False,False,1.0,1.0,,,,,,,,,,True
2026-03-04,2026-03,8,0.0003984669024489,-3.948705070657748,0,1,False,False,0.0,0.0,,,,,,,,,,True
2026-03-04,2026-03,9,0.0561064040253873,0.6249036663449569,0,1,False,False,0.0,0.0,,,,,,,,,,True
2026-03-04,2026-03,10,0.3077229259076937,2.19827206369668,0,1,True,False,0.0,0.0,,,,,,,,,,True
2026-03-04,2026-03,11,0.1270919349656687,1.3807905805514606,0,1,True,False,0.0,0.0,,,,,,,,,,True
2026-03-04,2026-03,12,0.0958005967787777,1.1195022154692165,0,1,False,False,0.0,0.0,,,,,,,,,,True
2026-03-04,2026-03,13,0.0562567501801957,0.6273775674106239,0,1,False,False,0.0,0.0,,,,,,,,,,True
2026-03-04,2026-03,14,0.0456276014371726,0.4337854181046339,0,1,False,True,0.0,0.0,,,,,,,,,,True
2026-03-04,2026-03,15,0.048539781646693,0.4909819793582891,0,1,False,False,0.0,0.0,,,,,,,,,,True
2026-03-04,2026-03,16,0.0311100925471286,0.0797388577942262,0,1,False,False,0.0,0.0,,,,,,,,,,True
2026-03-04,2026-03,17,0.0506747297064315,0.5307737099415452,0,1,False,False,0.0,0.0,,,,,,,,,,True
2026-03-04,2026-03,18,0.0572690698375876,0.6438648164926258,0,1,False,False,0.0,0.0,,,,,,,,,,True
2026-03-04,2026-03,19,0.0840444534952683,0.998470336777842,0,1,False,False,0.0,0.0,,,,,,,,,,True
2026-03-04,2026-03,20,0.0299896882886202,0.0458312267526415,0,1,False,False,0.0,0.0,,,,,,,,,,True
2026-03-04,2026-03,21,0.0093675042809257,-1.029865764292644,0,1,False,False,0.0,0.0,,,,,,,,,,True
2026-03-05,2026-03,8,0.0004911752364644,-3.863361349822115,0,1,False,False,0.0,0.0,,,,,,,,,,True
2026-03-05,2026-03,9,0.0482460932781288,0.377342009010402,0,1,False,False,0.0,0.0,,,,,,,,,,True
2026-03-05,2026-03,10,0.3056056104964962,2.083859691718789,0,1,True,False,0.0,0.0,,,,,,,,,,True
2026-03-05,2026-03,11,0.1407465382481038,1.3671010865197746,0,1,True,False,0.0,0.0,,,,,,,,,,True
2026-03-05,2026-03,12,0.1083003522753135,1.1248467347869595,0,1,False,True,0.0,0.0,,,,,,,,,,True
2026-03-05,2026-03,13,0.0755398857407488,0.7918156528681541,0,1,False,False,0.0,0.0,,,,,,,,,,True
2026-03-05,2026-03,14,0.0551734451691178,0.5013726834625413,0,1,False,False,0.0,0.0,,,,,,,,,,True
2026-03-05,2026-03,15,0.0441270181715703,0.294841637273859,0,1,False,False,0.0,0.0,,,,,,,,,,True
2026-03-05,2026-03,16,0.0391623500636629,0.1845025293197861,0,1,False,False,0.0,0.0,,,,,,,,,,True
2026-03-05,2026-03,17,0.0502527429199757,0.4150136215592539,0,1,False,False,0.0,0.0,,,,,,,,,,True
2026-03-05,2026-03,18,0.0369644045677511,0.1311058821335575,0,1,False,False,0.0,0.0,,,,,,,,,,True
2026-03-05,2026-03,19,0.0573605603315848,0.5373108758800518,0,1,False,False,0.0,0.0,,,,,,,,,,True
2026-03-05,2026-03,20,0.0264493604306595,-0.1783293686757049,0,1,False,False,0.0,0.0,,,,,,,,,,True
2026-03-05,2026-03,21,0.0115804630704217,-0.941844622395499,0,1,False,False,0.0,0.0,,,,,,,,,,True
2026-03-06,2026-03,8,0.000787016663091,-3.60874613942436,0,1,False,False,1.0,1.0,,,,,,,,,,True
2026-03-06,2026-03,9,0.0671182590172173,0.5013257121408157,0,1,False,False,1.0,1.0,,,,,,,,,,True
2026-03-06,2026-03,10,0.2484469667296227,1.7112218525886476,0,1,True,True,1.0,1.0,,,,,,,,,,True
2026-03-06,2026-03,11,0.1037978168722649,0.904375797502166,0,1,False,False,1.0,1.0,,,,,,,,,,True
2026-03-06,2026-03,12,0.0425847562570246,0.0807379189402842,0,1,False,False,1.0,1.0,,,,,,,,,,True
2026-03-06,2026-03,13,0.0366772390627695,-0.0573195039200068,0,1,False,False,1.0,1.0,,,,,,,,,,True
2026-03-06,2026-03,14,0.0361676554185269,-0.0702536306366094,0,1,False,False,1.0,1.0,,,,,,,,,,True
2026-03-06,2026-03,15,0.0436804289153631,0.1042224712679777,0,1,False,False,1.0,1.0,,,,,,,,,,True
2026-03-06,2026-03,16,0.0301965397928078,-0.2370595232469657,0,1,False,False,1.0,1.0,,,,,,,,,,True
2026-03-06,2026-03,17,0.0761913576341608,0.6185385643502936,0,1,False,False,1.0,1.0,,,,,,,,,,True
2026-03-06,2026-03,18,0.0967345791963501,0.8392260649393061,0,1,False,False,1.0,1.0,,,,,,,,,,True
2026-03-06,2026-03,19,0.1369899137763203,1.1608760220122232,0,1,True,False,1.0,1.0,,,,,,,,,,True
2026-03-06,2026-03,20,0.0592054005020485,0.3853595321950924,0,1,False,False,1.0,1.0,,,,,,,,,,True
2026-03-06,2026-03,21,0.0214220701624317,-0.5544285948065499,0,1,False,False,1.0,1.0,,,,,,,,,,True
2026-03-10,2026-03,8,0.0010146650990719,-3.1147027147164223,0,1,False,False,1.0,1.0,,,,,,,,,,True
2026-03-10,2026-03,9,0.0738457821167959,0.8488051853614408,0,1,False,False,1.0,1.0,,,,,,,,,,True
2026-03-10,2026-03,10,0.3432765939208808,2.2692766762707106,0,1,True,False,1.0,1.0,,,,,,,,,,True
2026-03-10,2026-03,11,0.2123265589203558,1.8251604266073267,0,1,True,True,1.0,1.0,,,,,,,,,,True
2026-03-10,2026-03,12,0.0956707094368921,1.0881762009530196,0,1,False,False,1.0,1.0,,,,,,,,,,True
2026-03-10,2026-03,13,0.0314721661451642,0.0603641250411258,0,1,False,False,1.0,1.0,,,,,,,,,,True
2026-03-10,2026-03,14,0.0230438543412505,-0.2277911962143314,0,1,False,False,1.0,1.0,,,,,,,,,,True
2026-03-10,2026-03,15,0.0192682445173634,-0.3932130483350754,0,1,False,False,1.0,1.0,,,,,,,,,,True
2026-03-10,2026-03,16,0.0145989247417157,-0.6497577742767687,0,1,False,False,1.0,1.0,,,,,,,,,,True
2026-03-10,2026-03,17,0.0152027188126124,-0.612293120138639,0,1,False,False,1.0,1.0,,,,,,,,,,True
2026-03-10,2026-03,18,0.00808163948739,-1.1964344711226649,0,1,False,False,1.0,1.0,,,,,,,,,,True
2026-03-10,2026-03,19,0.0584044566878088,0.6319413956932772,0,1,False,False,1.0,1.0,,,,,,,,,,True
2026-03-10,2026-03,20,0.0771346471957846,0.8890868838297271,0,1,False,False,1.0,1.0,,,,,,,,,,True
2026-03-10,2026-03,21,0.0266590385769132,-0.0930718167122722,0,1,False,False,1.0,1.0,,,,,,,,,,True
2026-03-11,2026-03,8,0.0011626731403815,-3.108900711366157,0,1,False,False,1.0,1.0,,,,,,,,,,True
2026-03-11,2026-03,9,0.0962176134617457,0.9733716802653826,0,1,False,False,1.0,1.0,,,,,,,,,,True
2026-03-11,2026-03,10,0.2594141994179563,1.8902542539842968,0,1,True,False,1.0,1.0,,,,,,,,,,True
2026-03-11,2026-03,11,0.1456210625320336,1.356459678083435,0,1,False,False,1.0,1.0,,,,,,,,,,True
2026-03-11,2026-03,12,0.0514385429559905,0.3944579524473585,0,1,False,False,1.0,1.0,,,,,,,,,,True
2026-03-11,2026-03,13,0.0201226814376658,-0.4731759704379921,0,1,False,False,1.0,1.0,,,,,,,,,,True
2026-03-11,2026-03,14,0.0187062620552031,-0.5406509402334025,0,1,False,False,1.0,1.0,,,,,,,,,,True
2026-03-11,2026-03,15,0.0195425167281959,-0.5002209288508132,0,1,False,False,1.0,1.0,,,,,,,,,,True
2026-03-11,2026-03,16,0.0260981874670172,-0.2328019578002683,0,1,False,False,1.0,1.0,,,,,,,,,,True
2026-03-11,2026-03,17,0.0325098477274438,-0.0297212712993289,0,1,False,False,1.0,1.0,,,,,,,,,,True
2026-03-11,2026-03,18,0.0262940131279999,-0.2258913117697276,0,1,False,False,1.0,1.0,,,,,,,,,,True
2026-03-11,2026-03,19,0.1528548330142219,1.4012778541517508,0,1,True,True,1.0,1.0,,,,,,,,,,True
2026-03-11,2026-03,20,0.1179930453969117,1.1619718368776897,0,1,False,False,1.0,1.0,,,,,,,,,,True
2026-03-11,2026-03,21,0.0320245215372325,-0.0436260637704689,0,1,False,False,1.0,1.0,,,,,,,,,,True
2026-03-12,2026-03,8,0.0008725083138127,-3.2244414656229363,0,1,False,False,0.0,0.0,,,,,,,,,,True
2026-03-12,2026-03,9,0.0894831708515513,1.056165332631528,0,1,False,False,0.0,0.0,,,,,,,,,,True
2026-03-12,2026-03,10,0.3981393990159754,2.436140339579318,0,1,True,False,0.0,0.0,,,,,,,,,,True
2026-03-12,2026-03,11,0.2353159040201255,1.9499964873647675,0,1,True,False,0.0,0.0,,,,,,,,,,True
2026-03-12,2026-03,12,0.0639406565645342,0.7454619878908779,0,1,False,False,0.0,0.0,,,,,,,,,,True
2026-03-12,2026-03,13,0.0142792350588839,-0.6404271020578296,0,1,False,False,0.0,0.0,,,,,,,,,,True
2026-03-12,2026-03,14,0.0284207298347403,-0.0041163347239947,0,1,False,False,0.0,0.0,,,,,,,,,,True
2026-03-12,2026-03,15,0.0171526779232204,-0.4709310223004242,0,1,False,False,0.0,0.0,,,,,,,,,,True
2026-03-12,2026-03,16,0.0181035103244263,-0.4210554826356518,0,1,False,False,0.0,0.0,,,,,,,,,,True
2026-03-12,2026-03,17,0.010855560173952,-0.8938457802458145,0,1,False,False,0.0,0.0,,,,,,,,,,True
2026-03-12,2026-03,18,0.0082760510888037,-1.144659812763662,0,1,False,False,0.0,0.0,,,,,,,,,,True
2026-03-12,2026-03,19,0.0313722513148184,0.0872239833013866,0,1,False,True,0.0,0.0,,,,,,,,,,True
2026-03-12,2026-03,20,0.0757429305408689,0.9020543852837536,0,1,False,False,0.0,0.0,,,,,,,,,,True
2026-03-12,2026-03,21,0.0080454149742863,-1.1707880867279346,0,1,False,False,0.0,0.0,,,,,,,,,,True
2026-03-13,2026-03,8,0.0010546217021866,-3.088404605360437,0,1,False,False,0.0,0.0,,,,,,,,,,True
2026-03-13,2026-03,9,0.0845942330585166,0.9650187575477464,0,1,False,False,0.0,0.0,,,,,,,,,,True
2026-03-13,2026-03,10,0.3629649237939307,2.311425564274962,0,1,True,False,0.0,0.0,,,,,,,,,,True
2026-03-13,2026-03,11,0.2215392005702306,1.8550181970992017,0,1,True,False,0.0,0.0,,,,,,,,,,True
2026-03-13,2026-03,12,0.0487563598778174,0.455618374013341,0,1,False,False,0.0,0.0,,,,,,,,,,True
2026-03-13,2026-03,13,0.0178081632878357,-0.4754684810917494,0,1,False,False,0.0,0.0,,,,,,,,,,True
2026-03-13,2026-03,14,0.0206947455813185,-0.3365948735376204,0,1,False,False,0.0,0.0,,,,,,,,,,True
2026-03-13,2026-03,15,0.0202296851281577,-0.35760647354378,0,1,False,False,0.0,0.0,,,,,,,,,,True
2026-03-13,2026-03,16,0.0141426214851012,-0.6885209762048143,0,1,False,False,0.0,0.0,,,,,,,,,,True
2026-03-13,2026-03,17,0.0152538722799907,-0.6185952131949399,0,1,False,False,0.0,0.0,,,,,,,,,,True
2026-03-13,2026-03,18,0.0190240591689288,-0.4144108482214602,0,1,False,False,0.0,0.0,,,,,,,,,,True
2026-03-13,2026-03,19,0.0845865364950241,0.9649346452444114,0,1,False,False,0.0,0.0,,,,,,,,,,True
2026-03-13,2026-03,20,0.0698767960903784,0.7883262545851782,0,1,False,True,0.0,0.0,,,,,,,,,,True
2026-03-13,2026-03,21,0.0194741814805824,-0.3927924698398228,0,1,False,False,0.0,0.0,,,,,,,,,,True
2026-03-16,2026-03,8,0.0004015567946322,-4.37189746445402,0,1,False,False,0.0,0.0,,,,,,,,,,True
2026-03-16,2026-03,9,0.0738667727311047,0.4488063590702933,0,1,False,False,0.0,0.0,,,,,,,,,,True
2026-03-16,2026-03,10,0.2021519931170926,1.3795031602285928,0,1,True,False,0.0,0.0,,,,,,,,,,True
2026-03-16,2026-03,11,0.1370409919175092,1.0201324849538866,0,1,True,False,0.0,0.0,,,,,,,,,,True
2026-03-16,2026-03,12,0.0597123462405251,0.2521532714865875,0,1,False,False,0.0,0.0,,,,,,,,,,True
2026-03-16,2026-03,13,0.0446880240053436,-0.0157832330611605,0,1,False,False,0.0,0.0,,,,,,,,,,True
2026-03-16,2026-03,14,0.0576550193848931,0.2197406549859137,0,1,False,True,0.0,0.0,,,,,,,,,,True
2026-03-16,2026-03,15,0.0706377998221714,0.4074855540170871,0,1,False,False,0.0,0.0,,,,,,,,,,True
2026-03-16,2026-03,16,0.0693194010073388,0.3900683648895844,0,1,False,False,0.0,0.0,,,,,,,,,,True
2026-03-16,2026-03,17,0.077647943743148,0.4949567463941455,0,1,False,False,0.0,0.0,,,,,,,,,,True
2026-03-16,2026-03,18,0.024977859178403,-0.5535506558353358,0,1,False,False,0.0,0.0,,,,,,,,,,True
2026-03-16,2026-03,19,0.0811623330944011,0.535878651617674,0,1,False,False,0.0,0.0,,,,,,,,,,True
2026-03-16,2026-03,20,0.0676683386379554,0.3677831679983153,0,1,False,False,0.0,0.0,,,,,,,,,,True
2026-03-16,2026-03,21,0.0330696203254812,-0.2941265017641213,0,1,False,False,0.0,0.0,,,,,,,,,,True
2026-03-17,2026-03,8,0.0004069700712279,-4.1370815667821645,0,1,False,False,0.0,0.0,,,,,,,,,,True
2026-03-17,2026-03,9,0.0339571392005476,-0.0472064004906357,0,1,False,False,0.0,0.0,,,,,,,,,,True
2026-03-17,2026-03,10,0.3098555678617917,1.9967603124169169,0,1,True,False,0.0,0.0,,,,,,,,,,True
2026-03-17,2026-03,11,0.1966118717527283,1.5762511723762942,0,1,True,False,0.0,0.0,,,,,,,,,,True
2026-03-17,2026-03,12,0.1425110170722613,1.2787516422315022,0,1,False,False,0.0,0.0,,,,,,,,,,True
2026-03-17,2026-03,13,0.0509429246705371,0.3277569824091954,0,1,False,False,0.0,0.0,,,,,,,,,,True
2026-03-17,2026-03,14,0.052384661671215,0.3535565015336053,0,1,False,False,0.0,0.0,,,,,,,,,,True
2026-03-17,2026-03,15,0.0418783469140271,0.1466229504472514,0,1,False,False,0.0,0.0,,,,,,,,,,True
2026-03-17,2026-03,16,0.0293353163453818,-0.1824599743282845,0,1,False,False,0.0,0.0,,,,,,,,,,True
2026-03-17,2026-03,17,0.0226206653760755,-0.4227507706646801,0,1,False,False,0.0,0.0,,,,,,,,,,True
2026-03-17,2026-03,18,0.0125371771101064,-0.9683295597987052,0,1,False,False,0.0,0.0,,,,,,,,,,True
2026-03-17,2026-03,19,0.0326110824221912,-0.0845975908495782,0,1,False,True,0.0,0.0,,,,,,,,,,True
2026-03-17,2026-03,20,0.0525651302584529,0.3567358207131879,0,1,False,False,0.0,0.0,,,,,,,,,,True
2026-03-17,2026-03,21,0.0217821292734557,-0.4576709738550101,0,1,False,False,0.0,0.0,,,,,,,,,,True
2026-03-18,2026-03,8,0.0004252082965001,-3.877234153067594,0,1,False,False,1.0,1.0,,,,,,,,,,True
2026-03-18,2026-03,9,0.0307706420642378,0.0810199926951922,0,1,False,False,1.0,1.0,,,,,,,,,,True
2026-03-18,2026-03,10,0.2721211995967275,2.096032302470937,0,1,True,False,1.0,1.0,,,,,,,,,,True
2026-03-18,2026-03,11,0.2833944694643748,2.133557836651601,0,1,True,True,1.0,1.0,,,,,,,,,,True
2026-03-18,2026-03,12,0.1525802185549647,1.56118491753815,0,1,False,False,1.0,1.0,,,,,,,,,,True
2026-03-18,2026-03,13,0.0362486437196243,0.2324828068927219,0,1,False,False,1.0,1.0,,,,,,,,,,True
2026-03-18,2026-03,14,0.0362911860842144,0.2335671302375346,0,1,False,False,1.0,1.0,,,,,,,,,,True
2026-03-18,2026-03,15,0.02329175301056,-0.1764040751655262,0,1,False,False,1.0,1.0,,,,,,,,,,True
2026-03-18,2026-03,16,0.0177903125824177,-0.4254929013705431,0,1,False,False,1.0,1.0,,,,,,,,,,True
2026-03-18,2026-03,17,0.0127415380080527,-0.7340621947883569,0,1,False,False,1.0,1.0,,,,,,,,,,True
2026-03-18,2026-03,18,0.0107377940357161,-0.8922335470755423,0,1,False,False,1.0,1.0,,,,,,,,,,True
2026-03-18,2026-03,19,0.0453915275900419,0.4404134570688259,0,1,False,False,1.0,1.0,,,,,,,,,,True
2026-03-18,2026-03,20,0.0529828378395542,0.5833728664653447,0,1,False,False,1.0,1.0,,,,,,,,,,True
2026-03-18,2026-03,21,0.0252326691530135,-0.1024108708958049,0,1,False,False,1.0,1.0,,,,,,,,,,True
2026-03-19,2026-03,8,0.0005899733602005,-3.460462625852461,0,1,False,False,1.0,1.0,,,,,,,,,,True
2026-03-19,2026-03,9,0.0656534720448274,0.8956114252217803,0,1,False,False,1.0,1.0,,,,,,,,,,True
2026-03-19,2026-03,10,0.2993258798332603,2.298134494056399,0,1,True,True,1.0,1.0,,,,,,,,,,True
2026-03-19,2026-03,11,0.2388124020404847,2.089343125653316,0,1,True,False,1.0,1.0,,,,,,,,,,True
2026-03-19,2026-03,12,0.1544403978644318,1.686402816520905,0,1,False,False,1.0,1.0,,,,,,,,,,True
2026-03-19,2026-03,13,0.078421298194969,1.0598909640031953,0,1,False,False,1.0,1.0,,,,,,,,,,True
2026-03-19,2026-03,14,0.0314847417763654,0.216244345818069,0,1,False,False,1.0,1.0,,,,,,,,,,True
2026-03-19,2026-03,15,0.0220557782854136,-0.1127938651857844,0,1,False,False,1.0,1.0,,,,,,,,,,True
2026-03-19,2026-03,16,0.0194017138672548,-0.2313206385068663,0,1,False,False,1.0,1.0,,,,,,,,,,True
2026-03-19,2026-03,17,0.0160690141973878,-0.4055505075387767,0,1,False,False,1.0,1.0,,,,,,,,,,True
2026-03-19,2026-03,18,0.0109763235018122,-0.7579069385452345,0,1,False,False,1.0,1.0,,,,,,,,,,True
2026-03-19,2026-03,19,0.0259120963993249,0.0361677284310133,0,1,False,False,1.0,1.0,,,,,,,,,,True
2026-03-19,2026-03,20,0.0304540830755865,0.1854758924466734,0,1,False,False,1.0,1.0,,,,,,,,,,True
2026-03-19,2026-03,21,0.0064028255586805,-1.2561868373038163,0,1,False,False,1.0,1.0,,,,,,,,,,True
2026-03-20,2026-03,8,0.0005130557322999,-3.381281492160542,0,1,False,False,1.0,1.0,,,,,,,,,,True
2026-03-20,2026-03,9,0.0615126624677045,1.0437061528374547,0,1,False,False,1.0,1.0,,,,,,,,,,True
2026-03-20,2026-03,10,0.3104518230943333,2.540193413997444,0,1,True,False,1.0,1.0,,,,,,,,,,True
2026-03-20,2026-03,11,0.264247788613907,2.391226095033077,0,1,True,True,1.0,1.0,,,,,,,,,,True
2026-03-20,2026-03,12,0.1577125496556577,1.9141049934095835,0,1,False,False,1.0,1.0,,,,,,,,,,True
2026-03-20,2026-03,13,0.0874125469858093,1.368554166187283,0,1,False,False,1.0,1.0,,,,,,,,,,True
2026-03-20,2026-03,14,0.0393095830979641,0.6297605874871346,0,1,False,False,1.0,1.0,,,,,,,,,,True
2026-03-20,2026-03,15,0.0190345317324377,-0.0406634487377851,0,1,False,False,1.0,1.0,,,,,,,,,,True
2026-03-20,2026-03,16,0.0109489637112111,-0.551893806553397,0,1,False,False,1.0,1.0,,,,,,,,,,True
2026-03-20,2026-03,17,0.0090082811494023,-0.7322545937829003,0,1,False,False,1.0,1.0,,,,,,,,,,True
2026-03-20,2026-03,18,0.0069264689022418,-0.9751947691550352,0,1,False,False,1.0,1.0,,,,,,,,,,True
2026-03-20,2026-03,19,0.0097590790843201,-0.6582488559446656,0,1,False,False,1.0,1.0,,,,,,,,,,True
2026-03-20,2026-03,20,0.019369042642103,-0.0245583538602672,0,1,False,False,1.0,1.0,,,,,,,,,,True
2026-03-20,2026-03,21,0.0037936231306076,-1.5317404305386622,0,1,False,False,1.0,1.0,,,,,,,,,,True
2026-03-23,2026-03,8,0.0007797403024186,-3.418106969415473,0,1,False,False,1.0,1.0,,,,,,,,,,True
2026-03-23,2026-03,9,0.0420743291420818,0.2688163085163502,0,1,False,False,1.0,1.0,,,,,,,,,,True
2026-03-23,2026-03,10,0.3076985401881869,2.1081795481402845,0,1,True,True,1.0,1.0,,,,,,,,,,True
2026-03-23,2026-03,11,0.252723821521909,1.926226183609045,0,1,True,False,1.0,1.0,,,,,,,,,,True
2026-03-23,2026-03,12,0.0829892014424547,0.8967703076871867,0,1,False,False,1.0,1.0,,,,,,,,,,True
2026-03-23,2026-03,13,0.0203437480616756,-0.4029487419046683,0,1,False,False,1.0,1.0,,,,,,,,,,True
2026-03-23,2026-03,14,0.0246429064705436,-0.2257172996968246,0,1,False,False,1.0,1.0,,,,,,,,,,True
2026-03-23,2026-03,15,0.0192289015180104,-0.4550500422654162,0,1,False,False,1.0,1.0,,,,,,,,,,True
2026-03-23,2026-03,16,0.0139168914361344,-0.7539351752007247,0,1,False,False,1.0,1.0,,,,,,,,,,True
2026-03-23,2026-03,17,0.0284371482221519,-0.0933292951503945,0,1,False,False,1.0,1.0,,,,,,,,,,True
2026-03-23,2026-03,18,0.0265543585688718,-0.1566563998044214,0,1,False,False,1.0,1.0,,,,,,,,,,True
2026-03-23,2026-03,19,0.0627043385566628,0.6376654504023371,0,1,False,False,1.0,1.0,,,,,,,,,,True
2026-03-23,2026-03,20,0.0753201247150703,0.807132685905093,0,1,False,False,1.0,1.0,,,,,,,,,,True
2026-03-23,2026-03,21,0.0425859498538275,0.2799897606906639,0,1,False,False,1.0,1.0,,,,,,,,,,True
2026-03-24,2026-03,8,0.0004878144777539,-3.7075765527940607,0,1,False,False,0.0,0.0,,,,,,,,,,True
2026-03-24,2026-03,9,0.0738213602047017,0.932673453568108,0,1,False,False,0.0,0.0,,,,,,,,,,True
2026-03-24,2026-03,10,0.2922597833796076,2.2047126985617345,0,1,True,False,0.0,0.0,,,,,,,,,,True
2026-03-24,2026-03,11,0.220244711938253,1.943182115305432,0,1,True,False,0.0,0.0,,,,,,,,,,True
2026-03-24,2026-03,12,0.1517286956323326,1.5986900432447728,0,1,False,False,0.0,0.0,,,,,,,,,,True
2026-03-24,2026-03,13,0.065834113507353,0.8268146460996818,0,1,False,True,0.0,0.0,,,,,,,,,,True
2026-03-24,2026-03,14,0.0732856205613277,0.9259400276325308,0,1,False,False,0.0,0.0,,,,,,,,,,True
2026-03-24,2026-03,15,0.0365000739066439,0.2815516730160574,0,1,False,False,0.0,0.0,,,,,,,,,,True
2026-03-24,2026-03,16,0.0225333634414856,-0.1643267625519573,0,1,False,False,0.0,0.0,,,,,,,,,,True
2026-03-24,2026-03,17,0.0173833151994332,-0.4042088966390494,0,1,False,False,0.0,0.0,,,,,,,,,,True
2026-03-24,2026-03,18,0.0073745775474454,-1.196899543516906,0,1,False,False,0.0,0.0,,,,,,,,,,True
2026-03-24,2026-03,19,0.0060676562918701,-1.377228594535146,0,1,False,False,0.0,0.0,,,,,,,,,,True
2026-03-24,2026-03,20,0.0217824183121863,-0.1956599825966442,0,1,False,False,0.0,0.0,,,,,,,,,,True
2026-03-24,2026-03,21,0.0106964955996054,-0.8531171456959072,0,1,False,False,0.0,0.0,,,,,,,,,,True
2026-03-25,2026-03,8,0.0011926274911767,-3.0817456293494767,0,1,False,False,1.0,1.0,,,,,,,,,,True
2026-03-25,2026-03,9,0.0627609574137764,0.5820129321137472,0,1,False,False,1.0,1.0,,,,,,,,,,True
2026-03-25,2026-03,10,0.4154629299364544,2.3292800696266243,0,1,True,True,1.0,1.0,,,,,,,,,,True
2026-03-25,2026-03,11,0.202509481428795,1.6649637482322035,0,1,True,False,1.0,1.0,,,,,,,,,,True
2026-03-25,2026-03,12,0.1049137047324201,1.057000201867765,0,1,False,False,1.0,1.0,,,,,,,,,,True
2026-03-25,2026-03,13,0.0241191885912049,-0.3020626263745899,0,1,False,False,1.0,1.0,,,,,,,,,,True
2026-03-25,2026-03,14,0.0237978888228696,-0.3144603018849311,0,1,False,False,1.0,1.0,,,,,,,,,,True
2026-03-25,2026-03,15,0.0251782219757454,-0.2623374320300023,0,1,False,False,1.0,1.0,,,,,,,,,,True
2026-03-25,2026-03,16,0.0117313735183573,-0.968351998314648,0,1,False,False,1.0,1.0,,,,,,,,,,True
2026-03-25,2026-03,17,0.0193202303383804,-0.507156577123697,0,1,False,False,1.0,1.0,,,,,,,,,,True
2026-03-25,2026-03,18,0.0085947524627483,-1.255962339538189,0,1,False,False,1.0,1.0,,,,,,,,,,True
2026-03-25,2026-03,19,0.0315906092762233,-0.0525976475768477,0,1,False,False,1.0,1.0,,,,,,,,,,True
2026-03-25,2026-03,20,0.052288289658133,0.4132445579486785,0,1,False,False,1.0,1.0,,,,,,,,,,True
2026-03-25,2026-03,21,0.0165397443537145,-0.6508037237779254,0,1,False,False,1.0,1.0,,,,,,,,,,True
2026-03-26,2026-03,8,0.0004383715702862,-3.5370035175246546,0,1,False,False,1.0,1.0,,,,,,,,,,True
2026-03-26,2026-03,9,0.0344346218611127,0.4970682592196402,0,1,False,False,1.0,1.0,,,,,,,,,,True
2026-03-26,2026-03,10,0.3053403676361533,2.514556347346654,0,1,True,True,1.0,1.0,,,,,,,,,,True
2026-03-26,2026-03,11,0.252669078669389,2.339514904609007,0,1,True,False,1.0,1.0,,,,,,,,,,True
2026-03-26,2026-03,12,0.1771193543161894,2.01109755409463,0,1,False,False,1.0,1.0,,,,,,,,,,True
2026-03-26,2026-03,13,0.0963207500088666,1.4479777151091704,0,1,False,False,1.0,1.0,,,,,,,,,,True
2026-03-26,2026-03,14,0.0529793032356416,0.8953574333011394,0,1,False,False,1.0,1.0,,,,,,,,,,True
2026-03-26,2026-03,15,0.0231517437098545,0.1300684226737815,0,1,False,False,1.0,1.0,,,,,,,,,,True
2026-03-26,2026-03,16,0.0102464088023163,-0.6234907753442482,0,1,False,False,1.0,1.0,,,,,,,,,,True
2026-03-26,2026-03,17,0.0084369927115526,-0.803112760745216,0,1,False,False,1.0,1.0,,,,,,,,,,True
2026-03-26,2026-03,18,0.0038387940908509,-1.5310876394564077,0,1,False,False,1.0,1.0,,,,,,,,,,True
2026-03-26,2026-03,19,0.006341281690335,-1.0670850057120298,0,1,False,False,1.0,1.0,,,,,,,,,,True
2026-03-26,2026-03,20,0.0209525260996583,0.0377982000311133,0,1,False,False,1.0,1.0,,,,,,,,,,True
2026-03-26,2026-03,21,0.0077304055977929,-0.8839694549467993,0,1,False,False,1.0,1.0,,,,,,,,,,True
2026-03-27,2026-03,8,0.000635318967624,-3.658379731864617,0,1,False,False,1.0,1.0,,,,,,,,,,True
2026-03-27,2026-03,9,0.0382765304459836,0.1304483753572076,0,1,False,False,1.0,1.0,,,,,,,,,,True
2026-03-27,2026-03,10,0.171479227686405,1.5167776773485313,0,1,True,False,1.0,1.0,,,,,,,,,,True
2026-03-27,2026-03,11,0.2502520909489142,1.866226107089939,0,1,True,True,1.0,1.0,,,,,,,,,,True
2026-03-27,2026-03,12,0.1352861094895167,1.297617941377961,0,1,False,False,1.0,1.0,,,,,,,,,,True
2026-03-27,2026-03,13,0.0422104834853868,0.2208889296576199,0,1,False,False,1.0,1.0,,,,,,,,,,True
2026-03-27,2026-03,14,0.0313833995867922,-0.0531085305306224,0,1,False,False,1.0,1.0,,,,,,,,,,True
2026-03-27,2026-03,15,0.0246309274791391,-0.2770808977463902,0,1,False,False,1.0,1.0,,,,,,,,,,True
2026-03-27,2026-03,16,0.0277508064209834,-0.166829050547779,0,1,False,False,1.0,1.0,,,,,,,,,,True
2026-03-27,2026-03,17,0.0300910238903544,-0.0919836714642592,0,1,False,False,1.0,1.0,,,,,,,,,,True
2026-03-27,2026-03,18,0.0096249860902024,-1.145731981606249,0,1,False,False,1.0,1.0,,,,,,,,,,True
2026-03-27,2026-03,19,0.0221765632722794,-0.3741175519845799,0,1,False,False,1.0,1.0,,,,,,,,,,True
2026-03-27,2026-03,20,0.1291503773730559,1.2547101032444217,0,1,False,False,1.0,1.0,,,,,,,,,,True
2026-03-27,2026-03,21,0.0870521548633625,0.8900420881810788,0,1,False,False,1.0,1.0,,,,,,,,,,True
2026-03-30,2026-03,8,0.001104126759198,-3.540587732814522,0,1,False,False,0.0,0.0,,,,,,,,,,True
2026-03-30,2026-03,9,0.0450036323897571,-0.1130132317256273,0,1,False,False,0.0,0.0,,,,,,,,,,True
2026-03-30,2026-03,10,0.2782604982902423,1.5711641363088682,0,1,True,False,0.0,0.0,,,,,,,,,,True
2026-03-30,2026-03,11,0.0806311430500911,0.4260724685959787,0,1,False,False,0.0,0.0,,,,,,,,,,True
2026-03-30,2026-03,12,0.0424971579331325,-0.1659897974379105,0,1,False,False,0.0,0.0,,,,,,,,,,True
2026-03-30,2026-03,13,0.0231591460644092,-0.7271750992120863,0,1,False,False,0.0,0.0,,,,,,,,,,True
2026-03-30,2026-03,14,0.0506822239088528,-0.0031589005470605,0,1,False,False,0.0,0.0,,,,,,,,,,True
2026-03-30,2026-03,15,0.053659124438227,0.0496053072233958,0,1,False,False,0.0,0.0,,,,,,,,,,True
2026-03-30,2026-03,16,0.0341181885255458,-0.3690052060570116,0,1,False,False,0.0,0.0,,,,,,,,,,True
2026-03-30,2026-03,17,0.0748502164860479,0.3572970831135413,0,1,False,False,0.0,0.0,,,,,,,,,,True
2026-03-30,2026-03,18,0.0677313324614458,0.2649073903368092,0,1,False,False,0.0,0.0,,,,,,,,,,True
2026-03-30,2026-03,19,0.0323529241130957,-0.4181177705324946,0,1,False,False,0.0,0.0,,,,,,,,,,True
2026-03-30,2026-03,20,0.1457027948125052,0.973054983408947,0,1,True,False,0.0,0.0,,,,,,,,,,True
2026-03-30,2026-03,21,0.0702474907674489,0.2986273726380306,0,1,False,True,0.0,0.0,,,,,,,,,,True
2026-03-31,2026-03,8,0.0009292157514743,-3.464169034835581,0,1,False,False,1.0,1.0,,,,,,,,,,True
2026-03-31,2026-03,9,0.0871760692686599,0.7340789440633775,0,1,False,False,1.0,1.0,,,,,,,,,,True
2026-03-31,2026-03,10,0.3393320667328722,1.9904527881187648,0,1,True,False,1.0,1.0,,,,,,,,,,True
2026-03-31,2026-03,11,0.1737815857420549,1.3718290657088263,0,1,True,True,1.0,1.0,,,,,,,,,,True
2026-03-31,2026-03,12,0.0634655035401753,0.4406275183771384,0,1,False,False,1.0,1.0,,,,,,,,,,True
2026-03-31,2026-03,13,0.0258273005615109,-0.3905130430750381,0,1,False,False,1.0,1.0,,,,,,,,,,True
2026-03-31,2026-03,14,0.0275607724774395,-0.3304594609087833,0,1,False,False,1.0,1.0,,,,,,,,,,True
2026-03-31,2026-03,15,0.0289248325377043,-0.2858020216180744,0,1,False,False,1.0,1.0,,,,,,,,,,True
2026-03-31,2026-03,16,0.0233518125979878,-0.4836583524780989,0,1,False,False,1.0,1.0,,,,,,,,,,True
2026-03-31,2026-03,17,0.0164826631736568,-0.8057050159171871,0,1,False,False,1.0,1.0,,,,,,,,,,True
2026-03-31,2026-03,18,0.0184961843631098,-0.699157149517939,0,1,False,False,1.0,1.0,,,,,,,,,,True
2026-03-31,2026-03,19,0.0177423373127212,-0.7376242179064919,0,1,False,False,1.0,1.0,,,,,,,,,,True
2026-03-31,2026-03,20,0.1263113494525135,1.0768837107253777,0,1,False,False,1.0,1.0,,,,,,,,,,True
2026-03-31,2026-03,21,0.0506183064881192,0.2315323350388277,0,1,False,False,1.0,1.0,,,,,,,,,,True
2026-04-01,2026-04,8,0.0003966303986087,-4.168178671090468,0,2,False,False,0.0,0.0,,,,,,,,,,True
2026-04-01,2026-04,9,0.0589072692023485,0.4547348184428026,0,2,False,False,0.0,0.0,,,,,,,,,,True
2026-04-01,2026-04,10,0.3265436966577922,2.037948102721639,0,2,True,False,0.0,0.0,,,,,,,,,,True
2026-04-01,2026-04,11,0.2322085052588707,1.7227769669220812,0,2,True,False,0.0,0.0,,,,,,,,,,True
2026-04-01,2026-04,12,0.1018617171207985,0.9610116970103826,0,2,False,False,0.0,0.0,,,,,,,,,,True
2026-04-01,2026-04,13,0.0432559565288804,0.1692371795352213,0,2,False,False,0.0,0.0,,,,,,,,,,True
2026-04-01,2026-04,14,0.04629016633237,0.2319099336533739,0,2,False,True,0.0,0.0,,,,,,,,,,True
2026-04-01,2026-04,15,0.0363448734696062,0.0083071829122303,0,2,False,False,0.0,0.0,,,,,,,,,,True
2026-04-01,2026-04,18,0.0139784151553835,-0.8750411512213355,1,2,False,False,0.0,0.0,,,,,,,,,,True
2026-04-01,2026-04,19,0.0283545904464364,-0.2212008072680896,1,2,True,False,0.0,0.0,,,,,,,,,,True
2026-04-01,2026-04,20,0.083749239689038,0.7800143746656256,1,2,True,False,0.0,0.0,,,,,,,,,,True
2026-04-01,2026-04,21,0.0281089397398663,-0.2292447023169835,1,2,False,False,0.0,0.0,,,,,,,,,,True
2026-04-02,2026-04,8,0.0004613072728864,-3.741347164207728,0,2,False,False,1.0,1.0,,,,,,,,,,True
2026-04-02,2026-04,9,0.033194753431336,0.2116797503796346,0,2,False,False,1.0,1.0,,,,,,,,,,True
2026-04-02,2026-04,10,0.3214656498822619,2.310643595420236,0,2,True,True,1.0,1.0,,,,,,,,,,True
2026-04-02,2026-04,11,0.2576749681445944,2.1061627979610127,0,2,True,False,1.0,1.0,,,,,,,,,,True
2026-04-02,2026-04,12,0.1187607297499054,1.3900943521356124,0,2,False,False,1.0,1.0,,,,,,,,,,True
2026-04-02,2026-04,13,0.0683728876596134,0.8796733949650144,0,2,False,False,1.0,1.0,,,,,,,,,,True
2026-04-02,2026-04,14,0.0846417780271656,1.0769988443254204,0,2,False,False,1.0,1.0,,,,,,,,,,True
2026-04-02,2026-04,15,0.0472705413748247,0.5384688141360189,0,2,False,False,1.0,1.0,,,,,,,,,,True
2026-04-02,2026-04,18,0.0053490207946865,-1.4758846252540376,1,2,False,False,1.0,1.0,,,,,,,,,,True
2026-04-02,2026-04,19,0.007074608557937,-1.2174095555509898,1,2,False,False,1.0,1.0,,,,,,,,,,True
2026-04-02,2026-04,20,0.0287166968099262,0.0777147506870778,1,2,True,False,1.0,1.0,,,,,,,,,,True
2026-04-02,2026-04,21,0.0270170582948621,0.0213137761844007,1,2,True,False,1.0,1.0,,,,,,,,,,True
2026-04-03,2026-04,8,0.0007302269905922,-3.7192033645441818,0,2,False,False,0.0,1.0,,,,,,,,,,True
2026-04-03,2026-04,9,0.0381886303166069,-0.0612102785299785,0,2,False,False,0.0,1.0,,,,,,,,,,True
2026-04-03,2026-04,10,0.2275874386741336,1.5889308200312693,0,2,True,False,0.0,1.0,,,,,,,,,,True
2026-04-03,2026-04,11,0.2302789281427033,1.59979939510201,0,2,True,False,0.0,1.0,,,,,,,,,,True
2026-04-03,2026-04,12,0.1450357134082628,1.172415480643178,0,2,False,False,0.0,1.0,,,,,,,,,,True
2026-04-03,2026-04,13,0.0761644861671694,0.5769910299968637,0,2,False,False,0.0,1.0,,,,,,,,,,True
2026-04-03,2026-04,14,0.0501375534254753,0.1904551607980568,0,2,False,False,0.0,1.0,,,,,,,,,,True
2026-04-03,2026-04,15,0.0427425344562847,0.0429352770243961,0,2,False,False,0.0,1.0,,,,,,,,,,True
2026-04-03,2026-04,18,0.0090952867093931,-1.3875947780582472,1,2,False,False,0.0,1.0,,,,,,,,,,True
2026-04-03,2026-04,19,0.0142288568861734,-0.9738886187923088,1,2,False,False,0.0,1.0,,,,,,,,,,True
2026-04-03,2026-04,20,0.0928303108833688,0.7599193745887597,1,2,True,True,0.0,1.0,,,,,,,,,,True
2026-04-03,2026-04,21,0.0729800339398359,0.537508305690513,1,2,True,False,0.0,1.0,,,,,,,,,,True
2026-04-06,2026-04,8,0.0006689546197999,-3.880484068986634,0,2,False,False,0.0,0.0,,,,,,,,,,True
2026-04-06,2026-04,9,0.0549400185565551,0.1947536469076258,0,2,False,False,0.0,0.0,,,,,,,,,,True
2026-04-06,2026-04,10,0.2345628260007773,1.5365764219895426,0,2,True,False,0.0,0.0,,,,,,,,,,True
2026-04-06,2026-04,11,0.1848940619593,1.31661225581285,0,2,True,False,0.0,0.0,,,,,,,,,,True
2026-04-06,2026-04,12,0.0805737756828545,0.5487546059865632,0,2,False,False,0.0,0.0,,,,,,,,,,True
2026-04-06,2026-04,13,0.0384767356814282,-0.1345247443732151,0,2,False,False,0.0,0.0,,,,,,,,,,True
2026-04-06,2026-04,14,0.0570843601115791,0.2301491536587077,0,2,False,True,0.0,0.0,,,,,,,,,,True
2026-04-06,2026-04,15,0.0394478561534451,-0.1114819723317291,0,2,False,False,0.0,0.0,,,,,,,,,,True
2026-04-06,2026-04,18,0.0087720420468487,-1.501310196526431,1,2,False,False,0.0,0.0,,,,,,,,,,True
2026-04-06,2026-04,19,0.0077892472060529,-1.611158403197105,1,2,False,False,0.0,0.0,,,,,,,,,,True
2026-04-06,2026-04,20,0.0973564298417413,0.7236657703266967,1,2,True,False,0.0,0.0,,,,,,,,,,True
2026-04-06,2026-04,21,0.1954336921396174,1.3678620621290205,1,2,True,False,0.0,0.0,,,,,,,,,,True
2026-04-07,2026-04,8,0.0003258713160626,-4.530961380230084,0,2,False,False,0.0,0.0,,,,,,,,,,True
2026-04-07,2026-04,9,0.0367182758342904,-0.1633696556909284,0,2,False,False,0.0,0.0,,,,,,,,,,True
2026-04-07,2026-04,10,0.0997837567135349,0.7608320004215331,0,2,False,False,0.0,0.0,,,,,,,,,,True
2026-04-07,2026-04,11,0.1583417348903544,1.1876971788694932,0,2,True,False,0.0,0.0,,,,,,,,,,True
2026-04-07,2026-04,12,0.0971887196859799,0.7364720271165129,0,2,False,True,0.0,0.0,,,,,,,,,,True
2026-04-07,2026-04,13,0.1136143335182052,0.8808296174941392,0,2,False,False,0.0,0.0,,,,,,,,,,True
2026-04-07,2026-04,14,0.1654873382099309,1.2285016011662204,0,2,True,False,0.0,0.0,,,,,,,,,,True
2026-04-07,2026-04,15,0.1477056108529532,1.1234160673708675,0,2,False,False,0.0,0.0,,,,,,,,,,True
2026-04-07,2026-04,18,0.0159399971499791,-0.934771025270015,1,2,False,False,0.0,0.0,,,,,,,,,,True
2026-04-07,2026-04,19,0.0140022310193921,-1.0545935117962082,1,2,False,False,0.0,0.0,,,,,,,,,,True
2026-04-07,2026-04,20,0.0744021289202395,0.4894864936239194,1,2,True,False,0.0,0.0,,,,,,,,,,True
2026-04-07,2026-04,21,0.0764900018890775,0.5150711073387312,1,2,True,False,0.0,0.0,,,,,,,,,,True
2026-04-08,2026-04,8,0.0001622550012571,-4.638659298589001,0,2,False,False,1.0,1.0,,,,,,,,,,True
2026-04-08,2026-04,9,0.0183807720603508,-0.2661089146669928,0,2,False,False,1.0,1.0,,,,,,,,,,True
2026-04-08,2026-04,10,0.2385896064224583,2.1036643579038072,0,2,True,False,1.0,1.0,,,,,,,,,,True
2026-04-08,2026-04,11,0.221956549289099,2.036860504322352,0,2,True,True,1.0,1.0,,,,,,,,,,True
2026-04-08,2026-04,12,0.1664324904617933,1.7707187123391606,0,2,False,False,1.0,1.0,,,,,,,,,,True
2026-04-08,2026-04,13,0.103920205128424,1.3353335635758272,0,2,False,False,1.0,1.0,,,,,,,,,,True
2026-04-08,2026-04,14,0.1107459722985368,1.3941431252263106,0,2,False,False,1.0,1.0,,,,,,,,,,True
2026-04-08,2026-04,15,0.0528926977310704,0.7109984596043597,0,2,False,False,1.0,1.0,,,,,,,,,,True
2026-04-08,2026-04,18,0.0074017822885483,-1.1069745913809963,1,2,False,False,1.0,1.0,,,,,,,,,,True
2026-04-08,2026-04,19,0.0064108395654446,-1.2398464014688144,1,2,False,False,1.0,1.0,,,,,,,,,,True
2026-04-08,2026-04,20,0.0349178168679599,0.3271036690534097,1,2,True,False,1.0,1.0,,,,,,,,,,True
2026-04-08,2026-04,21,0.0381890128850568,0.4098888068106505,1,2,True,False,1.0,1.0,,,,,,,,,,True
2026-04-09,2026-04,8,0.0005206389191277,-3.907698805279722,0,2,False,False,0.0,1.0,,,,,,,,,,True
2026-04-09,2026-04,9,0.0471813370149011,0.2585195131545086,0,2,False,False,0.0,1.0,,,,,,,,,,True
2026-04-09,2026-04,10,0.3740525734172852,2.1724999644317404,0,2,True,False,0.0,1.0,,,,,,,,,,True
2026-04-09,2026-04,11,0.2008440943047306,1.5976143238756144,0,2,True,False,0.0,1.0,,,,,,,,,,True
2026-04-09,2026-04,12,0.0787720380033995,0.732355568745729,0,2,False,False,0.0,1.0,,,,,,,,,,True
2026-04-09,2026-04,13,0.0309245206111742,-0.1320136792422032,0,2,False,False,0.0,1.0,,,,,,,,,,True
2026-04-09,2026-04,14,0.0483899243989855,0.2819018307952317,0,2,False,False,0.0,1.0,,,,,,,,,,True
2026-04-09,2026-04,15,0.0269126078251028,-0.2604702823224893,0,2,False,False,0.0,1.0,,,,,,,,,,True
2026-04-09,2026-04,18,0.0085883274633335,-1.316369212794511,1,2,False,False,0.0,1.0,,,,,,,,,,True
2026-04-09,2026-04,19,0.0129508553606876,-0.9366439269919916,1,2,False,False,0.0,1.0,,,,,,,,,,True
2026-04-09,2026-04,20,0.0976659060527539,0.931107295698328,1,2,True,False,0.0,1.0,,,,,,,,,,True
2026-04-09,2026-04,21,0.0731971766285178,0.664499757592987,1,2,True,True,0.0,1.0,,,,,,,,,,True
2026-04-10,2026-04,8,0.0004880690017362,-4.254435521316442,0,2,False,False,0.0,1.0,,,,,,,,,,True
2026-04-10,2026-04,9,0.0379146549221799,-0.2306387394171581,0,2,False,False,0.0,1.0,,,,,,,,,,True
2026-04-10,2026-04,10,0.2404834133155058,1.4771110962437468,0,2,True,False,0.0,1.0,,,,,,,,,,True
2026-04-10,2026-04,11,0.1872443215311109,1.245779535581088,0,2,True,False,0.0,1.0,,,,,,,,,,True
2026-04-10,2026-04,12,0.1152469209582155,0.7971091890752757,0,2,False,False,0.0,1.0,,,,,,,,,,True
2026-04-10,2026-04,13,0.0650916104475082,0.2689878995448679,0,2,False,False,0.0,1.0,,,,,,,,,,True
2026-04-10,2026-04,14,0.0857884296210934,0.5242180332931393,0,2,False,False,0.0,1.0,,,,,,,,,,True
2026-04-10,2026-04,15,0.0891384619488534,0.5596307452674135,0,2,False,False,0.0,1.0,,,,,,,,,,True
2026-04-10,2026-04,18,0.0254651093279038,-0.5985963523710158,1,2,False,False,0.0,1.0,,,,,,,,,,True
2026-04-10,2026-04,19,0.0192484153252574,-0.8573320409786712,1,2,False,False,0.0,1.0,,,,,,,,,,True
2026-04-10,2026-04,20,0.0673194469186839,0.300098880636182,1,2,True,True,0.0,1.0,,,,,,,,,,True
2026-04-10,2026-04,21,0.0665711466819512,0.2897654625109209,1,2,True,False,0.0,1.0,,,,,,,,,,True
2026-04-13,2026-04,8,0.0002715990519198,-4.719547563533975,0,2,False,False,1.0,1.0,,,,,,,,,,True
2026-04-13,2026-04,9,0.02753644802778,-0.449567124904576,0,2,False,False,1.0,1.0,,,,,,,,,,True
2026-04-13,2026-04,10,0.162903907447793,1.193782329131763,0,2,True,False,1.0,1.0,,,,,,,,,,True
2026-04-13,2026-04,11,0.1386920465950473,1.045034063439194,0,2,False,False,1.0,1.0,,,,,,,,,,True
2026-04-13,2026-04,12,0.1447446277413366,1.08452198440578,0,2,True,True,1.0,1.0,,,,,,,,,,True
2026-04-13,2026-04,13,0.1018335659217763,0.7594563141570785,0,2,False,False,1.0,1.0,,,,,,,,,,True
2026-04-13,2026-04,14,0.1279810864405835,0.9707327468886852,0,2,False,False,1.0,1.0,,,,,,,,,,True
2026-04-13,2026-04,15,0.1209041545850917,0.9181459616645506,0,2,False,False,1.0,1.0,,,,,,,,,,True
2026-04-13,2026-04,18,0.0159314597836919,-0.9554400859980644,1,2,False,False,1.0,1.0,,,,,,,,,,True
2026-04-13,2026-04,19,0.0302352899882687,-0.3631316719272632,1,2,False,False,1.0,1.0,,,,,,,,,,True
2026-04-13,2026-04,20,0.0709536269484058,0.4254400917164996,1,2,True,False,1.0,1.0,,,,,,,,,,True
2026-04-13,2026-04,21,0.0580121874683049,0.239280343527759,1,2,True,False,1.0,1.0,,,,,,,,,,True
2026-04-14,2026-04,8,0.0003058003006442,-4.251386861823624,0,2,False,False,1.0,1.0,,,,,,,,,,True
2026-04-14,2026-04,9,0.0676034632297417,0.73924281234911,0,2,False,False,1.0,1.0,,,,,,,,,,True
2026-04-14,2026-04,10,0.3022306982337731,2.123636502254347,0,2,True,True,1.0,1.0,,,,,,,,,,True
2026-04-14,2026-04,11,0.2271274368577345,1.8595400597264151,0,2,True,False,1.0,1.0,,,,,,,,,,True
2026-04-14,2026-04,12,0.1147292446981607,1.228199246692149,0,2,False,False,1.0,1.0,,,,,,,,,,True
2026-04-14,2026-04,13,0.069195066243358,0.76075509950314,0,2,False,False,1.0,1.0,,,,,,,,,,True
2026-04-14,2026-04,14,0.0684752806687163,0.7510883524573655,0,2,False,False,1.0,1.0,,,,,,,,,,True
2026-04-14,2026-04,15,0.0321878362781212,0.0532352745591556,0,2,False,False,1.0,1.0,,,,,,,,,,True
2026-04-14,2026-04,18,0.0077793821874993,-1.259587721568628,1,2,False,False,1.0,1.0,,,,,,,,,,True
2026-04-14,2026-04,19,0.0080515844546001,-1.2277940433998793,1,2,False,False,1.0,1.0,,,,,,,,,,True
2026-04-14,2026-04,20,0.0462574639518706,0.388472655423083,1,2,True,False,1.0,1.0,,,,,,,,,,True
2026-04-14,2026-04,21,0.0560567428957797,0.5660980661370756,1,2,True,False,1.0,1.0,,,,,,,,,,True
2026-04-15,2026-04,8,0.0002052534671244,-4.549547186627239,0,2,False,False,1.0,1.0,,,,,,,,,,True
2026-04-15,2026-04,9,0.0260731722531641,-0.0711238111833094,0,2,False,False,1.0,1.0,,,,,,,,,,True
2026-04-15,2026-04,10,0.2889601332757553,2.1525326636714817,0,2,True,True,1.0,1.0,,,,,,,,,,True
2026-04-15,2026-04,11,0.2182004208730437,1.8928778750753188,0,2,True,False,1.0,1.0,,,,,,,,,,True
2026-04-15,2026-04,12,0.1512450469192937,1.554055063108705,0,2,False,False,1.0,1.0,,,,,,,,,,True
2026-04-15,2026-04,13,0.1190820850592345,1.3330297578216703,0,2,False,False,1.0,1.0,,,,,,,,,,True
2026-04-15,2026-04,14,0.0527829397997694,0.5808736902530698,0,2,False,False,1.0,1.0,,,,,,,,,,True
2026-04-15,2026-04,15,0.0408871239397933,0.3447941425518252,0,2,False,False,1.0,1.0,,,,,,,,,,True
2026-04-15,2026-04,18,0.0072033706238658,-1.260297984925908,1,2,False,False,1.0,1.0,,,,,,,,,,True
2026-04-15,2026-04,19,0.0066009823848335,-1.3410307796954015,1,2,False,False,1.0,1.0,,,,,,,,,,True
2026-04-15,2026-04,20,0.0354196523773184,0.2120907708855331,1,2,True,False,1.0,1.0,,,,,,,,,,True
2026-04-15,2026-04,21,0.0533398190268033,0.5905758883549355,1,2,True,False,1.0,1.0,,,,,,,,,,True
2026-04-16,2026-04,8,0.0003505050264189,-4.133254917827492,0,2,False,False,0.0,1.0,,,,,,,,,,True
2026-04-16,2026-04,9,0.0329427233058752,0.0666630283602148,0,2,False,False,0.0,1.0,,,,,,,,,,True
2026-04-16,2026-04,10,0.2479023804487006,1.9324488229366628,0,2,True,False,0.0,1.0,,,,,,,,,,True
2026-04-16,2026-04,11,0.2768381419073544,2.0345062821688886,0,2,True,False,0.0,1.0,,,,,,,,,,True
2026-04-16,2026-04,12,0.1508663747344499,1.4733292264780475,0,2,False,False,0.0,1.0,,,,,,,,,,True
2026-04-16,2026-04,13,0.0526902048160725,0.5008396957444342,0,2,False,False,0.0,1.0,,,,,,,,,,True
2026-04-16,2026-04,14,0.0663832334096382,0.7144015804056375,0,2,False,False,0.0,1.0,,,,,,,,,,True
2026-04-16,2026-04,15,0.0512229070986725,0.47473068464377,0,2,False,False,0.0,1.0,,,,,,,,,,True
2026-04-16,2026-04,18,0.006193469269129,-1.4783480118484589,1,2,False,False,0.0,1.0,,,,,,,,,,True
2026-04-16,2026-04,19,0.0067234503074573,-1.4024450146874736,1,2,False,False,0.0,1.0,,,,,,,,,,True
2026-04-16,2026-04,20,0.0308615901492766,0.0063352156215119,1,2,True,False,0.0,1.0,,,,,,,,,,True
2026-04-16,2026-04,21,0.0770250195269544,0.8518542286943782,1,2,True,True,0.0,1.0,,,,,,,,,,True
2026-04-17,2026-04,8,0.0005723858978518,-3.921283939407625,0,2,False,False,0.0,1.0,,,,,,,,,,True
2026-04-17,2026-04,9,0.0400381081879504,0.0055725363451713,0,2,False,False,0.0,1.0,,,,,,,,,,True
2026-04-17,2026-04,10,0.2935690835078547,1.84733799953957,0,2,True,False,0.0,1.0,,,,,,,,,,True
2026-04-17,2026-04,11,0.1908083430451821,1.4490444985820008,0,2,True,False,0.0,1.0,,,,,,,,,,True
2026-04-17,2026-04,12,0.078886614096696,0.6325162506898756,0,2,False,False,0.0,1.0,,,,,,,,,,True
2026-04-17,2026-04,13,0.051765178536613,0.2430509215735071,0,2,False,False,0.0,1.0,,,,,,,,,,True
2026-04-17,2026-04,14,0.0706421221361464,0.5304708178453147,0,2,False,False,0.0,1.0,,,,,,,,,,True
2026-04-17,2026-04,15,0.0700076917171208,0.522130906252175,0,2,False,False,0.0,1.0,,,,,,,,,,True
2026-04-17,2026-04,18,0.0095220001713607,-1.3221480495227995,1,2,False,False,0.0,1.0,,,,,,,,,,True
2026-04-17,2026-04,19,0.0151739397556499,-0.8913776471150279,1,2,False,False,0.0,1.0,,,,,,,,,,True
2026-04-17,2026-04,20,0.0660055559541661,0.4677120190127675,1,2,True,True,0.0,1.0,,,,,,,,,,True
2026-04-17,2026-04,21,0.1130089769934075,0.9648152593471304,1,2,True,False,0.0,1.0,,,,,,,,,,True
2026-04-20,2026-04,8,0.0003043239208488,-4.179372045788408,0,2,False,False,0.0,0.0,,,,,,,,,,True
2026-04-20,2026-04,9,0.0114566586045941,-0.8252495133866073,0,2,False,False,0.0,0.0,,,,,,,,,,True
2026-04-20,2026-04,10,0.1702182576955041,1.6693898057549574,0,2,True,False,0.0,0.0,,,,,,,,,,True
2026-04-20,2026-04,11,0.1781897661034044,1.7116996888214655,0,2,True,False,0.0,0.0,,,,,,,,,,True
2026-04-20,2026-04,12,0.1152304772142613,1.308718015848911,0,2,False,True,0.0,0.0,,,,,,,,,,True
2026-04-20,2026-04,13,0.145757968075171,1.5259761092690824,0,2,False,False,0.0,0.0,,,,,,,,,,True
2026-04-20,2026-04,14,0.1636995570660015,1.6332912113576246,0,2,False,False,0.0,0.0,,,,,,,,,,True
2026-04-20,2026-04,15,0.1120441419064401,1.2827951710858072,0,2,False,False,0.0,0.0,,,,,,,,,,True
2026-04-20,2026-04,18,0.0119603175970106,-0.7854766896462473,1,2,False,False,0.0,0.0,,,,,,,,,,True
2026-04-20,2026-04,19,0.0096715369550857,-0.98183651133691,1,2,False,False,0.0,0.0,,,,,,,,,,True
2026-04-20,2026-04,20,0.0291950443805693,0.0395072768915187,1,2,True,False,0.0,0.0,,,,,,,,,,True
2026-04-20,2026-04,21,0.0522719504811084,0.5779635806578259,1,2,True,False,0.0,0.0,,,,,,,,,,True
2026-04-21,2026-04,8,0.0004537002454923,-4.128953580355285,0,2,False,False,0.0,0.0,,,,,,,,,,True
2026-04-21,2026-04,9,0.0842020101461767,0.6999482186597571,0,2,False,False,0.0,0.0,,,,,,,,,,True
2026-04-21,2026-04,10,0.2728059196824546,1.7866784719300817,0,2,True,False,0.0,0.0,,,,,,,,,,True
2026-04-21,2026-04,11,0.2383305792606199,1.6617834256492374,0,2,True,False,0.0,0.0,,,,,,,,,,True
2026-04-21,2026-04,12,0.0747799351673675,0.5902444229069818,0,2,False,False,0.0,0.0,,,,,,,,,,True
2026-04-21,2026-04,13,0.0391512511229034,-0.0079834288080803,0,2,False,False,0.0,0.0,,,,,,,,,,True
2026-04-21,2026-04,14,0.0566910911800436,0.3342340059021222,0,2,False,False,0.0,0.0,,,,,,,,,,True
2026-04-21,2026-04,15,0.0636272729020577,0.4409388189466624,0,2,False,True,0.0,0.0,,,,,,,,,,True
2026-04-21,2026-04,18,0.0062957415478421,-1.697471216093977,1,2,False,False,0.0,0.0,,,,,,,,,,True
2026-04-21,2026-04,19,0.0156276775830303,-0.8569884599968836,1,2,False,False,0.0,0.0,,,,,,,,,,True
2026-04-21,2026-04,20,0.0765661554156347,0.6120665777006907,1,2,True,False,0.0,0.0,,,,,,,,,,True
2026-04-21,2026-04,21,0.0714686657463766,0.548375605799962,1,2,True,False,0.0,0.0,,,,,,,,,,True
2026-04-22,2026-04,8,0.000400150627721,-4.426854355345664,0,2,False,False,0.0,0.0,,,,,,,,,,True
2026-04-22,2026-04,9,0.0483749372593192,0.0057898113349187,0,2,False,False,0.0,0.0,,,,,,,,,,True
2026-04-22,2026-04,10,0.1320858882193621,0.9343731072816376,0,2,False,False,0.0,0.0,,,,,,,,,,True
2026-04-22,2026-04,11,0.1939046157214632,1.2892825912628112,0,2,True,False,0.0,0.0,,,,,,,,,,True
2026-04-22,2026-04,12,0.1611196415707736,1.1180566409824504,0,2,True,False,0.0,0.0,,,,,,,,,,True
2026-04-22,2026-04,13,0.0763027839971412,0.4270873996629997,0,2,False,False,0.0,0.0,,,,,,,,,,True
2026-04-22,2026-04,14,0.0816686715641593,0.4899140239524976,0,2,False,True,0.0,0.0,,,,,,,,,,True
2026-04-22,2026-04,15,0.0867793863793781,0.546026911236562,0,2,False,False,0.0,0.0,,,,,,,,,,True
2026-04-22,2026-04,18,0.0184654808162075,-0.8845288526754602,1,2,False,False,0.0,0.0,,,,,,,,,,True
2026-04-22,2026-04,19,0.0344043691920579,-0.3092613409240123,1,2,False,False,0.0,0.0,,,,,,,,,,True
2026-04-22,2026-04,20,0.0853405089927214,0.5305702212513769,1,2,True,False,0.0,0.0,,,,,,,,,,True
2026-04-22,2026-04,21,0.0811535656596951,0.4840648043817134,1,2,True,False,0.0,0.0,,,,,,,,,,True
2026-04-23,2026-04,8,0.0006199566176433,-3.89306024048682,0,2,False,False,0.0,0.0,,,,,,,,,,True
2026-04-23,2026-04,9,0.0962715190130901,0.7710498891178499,0,2,False,False,0.0,0.0,,,,,,,,,,True
2026-04-23,2026-04,10,0.3315737772121772,1.9142973373535688,0,2,True,False,0.0,0.0,,,,,,,,,,True
2026-04-23,2026-04,11,0.2004095062396232,1.448848024332387,0,2,True,False,0.0,0.0,,,,,,,,,,True
2026-04-23,2026-04,12,0.0695549486777815,0.4705522069423328,0,2,False,False,0.0,0.0,,,,,,,,,,True
2026-04-23,2026-04,13,0.0387483513336084,-0.0702780250437199,0,2,False,False,0.0,0.0,,,,,,,,,,True
2026-04-23,2026-04,14,0.0501309716964469,0.167814950637951,0,2,False,True,0.0,0.0,,,,,,,,,,True
2026-04-23,2026-04,15,0.0680778127834523,0.450708218343421,0,2,False,False,0.0,0.0,,,,,,,,,,True
2026-04-23,2026-04,18,0.0090983675954644,-1.4098005343295574,1,2,False,False,0.0,0.0,,,,,,,,,,True
2026-04-23,2026-04,19,0.0077022050355597,-1.5638032263201047,1,2,False,False,0.0,0.0,,,,,,,,,,True
2026-04-23,2026-04,20,0.0757651559725672,0.5496125413386308,1,2,True,False,0.0,0.0,,,,,,,,,,True
2026-04-23,2026-04,21,0.0520474278225853,0.2024969706826087,1,2,True,False,0.0,0.0,,,,,,,,,,True
2026-04-24,2026-04,8,0.0003472954025898,-4.413181863891726,0,2,False,False,1.0,1.0,,,,,,,,,,True
2026-04-24,2026-04,9,0.0652051213001448,0.426425279773224,0,2,False,False,1.0,1.0,,,,,,,,,,True
2026-04-24,2026-04,10,0.3066828791560181,1.857730043972621,0,2,True,False,1.0,1.0,,,,,,,,,,True
2026-04-24,2026-04,11,0.1964701263822335,1.4460686644787628,0,2,True,True,1.0,1.0,,,,,,,,,,True
2026-04-24,2026-04,12,0.090828332611737,0.7328189252404259,0,2,False,False,1.0,1.0,,,,,,,,,,True
2026-04-24,2026-04,13,0.0545122229902926,0.2608441171963644,0,2,False,False,1.0,1.0,,,,,,,,,,True
2026-04-24,2026-04,14,0.0577460526355932,0.3141202401055235,0,2,False,False,1.0,1.0,,,,,,,,,,True
2026-04-24,2026-04,15,0.0566144767455532,0.2958251156619431,0,2,False,False,1.0,1.0,,,,,,,,,,True
2026-04-24,2026-04,18,0.0106800954986335,-1.2460501395994947,1,2,False,False,1.0,1.0,,,,,,,,,,True
2026-04-24,2026-04,19,0.0213779162778075,-0.604503053642698,1,2,False,False,1.0,1.0,,,,,,,,,,True
2026-04-24,2026-04,20,0.070661539353416,0.5007172790637764,1,2,True,False,1.0,1.0,,,,,,,,,,True
2026-04-24,2026-04,21,0.0688739416459802,0.4770295972107374,1,2,True,False,1.0,1.0,,,,,,,,,,True
2026-04-27,2026-04,8,0.0001846403893338,-4.671365949367218,0,2,False,False,0.0,0.0,,,,,,,,,,True
2026-04-27,2026-04,9,0.0182540422245537,-0.424688273277443,0,2,False,False,0.0,0.0,,,,,,,,,,True
2026-04-27,2026-04,10,0.2239646075809041,1.893002995189723,0,2,True,False,0.0,0.0,,,,,,,,,,True
2026-04-27,2026-04,11,0.2629811004447633,2.041464322290357,0,2,True,False,0.0,0.0,,,,,,,,,,True
2026-04-27,2026-04,12,0.1861893502178876,1.7222349183827437,0,2,False,False,0.0,0.0,,,,,,,,,,True
2026-04-27,2026-04,13,0.0912497555608872,1.0629502248187526,0,2,False,False,0.0,0.0,,,,,,,,,,True
2026-04-27,2026-04,14,0.0659318748926397,0.7625238643397921,0,2,False,False,0.0,0.0,,,,,,,,,,True
2026-04-27,2026-04,15,0.0399337938585414,0.2990052247125691,0,2,False,True,0.0,0.0,,,,,,,,,,True
2026-04-27,2026-04,18,0.0075096488207702,-1.2457832293503763,1,2,False,False,0.0,0.0,,,,,,,,,,True
2026-04-27,2026-04,19,0.0135793778660138,-0.6981723881435312,1,2,False,False,0.0,0.0,,,,,,,,,,True
2026-04-27,2026-04,20,0.0488040689384357,0.4844414564451458,1,2,True,False,0.0,0.0,,,,,,,,,,True
2026-04-27,2026-04,21,0.041417739205269,0.332735043338734,1,2,True,False,0.0,0.0,,,,,,,,,,True
2026-04-28,2026-04,8,0.0005728172668753,-4.026712702185104,0,2,False,False,0.0,0.0,,,,,,,,,,True
2026-04-28,2026-04,9,0.0373671170359293,-0.1643772893952272,0,2,False,False,0.0,0.0,,,,,,,,,,True
2026-04-28,2026-04,10,0.2464866245565911,1.579613990312534,0,2,True,False,0.0,0.0,,,,,,,,,,True
2026-04-28,2026-04,11,0.2133148703004525,1.4459953990270786,0,2,True,False,0.0,0.0,,,,,,,,,,True
2026-04-28,2026-04,12,0.0951617370272257,0.699786892601311,0,2,False,False,0.0,0.0,,,,,,,,,,True
2026-04-28,2026-04,13,0.0399307326361024,-0.1030352136812898,0,2,False,True,0.0,0.0,,,,,,,,,,True
2026-04-28,2026-04,14,0.054339543131395,0.181793470197984,0,2,False,False,0.0,0.0,,,,,,,,,,True
2026-04-28,2026-04,15,0.0662954261778471,0.3656377534999043,0,2,False,False,0.0,0.0,,,,,,,,,,True
2026-04-28,2026-04,18,0.0060109497443165,-1.8535409750573768,1,2,False,False,0.0,0.0,,,,,,,,,,True
2026-04-28,2026-04,19,0.0108357484117721,-1.3087919208266503,1,2,False,False,0.0,0.0,,,,,,,,,,True
2026-04-28,2026-04,20,0.0982466136323814,0.7292794934919011,1,2,True,False,0.0,0.0,,,,,,,,,,True
2026-04-28,2026-04,21,0.131437820079111,0.9983436871838072,1,2,True,False,0.0,0.0,,,,,,,,,,True
2026-04-29,2026-04,8,0.0004533870702532,-4.368459457081449,0,2,False,False,1.0,1.0,,,,,,,,,,True
2026-04-29,2026-04,9,0.0306577752322817,-0.4729217071824665,0,2,False,False,1.0,1.0,,,,,,,,,,True
2026-04-29,2026-04,10,0.2251029859890558,1.3701291306975505,0,2,True,True,1.0,1.0,,,,,,,,,,True
2026-04-29,2026-04,11,0.256123694437668,1.4894780000285273,0,2,True,False,1.0,1.0,,,,,,,,,,True
2026-04-29,2026-04,12,0.0728433557129603,0.3271208954023498,0,2,False,False,1.0,1.0,,,,,,,,,,True
2026-04-29,2026-04,13,0.0467350228044572,-0.0831664097125452,0,2,False,False,1.0,1.0,,,,,,,,,,True
2026-04-29,2026-04,14,0.071654338736974,0.3119066434111729,0,2,False,False,1.0,1.0,,,,,,,,,,True
2026-04-29,2026-04,15,0.0669761716432479,0.249490704583764,0,2,False,False,1.0,1.0,,,,,,,,,,True
2026-04-29,2026-04,18,0.0098006819932727,-1.5271968165588403,1,2,False,False,1.0,1.0,,,,,,,,,,True
2026-04-29,2026-04,19,0.010206243505407,-1.4897125048469448,1,2,False,False,1.0,1.0,,,,,,,,,,True
2026-04-29,2026-04,20,0.0654888425288535,0.2287302047340411,1,2,True,False,1.0,1.0,,,,,,,,,,True
2026-04-29,2026-04,21,0.1439575003455682,0.9568628701270908,1,2,True,False,1.0,1.0,,,,,,,,,,True
2026-04-30,2026-04,8,0.0002282213243584,-4.784835240460549,0,2,False,False,1.0,1.0,,,,,,,,,,True
2026-04-30,2026-04,9,0.0162283461943483,-0.8427943834632424,0,2,False,False,1.0,1.0,,,,,,,,,,True
2026-04-30,2026-04,10,0.1582202928119912,1.2623909965158229,0,2,False,False,1.0,1.0,,,,,,,,,,True
2026-04-30,2026-04,11,0.1778818421816571,1.3706729964219186,0,2,True,False,1.0,1.0,,,,,,,,,,True
2026-04-30,2026-04,12,0.1088644769920463,0.9167532384646288,0,2,False,False,1.0,1.0,,,,,,,,,,True
2026-04-30,2026-04,13,0.0482744016416056,0.1649879104540625,0,2,False,False,1.0,1.0,,,,,,,,,,True
2026-04-30,2026-04,14,0.1139305746035129,0.9588023230857295,0,2,False,False,1.0,1.0,,,,,,,,,,True
2026-04-30,2026-04,15,0.2042633357628015,1.498515721617393,0,2,True,True,1.0,1.0,,,,,,,,,,True
2026-04-30,2026-04,18,0.0167386743276371,-0.8141711843957118,1,2,False,False,1.0,1.0,,,,,,,,,,True
2026-04-30,2026-04,19,0.0121654066013194,-1.1091868905288098,1,2,False,False,1.0,1.0,,,,,,,,,,True
2026-04-30,2026-04,20,0.0602767937457734,0.3702582183827778,1,2,True,False,1.0,1.0,,,,,,,,,,True
2026-04-30,2026-04,21,0.0829276338129482,0.665177497152008,1,2,True,False,1.0,1.0,,,,,,,,,,True
2026-05-04,2026-05,8,0.0004863677681975,-4.430723353642691,0,2,False,False,1.0,1.0,,,,,,,,,,True
2026-05-04,2026-05,9,0.0305770016097082,-0.6025382999686733,0,2,False,False,1.0,1.0,,,,,,,,,,True
2026-05-04,2026-05,10,0.1660036145192336,0.9614114166852646,0,2,True,False,1.0,1.0,,,,,,,,,,True
2026-05-04,2026-05,11,0.1587505323685509,0.9201110619262174,0,2,True,False,1.0,1.0,,,,,,,,,,True
2026-05-04,2026-05,12,0.1026413039096953,0.5169641382150525,0,2,False,False,1.0,1.0,,,,,,,,,,True
2026-05-04,2026-05,13,0.0701451265795607,0.1650497778187808,0,2,False,False,1.0,1.0,,,,,,,,,,True
2026-05-04,2026-05,14,0.1234983723444211,0.687975976863705,0,2,False,False,1.0,1.0,,,,,,,,,,True
2026-05-04,2026-05,15,0.119460649299847,0.657246359754316,0,2,False,False,1.0,1.0,,,,,,,,,,True
2026-05-04,2026-05,20,0.0266470151215347,-0.7297158853536718,1,2,True,False,1.0,1.0,,,,,,,,,,True
2026-05-04,2026-05,21,0.2017900164792503,1.1418808642560792,1,2,True,True,1.0,1.0,,,,,,,,,,True
2026-05-05,2026-05,8,0.000221531675332,-5.074843926515514,0,2,False,False,0.0,0.0,,,,,,,,,,True
2026-05-05,2026-05,9,0.0252394543182998,-0.6970178026909152,0,2,False,False,0.0,0.0,,,,,,,,,,True
2026-05-05,2026-05,10,0.1333191428532018,0.8415797729307015,0,2,True,False,0.0,0.0,,,,,,,,,,True
2026-05-05,2026-05,11,0.1745012621901668,1.090429049004798,0,2,True,False,0.0,0.0,,,,,,,,,,True
2026-05-05,2026-05,12,0.1097634559532067,0.6618497912690761,0,2,False,False,0.0,0.0,,,,,,,,,,True
2026-05-05,2026-05,13,0.0807293057029454,0.3778345597333715,0,2,False,True,0.0,0.0,,,,,,,,,,True
2026-05-05,2026-05,14,0.1309182520832218,0.8247799873010767,0,2,False,False,0.0,0.0,,,,,,,,,,True
2026-05-05,2026-05,15,0.1206690883628977,0.7494177584913374,0,2,False,False,0.0,0.0,,,,,,,,,,True
2026-05-05,2026-05,20,0.015316219710095,-1.1587771741800674,1,2,True,False,0.0,0.0,,,,,,,,,,True
2026-05-05,2026-05,21,0.2093222871506327,1.2586264725498564,1,2,True,False,0.0,0.0,,,,,,,,,,True
2026-05-06,2026-05,8,0.0001269031387013,-5.340734243058759,0,2,False,False,0.0,1.0,,,,,,,,,,True
2026-05-06,2026-05,9,0.0108011205039464,-1.2324936644616826,0,2,False,False,0.0,1.0,,,,,,,,,,True
2026-05-06,2026-05,10,0.1369815412051148,1.1157921197555931,0,2,False,False,0.0,1.0,,,,,,,,,,True
2026-05-06,2026-05,11,0.1851328513708158,1.394262039535511,0,2,True,False,0.0,1.0,,,,,,,,,,True
2026-05-06,2026-05,12,0.1360027993305456,1.109163151170575,0,2,False,False,0.0,1.0,,,,,,,,,,True
2026-05-06,2026-05,13,0.0862405266379205,0.6880433492020575,0,2,False,False,0.0,1.0,,,,,,,,,,True
2026-05-06,2026-05,14,0.1660541583436164,1.2937190854559362,0,2,True,False,0.0,1.0,,,,,,,,,,True
2026-05-06,2026-05,15,0.1646347930600588,1.285783283415311,0,2,False,False,0.0,1.0,,,,,,,,,,True
2026-05-06,2026-05,20,0.0089347314330521,-1.4078654300775597,1,2,True,False,0.0,1.0,,,,,,,,,,True
2026-05-06,2026-05,21,0.1050905749762277,0.8707909306542816,1,2,True,True,0.0,1.0,,,,,,,,,,True
2026-05-07,2026-05,8,1.881888950669149e-05,-6.552432626156698,0,2,False,False,0.0,0.0,,,,,,,,,,True
2026-05-07,2026-05,9,0.0046382265103003,-1.461274493090593,0,2,False,False,0.0,0.0,,,,,,,,,,True
2026-05-07,2026-05,10,0.0982568509982623,1.3613067311964813,0,2,False,False,0.0,0.0,,,,,,,,,,True
2026-05-07,2026-05,11,0.2061470124342608,2.0463288058196314,0,2,True,False,0.0,0.0,,,,,,,,,,True
2026-05-07,2026-05,12,0.1783206215610624,1.912277571664788,0,2,False,True,0.0,0.0,,,,,,,,,,True
2026-05-07,2026-05,13,0.1269470059259164,1.598136850771604,0,2,False,False,0.0,0.0,,,,,,,,,,True
2026-05-07,2026-05,14,0.2177799703568858,2.097077141823725,0,2,True,False,0.0,0.0,,,,,,,,,,True
2026-05-07,2026-05,15,0.1429205924830374,1.7077022226690468,0,2,False,False,0.0,0.0,,,,,,,,,,True
2026-05-07,2026-05,20,0.0029719415538115,-1.8727627774389537,1,2,True,False,0.0,0.0,,,,,,,,,,True
2026-05-07,2026-05,21,0.021998959286956,-0.0222165120380819,1,2,True,False,0.0,0.0,,,,,,,,,,True
2026-05-08,2026-05,8,4.029742813350008e-06,-8.02461098596813,0,2,False,False,1.0,1.0,,,,,,,,,,True
2026-05-08,2026-05,9,0.0020101308884312,-2.281690894493061,0,2,False,False,1.0,1.0,,,,,,,,,,True
2026-05-08,2026-05,10,0.0468394689764876,0.6289659292368999,0,2,False,False,1.0,1.0,,,,,,,,,,True
2026-05-08,2026-05,11,0.0926423299653278,1.2594596361306605,0,2,False,False,1.0,1.0,,,,,,,,,,True
2026-05-08,2026-05,12,0.0803055556177135,1.1273488533875853,0,2,False,False,1.0,1.0,,,,,,,,,,True
2026-05-08,2026-05,13,0.1566947103164383,1.7453075891879737,0,2,False,False,1.0,1.0,,,,,,,,,,True
2026-05-08,2026-05,14,0.284356306052049,2.2962141455925025,0,2,True,True,1.0,1.0,,,,,,,,,,True
2026-05-08,2026-05,15,0.3019236784059897,2.351631454423745,0,2,True,False,1.0,1.0,,,,,,,,,,True
2026-05-08,2026-05,20,0.0046392129698306,-1.5085314243102743,1,2,True,False,1.0,1.0,,,,,,,,,,True
2026-05-08,2026-05,21,0.0305845770649186,0.2349370736324158,1,2,True,False,1.0,1.0,,,,,,,,,,True
2026-05-12,2026-05,8,3.774750860871736e-05,-6.241380438537771,0,2,False,False,0.0,0.0,,,,,,,,,,True
2026-05-12,2026-05,9,0.0054661324698763,-1.6418627502125205,0,2,False,False,0.0,0.0,,,,,,,,,,True
2026-05-12,2026-05,10,0.1158517064144358,1.1811684548102193,0,2,False,False,0.0,0.0,,,,,,,,,,True
2026-05-12,2026-05,11,0.190540494187103,1.6411322850392391,0,2,True,False,0.0,0.0,,,,,,,,,,True
2026-05-12,2026-05,12,0.1591686130997313,1.474823045582118,0,2,False,False,0.0,0.0,,,,,,,,,,True
2026-05-12,2026-05,13,0.1105023775154344,1.1374660332311772,0,2,False,False,0.0,0.0,,,,,,,,,,True
2026-05-12,2026-05,14,0.1611856323340705,1.4864642780011774,0,2,False,True,0.0,0.0,,,,,,,,,,True
2026-05-12,2026-05,15,0.2192958455564107,1.7710702497540962,0,2,True,False,0.0,0.0,,,,,,,,,,True
2026-05-12,2026-05,20,0.0039873226793012,-1.933481890172051,1,2,True,False,0.0,0.0,,,,,,,,,,True
2026-05-12,2026-05,21,0.0339641282350277,0.0468620642593977,1,2,True,False,0.0,0.0,,,,,,,,,,True
2026-05-13,2026-05,8,5.400262163417667e-06,-7.770765968217924,0,2,False,False,0.0,1.0,,,,,,,,,,True
2026-05-13,2026-05,9,0.0014279439976198,-2.6146030674728067,0,2,False,False,0.0,1.0,,,,,,,,,,True
2026-05-13,2026-05,10,0.0529561087161758,0.7256472279558791,0,2,False,False,0.0,1.0,,,,,,,,,,True
2026-05-13,2026-05,11,0.1547404311663156,1.716922244368189,0,2,False,False,0.0,1.0,,,,,,,,,,True
2026-05-13,2026-05,12,0.1128117177476065,1.424769200382833,0,2,False,False,0.0,1.0,,,,,,,,,,True
2026-05-13,2026-05,13,0.1264111034084215,1.529989332553233,0,2,False,False,0.0,1.0,,,,,,,,,,True
2026-05-13,2026-05,14,0.2449314403101437,2.141456971505696,0,2,True,False,0.0,1.0,,,,,,,,,,True
2026-05-13,2026-05,15,0.2957151015692714,2.315640237102232,0,2,True,False,0.0,1.0,,,,,,,,,,True
2026-05-13,2026-05,20,0.0042440005148248,-1.6076262093150355,1,2,True,False,0.0,1.0,,,,,,,,,,True
2026-05-13,2026-05,21,0.0067567523074571,-1.1777234344468954,1,2,True,True,0.0,1.0,,,,,,,,,,True
2026-05-14,2026-05,8,3.239734567442192e-06,-8.08232640358277,0,2,False,False,0.0,0.0,,,,,,,,,,True
2026-05-14,2026-05,9,0.0023975748919116,-1.9747391678720685,0,2,False,False,0.0,0.0,,,,,,,,,,True
2026-05-14,2026-05,10,0.05780278393238,0.967397795071085,0,2,False,False,0.0,0.0,,,,,,,,,,True
2026-05-14,2026-05,11,0.1587028407926117,1.90108966317514,0,2,False,False,0.0,0.0,,,,,,,,,,True
2026-05-14,2026-05,12,0.1808945035193977,2.0220821906408952,0,2,False,True,0.0,0.0,,,,,,,,,,True
2026-05-14,2026-05,13,0.1363790964985378,1.760947544937073,0,2,False,False,0.0,0.0,,,,,,,,,,True
2026-05-14,2026-05,14,0.2351410455705171,2.264539233009941,0,2,True,False,0.0,0.0,,,,,,,,,,True
2026-05-14,2026-05,15,0.2097760595103197,2.159017875378831,0,2,True,False,0.0,0.0,,,,,,,,,,True
2026-05-14,2026-05,20,0.0018904445916123,-2.194430885544364,1,2,True,False,0.0,0.0,,,,,,,,,,True
2026-05-14,2026-05,21,0.0170124109581444,-0.1632919054795664,1,2,True,False,0.0,0.0,,,,,,,,,,True
2026-05-15,2026-05,8,3.832504590994437e-06,-7.949507227002939,0,2,False,False,0.0,0.0,,,,,,,,,,True
2026-05-15,2026-05,9,0.0018538763735718,-2.235001997276129,0,2,False,False,0.0,0.0,,,,,,,,,,True
2026-05-15,2026-05,10,0.0666660574535532,1.0767653938558426,0,2,False,True,0.0,0.0,,,,,,,,,,True
2026-05-15,2026-05,11,0.161202604004726,1.8930238097618115,0,2,False,False,0.0,0.0,,,,,,,,,,True
2026-05-15,2026-05,12,0.1304115490833998,1.6970710181476036,0,2,False,False,0.0,0.0,,,,,,,,,,True
2026-05-15,2026-05,13,0.1066165696578464,1.510834660768123,0,2,False,False,0.0,0.0,,,,,,,,,,True
2026-05-15,2026-05,14,0.260132526191873,2.3354004069647134,0,2,True,False,0.0,0.0,,,,,,,,,,True
2026-05-15,2026-05,15,0.2462879857829852,2.2848424928042794,0,2,True,False,0.0,0.0,,,,,,,,,,True
2026-05-15,2026-05,20,0.0026376509386411,-1.909031554989707,1,2,True,False,0.0,0.0,,,,,,,,,,True
2026-05-15,2026-05,21,0.0241873480088122,0.139496212481949,1,2,True,False,0.0,0.0,,,,,,,,,,True
2026-05-18,2026-05,8,6.620097821387631e-07,-9.356540694640122,0,2,False,False,1.0,1.0,,,,,,,,,,True
2026-05-18,2026-05,9,0.0004626134894968,-3.3019751194707982,0,2,False,False,1.0,1.0,,,,,,,,,,True
2026-05-18,2026-05,10,0.0158324023287552,-0.035963559993247,0,2,False,False,1.0,1.0,,,,,,,,,,True
2026-05-18,2026-05,11,0.0478956479207655,0.9873717514935836,0,2,False,False,1.0,1.0,,,,,,,,,,True
2026-05-18,2026-05,12,0.0822254187135311,1.4869816424528788,0,2,False,False,1.0,1.0,,,,,,,,,,True
2026-05-18,2026-05,13,0.1623679528694359,2.115978318951876,0,2,False,False,1.0,1.0,,,,,,,,,,True
2026-05-18,2026-05,14,0.2810408103842564,2.6231640598014927,0,2,True,False,1.0,1.0,,,,,,,,,,True
2026-05-18,2026-05,15,0.3969237047370143,2.9423252308370484,0,2,True,True,1.0,1.0,,,,,,,,,,True
2026-05-18,2026-05,20,0.0051888097450419,-1.0672382959851647,1,2,True,False,1.0,1.0,,,,,,,,,,True
2026-05-18,2026-05,21,0.0080619778019203,-0.6598749448830442,1,2,True,False,1.0,1.0,,,,,,,,,,True
2026-05-19,2026-05,8,1.5970923115102165e-05,-6.725228326244454,0,2,False,False,1.0,1.0,,,,,,,,,,True
2026-05-19,2026-05,9,0.0016554822366953,-2.4347814966257086,0,2,False,False,1.0,1.0,,,,,,,,,,True
2026-05-19,2026-05,10,0.0409547222202349,0.5312022199075455,0,2,False,False,1.0,1.0,,,,,,,,,,True
2026-05-19,2026-05,11,0.123192951305215,1.5492854444943331,0,2,False,False,1.0,1.0,,,,,,,,,,True
2026-05-19,2026-05,12,0.1566607975090835,1.7714596602032364,0,2,False,False,1.0,1.0,,,,,,,,,,True
2026-05-19,2026-05,13,0.254736119023178,2.220876878005201,0,2,True,False,1.0,1.0,,,,,,,,,,True
2026-05-19,2026-05,14,0.2966014857095687,2.361542430529087,0,2,True,True,1.0,1.0,,,,,,,,,,True
2026-05-19,2026-05,15,0.1188409159012857,1.5160365846778012,0,2,False,False,1.0,1.0,,,,,,,,,,True
2026-05-19,2026-05,20,0.0010229017330445,-2.8798572026560034,1,2,True,False,1.0,1.0,,,,,,,,,,True
2026-05-19,2026-05,21,0.006318653438579,-1.1965597410887296,1,2,True,False,1.0,1.0,,,,,,,,,,True
2026-05-20,2026-05,8,1.3810372455591753e-06,-8.7911205942562,0,2,False,False,1.0,1.0,,,,,,,,,,True
2026-05-20,2026-05,9,0.0013471568692257,-2.4282046159899258,0,2,False,False,1.0,1.0,,,,,,,,,,True
2026-05-20,2026-05,10,0.0421200349146747,0.754241403142342,0,2,False,False,1.0,1.0,,,,,,,,,,True
2026-05-20,2026-05,11,0.0907845770457252,1.4641878750841772,0,2,False,False,1.0,1.0,,,,,,,,,,True
2026-05-20,2026-05,12,0.1581807307698342,1.9774879430430343,0,2,False,False,1.0,1.0,,,,,,,,,,True
2026-05-20,2026-05,13,0.1218560402325946,1.7363007491178852,0,2,False,False,1.0,1.0,,,,,,,,,,True
2026-05-20,2026-05,14,0.2418412417533413,2.369957160802036,0,2,True,True,1.0,1.0,,,,,,,,,,True
2026-05-20,2026-05,15,0.3313380396952322,2.661027466187199,0,2,True,False,1.0,1.0,,,,,,,,,,True
2026-05-20,2026-05,20,0.0047299708212916,-1.2671662409357367,1,2,True,False,1.0,1.0,,,,,,,,,,True
2026-05-20,2026-05,21,0.0078008268608344,-0.8046537536499213,1,2,True,False,1.0,1.0,,,,,,,,,,True
2026-05-21,2026-05,8,2.0203236061422424e-08,-11.816697500790225,0,2,False,False,1.0,1.0,,,,,,,,,,True
2026-05-21,2026-05,9,6.305111369871821e-05,-4.378699717833346,0,2,False,False,1.0,1.0,,,,,,,,,,True
2026-05-21,2026-05,10,0.0090413095786135,0.2117643243674265,0,2,False,False,1.0,1.0,,,,,,,,,,True
2026-05-21,2026-05,11,0.0320345125107524,1.3812032959210023,0,2,False,False,1.0,1.0,,,,,,,,,,True
2026-05-21,2026-05,12,0.0813109630226849,2.242298460676759,0,2,False,False,1.0,1.0,,,,,,,,,,True
2026-05-21,2026-05,13,0.2374827444680778,3.233137570465731,0,2,True,False,1.0,1.0,,,,,,,,,,True
2026-05-21,2026-05,14,0.4912502315986117,3.905082442397089,0,2,True,True,1.0,1.0,,,,,,,,,,True
2026-05-21,2026-05,15,0.1458066818845532,2.7821782962081514,0,2,False,False,1.0,1.0,,,,,,,,,,True
2026-05-21,2026-05,20,0.0013248127324286,-1.5636733200384838,1,2,True,False,1.0,1.0,,,,,,,,,,True
2026-05-21,2026-05,21,0.0016856728873426,-1.3409790068695495,1,2,True,False,1.0,1.0,,,,,,,,,,True
2026-05-22,2026-05,8,7.36662343097887e-08,-10.613529603929551,0,2,False,False,0.0,0.0,,,,,,,,,,True
2026-05-22,2026-05,9,0.0001597662884474,-3.5119721144907423,0,2,False,False,0.0,0.0,,,,,,,,,,True
2026-05-22,2026-05,10,0.0143110596255149,0.6435030945707477,0,2,False,False,0.0,0.0,,,,,,,,,,True
2026-05-22,2026-05,11,0.0692086097046152,2.1005227445479218,0,2,False,True,0.0,0.0,,,,,,,,,,True
2026-05-22,2026-05,12,0.173323125503703,2.949198231715348,0,2,False,False,0.0,0.0,,,,,,,,,,True
2026-05-22,2026-05,13,0.1814859859757384,2.9917421920308414,0,2,False,False,0.0,0.0,,,,,,,,,,True
2026-05-22,2026-05,14,0.2931920826262796,3.4351544459694097,0,2,True,False,0.0,0.0,,,,,,,,,,True
2026-05-22,2026-05,15,0.2662624127659871,3.346087678821595,0,2,True,False,0.0,0.0,,,,,,,,,,True
2026-05-22,2026-05,20,0.0009385190919708,-1.8751482119161904,1,2,True,False,0.0,0.0,,,,,,,,,,True
2026-05-22,2026-05,21,0.001118364751509,-1.7130738660489555,1,2,True,False,0.0,0.0,,,,,,,,,,True
2026-05-25,2026-05,8,3.1085972451163483e-06,-8.02570816240729,0,2,False,False,1.0,1.0,,,,,,,,,,True
2026-05-25,2026-05,9,0.0009086303085686,-2.776893772086823,0,2,False,False,1.0,1.0,,,,,,,,,,True
2026-05-25,2026-05,10,0.0449102998645475,0.828910800531556,0,2,False,False,1.0,1.0,,,,,,,,,,True
2026-05-25,2026-05,11,0.0999005924378881,1.568016802083552,0,2,False,False,1.0,1.0,,,,,,,,,,True
2026-05-25,2026-05,12,0.1714184311521287,2.067157142203324,0,2,False,False,1.0,1.0,,,,,,,,,,True
2026-05-25,2026-05,13,0.1534268984326024,1.964651007599244,0,2,False,False,1.0,1.0,,,,,,,,,,True
2026-05-25,2026-05,14,0.3165948800626155,2.6343218099648427,0,2,True,False,1.0,1.0,,,,,,,,,,True
2026-05-25,2026-05,15,0.2033473568038074,2.2250607791326047,0,2,True,True,1.0,1.0,,,,,,,,,,True
2026-05-25,2026-05,20,0.0032184400948294,-1.6077284752581216,1,2,True,False,1.0,1.0,,,,,,,,,,True
2026-05-25,2026-05,21,0.006271362245767,-0.9910304978203616,1,2,True,False,1.0,1.0,,,,,,,,,,True
2026-05-26,2026-05,8,0.0002658052465084,-4.503796152753671,0,2,False,False,1.0,1.0,,,,,,,,,,True
2026-05-26,2026-05,9,0.0194961396480243,-0.5330890140459664,0,2,False,False,1.0,1.0,,,,,,,,,,True
2026-05-26,2026-05,10,0.1234384455759305,1.1730085764602325,0,2,False,False,1.0,1.0,,,,,,,,,,True
2026-05-26,2026-05,11,0.1928932956970573,1.5856782475902338,0,2,True,True,1.0,1.0,,,,,,,,,,True
2026-05-26,2026-05,12,0.1590333120437589,1.4072375972913571,0,2,False,False,1.0,1.0,,,,,,,,,,True
2026-05-26,2026-05,13,0.1644330681992971,1.4381049234811003,0,2,False,False,1.0,1.0,,,,,,,,,,True
2026-05-26,2026-05,14,0.144891123571833,1.3211425023477137,0,2,False,False,1.0,1.0,,,,,,,,,,True
2026-05-26,2026-05,15,0.1712089528266617,1.475435298219201,0,2,True,False,1.0,1.0,,,,,,,,,,True
2026-05-26,2026-05,20,0.0105182257798627,-1.1035738420413252,1,2,True,False,1.0,1.0,,,,,,,,,,True
2026-05-26,2026-05,21,0.0138216314110657,-0.8510830011107092,1,2,True,False,1.0,1.0,,,,,,,,,,True
2026-05-27,2026-05,8,9.632275904250455e-05,-5.6229191628227095,0,2,False,False,1.0,1.0,,,,,,,,,,True
2026-05-27,2026-05,9,0.0059000734063904,-1.8187910070005704,0,2,False,False,1.0,1.0,,,,,,,,,,True
2026-05-27,2026-05,10,0.1761542620603826,1.32100839049719,0,2,False,False,1.0,1.0,,,,,,,,,,True
2026-05-27,2026-05,11,0.2278214629108114,1.5587790645638138,0,2,True,False,1.0,1.0,,,,,,,,,,True
2026-05-27,2026-05,12,0.1761744946104901,1.3211145640130937,0,2,True,True,1.0,1.0,,,,,,,,,,True
2026-05-27,2026-05,13,0.0920986802233965,0.721502704753597,0,2,False,False,1.0,1.0,,,,,,,,,,True
2026-05-27,2026-05,14,0.1311191549557561,1.048061037642087,0,2,False,False,1.0,1.0,,,,,,,,,,True
2026-05-27,2026-05,15,0.1526069206001925,1.1883547046502414,0,2,False,False,1.0,1.0,,,,,,,,,,True
2026-05-27,2026-05,20,0.0112128318353468,-1.225206849579302,1,2,True,False,1.0,1.0,,,,,,,,,,True
2026-05-27,2026-05,21,0.0268157966381907,-0.4191485669863231,1,2,True,False,1.0,1.0,,,,,,,,,,True
2026-05-28,2026-05,8,4.3565585160418846e-05,-6.181210383056732,0,2,False,False,0.0,0.0,,,,,,,,,,True
2026-05-28,2026-05,9,0.0076145038973426,-1.4077707506119266,0,2,False,False,0.0,0.0,,,,,,,,,,True
2026-05-28,2026-05,10,0.1360717649101616,1.2575380434403975,0,2,False,True,0.0,0.0,,,,,,,,,,True
2026-05-28,2026-05,11,0.1720044832036864,1.4741720320948657,0,2,False,False,0.0,0.0,,,,,,,,,,True
2026-05-28,2026-05,12,0.1776172518270451,1.5038565291364088,0,2,True,False,0.0,0.0,,,,,,,,,,True
2026-05-28,2026-05,13,0.1184401158738994,1.1292474708906337,0,2,False,False,0.0,0.0,,,,,,,,,,True
2026-05-28,2026-05,14,0.1806150886955131,1.5193292613532432,0,2,True,False,0.0,0.0,,,,,,,,,,True
2026-05-28,2026-05,15,0.170642106719649,1.466820689231643,0,2,False,False,0.0,0.0,,,,,,,,,,True
2026-05-28,2026-05,20,0.0037478090984954,-2.063098382877352,1,2,True,False,0.0,0.0,,,,,,,,,,True
2026-05-28,2026-05,21,0.0332033101890466,-0.0464297827443508,1,2,True,False,0.0,0.0,,,,,,,,,,True
2026-05-29,2026-05,8,6.122568982351936e-05,-5.861399994810156,0,2,False,False,1.0,1.0,,,,,,,,,,True
2026-05-29,2026-05,9,0.0129838942686068,-0.9092127810666484,0,2,False,False,1.0,1.0,,,,,,,,,,True
2026-05-29,2026-05,10,0.1541290777273189,1.3779524298556385,0,2,False,False,1.0,1.0,,,,,,,,,,True
2026-05-29,2026-05,11,0.2382169902559639,1.7804503859164929,0,2,True,False,1.0,1.0,,,,,,,,,,True
2026-05-29,2026-05,12,0.1756134462953763,1.4985884459444554,0,2,True,True,1.0,1.0,,,,,,,,,,True
2026-05-29,2026-05,13,0.1063719418207048,1.035121267502544,0,2,False,False,1.0,1.0,,,,,,,,,,True
2026-05-29,2026-05,14,0.1371890660618352,1.2703182866574672,0,2,False,False,1.0,1.0,,,,,,,,,,True
2026-05-29,2026-05,15,0.1514991351114989,1.3620421720996494,0,2,False,False,1.0,1.0,,,,,,,,,,True
2026-05-29,2026-05,20,0.0084954116808043,-1.301349410518983,1,2,True,False,1.0,1.0,,,,,,,,,,True
2026-05-29,2026-05,21,0.0154398110880669,-0.7490613226724705,1,2,True,False,1.0,1.0,,,,,,,,,,True
2026-06-01,2026-06,8,4.354812516543353e-05,-6.108255470666328,0,2,False,False,1.0,1.0,,,,,,,,,,True
2026-06-01,2026-06,9,0.0059249425541317,-1.56637496723235,0,2,False,False,1.0,1.0,,,,,,,,,,True
2026-06-01,2026-06,10,0.1292414000418086,1.2832539035838977,0,2,False,False,1.0,1.0,,,,,,,,,,True
2026-06-01,2026-06,11,0.2274473156283842,1.80578722434453,0,2,True,False,1.0,1.0,,,,,,,,,,True
2026-06-01,2026-06,12,0.1784628960376037,1.581572921025029,0,2,True,True,1.0,1.0,,,,,,,,,,True
2026-06-01,2026-06,13,0.1101927464762426,1.1358494360388436,0,2,False,False,1.0,1.0,,,,,,,,,,True
2026-06-01,2026-06,14,0.1155243789132963,1.1795301920530905,0,2,False,False,1.0,1.0,,,,,,,,,,True
2026-06-01,2026-06,15,0.1144953296516945,1.171258627200097,0,2,False,False,1.0,1.0,,,,,,,,,,True
2026-06-01,2026-06,16,0.0767821114082391,0.8018830113625266,0,2,False,False,1.0,1.0,,,,,,,,,,True
2026-06-01,2026-06,20,0.0045238745681629,-1.8157937130033768,1,2,True,False,1.0,1.0,,,,,,,,,,True
2026-06-01,2026-06,21,0.0373614565952707,0.1359716403446633,1,2,True,False,1.0,1.0,,,,,,,,,,True
2026-06-02,2026-06,8,4.367539852384478e-05,-6.163547047755237,0,2,False,False,0.0,0.0,,,,,,,,,,True
2026-06-02,2026-06,9,0.0071738355744657,-1.4475452363321124,0,2,False,False,0.0,0.0,,,,,,,,,,True
2026-06-02,2026-06,10,0.1123323594382862,1.095638023020202,0,2,False,False,0.0,0.0,,,,,,,,,,True
2026-06-02,2026-06,11,0.2400497862810405,1.797651298863948,0,2,True,False,0.0,0.0,,,,,,,,,,True
2026-06-02,2026-06,12,0.1368661807850614,1.2782555440621848,0,2,False,True,0.0,0.0,,,,,,,,,,True
2026-06-02,2026-06,13,0.0805733877623546,0.7884490756359219,0,2,False,False,0.0,0.0,,,,,,,,,,True
2026-06-02,2026-06,14,0.1296961818920986,1.2285117742013734,0,2,False,False,0.0,0.0,,,,,,,,,,True
2026-06-02,2026-06,15,0.1441133453540761,1.3259539039399004,0,2,True,False,0.0,0.0,,,,,,,,,,True
2026-06-02,2026-06,16,0.0927784836966753,0.918839435558316,0,2,False,False,0.0,0.0,,,,,,,,,,True
2026-06-02,2026-06,20,0.0071180430118613,-1.454763003406489,1,2,True,False,0.0,0.0,,,,,,,,,,True
2026-06-02,2026-06,21,0.0492547208055561,0.3334685497215106,1,2,True,False,0.0,0.0,,,,,,,,,,True
2026-06-03,2026-06,8,1.202243980660363e-05,-7.07867800843488,0,2,False,False,1.0,1.0,,,,,,,,,,True
2026-06-03,2026-06,9,0.0024663050894127,-2.1571793987153933,0,2,False,False,1.0,1.0,,,,,,,,,,True
2026-06-03,2026-06,10,0.0682796051863676,0.9128190784066508,0,2,False,False,1.0,1.0,,,,,,,,,,True
2026-06-03,2026-06,11,0.1861578237016309,1.84002789011984,0,2,True,True,1.0,1.0,,,,,,,,,,True
2026-06-03,2026-06,12,0.1606583911511358,1.7038429135870858,0,2,False,False,1.0,1.0,,,,,,,,,,True
2026-06-03,2026-06,13,0.1126953360149532,1.3760398965297798,0,2,False,False,1.0,1.0,,,,,,,,,,True
2026-06-03,2026-06,14,0.1503362777122542,1.6424541480319923,0,2,False,False,1.0,1.0,,,,,,,,,,True
2026-06-03,2026-06,15,0.1695527752741831,1.7536559314758655,0,2,True,False,1.0,1.0,,,,,,,,,,True
2026-06-03,2026-06,16,0.1104925529380273,1.3577913249971414,0,2,False,False,1.0,1.0,,,,,,,,,,True
2026-06-03,2026-06,20,0.0039498746368964,-1.721797663715015,1,2,True,False,1.0,1.0,,,,,,,,,,True
2026-06-03,2026-06,21,0.0353990358553317,0.3055230067388841,1,2,True,False,1.0,1.0,,,,,,,,,,True
2026-06-04,2026-06,8,1.6956725401747796e-06,-8.482181533413563,0,2,False,False,0.0,1.0,,,,,,,,,,True
2026-06-04,2026-06,9,0.0010464139183207,-2.5425455095406537,0,2,False,False,0.0,1.0,,,,,,,,,,True
2026-06-04,2026-06,10,0.038272559073086,0.7848885516068456,0,2,False,False,0.0,1.0,,,,,,,,,,True
2026-06-04,2026-06,11,0.1303884179675284,1.9180658142577136,0,2,False,False,0.0,1.0,,,,,,,,,,True
2026-06-04,2026-06,12,0.1584916120153389,2.09850362027818,0,2,False,False,0.0,1.0,,,,,,,,,,True
2026-06-04,2026-06,13,0.1544575206585488,2.074668919786389,0,2,False,False,0.0,1.0,,,,,,,,,,True
2026-06-04,2026-06,14,0.1879567589552195,2.2561319182084167,0,2,True,False,0.0,1.0,,,,,,,,,,True
2026-06-04,2026-06,15,0.1877759321520578,2.2552421077207643,0,2,True,False,0.0,1.0,,,,,,,,,,True
2026-06-04,2026-06,16,0.1302813313158866,1.9173062607130464,0,2,False,False,0.0,1.0,,,,,,,,,,True
2026-06-04,2026-06,20,0.0029410949874274,-1.5872063701497183,1,2,True,False,0.0,1.0,,,,,,,,,,True
2026-06-04,2026-06,21,0.0083866632840453,-0.6185109276024296,1,2,True,True,0.0,1.0,,,,,,,,,,True
2026-06-05,2026-06,8,4.200938009201996e-07,-9.358937265512852,0,2,False,False,1.0,1.0,,,,,,,,,,True
2026-06-05,2026-06,9,0.0004719083362491,-2.865539499780593,0,2,False,False,1.0,1.0,,,,,,,,,,True
2026-06-05,2026-06,10,0.0338158077614254,1.08361964030153,0,2,False,False,1.0,1.0,,,,,,,,,,True
2026-06-05,2026-06,11,0.1442058473447153,2.424362608711048,0,2,False,False,1.0,1.0,,,,,,,,,,True
2026-06-05,2026-06,12,0.1738962767867271,2.5974356800164538,0,2,True,True,1.0,1.0,,,,,,,,,,True
2026-06-05,2026-06,13,0.1453718112511966,2.431807117836201,0,2,False,False,1.0,1.0,,,,,,,,,,True
2026-06-05,2026-06,14,0.2480381738322707,2.92572992181971,0,2,True,False,1.0,1.0,,,,,,,,,,True
2026-06-05,2026-06,15,0.169252061046099,2.5724108768118272,0,2,False,False,1.0,1.0,,,,,,,,,,True
2026-06-05,2026-06,16,0.0787811954552095,1.865469924258115,0,2,False,False,1.0,1.0,,,,,,,,,,True
2026-06-05,2026-06,20,0.0009576858678262,-2.2112734612905776,1,2,True,False,1.0,1.0,,,,,,,,,,True
2026-06-05,2026-06,21,0.0052088122244798,-0.6456357983652941,1,2,True,False,1.0,1.0,,,,,,,,,,True
2026-06-08,2026-06,8,1.0727106596047312e-07,-10.457933423761922,0,2,False,False,0.0,1.0,,,,,,,,,,True
2026-06-08,2026-06,9,0.000121945589802,-3.953526136195912,0,2,False,False,0.0,1.0,,,,,,,,,,True
2026-06-08,2026-06,10,0.012714495910543,0.3423242993151393,0,2,False,False,0.0,1.0,,,,,,,,,,True
2026-06-08,2026-06,11,0.0780910316421554,2.020324445391599,0,2,False,False,0.0,1.0,,,,,,,,,,True
2026-06-08,2026-06,12,0.1367652114696667,2.538377688570185,0,2,False,False,0.0,1.0,,,,,,,,,,True
2026-06-08,2026-06,13,0.112227257491518,2.3555770555309503,0,2,False,False,0.0,1.0,,,,,,,,,,True
2026-06-08,2026-06,14,0.227733789001161,3.00976580836014,0,2,True,False,0.0,1.0,,,,,,,,,,True
2026-06-08,2026-06,15,0.2581438289930496,3.1256360216368706,0,2,True,False,0.0,1.0,,,,,,,,,,True
2026-06-08,2026-06,16,0.1705077238108008,2.7422328258068305,0,2,False,False,0.0,1.0,,,,,,,,,,True
2026-06-08,2026-06,20,0.0014550839486153,-1.66158781796512,1,2,True,False,0.0,1.0,,,,,,,,,,True
2026-06-08,2026-06,21,0.0022395248716217,-1.2629646285545633,1,2,True,True,0.0,1.0,,,,,,,,,,True
2026-06-09,2026-06,8,5.1269478268446124e-09,-12.495936298092714,0,2,False,False,0.0,0.0,,,,,,,,,,True
2026-06-09,2026-06,9,1.302660109251862e-05,-5.248023979840296,0,2,False,False,0.0,0.0,,,,,,,,,,True
2026-06-09,2026-06,10,0.003319365270307,-0.1260732069341826,0,2,False,False,0.0,0.0,,,,,,,,,,True
2026-06-09,2026-06,11,0.0364248790167003,2.088428083948468,0,2,False,True,0.0,0.0,,,,,,,,,,True
2026-06-09,2026-06,12,0.0717598191273343,2.7152727110400643,0,2,False,False,0.0,0.0,,,,,,,,,,True
2026-06-09,2026-06,13,0.1652211191980113,3.486227460262603,0,2,False,False,0.0,0.0,,,,,,,,,,True
2026-06-09,2026-06,14,0.1907771216031908,3.619182997627453,0,2,False,False,0.0,0.0,,,,,,,,,,True
2026-06-09,2026-06,15,0.320716711539598,4.099391010322518,0,2,True,False,0.0,0.0,,,,,,,,,,True
2026-06-09,2026-06,16,0.2104871049123049,3.710073629992441,0,2,True,False,0.0,0.0,,,,,,,,,,True
2026-06-09,2026-06,20,0.0004064891322324,-2.067393099263337,1,2,True,False,0.0,0.0,,,,,,,,,,True
2026-06-09,2026-06,21,0.0008743584722803,-1.3593257111049213,1,2,True,False,0.0,0.0,,,,,,,,,,True
2026-06-10,2026-06,8,4.972253794580058e-10,-13.903962723732551,0,2,False,False,1.0,1.0,,,,,,,,,,True
2026-06-10,2026-06,9,2.1224492805822054e-06,-6.176445818767606,0,2,False,False,1.0,1.0,,,,,,,,,,True
2026-06-10,2026-06,10,0.000883101484461,-0.6012055009282588,0,2,False,False,1.0,1.0,,,,,,,,,,True
2026-06-10,2026-06,11,0.0061964680422316,1.1998964607374665,0,2,False,False,1.0,1.0,,,,,,,,,,True
2026-06-10,2026-06,12,0.0458797209642631,3.0506868413637567,0,2,False,False,1.0,1.0,,,,,,,,,,True
2026-06-10,2026-06,13,0.0892125547369033,3.665445110771439,0,2,False,False,1.0,1.0,,,,,,,,,,True
2026-06-10,2026-06,14,0.2421197220643009,4.588426255357991,0,2,False,False,1.0,1.0,,,,,,,,,,True
2026-06-10,2026-06,15,0.3520879402150088,4.934585504731695,0,2,True,True,1.0,1.0,,,,,,,,,,True
2026-06-10,2026-06,16,0.2631441989967071,4.665405105669043,0,2,True,False,1.0,1.0,,,,,,,,,,True
2026-06-10,2026-06,20,0.0001662936950955,-2.144746341192165,1,2,True,False,1.0,1.0,,,,,,,,,,True
2026-06-10,2026-06,21,0.0003078768545223,-1.5753362154174924,1,2,True,False,1.0,1.0,,,,,,,,,,True
2026-06-11,2026-06,8,1.4422927733367868e-10,-14.535879554473947,0,2,False,False,0.0,0.0,,,,,,,,,,True
2026-06-11,2026-06,9,1.8140293140170736e-06,-5.809383916867464,0,2,False,False,0.0,0.0,,,,,,,,,,True
2026-06-11,2026-06,10,0.0010743223792848,0.0922110096140598,0,2,False,False,0.0,0.0,,,,,,,,,,True
2026-06-11,2026-06,11,0.011249573561311,2.2634125679396946,0,2,False,False,0.0,0.0,,,,,,,,,,True
2026-06-11,2026-06,12,0.0544704164990864,3.721573804887328,0,2,False,True,0.0,0.0,,,,,,,,,,True
2026-06-11,2026-06,13,0.1630432678624519,4.735102408934824,0,2,False,False,0.0,0.0,,,,,,,,,,True
2026-06-11,2026-06,14,0.2743012587369144,5.216012082733579,0,2,True,False,0.0,0.0,,,,,,,,,,True
2026-06-11,2026-06,15,0.3038942149877252,5.3107245129350975,0,2,True,False,0.0,0.0,,,,,,,,,,True
2026-06-11,2026-06,16,0.1917334265743118,4.884946955091408,0,2,False,False,0.0,0.0,,,,,,,,,,True
2026-06-11,2026-06,20,9.70460196025674e-05,-2.13040848440346,1,2,True,False,0.0,0.0,,,,,,,,,,True
2026-06-11,2026-06,21,0.0001346592057684,-1.8275937257435035,1,2,True,False,0.0,0.0,,,,,,,,,,True
2026-06-15,2026-06,8,6.252249717112965e-08,-10.761051279297286,0,2,False,False,0.0,0.0,,,,,,,,,,True
2026-06-15,2026-06,9,9.785369455413854e-05,-3.961068502185828,0,2,False,False,0.0,0.0,,,,,,,,,,True
2026-06-15,2026-06,10,0.0112110342356983,0.4219180964970575,0,2,False,False,0.0,0.0,,,,,,,,,,True
2026-06-15,2026-06,11,0.0310033408359506,1.362265903236135,0,2,False,False,0.0,0.0,,,,,,,,,,True
2026-06-15,2026-06,12,0.0694232836004469,2.107490741414438,0,2,False,False,0.0,0.0,,,,,,,,,,True
2026-06-15,2026-06,13,0.1503839120487413,2.822062451514008,0,2,False,True,0.0,0.0,,,,,,,,,,True
2026-06-15,2026-06,14,0.235630970023017,3.237210489675249,0,2,True,False,0.0,0.0,,,,,,,,,,True
2026-06-15,2026-06,15,0.3051512791302253,3.4762186251333462,0,2,True,False,0.0,0.0,,,,,,,,,,True
2026-06-15,2026-06,16,0.1935592974387953,3.055386804742319,0,2,False,False,0.0,0.0,,,,,,,,,,True
2026-06-15,2026-06,20,0.001071463447417,-1.7485743775472296,1,2,True,False,0.0,0.0,,,,,,,,,,True
2026-06-15,2026-06,21,0.0024675030226566,-0.9774150478319952,1,2,True,False,0.0,0.0,,,,,,,,,,True
2026-06-16,2026-06,8,3.6503655465742336e-08,-11.097320978113784,0,2,False,False,0.0,0.0,,,,,,,,,,True
2026-06-16,2026-06,9,9.071291438364792e-05,-3.869927449857301,0,2,False,False,0.0,0.0,,,,,,,,,,True
2026-06-16,2026-06,10,0.011988330465524,0.6450789474689469,0,2,False,False,0.0,0.0,,,,,,,,,,True
2026-06-16,2026-06,11,0.0378652291842131,1.7082890614552837,0,2,False,False,0.0,0.0,,,,,,,,,,True
2026-06-16,2026-06,12,0.0749158210956582,2.339071086001188,0,2,False,False,0.0,0.0,,,,,,,,,,True
2026-06-16,2026-06,13,0.1465381283628155,2.959303943222928,0,2,False,True,0.0,0.0,,,,,,,,,,True
2026-06-16,2026-06,14,0.2486517267915134,3.44812339970073,0,2,True,False,0.0,0.0,,,,,,,,,,True
2026-06-16,2026-06,15,0.3035619701587883,3.63258136395407,0,2,True,False,0.0,0.0,,,,,,,,,,True
2026-06-16,2026-06,16,0.1752747940084399,3.124844684724025,0,2,False,False,0.0,0.0,,,,,,,,,,True
2026-06-16,2026-06,20,0.0004614406574099,-2.366166571503132,1,2,True,False,0.0,0.0,,,,,,,,,,True
2026-06-16,2026-06,21,0.0006518098575985,-2.0468618893656947,1,2,True,False,0.0,0.0,,,,,,,,,,True
2026-06-17,2026-06,8,3.265522995186889e-07,-9.487728465251491,0,2,False,False,0.0,0.0,,,,,,,,,,True
2026-06-17,2026-06,9,0.0002195424016611,-3.468898733568868,0,2,False,False,0.0,0.0,,,,,,,,,,True
2026-06-17,2026-06,10,0.0165422231482077,0.5266928646374511,0,2,False,False,0.0,0.0,,,,,,,,,,True
2026-06-17,2026-06,11,0.0601617410096045,1.7202699039817593,0,2,False,True,0.0,0.0,,,,,,,,,,True
2026-06-17,2026-06,12,0.1362658488917235,2.4760739577170128,0,2,False,False,0.0,0.0,,,,,,,,,,True
2026-06-17,2026-06,13,0.1209796827046125,2.3660780937574786,0,2,False,False,0.0,0.0,,,,,,,,,,True
2026-06-17,2026-06,14,0.2454669474695125,3.020163520956347,0,2,True,False,0.0,0.0,,,,,,,,,,True
2026-06-17,2026-06,15,0.2498637148986141,3.036575590659747,0,2,True,False,0.0,0.0,,,,,,,,,,True
2026-06-17,2026-06,16,0.1676679326344959,2.667784363939496,0,2,False,False,0.0,0.0,,,,,,,,,,True
2026-06-17,2026-06,20,0.0013646032251538,-1.7798595996139683,1,2,True,False,0.0,0.0,,,,,,,,,,True
2026-06-17,2026-06,21,0.0014674370641146,-1.7126948708240026,1,2,True,False,0.0,0.0,,,,,,,,,,True
2026-06-18,2026-06,8,4.2463066219409375e-08,-10.779665154177016,0,2,False,False,1.0,1.0,,,,,,,,,,True
2026-06-18,2026-06,9,5.881092541478301e-05,-4.092700176156577,0,2,False,False,1.0,1.0,,,,,,,,,,True
2026-06-18,2026-06,10,0.0105320539585841,0.703211362064123,0,2,False,False,1.0,1.0,,,,,,,,,,True
2026-06-18,2026-06,11,0.0517950779089075,2.1757424827438405,0,2,False,False,1.0,1.0,,,,,,,,,,True
2026-06-18,2026-06,12,0.1182580311197092,2.9389446253355067,0,2,False,False,1.0,1.0,,,,,,,,,,True
2026-06-18,2026-06,13,0.1599129042163371,3.2179071616934127,0,2,False,False,1.0,1.0,,,,,,,,,,True
2026-06-18,2026-06,14,0.2166896554386263,3.498789296789887,0,2,True,False,1.0,1.0,,,,,,,,,,True
2026-06-18,2026-06,15,0.2615009848917257,3.672559997667866,0,2,True,True,1.0,1.0,,,,,,,,,,True
2026-06-18,2026-06,16,0.179918821914732,3.326878098895807,0,2,False,False,1.0,1.0,,,,,,,,,,True
2026-06-18,2026-06,20,0.0006723818714873,-1.8402776046436888,1,2,True,False,1.0,1.0,,,,,,,,,,True
2026-06-18,2026-06,21,0.0006612352914094,-1.8557313674825664,1,2,True,False,1.0,1.0,,,,,,,,,,True
2026-06-19,2026-06,8,3.4186542882143584e-06,-7.154668297577294,0,2,False,False,1.0,1.0,,,,,,,,,,True
2026-06-19,2026-06,9,0.0011255082938072,-1.7958661994028922,0,2,False,False,1.0,1.0,,,,,,,,,,True
2026-06-19,2026-06,10,0.0589761657384999,1.863939695841732,0,2,False,False,1.0,1.0,,,,,,,,,,True
2026-06-19,2026-06,11,0.1811413592559577,2.9013065971339405,0,2,False,False,1.0,1.0,,,,,,,,,,True
2026-06-19,2026-06,12,0.2320663062762797,3.130334975865268,0,2,True,True,1.0,1.0,,,,,,,,,,True
2026-06-19,2026-06,13,0.215958742161606,3.0638339319914096,0,2,True,False,1.0,1.0,,,,,,,,,,True
2026-06-19,2026-06,14,0.2007904049116397,2.996510103363536,0,2,False,False,1.0,1.0,,,,,,,,,,True
2026-06-19,2026-06,15,0.0841823334550459,2.192906975540429,0,2,False,False,1.0,1.0,,,,,,,,,,True
2026-06-19,2026-06,16,0.02399283406271,1.032509066287235,0,2,False,False,1.0,1.0,,,,,,,,,,True
2026-06-19,2026-06,20,0.0007060135682736,-2.226988850356001,1,2,True,False,1.0,1.0,,,,,,,,,,True
2026-06-19,2026-06,21,0.0010569136218917,-1.853997281269428,1,2,True,False,1.0,1.0,,,,,,,,,,True
2026-06-22,2026-06,8,2.238886927199228e-07,-9.927303271639014,0,2,False,False,0.0,0.0,,,,,,,,,,True
2026-06-22,2026-06,9,0.0002077503954496,-3.610585033262279,0,2,False,False,0.0,0.0,,,,,,,,,,True
2026-06-22,2026-06,10,0.0141124670491487,0.2891877811291145,0,2,False,False,0.0,0.0,,,,,,,,,,True
2026-06-22,2026-06,11,0.078227737552236,1.8723700185988523,0,2,False,False,0.0,0.0,,,,,,,,,,True
2026-06-22,2026-06,12,0.1588737065529112,2.527329623487092,0,2,False,True,0.0,0.0,,,,,,,,,,True
2026-06-22,2026-06,13,0.126952922982045,2.3199816073908286,0,2,False,False,0.0,0.0,,,,,,,,,,True
2026-06-22,2026-06,14,0.2313462640231102,2.8747436544952123,0,2,True,False,0.0,0.0,,,,,,,,,,True
2026-06-22,2026-06,15,0.2250940319418338,2.8494161767781345,0,2,True,False,0.0,0.0,,,,,,,,,,True
2026-06-22,2026-06,16,0.1622541876885722,2.546793538226196,0,2,False,False,0.0,0.0,,,,,,,,,,True
2026-06-22,2026-06,20,0.0010725752743112,-2.093117539440747,1,2,True,False,0.0,0.0,,,,,,,,,,True
2026-06-22,2026-06,21,0.0018581326516889,-1.585123218921077,1,2,True,False,0.0,0.0,,,,,,,,,,True
2026-06-23,2026-06,8,4.7488781316355e-08,-10.919483233771292,0,2,False,False,0.0,0.0,,,,,,,,,,True
2026-06-23,2026-06,9,0.0002513329055902,-2.993207379915629,0,2,False,False,0.0,0.0,,,,,,,,,,True
2026-06-23,2026-06,10,0.0728192923403362,2.2474636126580245,0,2,False,False,0.0,0.0,,,,,,,,,,True
2026-06-23,2026-06,11,0.2144339329016982,3.2458893634128643,0,2,True,False,0.0,0.0,,,,,,,,,,True
2026-06-23,2026-06,12,0.1536314645132236,2.93763592478626,0,2,False,True,0.0,0.0,,,,,,,,,,True
2026-06-23,2026-06,13,0.0915174885288816,2.458746002404898,0,2,False,False,0.0,0.0,,,,,,,,,,True
2026-06-23,2026-06,14,0.1515589412854737,2.9250799952040687,0,2,False,False,0.0,0.0,,,,,,,,,,True
2026-06-23,2026-06,15,0.1958998925994199,3.162320969626271,0,2,True,False,0.0,0.0,,,,,,,,,,True
2026-06-23,2026-06,16,0.1185566930207966,2.698050356641294,0,2,False,False,0.0,0.0,,,,,,,,,,True
2026-06-23,2026-06,20,0.0004905561528998,-2.3749705802666954,1,2,True,False,0.0,0.0,,,,,,,,,,True
2026-06-23,2026-06,21,0.0008403582628983,-1.877349451103656,1,2,True,False,0.0,0.0,,,,,,,,,,True
2026-06-24,2026-06,8,2.936458229022544e-09,-12.777794204710052,0,2,False,False,0.0,0.0,,,,,,,,,,True
2026-06-24,2026-06,9,8.921137852971054e-06,-5.364648983400527,0,2,False,False,0.0,0.0,,,,,,,,,,True
2026-06-24,2026-06,10,0.0026737459719614,-0.092681248173656,0,2,False,False,0.0,0.0,,,,,,,,,,True
2026-06-24,2026-06,11,0.0281908842002526,2.084878765099951,0,2,False,False,0.0,0.0,,,,,,,,,,True
2026-06-24,2026-06,12,0.0894693373804244,3.152524168324162,0,2,False,True,0.0,0.0,,,,,,,,,,True
2026-06-24,2026-06,13,0.16118197494644,3.696690907156924,0,2,False,False,0.0,0.0,,,,,,,,,,True
2026-06-24,2026-06,14,0.2668574829232502,4.162781051175403,0,2,True,False,0.0,0.0,,,,,,,,,,True
2026-06-24,2026-06,15,0.2769728947900111,4.197175144449076,0,2,True,False,0.0,0.0,,,,,,,,,,True
2026-06-24,2026-06,16,0.1741241260677658,3.76809029483396,0,2,False,False,0.0,0.0,,,,,,,,,,True
2026-06-24,2026-06,20,0.0002869947174704,-2.155843975606836,1,2,True,False,0.0,0.0,,,,,,,,,,True
2026-06-24,2026-06,21,0.0002336349281126,-2.3460071897997268,1,2,True,False,0.0,0.0,,,,,,,,,,True
2026-06-25,2026-06,8,3.2421134229226206e-08,-11.16448688460476,0,2,False,False,0.0,0.0,,,,,,,,,,True
2026-06-25,2026-06,9,6.309272028528763e-05,-4.16311451291913,0,2,False,False,0.0,0.0,,,,,,,,,,True
2026-06-25,2026-06,10,0.0151964995098378,0.9067708690675302,0,2,False,False,0.0,0.0,,,,,,,,,,True
2026-06-25,2026-06,11,0.067798654981494,2.289265586512088,0,2,False,False,0.0,0.0,,,,,,,,,,True
2026-06-25,2026-06,12,0.1142954835697042,2.772054968868368,0,2,False,False,0.0,0.0,,,,,,,,,,True
2026-06-25,2026-06,13,0.1782360927217555,3.1828086518765906,0,2,False,False,0.0,0.0,,,,,,,,,,True
2026-06-25,2026-06,14,0.2206295914766074,3.3800643936186225,0,2,True,False,0.0,0.0,,,,,,,,,,True
2026-06-25,2026-06,15,0.2582815407340923,3.5257254341373185,0,2,True,False,0.0,0.0,,,,,,,,,,True
2026-06-25,2026-06,16,0.1444010886533435,2.9881986266560894,0,2,False,True,0.0,0.0,,,,,,,,,,True
2026-06-25,2026-06,20,0.0004699069816808,-2.3068831701085006,1,2,True,False,0.0,0.0,,,,,,,,,,True
2026-06-25,2026-06,21,0.0006280162300646,-2.038763634481673,1,2,True,False,0.0,0.0,,,,,,,,,,True
2026-06-26,2026-06,8,3.206856546574909e-07,-9.597883794748512,0,2,False,False,1.0,1.0,,,,,,,,,,True
2026-06-26,2026-06,9,0.000330402905467,-3.1844096581811896,0,2,False,False,1.0,1.0,,,,,,,,,,True
2026-06-26,2026-06,10,0.0342865148932836,1.107069510164521,0,2,False,False,1.0,1.0,,,,,,,,,,True
2026-06-26,2026-06,11,0.1047797314211297,2.139780786746604,0,2,False,False,1.0,1.0,,,,,,,,,,True
2026-06-26,2026-06,12,0.1598718198156014,2.530372239514437,0,2,False,False,1.0,1.0,,,,,,,,,,True
2026-06-26,2026-06,13,0.1697581599904322,2.5858415519874653,0,2,False,False,1.0,1.0,,,,,,,,,,True
2026-06-26,2026-06,14,0.2238618492932408,2.8415947454593327,0,2,True,False,1.0,1.0,,,,,,,,,,True
2026-06-26,2026-06,15,0.187787500909488,2.679152049575744,0,2,True,True,1.0,1.0,,,,,,,,,,True
2026-06-26,2026-06,16,0.1153681018779716,2.2287753745953616,0,2,False,False,1.0,1.0,,,,,,,,,,True
2026-06-26,2026-06,20,0.0007876505030994,-2.3813010073783736,1,2,True,False,1.0,1.0,,,,,,,,,,True
2026-06-26,2026-06,21,0.0031679477046312,-1.0946648500622875,1,2,True,False,1.0,1.0,,,,,,,,,,True
2026-06-29,2026-06,8,4.714937613104895e-07,-9.474338730206512,0,2,False,False,1.0,1.0,,,,,,,,,,True
2026-06-29,2026-06,9,0.0003520919632596,-3.358412795194308,0,2,False,False,1.0,1.0,,,,,,,,,,True
2026-06-29,2026-06,10,0.02962609355844,0.7392311217763821,0,2,False,False,1.0,1.0,,,,,,,,,,True
2026-06-29,2026-06,11,0.1181145354037586,2.0177455215181346,0,2,False,False,1.0,1.0,,,,,,,,,,True
2026-06-29,2026-06,12,0.1548761588076206,2.2682448297173483,0,2,False,False,1.0,1.0,,,,,,,,,,True
2026-06-29,2026-06,13,0.1200851825487888,2.033041990817923,0,2,False,False,1.0,1.0,,,,,,,,,,True
2026-06-29,2026-06,14,0.2211411113994162,2.5975111670406617,0,2,True,False,1.0,1.0,,,,,,,,,,True
2026-06-29,2026-06,15,0.2105292919908253,2.5520501914395246,0,2,True,True,1.0,1.0,,,,,,,,,,True
2026-06-29,2026-06,16,0.1385706036489362,2.1654035436369203,0,2,False,False,1.0,1.0,,,,,,,,,,True
2026-06-29,2026-06,20,0.0025331741939156,-1.5341612946176508,1,2,True,False,1.0,1.0,,,,,,,,,,True
2026-06-29,2026-06,21,0.0041712849912774,-1.0730906737128767,1,2,True,False,1.0,1.0,,,,,,,,,,True
2026-06-30,2026-06,8,1.4680665643824661e-08,-11.765556045983802,0,2,False,False,1.0,1.0,,,,,,,,,,True
2026-06-30,2026-06,9,3.1304894644970984e-05,-4.679644334662683,0,2,False,False,1.0,1.0,,,,,,,,,,True
2026-06-30,2026-06,10,0.006129192322001,0.198721532114912,0,2,False,False,1.0,1.0,,,,,,,,,,True
2026-06-30,2026-06,11,0.0382474955636565,1.8914043873503208,0,2,False,False,1.0,1.0,,,,,,,,,,True
2026-06-30,2026-06,12,0.0859587944990798,2.640015139069665,0,2,False,False,1.0,1.0,,,,,,,,,,True
2026-06-30,2026-06,13,0.1477791101782952,3.140929217746004,0,2,False,False,1.0,1.0,,,,,,,,,,True
2026-06-30,2026-06,14,0.2685857812513189,3.6932437377464806,0,2,True,False,1.0,1.0,,,,,,,,,,True
2026-06-30,2026-06,15,0.2783420042304723,3.72622835632209,0,2,True,True,1.0,1.0,,,,,,,,,,True
2026-06-30,2026-06,16,0.173260103669462,3.287986456173729,0,2,False,False,1.0,1.0,,,,,,,,,,True
2026-06-30,2026-06,20,0.0008452731725467,-1.6327613800825476,1,2,True,False,1.0,1.0,,,,,,,,,,True
2026-06-30,2026-06,21,0.0008209255378568,-1.6597807092892092,1,2,True,False,1.0,1.0,,,,,,,,,,True
2026-07-01,2026-07,8,2.550375324418897e-09,-12.986449546616868,0,2,False,False,1.0,1.0,,,,,,,,,,True
2026-07-01,2026-07,9,3.172248879839183e-06,-6.3988562952736965,0,2,False,False,1.0,1.0,,,,,,,,,,True
2026-07-01,2026-07,10,0.0019608588329313,-0.4576928634032927,0,2,False,False,1.0,1.0,,,,,,,,,,True
2026-07-01,2026-07,11,0.0149253901787719,1.4186470118821335,0,2,False,False,1.0,1.0,,,,,,,,,,True
2026-07-01,2026-07,12,0.0413664424552578,2.361037583591028,0,2,False,False,1.0,1.0,,,,,,,,,,True
2026-07-01,2026-07,13,0.1120279934279439,3.2820480332959896,0,2,False,False,1.0,1.0,,,,,,,,,,True
2026-07-01,2026-07,14,0.2189224570446625,3.901401044415272,0,2,True,True,1.0,1.0,,,,,,,,,,True
2026-07-01,2026-07,15,0.3052358754421757,4.208658120582405,0,2,True,False,1.0,1.0,,,,,,,,,,True
2026-07-01,2026-07,16,0.2151893184686197,3.8855010520373536,0,2,False,False,1.0,1.0,,,,,,,,,,True
2026-07-01,2026-07,17,0.0888894045765624,3.068171017058484,0,2,False,False,1.0,1.0,,,,,,,,,,True
2026-07-01,2026-07,20,0.0008142188145803,-1.2702004584177464,1,2,True,False,1.0,1.0,,,,,,,,,,True
2026-07-01,2026-07,21,0.0006648659592387,-1.457534521058719,1,2,True,False,1.0,1.0,,,,,,,,,,True
2026-07-02,2026-07,8,1.6375799399842567e-10,-14.766924939520129,0,2,False,False,0.0,0.0,,,,,,,,,,True
2026-07-02,2026-07,9,3.081873778028761e-07,-7.796500044616581,0,2,False,False,0.0,0.0,,,,,,,,,,True
2026-07-02,2026-07,10,0.0005344550187655,-0.90167548543034,0,2,False,False,0.0,0.0,,,,,,,,,,True
2026-07-02,2026-07,11,0.0083689165989313,1.6415176031899137,0,2,False,False,0.0,0.0,,,,,,,,,,True
2026-07-02,2026-07,12,0.0271721946418039,2.7302150188291057,0,2,False,False,0.0,0.0,,,,,,,,,,True
2026-07-02,2026-07,13,0.0935771680291603,3.8733833429503175,0,2,False,True,0.0,0.0,,,,,,,,,,True
2026-07-02,2026-07,14,0.2253700912171834,4.685936038115354,0,2,False,False,0.0,0.0,,,,,,,,,,True
2026-07-02,2026-07,15,0.3192395906494578,5.007827848059685,0,2,True,False,0.0,0.0,,,,,,,,,,True
2026-07-02,2026-07,16,0.2332963491849655,4.717890252213419,0,2,True,False,0.0,0.0,,,,,,,,,,True
2026-07-02,2026-07,17,0.0919303572200237,3.856969614232036,0,2,False,False,0.0,0.0,,,,,,,,,,True
2026-07-02,2026-07,20,0.0002666137057025,-1.5445815980359,1,2,True,False,0.0,0.0,,,,,,,,,,True
2026-07-02,2026-07,21,0.0002439553828698,-1.6266870998000436,1,2,True,False,0.0,0.0,,,,,,,,,,True
2026-07-03,2026-07,8,7.929955083796621e-11,-15.140518042031108,0,2,False,False,1.0,1.0,,,,,,,,,,True
2026-07-03,2026-07,9,2.461033535183136e-07,-7.707682218759039,0,2,False,False,1.0,1.0,,,,,,,,,,True
2026-07-03,2026-07,10,0.000711908385143,-0.3398551173507938,0,2,False,False,1.0,1.0,,,,,,,,,,True
2026-07-03,2026-07,11,0.0091318496368619,2.0189490736338254,0,2,False,False,1.0,1.0,,,,,,,,,,True
2026-07-03,2026-07,12,0.0244475907277017,2.9293141163529066,0,2,False,False,1.0,1.0,,,,,,,,,,True
2026-07-03,2026-07,13,0.0818112982760029,4.045942810927891,0,2,False,False,1.0,1.0,,,,,,,,,,True
2026-07-03,2026-07,14,0.2318767065240606,5.009026519981308,0,2,True,True,1.0,1.0,,,,,,,,,,True
2026-07-03,2026-07,15,0.3304397810533571,5.336484128596103,0,2,True,False,1.0,1.0,,,,,,,,,,True
2026-07-03,2026-07,16,0.2305666646257206,5.003788809916614,0,2,False,False,1.0,1.0,,,,,,,,,,True
2026-07-03,2026-07,17,0.0906927061166418,4.141218143126216,0,2,False,False,1.0,1.0,,,,,,,,,,True
2026-07-03,2026-07,20,0.0002356141771806,-1.3620696097712404,1,2,True,False,1.0,1.0,,,,,,,,,,True
2026-07-03,2026-07,21,8.56342946764427e-05,-2.297715021874761,1,2,True,False,1.0,1.0,,,,,,,,,,True
2026-07-06,2026-07,8,8.774624177136086e-09,-12.088182209789723,0,2,False,False,1.0,1.0,,,,,,,,,,True
2026-07-06,2026-07,9,1.062713120495728e-05,-5.525229159652263,0,2,False,False,1.0,1.0,,,,,,,,,,True
2026-07-06,2026-07,10,0.0052611724156751,0.2107079406970748,0,2,False,False,1.0,1.0,,,,,,,,,,True
2026-07-06,2026-07,11,0.0389924550113399,2.062395519294048,0,2,False,False,1.0,1.0,,,,,,,,,,True
2026-07-06,2026-07,12,0.0856452043111138,2.7897948466334395,0,2,False,False,1.0,1.0,,,,,,,,,,True
2026-07-06,2026-07,13,0.155337062032839,3.340198002402083,0,2,False,False,1.0,1.0,,,,,,,,,,True
2026-07-06,2026-07,14,0.2339468658247018,3.718757411352017,0,2,True,True,1.0,1.0,,,,,,,,,,True
2026-07-06,2026-07,15,0.2488622644982782,3.7758936009527098,0,2,True,False,1.0,1.0,,,,,,,,,,True
2026-07-06,2026-07,16,0.1605413124086878,3.370662305871736,0,2,False,False,1.0,1.0,,,,,,,,,,True
2026-07-06,2026-07,17,0.0699661771912522,2.6028697603155706,0,2,False,False,1.0,1.0,,,,,,,,,,True
2026-07-06,2026-07,20,0.0007234399405608,-1.6234866044791965,1,2,True,False,1.0,1.0,,,,,,,,,,True
2026-07-06,2026-07,21,0.0007134104597218,-1.6363924843544744,1,2,True,False,1.0,1.0,,,,,,,,,,True
2026-07-07,2026-07,8,4.485260572554216e-10,-14.09309643697519,0,2,False,False,0.0,0.0,,,,,,,,,,True
2026-07-07,2026-07,9,1.1386393922391142e-06,-6.8459795654470925,0,2,False,False,0.0,0.0,,,,,,,,,,True
2026-07-07,2026-07,10,0.0013389659157039,-0.3102818696446736,0,2,False,False,0.0,0.0,,,,,,,,,,True
2026-07-07,2026-07,11,0.0137775851257353,1.844746694721531,0,2,False,False,0.0,0.0,,,,,,,,,,True
2026-07-07,2026-07,12,0.0341039785653271,2.682641876283636,0,2,False,False,0.0,0.0,,,,,,,,,,True
2026-07-07,2026-07,13,0.1131617143354816,3.7914313807371895,0,2,False,False,0.0,0.0,,,,,,,,,,True
2026-07-07,2026-07,14,0.2329213268068935,4.458776352108493,0,2,True,False,0.0,0.0,,,,,,,,,,True
2026-07-07,2026-07,15,0.3149919346611034,4.737818311731949,0,2,True,False,0.0,0.0,,,,,,,,,,True
2026-07-07,2026-07,16,0.2041865107752385,4.337056819554758,0,2,False,False,0.0,0.0,,,,,,,,,,True
2026-07-07,2026-07,17,0.0850783491452974,3.5277362070383704,0,2,False,True,0.0,0.0,,,,,,,,,,True
2026-07-07,2026-07,20,0.0002482862120932,-1.8680463756238408,1,2,True,False,0.0,0.0,,,,,,,,,,True
2026-07-07,2026-07,21,0.0001902093692074,-2.1143724587314985,1,2,True,False,0.0,0.0,,,,,,,,,,True
2026-07-08,2026-07,8,3.862546705794691e-10,-14.241792509504632,0,2,False,False,0.0,0.0,,,,,,,,,,True
2026-07-08,2026-07,9,2.2092608104896546e-06,-6.243750206498359,0,2,False,False,0.0,0.0,,,,,,,,,,True
2026-07-08,2026-07,10,0.0030704300376322,0.4464195349713082,0,2,False,False,0.0,0.0,,,,,,,,,,True
2026-07-08,2026-07,11,0.0265072813765156,2.4391667654583395,0,2,False,False,0.0,0.0,,,,,,,,,,True
2026-07-08,2026-07,12,0.0647331745630986,3.2645664310987987,0,2,False,True,0.0,0.0,,,,,,,,,,True
2026-07-08,2026-07,13,0.1624580540257046,4.11519589937526,0,2,False,False,0.0,0.0,,,,,,,,,,True
2026-07-08,2026-07,14,0.25558057500499,4.534080960147824,0,2,True,False,0.0,0.0,,,,,,,,,,True
2026-07-08,2026-07,15,0.2550741192656172,4.532247261451659,0,2,True,False,0.0,0.0,,,,,,,,,,True
2026-07-08,2026-07,16,0.1307468552841156,3.91444519439131,0,2,False,False,0.0,0.0,,,,,,,,,,True
2026-07-08,2026-07,17,0.101261093110633,3.678191890246425,0,2,False,False,0.0,0.0,,,,,,,,,,True
2026-07-08,2026-07,20,0.000342302367651,-1.5817125281474085,1,2,True,False,0.0,0.0,,,,,,,,,,True
2026-07-08,2026-07,21,0.0002239053169767,-1.97411514095842,1,2,True,False,0.0,0.0,,,,,,,,,,True
2026-07-09,2026-07,8,4.7914330192377903e-11,-15.482078712095662,0,2,False,False,1.0,1.0,,,,,,,,,,True
2026-07-09,2026-07,9,1.1569100374051344e-07,-8.281290019095453,0,2,False,False,1.0,1.0,,,,,,,,,,True
2026-07-09,2026-07,10,0.0002035145834652,-1.3732687571183575,0,2,False,False,1.0,1.0,,,,,,,,,,True
2026-07-09,2026-07,11,0.0063890930931663,1.812951588693336,0,2,False,False,1.0,1.0,,,,,,,,,,True
2026-07-09,2026-07,12,0.0218657665923628,2.9503307118716693,0,2,False,False,1.0,1.0,,,,,,,,,,True
2026-07-09,2026-07,13,0.1026898602331018,4.380262576695936,0,2,False,False,1.0,1.0,,,,,,,,,,True
2026-07-09,2026-07,14,0.2392694215695895,5.1622338436277575,0,2,True,False,1.0,1.0,,,,,,,,,,True
2026-07-09,2026-07,15,0.3451635429497665,5.500978525492269,0,2,True,True,1.0,1.0,,,,,,,,,,True
2026-07-09,2026-07,16,0.2001499159751404,4.99719766638093,0,2,False,False,1.0,1.0,,,,,,,,,,True
2026-07-09,2026-07,17,0.0840612034672434,4.1952169493961975,0,2,False,False,1.0,1.0,,,,,,,,,,True
2026-07-09,2026-07,20,0.0001397318032972,-1.7208739575605532,1,2,True,False,1.0,1.0,,,,,,,,,,True
2026-07-09,2026-07,21,6.783399394863131e-05,-2.388938698934832,1,2,True,False,1.0,1.0,,,,,,,,,,True
2026-07-10,2026-07,8,8.771274774182024e-11,-14.909376689128417,0,2,False,False,0.0,0.0,,,,,,,,,,True
2026-07-10,2026-07,9,6.634096387130851e-08,-8.781660508857634,0,2,False,False,0.0,0.0,,,,,,,,,,True
2026-07-10,2026-07,10,0.000229053195318,-1.2502527563294294,0,2,False,False,0.0,0.0,,,,,,,,,,True
2026-07-10,2026-07,11,0.0022742586156015,0.8717819199169835,0,2,False,False,0.0,0.0,,,,,,,,,,True
2026-07-10,2026-07,12,0.0132472672377635,2.500790536493564,0,2,False,False,0.0,0.0,,,,,,,,,,True
2026-07-10,2026-07,13,0.06751154434013,4.006264975315326,0,2,False,False,0.0,0.0,,,,,,,,,,True
2026-07-10,2026-07,14,0.2320027227995292,5.147453375566201,0,2,False,True,0.0,0.0,,,,,,,,,,True
2026-07-10,2026-07,15,0.3479206822359181,5.522064225808318,0,2,True,False,0.0,0.0,,,,,,,,,,True
2026-07-10,2026-07,16,0.238525990461303,5.173087622278123,0,2,True,False,0.0,0.0,,,,,,,,,,True
2026-07-10,2026-07,17,0.0979527119541761,4.350332719333691,0,2,False,False,0.0,0.0,,,,,,,,,,True
2026-07-10,2026-07,20,0.0002169177391114,-1.3005762105861234,1,2,True,False,0.0,0.0,,,,,,,,,,True
2026-07-10,2026-07,21,0.0001187849924721,-1.857283201927263,1,2,True,False,0.0,0.0,,,,,,,,,,True
2026-07-13,2026-07,8,2.889030874999374e-09,-12.814293928127586,0,2,False,False,0.0,0.0,,,,,,,,,,True
2026-07-13,2026-07,9,3.1345968626253287e-06,-6.352999811716078,0,2,False,False,0.0,0.0,,,,,,,,,,True
2026-07-13,2026-07,10,0.0021914869886233,-0.2980014520501893,0,2,False,False,0.0,0.0,,,,,,,,,,True
2026-07-13,2026-07,11,0.0202308481393055,1.756708402294394,0,2,False,False,0.0,0.0,,,,,,,,,,True
2026-07-13,2026-07,12,0.0586718127886635,2.7410178716311258,0,2,False,False,0.0,0.0,,,,,,,,,,True
2026-07-13,2026-07,13,0.1325898373115349,3.494723314132888,0,2,False,False,0.0,0.0,,,,,,,,,,True
2026-07-13,2026-07,14,0.2551992014883756,4.100038711544958,0,2,True,False,0.0,0.0,,,,,,,,,,True
2026-07-13,2026-07,15,0.2803184390594596,4.186827805615778,0,2,True,False,0.0,0.0,,,,,,,,,,True
2026-07-13,2026-07,16,0.1759442202697929,3.7562564495286175,0,2,False,True,0.0,0.0,,,,,,,,,,True
2026-07-13,2026-07,17,0.0734814297047892,2.9490869971020235,0,2,False,False,0.0,0.0,,,,,,,,,,True
2026-07-13,2026-07,20,0.0005463603897566,-1.5821157011463154,1,2,True,False,0.0,0.0,,,,,,,,,,True
2026-07-13,2026-07,21,0.0008232263738051,-1.2031349841561283,1,2,True,False,0.0,0.0,,,,,,,,,,True
2026-07-14,2026-07,8,1.657426621104332e-09,-13.222576242968216,0,2,False,False,0.0,0.0,,,,,,,,,,True
2026-07-14,2026-07,9,1.532107972794851e-06,-6.9093801060347015,0,2,False,False,0.0,0.0,,,,,,,,,,True
2026-07-14,2026-07,10,0.0025337326534432,-0.0584582365195928,0,2,False,False,0.0,0.0,,,,,,,,,,True
2026-07-14,2026-07,11,0.0198846883585034,1.8461468885517416,0,2,False,False,0.0,0.0,,,,,,,,,,True
2026-07-14,2026-07,12,0.0687203958801148,2.992554306363042,0,2,False,False,0.0,0.0,,,,,,,,,,True
2026-07-14,2026-07,13,0.1523370300090187,3.7284625214060174,0,2,False,False,0.0,0.0,,,,,,,,,,True
2026-07-14,2026-07,14,0.2591499684376878,4.219633762016256,0,2,True,False,0.0,0.0,,,,,,,,,,True
2026-07-14,2026-07,15,0.2686372643740236,4.252872460954476,0,2,True,False,0.0,0.0,,,,,,,,,,True
2026-07-14,2026-07,16,0.1558654051099693,3.749630106896234,0,2,False,False,0.0,0.0,,,,,,,,,,True
2026-07-14,2026-07,17,0.0721254115945921,3.0372610967289626,0,2,False,True,0.0,0.0,,,,,,,,,,True
2026-07-14,2026-07,20,0.0003628094204565,-1.8551936070142976,1,2,True,False,0.0,0.0,,,,,,,,,,True
2026-07-14,2026-07,21,0.0003817603967909,-1.8081247518993595,1,2,True,False,0.0,0.0,,,,,,,,,,True
2026-07-15,2026-07,8,1.0325516367254252e-09,-13.407943783033677,0,2,False,False,1.0,1.0,,,,,,,,,,True
2026-07-15,2026-07,9,1.1169287298444831e-06,-6.949450573932547,0,2,False,False,1.0,1.0,,,,,,,,,,True
2026-07-15,2026-07,10,0.0013533057532155,-0.3861080960669498,0,2,False,False,1.0,1.0,,,,,,,,,,True
2026-07-15,2026-07,11,0.012303832202007,1.6544874309927384,0,2,False,False,1.0,1.0,,,,,,,,,,True
2026-07-15,2026-07,12,0.0414802903947978,2.7779791784431485,0,2,False,False,1.0,1.0,,,,,,,,,,True
2026-07-15,2026-07,13,0.1150959094062671,3.721424741941048,0,2,False,False,1.0,1.0,,,,,,,,,,True
2026-07-15,2026-07,14,0.2530270754544317,4.449642817800639,0,2,True,False,1.0,1.0,,,,,,,,,,True
2026-07-15,2026-07,15,0.3049069097599262,4.622062098038186,0,2,True,True,1.0,1.0,,,,,,,,,,True
2026-07-15,2026-07,16,0.1842543501355379,4.156426194646186,0,2,False,False,1.0,1.0,,,,,,,,,,True
2026-07-15,2026-07,17,0.0870089121916934,3.462804881235467,0,2,False,False,1.0,1.0,,,,,,,,,,True
2026-07-15,2026-07,20,0.0002932441992643,-1.799870158565246,1,2,True,False,1.0,1.0,,,,,,,,,,True
2026-07-15,2026-07,21,0.0002750525415773,-1.8590752669812565,1,2,True,False,1.0,1.0,,,,,,,,,,True
2026-07-16,2026-07,8,2.8391964282685887e-10,-14.133137098316352,0,2,False,False,1.0,1.0,,,,,,,,,,True
2026-07-16,2026-07,9,3.42639532445611e-07,-7.573473816890424,0,2,False,False,1.0,1.0,,,,,,,,,,True
2026-07-16,2026-07,10,0.0005141020911291,-0.8125066472695258,0,2,False,False,1.0,1.0,,,,,,,,,,True
2026-07-16,2026-07,11,0.0053129552742616,1.3465305634540727,0,2,False,False,1.0,1.0,,,,,,,,,,True
2026-07-16,2026-07,12,0.0303923710517315,2.958812381761944,0,2,False,False,1.0,1.0,,,,,,,,,,True
2026-07-16,2026-07,13,0.1170933587033966,4.205692684786956,0,2,False,False,1.0,1.0,,,,,,,,,,True
2026-07-16,2026-07,14,0.2663268230511056,4.965362354606272,0,2,True,True,1.0,1.0,,,,,,,,,,True
2026-07-16,2026-07,15,0.3149894188938251,5.120498865338586,0,2,True,False,1.0,1.0,,,,,,,,,,True
2026-07-16,2026-07,16,0.1956914874665049,4.680460722660076,0,2,False,False,1.0,1.0,,,,,,,,,,True
2026-07-16,2026-07,17,0.0695155043354412,3.72366408534325,0,2,False,False,1.0,1.0,,,,,,,,,,True
2026-07-16,2026-07,20,4.98736121404481e-05,-2.969184823812053,1,2,True,False,1.0,1.0,,,,,,,,,,True
2026-07-16,2026-07,21,0.0001137625970114,-2.2068628239625934,1,2,True,False,1.0,1.0,,,,,,,,,,True
2026-07-17,2026-07,8,1.7083654737662373e-06,-8.555442515330858,0,2,False,False,0.0,0.0,,,,,,,,,,True
2026-07-17,2026-07,9,0.0004636459754636,-3.375206180427384,0,2,False,False,0.0,0.0,,,,,,,,,,True
2026-07-17,2026-07,10,0.0338584671715581,0.5914474594853398,0,2,False,False,0.0,0.0,,,,,,,,,,True
2026-07-17,2026-07,11,0.0950217864451955,1.5454037468964392,0,2,False,False,0.0,0.0,,,,,,,,,,True
2026-07-17,2026-07,12,0.1233608504760321,1.786692364777164,0,2,False,False,0.0,0.0,,,,,,,,,,True
2026-07-17,2026-07,13,0.1466207273980848,1.9463776602358405,0,2,False,True,0.0,0.0,,,,,,,,,,True
2026-07-17,2026-07,14,0.2122975958246132,2.2885536611395443,0,2,True,False,0.0,0.0,,,,,,,,,,True
2026-07-17,2026-07,15,0.209730864877019,2.2773087085873858,0,2,True,False,0.0,0.0,,,,,,,,,,True
2026-07-17,2026-07,16,0.1319709267350243,1.8490630464328104,0,2,False,False,0.0,0.0,,,,,,,,,,True
2026-07-17,2026-07,17,0.0420391515934984,0.7915098839721222,0,2,False,False,0.0,0.0,,,,,,,,,,True
2026-07-17,2026-07,20,0.001482013980071,-2.3009614347807767,1,2,True,False,0.0,0.0,,,,,,,,,,True
2026-07-17,2026-07,21,0.0031522611579656,-1.6032619311997638,1,2,True,False,0.0,0.0,,,,,,,,,,True
2026-07-20,2026-07,8,5.920987530791301e-10,-13.825608962912868,0,2,False,False,1.0,1.0,,,,,,,,,,True
2026-07-20,2026-07,9,5.943485052496349e-07,-7.436225117638532,0,2,False,False,1.0,1.0,,,,,,,,,,True
2026-07-20,2026-07,10,0.0009531510531581,-0.6137222326017597,0,2,False,False,1.0,1.0,,,,,,,,,,True
2026-07-20,2026-07,11,0.0103937284989549,1.5949605951755377,0,2,False,False,1.0,1.0,,,,,,,,,,True
2026-07-20,2026-07,12,0.0433770537628117,2.915748924755122,0,2,False,False,1.0,1.0,,,,,,,,,,True
2026-07-20,2026-07,13,0.0651369969147933,3.291595478058367,0,2,False,False,1.0,1.0,,,,,,,,,,True
2026-07-20,2026-07,14,0.2461761004825768,4.520702766085079,0,2,True,True,1.0,1.0,,,,,,,,,,True
2026-07-20,2026-07,15,0.3225042961595917,4.7703684905080666,0,2,True,False,1.0,1.0,,,,,,,,,,True
2026-07-20,2026-07,16,0.2133220739145906,4.388280750657037,0,2,False,False,1.0,1.0,,,,,,,,,,True
2026-07-20,2026-07,17,0.0972353660349071,3.661968994013124,0,2,False,False,1.0,1.0,,,,,,,,,,True
2026-07-20,2026-07,20,0.0005098473082851,-1.1921158921936428,1,2,True,False,1.0,1.0,,,,,,,,,,True
2026-07-20,2026-07,21,0.0003907909297264,-1.437962945281156,1,2,True,False,1.0,1.0,,,,,,,,,,True
2026-07-21,2026-07,8,9.410218243107831e-11,-14.905658956157875,0,2,False,False,1.0,1.0,,,,,,,,,,True
2026-07-21,2026-07,9,1.6560137513083397e-07,-7.997279453486987,0,2,False,False,1.0,1.0,,,,,,,,,,True
2026-07-21,2026-07,10,0.0004992014725269,-0.5913385752118033,0,2,False,False,1.0,1.0,,,,,,,,,,True
2026-07-21,2026-07,11,0.0061125043275867,1.7244858437437829,0,2,False,False,1.0,1.0,,,,,,,,,,True
2026-07-21,2026-07,12,0.0246567544492346,3.0138302124953213,0,2,False,False,1.0,1.0,,,,,,,,,,True
2026-07-21,2026-07,13,0.080520339975625,4.1078794467044935,0,2,False,False,1.0,1.0,,,,,,,,,,True
2026-07-21,2026-07,14,0.2314590249271678,5.084000310220514,0,2,True,False,1.0,1.0,,,,,,,,,,True
2026-07-21,2026-07,15,0.3381474011919915,5.434440123675712,0,2,True,True,1.0,1.0,,,,,,,,,,True
2026-07-21,2026-07,16,0.220289315603135,5.038275964864859,0,2,False,False,1.0,1.0,,,,,,,,,,True
2026-07-21,2026-07,17,0.0979456521648354,4.288982013519662,0,2,False,False,1.0,1.0,,,,,,,,,,True
2026-07-21,2026-07,20,0.0002522782727143,-1.2222548199592873,1,2,True,False,1.0,1.0,,,,,,,,,,True
2026-07-21,2026-07,21,0.0001173619197051,-1.9297092925275925,1,2,True,False,1.0,1.0,,,,,,,,,,True
2026-07-22,2026-07,8,3.43267975047556e-11,-15.090580472804564,0,2,False,False,1.0,1.0,,,,,,,,,,True
2026-07-22,2026-07,9,1.1228914293713784e-07,-7.60908920931031,0,2,False,False,1.0,1.0,,,,,,,,,,True
2026-07-22,2026-07,10,0.0004336841148364,0.0259425472187259,0,2,False,False,1.0,1.0,,,,,,,,,,True
2026-07-22,2026-07,11,0.011412035895258,3.0489950553425595,0,2,False,False,1.0,1.0,,,,,,,,,,True
2026-07-22,2026-07,12,0.0850210040685324,4.905504089313628,0,2,False,False,1.0,1.0,,,,,,,,,,True
2026-07-22,2026-07,13,0.1005418159901757,5.060511688241773,0,2,False,False,1.0,1.0,,,,,,,,,,True
2026-07-22,2026-07,14,0.2748301116122522,5.99012009387405,0,2,True,True,1.0,1.0,,,,,,,,,,True
2026-07-22,2026-07,15,0.35945160397846,6.238267033737713,0,2,True,False,1.0,1.0,,,,,,,,,,True
2026-07-22,2026-07,16,0.1554115066817554,5.463112440091247,0,2,False,False,1.0,1.0,,,,,,,,,,True
2026-07-22,2026-07,17,0.0128639889189952,3.159710274318517,0,2,False,False,1.0,1.0,,,,,,,,,,True
2026-07-22,2026-07,20,2.237928076811717e-05,-2.7142959790045698,1,2,True,False,1.0,1.0,,,,,,,,,,True
2026-07-22,2026-07,21,1.1757135496718798e-05,-3.3093418803942125,1,2,True,False,1.0,1.0,,,,,,,,,,True
2026-07-23,2026-07,8,9.450869670856918e-10,-13.4369592078984,0,2,False,False,0.0,0.0,,,,,,,,,,True
2026-07-23,2026-07,9,1.8488356647805552e-06,-6.430743174206122,0,2,False,False,0.0,0.0,,,,,,,,,,True
2026-07-23,2026-07,10,0.0089624134116877,1.4143646272880168,0,2,False,False,0.0,0.0,,,,,,,,,,True
2026-07-23,2026-07,11,0.0133255250895205,1.7810403728873052,0,2,False,False,0.0,0.0,,,,,,,,,,True
2026-07-23,2026-07,12,0.0184309676361706,2.0808867281902748,0,2,False,False,0.0,0.0,,,,,,,,,,True
2026-07-23,2026-07,13,0.0062639092697441,1.083194031196006,0,2,False,False,0.0,0.0,,,,,,,,,,True
2026-07-23,2026-07,14,0.0373333932227803,2.733415591960677,0,2,False,False,0.0,0.0,,,,,,,,,,True
2026-07-23,2026-07,15,0.3208899668703182,4.722102876359025,0,2,True,False,0.0,0.0,,,,,,,,,,True
2026-07-23,2026-07,16,0.3753650799444243,4.867057472556796,0,2,True,False,0.0,0.0,,,,,,,,,,True
2026-07-23,2026-07,17,0.2186838543622213,4.367602743424903,0,2,False,True,0.0,0.0,,,,,,,,,,True
2026-07-23,2026-07,20,0.0005883094825923,-1.1034148895286036,1,2,True,False,0.0,0.0,,,,,,,,,,True
2026-07-23,2026-07,21,0.0001547309297885,-2.3380790774460136,1,2,True,False,0.0,0.0,,,,,,,,,,True
2026-07-24,2026-07,8,8.342988784018552e-10,-13.439108993040149,0,2,False,False,0.0,0.0,,,,,,,,,,True
2026-07-24,2026-07,9,2.838865085457438e-06,-5.921178601149445,0,2,False,False,0.0,0.0,,,,,,,,,,True
2026-07-24,2026-07,10,0.002302363388187,0.2710563519336638,0,2,False,False,0.0,0.0,,,,,,,,,,True
2026-07-24,2026-07,11,0.0207456772759425,2.3033699818074824,0,2,False,False,0.0,0.0,,,,,,,,,,True
2026-07-24,2026-07,12,0.118049283094656,3.9107715281081017,0,2,False,True,0.0,0.0,,,,,,,,,,True
2026-07-24,2026-07,13,0.1061686580324713,3.8127120596584607,0,2,False,False,0.0,0.0,,,,,,,,,,True
2026-07-24,2026-07,14,0.276259625670444,4.696775323900883,0,2,True,False,0.0,0.0,,,,,,,,,,True
2026-07-24,2026-07,15,0.2769584046307957,4.699110703007251,0,2,True,False,0.0,0.0,,,,,,,,,,True
2026-07-24,2026-07,16,0.1500646757317249,4.1326065402740015,0,2,False,False,0.0,0.0,,,,,,,,,,True
2026-07-24,2026-07,17,0.0492326494491565,3.1022977839627943,0,2,False,False,0.0,0.0,,,,,,,,,,True
2026-07-24,2026-07,20,0.0001142255834413,-2.5055456953005315,1,2,True,False,0.0,0.0,,,,,,,,,,True
2026-07-24,2026-07,21,0.0001015974437961,-2.613851470474641,1,2,True,False,0.0,0.0,,,,,,,,,,True
2026-07-27,2026-07,8,4.4400539039240514e-07,-9.348463582999848,0,2,False,False,0.0,0.0,,,,,,,,,,True
2026-07-27,2026-07,9,0.0002386742809337,-3.536426213160528,0,2,False,False,0.0,0.0,,,,,,,,,,True
2026-07-27,2026-07,10,0.0163431802889803,0.3707326503407993,0,2,False,False,0.0,0.0,,,,,,,,,,True
2026-07-27,2026-07,11,0.064106231175189,1.6342077065600893,0,2,False,False,0.0,0.0,,,,,,,,,,True
2026-07-27,2026-07,12,0.1224476036904575,2.232458133914448,0,2,False,False,0.0,0.0,,,,,,,,,,True
2026-07-27,2026-07,13,0.1644624540364359,2.5051701930166246,0,2,False,False,0.0,0.0,,,,,,,,,,True
2026-07-27,2026-07,14,0.2438942419078144,2.8694521335341454,0,2,True,False,0.0,0.0,,,,,,,,,,True
2026-07-27,2026-07,15,0.1919425241417215,2.6480104374851265,0,2,True,False,0.0,0.0,,,,,,,,,,True
2026-07-27,2026-07,16,0.0947925620109211,1.995805950258289,0,2,False,True,0.0,0.0,,,,,,,,,,True
2026-07-27,2026-07,17,0.0978328898508438,2.0249907339753275,0,2,False,False,0.0,0.0,,,,,,,,,,True
2026-07-27,2026-07,20,0.002132109451469,-1.5120946636297854,1,2,True,False,0.0,0.0,,,,,,,,,,True
2026-07-27,2026-07,21,0.0018070851598431,-1.6649957323129116,1,2,True,False,0.0,0.0,,,,,,,,,,True
2026-07-28,2026-07,8,5.964853089594648e-10,-13.9650801835032,0,2,False,False,0.0,0.0,,,,,,,,,,True
2026-07-28,2026-07,9,1.6574047441961545e-06,-6.634456676353233,0,2,False,False,0.0,0.0,,,,,,,,,,True
2026-07-28,2026-07,10,0.0012095925548509,-0.5397523634498526,0,2,False,False,0.0,0.0,,,,,,,,,,True
2026-07-28,2026-07,11,0.015419828123174,1.8133168498523613,0,2,False,False,0.0,0.0,,,,,,,,,,True
2026-07-28,2026-07,12,0.0641505812122029,3.131194028059096,0,2,False,False,0.0,0.0,,,,,,,,,,True
2026-07-28,2026-07,13,0.0695920632641671,3.2064603634304394,0,2,False,False,0.0,0.0,,,,,,,,,,True
2026-07-28,2026-07,14,0.2212722828217344,4.275812457389803,0,2,True,False,0.0,0.0,,,,,,,,,,True
2026-07-28,2026-07,15,0.3143539873040408,4.600410798610979,0,2,True,False,0.0,0.0,,,,,,,,,,True
2026-07-28,2026-07,16,0.2062519415312955,4.210827696642621,0,2,False,True,0.0,0.0,,,,,,,,,,True
2026-07-28,2026-07,17,0.1068780287841461,3.603084523073215,0,2,False,False,0.0,0.0,,,,,,,,,,True
2026-07-28,2026-07,20,0.0004594159040347,-1.4346971391321848,1,2,True,False,0.0,0.0,,,,,,,,,,True
2026-07-28,2026-07,21,0.0004106204991236,-1.5385004342135589,1,2,True,False,0.0,0.0,,,,,,,,,,True
2026-07-29,2026-07,8,4.322897804807575e-08,-10.831862068763035,0,2,False,False,1.0,1.0,,,,,,,,,,True
2026-07-29,2026-07,9,3.069271455480628e-05,-4.762595252926386,0,2,False,False,1.0,1.0,,,,,,,,,,True
2026-07-29,2026-07,10,0.0053660579690115,0.0111040676517299,0,2,False,False,1.0,1.0,,,,,,,,,,True
2026-07-29,2026-07,11,0.0214160634025824,1.2905876901539683,0,2,False,False,1.0,1.0,,,,,,,,,,True
2026-07-29,2026-07,12,0.0708477489240384,2.396592824946886,0,2,False,False,1.0,1.0,,,,,,,,,,True
2026-07-29,2026-07,13,0.1949396050337983,3.33228151659132,0,2,False,False,1.0,1.0,,,,,,,,,,True
2026-07-29,2026-07,14,0.2724709098422562,3.6418264345350986,0,2,True,False,1.0,1.0,,,,,,,,,,True
2026-07-29,2026-07,15,0.2385361315630599,3.5188642898405336,0,2,True,True,1.0,1.0,,,,,,,,,,True
2026-07-29,2026-07,16,0.1338598107490896,2.984783591236183,0,2,False,False,1.0,1.0,,,,,,,,,,True
2026-07-29,2026-07,17,0.061385026033071,2.2640568841185367,0,2,False,False,1.0,1.0,,,,,,,,,,True
2026-07-29,2026-07,20,0.0003448526120456,-2.526264589222288,1,2,True,False,1.0,1.0,,,,,,,,,,True
2026-07-29,2026-07,21,0.0008030579275139,-1.7448175669392112,1,2,True,False,1.0,1.0,,,,,,,,,,True
2026-07-30,2026-07,8,3.347440105580497e-07,-9.556796741389608,0,2,False,False,0.0,0.0,,,,,,,,,,True
2026-07-30,2026-07,9,9.630842240613944e-05,-4.32260879492642,0,2,False,False,0.0,0.0,,,,,,,,,,True
2026-07-30,2026-07,10,0.0116938166394914,0.1140693279073166,0,2,False,False,0.0,0.0,,,,,,,,,,True
2026-07-30,2026-07,11,0.0831567880752568,1.9275339814930776,0,2,False,False,0.0,0.0,,,,,,,,,,True
2026-07-30,2026-07,12,0.0997809785564751,2.096014839249669,0,2,False,True,0.0,0.0,,,,,,,,,,True
2026-07-30,2026-07,13,0.1143141378802901,2.2217148578228505,0,2,False,False,0.0,0.0,,,,,,,,,,True
2026-07-30,2026-07,14,0.2023972415512088,2.749836848356362,0,2,True,False,0.0,0.0,,,,,,,,,,True
2026-07-30,2026-07,15,0.2430920629129601,2.9192035071836964,0,2,True,False,0.0,0.0,,,,,,,,,,True
2026-07-30,2026-07,16,0.1493916174060087,2.469117145089056,0,2,False,False,0.0,0.0,,,,,,,,,,True
2026-07-30,2026-07,17,0.0884986584505619,1.985089858680171,0,2,False,False,0.0,0.0,,,,,,,,,,True
2026-07-30,2026-07,20,0.0011036910369085,-2.06800381901152,1,2,True,False,0.0,0.0,,,,,,,,,,True
2026-07-30,2026-07,21,0.0064743643244215,-0.4324748595423527,1,2,True,False,0.0,0.0,,,,,,,,,,True
2026-07-31,2026-07,8,2.071033804099828e-07,-9.768106672316016,0,2,False,False,0.0,0.0,,,,,,,,,,True
2026-07-31,2026-07,9,4.364591542203133e-05,-4.821698389007667,0,2,False,False,0.0,0.0,,,,,,,,,,True
2026-07-31,2026-07,10,0.0094531010297739,0.1499857815561521,0,2,False,False,0.0,0.0,,,,,,,,,,True
2026-07-31,2026-07,11,0.0461265328561301,1.6152819091014936,0,2,False,False,0.0,0.0,,,,,,,,,,True
2026-07-31,2026-07,12,0.0695098078550965,1.99438014105546,0,2,False,False,0.0,0.0,,,,,,,,,,True
2026-07-31,2026-07,13,0.1152659243042193,2.4619431595158785,0,2,False,False,0.0,0.0,,,,,,,,,,True
2026-07-31,2026-07,14,0.2041477011996947,2.9903608435953872,0,2,True,False,0.0,0.0,,,,,,,,,,True
2026-07-31,2026-07,15,0.2743516464456202,3.263597823901533,0,2,True,False,0.0,0.0,,,,,,,,,,True
2026-07-31,2026-07,16,0.1739149247558143,2.8421922111878706,0,2,False,True,0.0,0.0,,,,,,,,,,True
2026-07-31,2026-07,17,0.1028840196564927,2.3568890528658315,0,2,False,False,0.0,0.0,,,,,,,,,,True
2026-07-31,2026-07,20,0.0007627804342642,-2.1769744014630383,1,2,True,False,0.0,0.0,,,,,,,,,,True
2026-07-31,2026-07,21,0.0035397084440911,-0.7581005519637812,1,2,True,False,0.0,0.0,,,,,,,,,,True
2026-08-03,2026-08,8,8.498422342047404e-11,-15.101601934237788,0,1,False,False,1.0,1.0,,,,,,,,,,True
2026-08-03,2026-08,9,4.961611419558693e-08,-9.213217012787558,0,1,False,False,1.0,1.0,,,,,,,,,,True
2026-08-03,2026-08,10,8.549721353556928e-05,-2.324282573870526,0,1,False,False,1.0,1.0,,,,,,,,,,True
2026-08-03,2026-08,11,0.0018332277561081,0.5094815481607878,0,1,False,False,1.0,1.0,,,,,,,,,,True
2026-08-03,2026-08,12,0.0182700371744353,2.634963561676184,0,1,False,False,1.0,1.0,,,,,,,,,,True
2026-08-03,2026-08,13,0.0498721572206578,3.563297205556676,0,1,False,False,1.0,1.0,,,,,,,,,,True
2026-08-03,2026-08,14,0.1918861881091845,4.808938394452021,0,1,False,False,1.0,1.0,,,,,,,,,,True
2026-08-03,2026-08,15,0.302412493127763,5.229461256220437,0,1,True,False,1.0,1.0,,,,,,,,,,True
2026-08-03,2026-08,16,0.2686620338748816,5.1200638651594375,0,1,True,True,1.0,1.0,,,,,,,,,,True
2026-08-03,2026-08,17,0.1334237281673508,4.473018558159545,0,1,False,False,1.0,1.0,,,,,,,,,,True
2026-08-03,2026-08,18,0.0267935462852594,2.988934410242444,0,1,False,False,1.0,1.0,,,,,,,,,,True
2026-08-03,2026-08,19,0.0061470513754706,1.6279689604024512,0,1,False,False,1.0,1.0,,,,,,,,,,True
2026-08-03,2026-08,20,0.0004254161431137,-0.8409240056931756,0,1,False,False,1.0,1.0,,,,,,,,,,True
2026-08-03,2026-08,21,0.0001885738511407,-1.5930367346934635,0,1,False,False,1.0,1.0,,,,,,,,,,True
2026-08-04,2026-08,8,2.707150676900468e-11,-15.421668162819255,0,1,False,False,1.0,1.0,,,,,,,,,,True
2026-08-04,2026-08,9,2.1798144444046214e-08,-9.236078821986569,0,1,False,False,1.0,1.0,,,,,,,,,,True
2026-08-04,2026-08,10,5.338736312001036e-05,-2.022125051515327,0,1,False,False,1.0,1.0,,,,,,,,,,True
2026-08-04,2026-08,11,0.0010933613598392,0.7691959442713244,0,1,False,False,1.0,1.0,,,,,,,,,,True
2026-08-04,2026-08,12,0.0205582343301765,3.481538189419826,0,1,False,False,1.0,1.0,,,,,,,,,,True
2026-08-04,2026-08,13,0.0400194322744023,4.097317992845555,0,1,False,False,1.0,1.0,,,,,,,,,,True
2026-08-04,2026-08,14,0.2228167180491083,5.68458510734261,0,1,False,False,1.0,1.0,,,,,,,,,,True
2026-08-04,2026-08,15,0.3520361465391273,6.107414276513124,0,1,True,False,1.0,1.0,,,,,,,,,,True
2026-08-04,2026-08,16,0.2359634292129636,5.737581350851732,0,1,True,True,1.0,1.0,,,,,,,,,,True
2026-08-04,2026-08,17,0.112437311336497,5.052303748848233,0,1,False,False,1.0,1.0,,,,,,,,,,True
2026-08-04,2026-08,18,0.0126423320681226,3.0320604682849432,0,1,False,False,1.0,1.0,,,,,,,,,,True
2026-08-04,2026-08,19,0.0022617857445589,1.441177070999948,0,1,False,False,1.0,1.0,,,,,,,,,,True
2026-08-04,2026-08,20,7.618544314877819e-05,-1.693393833630223,0,1,False,False,1.0,1.0,,,,,,,,,,True
2026-08-04,2026-08,21,4.165445371920079e-05,-2.251542032642453,0,1,False,False,1.0,1.0,,,,,,,,,,True
2026-08-05,2026-08,8,1.1533604649345479e-10,-14.753612494612694,0,1,False,False,1.0,1.0,,,,,,,,,,True
2026-08-05,2026-08,9,2.218549781045755e-07,-7.762983151111875,0,1,False,False,1.0,1.0,,,,,,,,,,True
2026-08-05,2026-08,10,0.0002345562679664,-1.325639581912857,0,1,False,False,1.0,1.0,,,,,,,,,,True
2026-08-05,2026-08,11,0.0058896700056227,1.65410455169252,0,1,False,False,1.0,1.0,,,,,,,,,,True
2026-08-05,2026-08,12,0.0442313462716022,3.518012892774184,0,1,False,False,1.0,1.0,,,,,,,,,,True
2026-08-05,2026-08,13,0.1147742928288047,4.399507706429176,0,1,False,False,1.0,1.0,,,,,,,,,,True
2026-08-05,2026-08,14,0.2646123227465026,5.171699645193396,0,1,True,True,1.0,1.0,,,,,,,,,,True
2026-08-05,2026-08,15,0.3182337034131949,5.342279446324719,0,1,True,False,1.0,1.0,,,,,,,,,,True
2026-08-05,2026-08,16,0.1993630273194572,4.909952203908924,0,1,False,False,1.0,1.0,,,,,,,,,,True
2026-08-05,2026-08,17,0.0498781270777596,3.629084552003463,0,1,False,False,1.0,1.0,,,,,,,,,,True
2026-08-05,2026-08,18,0.0024316997279493,0.8363268602008668,0,1,False,False,1.0,1.0,,,,,,,,,,True
2026-08-05,2026-08,19,0.0002924196518276,-1.121803395331192,0,1,False,False,1.0,1.0,,,,,,,,,,True
2026-08-05,2026-08,20,3.129960500333659e-05,-3.187566151164332,0,1,False,False,1.0,1.0,,,,,,,,,,True
2026-08-05,2026-08,21,2.7313113994900864e-05,-3.313511925830769,0,1,False,False,1.0,1.0,,,,,,,,,,True
2026-08-06,2026-08,8,1.6949721983705054e-11,-16.036486481784365,0,1,False,False,0.0,0.0,,,,,,,,,,True
2026-08-06,2026-08,9,2.0629994275901188e-08,-9.468958992573492,0,1,False,False,0.0,0.0,,,,,,,,,,True
2026-08-06,2026-08,10,4.380758178928497e-05,-2.386913559817873,0,1,False,False,0.0,0.0,,,,,,,,,,True
2026-08-06,2026-08,11,0.0013550389312001,0.7855959053776398,0,1,False,False,0.0,0.0,,,,,,,,,,True
2026-08-06,2026-08,12,0.0178752151428786,3.1702945355512524,0,1,False,False,0.0,0.0,,,,,,,,,,True
2026-08-06,2026-08,13,0.0357807467520077,3.8118584093351022,0,1,False,False,0.0,0.0,,,,,,,,,,True
2026-08-06,2026-08,14,0.1510808098661288,5.14344147270632,0,1,False,True,0.0,0.0,,,,,,,,,,True
2026-08-06,2026-08,15,0.2973452245128988,5.7693674834342215,0,1,True,False,0.0,0.0,,,,,,,,,,True
2026-08-06,2026-08,16,0.2973901331939061,5.769507094617278,0,1,True,False,0.0,0.0,,,,,,,,,,True
2026-08-06,2026-08,17,0.1653752860308731,5.227014104715325,0,1,False,False,0.0,0.0,,,,,,,,,,True
2026-08-06,2026-08,18,0.0283691250078105,3.597285547405832,0,1,False,False,0.0,0.0,,,,,,,,,,True
2026-08-06,2026-08,19,0.0051256796799386,2.0155153348277928,0,1,False,False,0.0,0.0,,,,,,,,,,True
2026-08-06,2026-08,20,0.0001785584245383,-1.0879598616158306,0,1,False,False,0.0,0.0,,,,,,,,,,True
2026-08-06,2026-08,21,8.035422908568315e-05,-1.826106912201349,0,1,False,False,0.0,0.0,,,,,,,,,,True
2026-08-07,2026-08,8,4.7914710550081793e-11,-15.200611295580984,0,1,False,False,0.0,0.0,,,,,,,,,,True
2026-08-07,2026-08,9,6.948249735152034e-08,-8.471159180771815,0,1,False,False,0.0,0.0,,,,,,,,,,True
2026-08-07,2026-08,10,0.0001330285110796,-1.4848611799991127,0,1,False,False,0.0,0.0,,,,,,,,,,True
2026-08-07,2026-08,11,0.0012452446034356,0.5826943880431952,0,1,False,False,0.0,0.0,,,,,,,,,,True
2026-08-07,2026-08,12,0.013906083318037,2.813388321177909,0,1,False,False,0.0,0.0,,,,,,,,,,True
2026-08-07,2026-08,13,0.0482112499307892,3.962726219040992,0,1,False,False,0.0,0.0,,,,,,,,,,True
2026-08-07,2026-08,14,0.1889600329271749,5.22547305325636,0,1,True,False,0.0,0.0,,,,,,,,,,True
2026-08-07,2026-08,15,0.4072052786853269,5.935249429228556,0,1,True,False,0.0,0.0,,,,,,,,,,True
2026-08-07,2026-08,16,0.178458651056485,5.172614267801512,0,1,False,True,0.0,0.0,,,,,,,,,,True
2026-08-07,2026-08,17,0.1361754363676467,4.9226309227091,0,1,False,False,0.0,0.0,,,,,,,,,,True
2026-08-07,2026-08,18,0.0207233107805096,3.1821819526235053,0,1,False,False,0.0,0.0,,,,,,,,,,True
2026-08-07,2026-08,19,0.0047626984761795,1.8228285185545527,0,1,False,False,0.0,0.0,,,,,,,,,,True
2026-08-07,2026-08,20,0.0001459294787232,-1.399294032482088,0,1,False,False,0.0,0.0,,,,,,,,,,True
2026-08-07,2026-08,21,7.298633420039604e-05,-2.039800739449561,0,1,False,False,0.0,0.0,,,,,,,,,,True
2026-08-10,2026-08,8,1.104708923252495e-09,-13.585319211484022,0,1,False,False,1.0,1.0,,,,,,,,,,True
2026-08-10,2026-08,9,9.879196016368768e-07,-7.302735530213534,0,1,False,False,1.0,1.0,,,,,,,,,,True
2026-08-10,2026-08,10,0.0005735809556779,-1.419483401845038,0,1,False,False,1.0,1.0,,,,,,,,,,True
2026-08-10,2026-08,11,0.006084398104528,0.7636841462364269,0,1,False,False,1.0,1.0,,,,,,,,,,True
2026-08-10,2026-08,12,0.0310257397776748,2.2696966549041853,0,1,False,False,1.0,1.0,,,,,,,,,,True
2026-08-10,2026-08,13,0.0934918405744426,3.2894182599229627,0,1,False,False,1.0,1.0,,,,,,,,,,True
2026-08-10,2026-08,14,0.2692072332475402,4.267123875895285,0,1,True,False,1.0,1.0,,,,,,,,,,True
2026-08-10,2026-08,15,0.252806724266623,4.2090164239987775,0,1,True,True,1.0,1.0,,,,,,,,,,True
2026-08-10,2026-08,16,0.2129142993930263,4.050255427672926,0,1,False,False,1.0,1.0,,,,,,,,,,True
2026-08-10,2026-08,17,0.1002759953222942,3.354178026193576,0,1,False,False,1.0,1.0,,,,,,,,,,True
2026-08-10,2026-08,18,0.022267016927884,1.963046569988144,0,1,False,False,1.0,1.0,,,,,,,,,,True
2026-08-10,2026-08,19,0.0101673845960445,1.238349921575707,0,1,False,False,1.0,1.0,,,,,,,,,,True
2026-08-10,2026-08,20,0.0009441345231219,-0.9587653934569652,0,1,False,False,1.0,1.0,,,,,,,,,,True
2026-08-10,2026-08,21,0.0002406632868317,-2.222368935363053,0,1,False,False,1.0,1.0,,,,,,,,,,True
2026-08-11,2026-08,8,7.417790497885323e-10,-13.853676925563828,0,1,False,False,1.0,1.0,,,,,,,,,,True
2026-08-11,2026-08,9,9.050600271367544e-07,-7.283879698170168,0,1,False,False,1.0,1.0,,,,,,,,,,True
2026-08-11,2026-08,10,0.000473066051346,-1.4977540531491278,0,1,False,False,1.0,1.0,,,,,,,,,,True
2026-08-11,2026-08,11,0.0036286204722354,0.3856962826692635,0,1,False,False,1.0,1.0,,,,,,,,,,True
2026-08-11,2026-08,12,0.0332233315243683,2.43279936392146,0,1,False,False,1.0,1.0,,,,,,,,,,True
2026-08-11,2026-08,13,0.0663434795094013,3.072142958904358,0,1,False,False,1.0,1.0,,,,,,,,,,True
2026-08-11,2026-08,14,0.1412755535116571,3.770904395916276,0,1,False,False,1.0,1.0,,,,,,,,,,True
2026-08-11,2026-08,15,0.3456394681515048,4.597995453255981,0,1,True,True,1.0,1.0,,,,,,,,,,True
2026-08-11,2026-08,16,0.2609641577888937,4.338212691489073,0,1,True,False,1.0,1.0,,,,,,,,,,True
2026-08-11,2026-08,17,0.1170088493967338,3.596679959491804,0,1,False,False,1.0,1.0,,,,,,,,,,True
2026-08-11,2026-08,18,0.0230314947912921,2.0940901536419467,0,1,False,False,1.0,1.0,,,,,,,,,,True
2026-08-11,2026-08,19,0.0079806546630364,1.1143185100230133,0,1,False,False,1.0,1.0,,,,,,,,,,True
2026-08-11,2026-08,20,0.0003041588928905,-1.906069779394463,0,1,False,False,1.0,1.0,,,,,,,,,,True
2026-08-11,2026-08,21,0.0001262594448337,-2.718857178273167,0,1,False,False,1.0,1.0,,,,,,,,,,True
2026-08-12,2026-08,8,1.2188477945300526e-08,-11.118476090058149,0,1,False,False,0.0,0.0,,,,,,,,,,True
2026-08-12,2026-08,9,3.3750893834622366e-05,-3.791030670134475,0,1,False,False,0.0,0.0,,,,,,,,,,True
2026-08-12,2026-08,10,0.0160265443098715,1.906353007250693,0,1,False,False,0.0,0.0,,,,,,,,,,True
2026-08-12,2026-08,11,0.0734220143336069,3.31334584431226,0,1,False,True,0.0,0.0,,,,,,,,,,True
2026-08-12,2026-08,12,0.2081210067947857,4.276527011086266,0,1,True,False,0.0,0.0,,,,,,,,,,True
2026-08-12,2026-08,13,0.1790854598768742,4.137622263381644,0,1,False,False,0.0,0.0,,,,,,,,,,True
2026-08-12,2026-08,14,0.0350607889145205,2.630047089574396,0,1,False,False,0.0,0.0,,,,,,,,,,True
2026-08-12,2026-08,15,0.0150214331086943,1.8464779079237503,0,1,False,False,0.0,0.0,,,,,,,,,,True
2026-08-12,2026-08,16,0.3300670368579722,4.702861496798906,0,1,True,False,0.0,0.0,,,,,,,,,,True
2026-08-12,2026-08,17,0.1320145108685499,3.855709900497076,0,1,False,False,0.0,0.0,,,,,,,,,,True
2026-08-12,2026-08,18,0.009673760470543,1.439663343403266,0,1,False,False,0.0,0.0,,,,,,,,,,True
2026-08-12,2026-08,19,0.0010335064889477,-0.6278330147645692,0,1,False,False,0.0,0.0,,,,,,,,,,True
2026-08-12,2026-08,20,0.0002625863081104,-1.8944530240214053,0,1,False,False,0.0,0.0,,,,,,,,,,True
2026-08-12,2026-08,21,0.0001775885852107,-2.2560151104294337,0,1,False,False,0.0,0.0,,,,,,,,,,True
2026-08-13,2026-08,8,3.5913585349976777e-07,-9.587279172034576,0,1,False,False,1.0,1.0,,,,,,,,,,True
2026-08-13,2026-08,9,0.0001664068629127,-3.9125486312379465,0,1,False,False,1.0,1.0,,,,,,,,,,True
2026-08-13,2026-08,10,0.0141628871259069,0.1956581295835934,0,1,False,False,1.0,1.0,,,,,,,,,,True
2026-08-13,2026-08,11,0.0571616246013195,1.4855049369770417,0,1,False,False,1.0,1.0,,,,,,,,,,True
2026-08-13,2026-08,12,0.1382796778858739,2.3021603736757146,0,1,False,False,1.0,1.0,,,,,,,,,,True
2026-08-13,2026-08,13,0.1180839927385858,2.1562061741032728,0,1,False,False,1.0,1.0,,,,,,,,,,True
2026-08-13,2026-08,14,0.2439753986717541,2.8270533093980994,0,1,True,False,1.0,1.0,,,,,,,,,,True
2026-08-13,2026-08,15,0.2140743531667721,2.70618695498543,0,1,True,True,1.0,1.0,,,,,,,,,,True
2026-08-13,2026-08,16,0.1334049796720684,2.26898293182031,0,1,False,False,1.0,1.0,,,,,,,,,,True
2026-08-13,2026-08,17,0.0571958544112995,1.486058355376016,0,1,False,False,1.0,1.0,,,,,,,,,,True
2026-08-13,2026-08,18,0.0139486848470414,0.1815697506002578,0,1,False,False,1.0,1.0,,,,,,,,,,True
2026-08-13,2026-08,19,0.0061948973715687,-0.568769089396415,0,1,False,False,1.0,1.0,,,,,,,,,,True
2026-08-13,2026-08,20,0.0018266625861362,-1.6977407585718491,0,1,False,False,1.0,1.0,,,,,,,,,,True
2026-08-13,2026-08,21,0.0015242209229067,-1.865072929625872,0,1,False,False,1.0,1.0,,,,,,,,,,True
2026-08-14,2026-08,8,5.136057893060569e-06,-7.790173790985671,0,1,False,False,1.0,1.0,,,,,,,,,,True
2026-08-14,2026-08,9,0.0012048673307488,-2.744671796588231,0,1,False,False,1.0,1.0,,,,,,,,,,True
2026-08-14,2026-08,10,0.0382748808183049,0.4524703958828005,0,1,False,False,1.0,1.0,,,,,,,,,,True
2026-08-14,2026-08,11,0.1117605641080377,1.4430791536291316,0,1,False,False,1.0,1.0,,,,,,,,,,True
2026-08-14,2026-08,12,0.1461832398264533,1.6912960953996403,0,1,False,False,1.0,1.0,,,,,,,,,,True
2026-08-14,2026-08,13,0.1237449878936919,1.5372475071072171,0,1,False,False,1.0,1.0,,,,,,,,,,True
2026-08-14,2026-08,14,0.1749188587047185,1.8571991867363904,0,1,True,True,1.0,1.0,,,,,,,,,,True
2026-08-14,2026-08,15,0.1646677277630318,1.8013692816726654,0,1,True,False,1.0,1.0,,,,,,,,,,True
2026-08-14,2026-08,16,0.1067108055979085,1.400335946681471,0,1,False,False,1.0,1.0,,,,,,,,,,True
2026-08-14,2026-08,17,0.065319528387318,0.9465866274742484,0,1,False,False,1.0,1.0,,,,,,,,,,True
2026-08-14,2026-08,18,0.0244770411018325,0.0391871680111615,0,1,False,False,1.0,1.0,,,,,,,,,,True
2026-08-14,2026-08,19,0.013210664996107,-0.5309317481131313,0,1,False,False,1.0,1.0,,,,,,,,,,True
2026-08-14,2026-08,20,0.0104346199552268,-0.7490053152110207,0,1,False,False,1.0,1.0,,,,,,,,,,True
2026-08-14,2026-08,21,0.0190870774587267,-0.1907459058697466,0,1,False,False,1.0,1.0,,,,,,,,,,True
2026-08-17,2026-08,8,2.9061617522125944e-10,-14.411086434873868,0,1,False,False,1.0,1.0,,,,,,,,,,True
2026-08-17,2026-08,9,4.509954415554203e-07,-7.618955184950703,0,1,False,False,1.0,1.0,,,,,,,,,,True
2026-08-17,2026-08,10,0.0001979864889248,-1.994138938652714,0,1,False,False,1.0,1.0,,,,,,,,,,True
2026-08-17,2026-08,11,0.0022448528704845,0.2506085438865479,0,1,False,False,1.0,1.0,,,,,,,,,,True
2026-08-17,2026-08,12,0.0246353259438258,2.4651680702400744,0,1,False,False,1.0,1.0,,,,,,,,,,True
2026-08-17,2026-08,13,0.0710354880493069,3.4441594638430404,0,1,False,False,1.0,1.0,,,,,,,,,,True
2026-08-17,2026-08,14,0.1991033395110063,4.396939212226062,0,1,False,False,1.0,1.0,,,,,,,,,,True
2026-08-17,2026-08,15,0.2984112095923322,4.771016680344332,0,1,True,False,1.0,1.0,,,,,,,,,,True
2026-08-17,2026-08,16,0.268994272238468,4.675075036296267,0,1,True,True,1.0,1.0,,,,,,,,,,True
2026-08-17,2026-08,17,0.1084835988092019,3.835589760570982,0,1,False,False,1.0,1.0,,,,,,,,,,True
2026-08-17,2026-08,18,0.0216209509213109,2.34451005326203,0,1,False,False,1.0,1.0,,,,,,,,,,True
2026-08-17,2026-08,19,0.0044294416661853,0.878896138665549,0,1,False,False,1.0,1.0,,,,,,,,,,True
2026-08-17,2026-08,20,0.0005520812388581,-1.0461182462174787,0,1,False,False,1.0,1.0,,,,,,,,,,True
2026-08-17,2026-08,21,0.000291001384037,-1.6381060204370286,0,1,False,False,1.0,1.0,,,,,,,,,,True
2026-08-18,2026-08,8,7.307102702238324e-11,-15.33393798528631,0,1,False,False,0.0,0.0,,,,,,,,,,True
2026-08-18,2026-08,9,2.1858034733785786e-07,-7.935119529262055,0,1,False,False,0.0,0.0,,,,,,,,,,True
2026-08-18,2026-08,10,7.325573639228965e-05,-2.559848226460664,0,1,False,False,0.0,0.0,,,,,,,,,,True
2026-08-18,2026-08,11,0.000579968365939,-0.6471443884520961,0,1,False,False,0.0,0.0,,,,,,,,,,True
2026-08-18,2026-08,12,0.0115496013747774,2.118287063384608,0,1,False,False,0.0,0.0,,,,,,,,,,True
2026-08-18,2026-08,13,0.0767075168807387,3.868594325220096,0,1,False,False,0.0,0.0,,,,,,,,,,True
2026-08-18,2026-08,14,0.1588982566039843,4.541838721212992,0,1,False,True,0.0,0.0,,,,,,,,,,True
2026-08-18,2026-08,15,0.3081055952130272,5.15398994450058,0,1,True,False,0.0,0.0,,,,,,,,,,True
2026-08-18,2026-08,16,0.2844997460128264,5.080301804288732,0,1,True,False,0.0,0.0,,,,,,,,,,True
2026-08-18,2026-08,17,0.1260563829296244,4.3277962451454375,0,1,False,False,0.0,0.0,,,,,,,,,,True
2026-08-18,2026-08,18,0.0248471163127921,2.8265000797062765,0,1,False,False,0.0,0.0,,,,,,,,,,True
2026-08-18,2026-08,19,0.0075347047631793,1.723425336263166,0,1,False,False,0.0,0.0,,,,,,,,,,True
2026-08-18,2026-08,20,0.0008433959999907,-0.3009718394165404,0,1,False,False,0.0,0.0,,,,,,,,,,True
2026-08-18,2026-08,21,0.0003042411533093,-1.243556326010755,0,1,False,False,0.0,0.0,,,,,,,,,,True
2026-08-19,2026-08,8,5.318000488566222e-11,-15.5197246968147,0,1,False,False,1.0,1.0,,,,,,,,,,True
2026-08-19,2026-08,9,5.162713829519546e-07,-7.032616877510504,0,1,False,False,1.0,1.0,,,,,,,,,,True
2026-08-19,2026-08,10,0.0001407159397449,-1.8484222901191345,0,1,False,False,1.0,1.0,,,,,,,,,,True
2026-08-19,2026-08,11,0.003309110415187,1.0707071834294215,0,1,False,False,1.0,1.0,,,,,,,,,,True
2026-08-19,2026-08,12,0.0253182024363894,2.95181995991654,0,1,False,False,1.0,1.0,,,,,,,,,,True
2026-08-19,2026-08,13,0.0507146326799048,3.5940273039499737,0,1,False,False,1.0,1.0,,,,,,,,,,True
2026-08-19,2026-08,14,0.2280148466848158,4.983657865202074,0,1,False,False,1.0,1.0,,,,,,,,,,True
2026-08-19,2026-08,15,0.3189421123865448,5.293902420105718,0,1,True,True,1.0,1.0,,,,,,,,,,True
2026-08-19,2026-08,16,0.2452609508579983,5.051061406271838,0,1,True,False,1.0,1.0,,,,,,,,,,True
2026-08-19,2026-08,17,0.1077981185163347,4.291105262204109,0,1,False,False,1.0,1.0,,,,,,,,,,True
2026-08-19,2026-08,18,0.0165196400980264,2.5571039772302697,0,1,False,False,1.0,1.0,,,,,,,,,,True
2026-08-19,2026-08,19,0.0035115486950107,1.1255989910911477,0,1,False,False,1.0,1.0,,,,,,,,,,True
2026-08-19,2026-08,20,0.0003657729529124,-0.9653228635714984,0,1,False,False,1.0,1.0,,,,,,,,,,True
2026-08-19,2026-08,21,0.0001038320125673,-2.129426512695636,0,1,False,False,1.0,1.0,,,,,,,,,,True
2026-08-20,2026-08,8,3.188495063100009e-09,-12.840958423203311,0,1,False,False,1.0,1.0,,,,,,,,,,True
2026-08-20,2026-08,9,1.180174102554987e-05,-5.2452539180321125,0,1,False,False,1.0,1.0,,,,,,,,,,True
2026-08-20,2026-08,10,0.0019538908696907,-0.5219303117383901,0,1,False,False,1.0,1.0,,,,,,,,,,True
2026-08-20,2026-08,11,0.0221396310801027,1.722216361947745,0,1,False,False,1.0,1.0,,,,,,,,,,True
2026-08-20,2026-08,12,0.0925010381701323,3.044042491680852,0,1,False,False,1.0,1.0,,,,,,,,,,True
2026-08-20,2026-08,13,0.1161031878301414,3.254132633610615,0,1,False,False,1.0,1.0,,,,,,,,,,True
2026-08-20,2026-08,14,0.2055020519432512,3.781972314135205,0,1,True,False,1.0,1.0,,,,,,,,,,True
2026-08-20,2026-08,15,0.2890628204761161,4.0973837531370325,0,1,True,True,1.0,1.0,,,,,,,,,,True
2026-08-20,2026-08,16,0.1977720079668204,3.746527839750805,0,1,False,False,1.0,1.0,,,,,,,,,,True
2026-08-20,2026-08,17,0.0602890466275825,2.6483134871143243,0,1,False,False,1.0,1.0,,,,,,,,,,True
2026-08-20,2026-08,18,0.011666398418913,1.129961144000509,0,1,False,False,1.0,1.0,,,,,,,,,,True
2026-08-20,2026-08,19,0.0024482871448098,-0.3134057497871325,0,1,False,False,1.0,1.0,,,,,,,,,,True
2026-08-20,2026-08,20,0.0003946593616275,-2.00063972507042,0,1,False,False,1.0,1.0,,,,,,,,,,True
2026-08-20,2026-08,21,0.0001551751812913,-2.8635850113223995,0,1,False,False,1.0,1.0,,,,,,,,,,True
2026-08-21,2026-08,8,4.510805302169666e-10,-14.269775466517371,0,1,False,False,0.0,0.0,,,,,,,,,,True
2026-08-21,2026-08,9,1.0790596383397615e-06,-7.077592386048574,0,1,False,False,0.0,0.0,,,,,,,,,,True
2026-08-21,2026-08,10,0.0004113672284702,-1.5832165501951003,0,1,False,False,0.0,0.0,,,,,,,,,,True
2026-08-21,2026-08,11,0.0038047503209568,0.4732414978629796,0,1,False,False,0.0,0.0,,,,,,,,,,True
2026-08-21,2026-08,12,0.0201976843790865,2.0164430091851373,0,1,False,False,0.0,0.0,,,,,,,,,,True
2026-08-21,2026-08,13,0.0383659525234003,2.609572725806685,0,1,False,False,0.0,0.0,,,,,,,,,,True
2026-08-21,2026-08,14,0.1250996754236118,3.7022181484354864,0,1,False,False,0.0,0.0,,,,,,,,,,True
2026-08-21,2026-08,15,0.2692368885917565,4.410791716346756,0,1,True,False,0.0,0.0,,,,,,,,,,True
2026-08-21,2026-08,16,0.3398958209603147,4.626232637837028,0,1,True,False,0.0,0.0,,,,,,,,,,True
2026-08-21,2026-08,17,0.1532239300228294,3.88968712057108,0,1,False,True,0.0,0.0,,,,,,,,,,True
2026-08-21,2026-08,18,0.0348431586230203,2.5205355642985854,0,1,False,False,0.0,0.0,,,,,,,,,,True
2026-08-21,2026-08,19,0.0116168535174856,1.5051192316135338,0,1,False,False,0.0,0.0,,,,,,,,,,True
2026-08-21,2026-08,20,0.0022407626424587,-0.0161941269211102,0,1,False,False,0.0,0.0,,,,,,,,,,True
2026-08-21,2026-08,21,0.0010620762558899,-0.7063801458467465,0,1,False,False,0.0,0.0,,,,,,,,,,True
2026-08-24,2026-08,8,2.79334899952264e-11,-15.699167151811965,0,1,False,False,1.0,1.0,,,,,,,,,,True
2026-08-24,2026-08,9,1.1788692542271577e-07,-7.982173304093534,0,1,False,False,1.0,1.0,,,,,,,,,,True
2026-08-24,2026-08,10,3.410605506407521e-05,-2.742846015924853,0,1,False,False,1.0,1.0,,,,,,,,,,True
2026-08-24,2026-08,11,0.0003516498749151,-0.5859540582439448,0,1,False,False,1.0,1.0,,,,,,,,,,True
2026-08-24,2026-08,12,0.0050583389142364,1.8787765499539903,0,1,False,False,1.0,1.0,,,,,,,,,,True
2026-08-24,2026-08,13,0.0347664548988246,3.660761076419897,0,1,False,False,1.0,1.0,,,,,,,,,,True
2026-08-24,2026-08,14,0.0824243175021417,4.4587722094507285,0,1,False,False,1.0,1.0,,,,,,,,,,True
2026-08-24,2026-08,15,0.3748000769714403,5.858863839010029,0,1,True,True,1.0,1.0,,,,,,,,,,True
2026-08-24,2026-08,16,0.4012111894233812,5.921814472468551,0,1,True,False,1.0,1.0,,,,,,,,,,True
2026-08-24,2026-08,17,0.0907676249401806,4.547909724923546,0,1,False,False,1.0,1.0,,,,,,,,,,True
2026-08-24,2026-08,18,0.0094844379846493,2.459899269253976,0,1,False,False,1.0,1.0,,,,,,,,,,True
2026-08-24,2026-08,19,0.0009342585651552,0.3173424693441387,0,1,False,False,1.0,1.0,,,,,,,,,,True
2026-08-24,2026-08,20,0.0001302721009355,-1.503943276050581,0,1,False,False,1.0,1.0,,,,,,,,,,True
2026-08-24,2026-08,21,3.715485421656784e-05,-2.663695032700723,0,1,False,False,1.0,1.0,,,,,,,,,,True
2026-08-25,2026-08,8,4.525661160646284e-08,-11.128949586997583,0,1,False,False,1.0,1.0,,,,,,,,,,True
2026-08-25,2026-08,9,8.568979494170763e-05,-4.152916336016087,0,1,False,False,1.0,1.0,,,,,,,,,,True
2026-08-25,2026-08,10,0.0073217321160577,-0.0410820326121743,0,1,False,False,1.0,1.0,,,,,,,,,,True
2026-08-25,2026-08,11,0.0341483000937063,1.382447775381995,0,1,False,False,1.0,1.0,,,,,,,,,,True
2026-08-25,2026-08,12,0.0983539456424521,2.360386865346089,0,1,False,False,1.0,1.0,,,,,,,,,,True
2026-08-25,2026-08,13,0.1092541604453728,2.4575505460991574,0,1,False,False,1.0,1.0,,,,,,,,,,True
2026-08-25,2026-08,14,0.1775579343128886,2.906482234777737,0,1,False,False,1.0,1.0,,,,,,,,,,True
2026-08-25,2026-08,15,0.2432951770266764,3.197664253673673,0,1,True,False,1.0,1.0,,,,,,,,,,True
2026-08-25,2026-08,16,0.1941733504430487,2.989178376045017,0,1,True,True,1.0,1.0,,,,,,,,,,True
2026-08-25,2026-08,17,0.0970144185474423,2.347709829063621,0,1,False,False,1.0,1.0,,,,,,,,,,True
2026-08-25,2026-08,18,0.0271757968423191,1.171316171623695,0,1,False,False,1.0,1.0,,,,,,,,,,True
2026-08-25,2026-08,19,0.0072770138607824,-0.0467455250196376,0,1,False,False,1.0,1.0,,,,,,,,,,True
2026-08-25,2026-08,20,0.0031557017897483,-0.8191328856404582,0,1,False,False,1.0,1.0,,,,,,,,,,True
2026-08-25,2026-08,21,0.0011867338279514,-1.7232510908899663,0,1,False,False,1.0,1.0,,,,,,,,,,True
2026-08-26,2026-08,8,3.9170903839169536e-08,-11.256340491859822,0,1,False,False,0.0,0.0,,,,,,,,,,True
2026-08-26,2026-08,9,5.103931738042047e-05,-4.625795591856603,0,1,False,False,0.0,0.0,,,,,,,,,,True
2026-08-26,2026-08,10,0.0064986362531127,-0.1452137902522396,0,1,False,False,0.0,0.0,,,,,,,,,,True
2026-08-26,2026-08,11,0.0369336599119491,1.461047622552433,0,1,False,False,0.0,0.0,,,,,,,,,,True
2026-08-26,2026-08,12,0.0973806750234041,2.357306516695176,0,1,False,False,0.0,0.0,,,,,,,,,,True
2026-08-26,2026-08,13,0.1363201043950478,2.6682713754663125,0,1,False,False,0.0,0.0,,,,,,,,,,True
2026-08-26,2026-08,14,0.2061395317630697,3.050575528684816,0,1,True,False,0.0,0.0,,,,,,,,,,True
2026-08-26,2026-08,15,0.2238809883647395,3.126899393399033,0,1,True,False,0.0,0.0,,,,,,,,,,True
2026-08-26,2026-08,16,0.1737258243128095,2.892425208248742,0,1,False,True,0.0,0.0,,,,,,,,,,True
2026-08-26,2026-08,17,0.078544280871115,2.158581799364228,0,1,False,False,0.0,0.0,,,,,,,,,,True
2026-08-26,2026-08,18,0.0287223577031783,1.2285968563478646,0,1,False,False,0.0,0.0,,,,,,,,,,True
2026-08-26,2026-08,19,0.0064025055968589,-0.1589908156764131,0,1,False,False,0.0,0.0,,,,,,,,,,True
2026-08-26,2026-08,20,0.0034309769675894,-0.7357040589692951,0,1,False,False,0.0,0.0,,,,,,,,,,True
2026-08-26,2026-08,21,0.0019693803488412,-1.2488906702252025,0,1,False,False,0.0,0.0,,,,,,,,,,True
2026-08-27,2026-08,8,6.120466920268086e-07,-9.33377351852429,0,1,False,False,0.0,0.0,,,,,,,,,,True
2026-08-27,2026-08,9,0.0003224282898069,-3.5404016344958067,0,1,False,False,0.0,0.0,,,,,,,,,,True
2026-08-27,2026-08,10,0.026840988827029,0.5473379851789111,0,1,False,False,0.0,0.0,,,,,,,,,,True
2026-08-27,2026-08,11,0.0945009243559366,1.710924865332547,0,1,False,False,0.0,0.0,,,,,,,,,,True
2026-08-27,2026-08,12,0.1577270607018472,2.1844806139255857,0,1,False,False,0.0,0.0,,,,,,,,,,True
2026-08-27,2026-08,13,0.1194603950161735,1.9275932122034627,0,1,False,False,0.0,0.0,,,,,,,,,,True
2026-08-27,2026-08,14,0.1604148998634719,2.200101523658798,0,1,True,False,0.0,0.0,,,,,,,,,,True
2026-08-27,2026-08,15,0.1636476499349798,2.218546213524433,0,1,True,False,0.0,0.0,,,,,,,,,,True
2026-08-27,2026-08,16,0.1210789415466823,1.940034327081849,0,1,False,False,0.0,0.0,,,,,,,,,,True
2026-08-27,2026-08,17,0.0987624871659787,1.7517007432990817,0,1,False,False,0.0,0.0,,,,,,,,,,True
2026-08-27,2026-08,18,0.0314056196425733,0.6925291266066868,0,1,False,False,0.0,0.0,,,,,,,,,,True
2026-08-27,2026-08,19,0.008552424461228,-0.5099702589544111,0,1,False,False,0.0,0.0,,,,,,,,,,True
2026-08-27,2026-08,20,0.0102816777906544,-0.3397339438688414,0,1,False,False,0.0,0.0,,,,,,,,,,True
2026-08-27,2026-08,21,0.0070038903569459,-0.6946283673235295,0,1,False,True,0.0,0.0,,,,,,,,,,True
2026-08-28,2026-08,8,8.18065589262068e-08,-10.823312594371655,0,1,False,False,1.0,1.0,,,,,,,,,,True
2026-08-28,2026-08,9,0.0001233460153602,-4.057821886658344,0,1,False,False,1.0,1.0,,,,,,,,,,True
2026-08-28,2026-08,10,0.0116308057712891,0.1451174966878449,0,1,False,False,1.0,1.0,,,,,,,,,,True
2026-08-28,2026-08,11,0.052447601009791,1.5374854347694775,0,1,False,False,1.0,1.0,,,,,,,,,,True
2026-08-28,2026-08,12,0.1054780665688707,2.183388320826199,0,1,False,False,1.0,1.0,,,,,,,,,,True
2026-08-28,2026-08,13,0.128528409286126,2.366103129599545,0,1,False,False,1.0,1.0,,,,,,,,,,True
2026-08-28,2026-08,14,0.2184073999677203,2.856258036891613,0,1,True,True,1.0,1.0,,,,,,,,,,True
2026-08-28,2026-08,15,0.2400885064402707,2.943753124073884,0,1,True,False,1.0,1.0,,,,,,,,,,True
2026-08-28,2026-08,16,0.1674676864109453,2.610750132108526,0,1,False,False,1.0,1.0,,,,,,,,,,True
2026-08-28,2026-08,17,0.0572190958804003,1.617980199258238,0,1,False,False,1.0,1.0,,,,,,,,,,True
2026-08-28,2026-08,18,0.0121891675904632,0.1884653575905162,0,1,False,False,1.0,1.0,,,,,,,,,,True
2026-08-28,2026-08,19,0.0032334602436355,-1.0382756787348724,0,1,False,False,1.0,1.0,,,,,,,,,,True
2026-08-28,2026-08,20,0.0017820191602446,-1.5890686266789429,0,1,False,False,1.0,1.0,,,,,,,,,,True
2026-08-28,2026-08,21,0.0014043538483235,-1.809244801533346,0,1,False,False,1.0,1.0,,,,,,,,,,True
2026-08-31,2026-08,8,8.431475314000032e-06,-7.46007162846238,0,1,False,False,1.0,1.0,,,,,,,,,,True
2026-08-31,2026-08,9,0.0031065404277727,-1.997222457845704,0,1,False,False,1.0,1.0,,,,,,,,,,True
2026-08-31,2026-08,10,0.0373314875025722,0.301264224648295,0,1,False,False,1.0,1.0,,,,,,,,,,True
2026-08-31,2026-08,11,0.1061932980779224,1.2677068530039308,0,1,False,False,1.0,1.0,,,,,,,,,,True
2026-08-31,2026-08,12,0.0977377426135939,1.191002231255441,0,1,False,False,1.0,1.0,,,,,,,,,,True
2026-08-31,2026-08,13,0.0771348218590568,0.9721543131603756,0,1,False,False,1.0,1.0,,,,,,,,,,True
2026-08-31,2026-08,14,0.1270932968192284,1.4337940370093023,0,1,False,False,1.0,1.0,,,,,,,,,,True
2026-08-31,2026-08,15,0.1846438336566445,1.7790830614900826,0,1,True,False,1.0,1.0,,,,,,,,,,True
2026-08-31,2026-08,16,0.1416497009065194,1.534037455024729,0,1,True,True,1.0,1.0,,,,,,,,,,True
2026-08-31,2026-08,17,0.0820451463152635,1.029206625741703,0,1,False,False,1.0,1.0,,,,,,,,,,True
2026-08-31,2026-08,18,0.0441545300467474,0.4564409982791318,0,1,False,False,1.0,1.0,,,,,,,,,,True
2026-08-31,2026-08,19,0.0244758581604741,-0.0889924584021686,0,1,False,False,1.0,1.0,,,,,,,,,,True
2026-08-31,2026-08,20,0.0445370947803879,0.4644161449703681,0,1,False,False,1.0,1.0,,,,,,,,,,True
2026-08-31,2026-08,21,0.0298882173585021,0.0956915700797421,0,1,False,False,1.0,1.0,,,,,,,,,,True
2026-09-01,2026-09,8,1.2305559222685262e-05,-7.049571832281291,0,2,False,False,,,2026-07,m0399,ideal_weather_proxy,awaiting_actual_chm,2026-10-01T17:27:22.315496+00:00,2026-08-31,,,2026-08-31 17:25:00,False
2026-09-01,2026-09,9,0.001955211079481855,-2.364269590924829,0,2,False,False,,,2026-07,m0399,ideal_weather_proxy,awaiting_actual_chm,2026-10-01T17:27:22.315496+00:00,2026-08-31,,,2026-08-31 17:25:00,False
2026-09-01,2026-09,10,0.06929173883479364,0.9340104166647479,0,2,False,False,,,2026-07,m0399,ideal_weather_proxy,awaiting_actual_chm,2026-10-01T17:27:22.315496+00:00,2026-08-31,,,2026-08-31 17:25:00,False
2026-09-01,2026-09,11,0.13578826666041752,1.555954025737369,0,2,False,False,,,2026-07,m0399,ideal_weather_proxy,awaiting_actual_chm,2026-10-01T17:27:22.315496+00:00,2026-08-31,,,2026-08-31 17:25:00,False
2026-09-01,2026-09,12,0.11823121129449103,1.427959520891974,0,2,False,False,,,2026-07,m0399,ideal_weather_proxy,awaiting_actual_chm,2026-10-01T17:27:22.315496+00:00,2026-08-31,,,2026-08-31 17:25:00,False
2026-09-01,2026-09,13,0.12385517125239008,1.4709194613279077,0,2,False,False,,,2026-07,m0399,ideal_weather_proxy,awaiting_actual_chm,2026-10-01T17:27:22.315496+00:00,2026-08-31,,,2026-08-31 17:25:00,False
2026-09-01,2026-09,14,0.20702288035936908,1.9458248630624246,0,2,True,False,,,2026-07,m0399,ideal_weather_proxy,awaiting_actual_chm,2026-10-01T17:27:22.315496+00:00,2026-08-31,,,2026-08-31 17:25:00,False
2026-09-01,2026-09,15,0.21448888359653634,1.9785768432541473,0,2,True,False,,,2026-07,m0399,ideal_weather_proxy,awaiting_actual_chm,2026-10-01T17:27:22.315496+00:00,2026-08-31,,,2026-08-31 17:25:00,False
2026-09-01,2026-09,18,0.02737701394963994,0.0755453879741925,1,2,False,False,,,2026-07,m0399,ideal_weather_proxy,awaiting_actual_chm,2026-10-01T17:27:22.315496+00:00,2026-08-31,,,2026-08-31 17:25:00,False
2026-09-01,2026-09,19,0.03258271351883903,0.23647200819325478,1,2,True,False,,,2026-07,m0399,ideal_weather_proxy,awaiting_actual_chm,2026-10-01T17:27:22.315496+00:00,2026-08-31,,,2026-08-31 17:25:00,False
2026-09-01,2026-09,20,0.057555757141306195,0.7624587263277017,1,2,True,False,,,2026-07,m0399,ideal_weather_proxy,awaiting_actual_chm,2026-10-01T17:27:22.315496+00:00,2026-08-31,,,2026-08-31 17:25:00,False
2026-09-01,2026-09,21,0.011838846753512697,-0.6994376879865625,1,2,False,False,,,2026-07,m0399,ideal_weather_proxy,awaiting_actual_chm,2026-10-01T17:27:22.315496+00:00,2026-08-31,,,2026-08-31 17:25:00,False
2026-09-02,2026-09,8,2.5960457481998924e-07,-10.085408392152138,0,2,False,False,,,2026-07,m0399,ideal_weather_proxy,awaiting_actual_chm,2026-10-01T17:27:22.315496+00:00,2026-09-01,,,2026-09-01 17:25:00,False
2026-09-02,2026-09,9,0.0005328992072642185,-3.034690885065271,0,2,False,False,,,2026-07,m0399,ideal_weather_proxy,awaiting_actual_chm,2026-10-01T17:27:22.315496+00:00,2026-09-01,,,2026-09-01 17:25:00,False
2026-09-02,2026-09,10,0.03856086447733346,0.9234927153105323,0,2,False,False,,,2026-07,m0399,ideal_weather_proxy,awaiting_actual_chm,2026-10-01T17:27:22.315496+00:00,2026-09-01,,,2026-09-01 17:25:00,False
2026-09-02,2026-09,11,0.07631951107593227,1.5546065157061402,0,2,False,False,,,2026-07,m0399,ideal_weather_proxy,awaiting_actual_chm,2026-10-01T17:27:22.315496+00:00,2026-09-01,,,2026-09-01 17:25:00,False
2026-09-02,2026-09,12,0.1668002972241756,2.2774053942013914,0,2,False,False,,,2026-07,m0399,ideal_weather_proxy,awaiting_actual_chm,2026-10-01T17:27:22.315496+00:00,2026-09-01,,,2026-09-01 17:25:00,False
2026-09-02,2026-09,13,0.1419633844111757,2.1283579903566006,0,2,False,False,,,2026-07,m0399,ideal_weather_proxy,awaiting_actual_chm,2026-10-01T17:27:22.315496+00:00,2026-09-01,,,2026-09-01 17:25:00,False
2026-09-02,2026-09,14,0.1893748911015777,2.394747127251851,0,2,True,False,,,2026-07,m0399,ideal_weather_proxy,awaiting_actual_chm,2026-10-01T17:27:22.315496+00:00,2026-09-01,,,2026-09-01 17:25:00,False
2026-09-02,2026-09,15,0.32666492513910267,2.898763419814596,0,2,True,False,,,2026-07,m0399,ideal_weather_proxy,awaiting_actual_chm,2026-10-01T17:27:22.315496+00:00,2026-09-01,,,2026-09-01 17:25:00,False
2026-09-02,2026-09,18,0.015186001939050061,0.06203073448651348,1,2,False,False,,,2026-07,m0399,ideal_weather_proxy,awaiting_actual_chm,2026-10-01T17:27:22.315496+00:00,2026-09-01,,,2026-09-01 17:25:00,False
2026-09-02,2026-09,19,0.020897641200742383,0.3571728522290002,1,2,True,False,,,2026-07,m0399,ideal_weather_proxy,awaiting_actual_chm,2026-10-01T17:27:22.315496+00:00,2026-09-01,,,2026-09-01 17:25:00,False
2026-09-02,2026-09,20,0.018748224844526824,0.25683556456509216,1,2,True,False,,,2026-07,m0399,ideal_weather_proxy,awaiting_actual_chm,2026-10-01T17:27:22.315496+00:00,2026-09-01,,,2026-09-01 17:25:00,False
2026-09-02,2026-09,21,0.004951099774544297,-0.9740604480528982,1,2,False,False,,,2026-07,m0399,ideal_weather_proxy,awaiting_actual_chm,2026-10-01T17:27:22.315496+00:00,2026-09-01,,,2026-09-01 17:25:00,False
2026-09-03,2026-09,8,1.1984945441770396e-07,-10.516960257981806,0,2,False,False,,,2026-07,m0399,ideal_weather_proxy,awaiting_actual_chm,2026-10-01T17:27:22.315496+00:00,2026-09-02,,,2026-09-02 17:29:00,False
2026-09-03,2026-09,9,0.00021091740661721302,-3.6085549599013778,0,2,False,False,,,2026-07,m0399,ideal_weather_proxy,awaiting_actual_chm,2026-10-01T17:27:22.315496+00:00,2026-09-02,,,2026-09-02 17:29:00,False
2026-09-03,2026-09,10,0.032772441210282735,1.0561082850050791,0,2,False,False,,,2026-07,m0399,ideal_weather_proxy,awaiting_actual_chm,2026-10-01T17:27:22.315496+00:00,2026-09-02,,,2026-09-02 17:29:00,False
2026-09-03,2026-09,11,0.08313054914724939,1.916609288571745,0,2,False,False,,,2026-07,m0399,ideal_weather_proxy,awaiting_actual_chm,2026-10-01T17:27:22.315496+00:00,2026-09-02,,,2026-09-02 17:29:00,False
2026-09-03,2026-09,12,0.11705038337692804,2.232949059379914,0,2,False,False,,,2026-07,m0399,ideal_weather_proxy,awaiting_actual_chm,2026-10-01T17:27:22.315496+00:00,2026-09-02,,,2026-09-02 17:29:00,False
2026-09-03,2026-09,13,0.1560584134203987,2.4988449832286412,0,2,False,False,,,2026-07,m0399,ideal_weather_proxy,awaiting_actual_chm,2026-10-01T17:27:22.315496+00:00,2026-09-02,,,2026-09-02 17:29:00,False
2026-09-03,2026-09,14,0.26412085613656844,2.985269032441591,0,2,True,False,,,2026-07,m0399,ideal_weather_proxy,awaiting_actual_chm,2026-10-01T17:27:22.315496+00:00,2026-09-02,,,2026-09-02 17:29:00,False
2026-09-03,2026-09,15,0.3024731636358198,3.1106113689765156,0,2,True,False,,,2026-07,m0399,ideal_weather_proxy,awaiting_actual_chm,2026-10-01T17:27:22.315496+00:00,2026-09-02,,,2026-09-02 17:29:00,False
2026-09-03,2026-09,18,0.013212983558403257,0.21634852322803497,1,2,True,False,,,2026-07,m0399,ideal_weather_proxy,awaiting_actual_chm,2026-10-01T17:27:22.315496+00:00,2026-09-02,,,2026-09-02 17:29:00,False
2026-09-03,2026-09,19,0.008995609019254855,-0.13906884486075077,1,2,False,False,,,2026-07,m0399,ideal_weather_proxy,awaiting_actual_chm,2026-10-01T17:27:22.315496+00:00,2026-09-02,,,2026-09-02 17:29:00,False
2026-09-03,2026-09,20,0.01578149158097682,0.38056595817978367,1,2,True,False,,,2026-07,m0399,ideal_weather_proxy,awaiting_actual_chm,2026-10-01T17:27:22.315496+00:00,2026-09-02,,,2026-09-02 17:29:00,False
2026-09-03,2026-09,21,0.006193071658046407,-0.4841711952648806,1,2,False,False,,,2026-07,m0399,ideal_weather_proxy,awaiting_actual_chm,2026-10-01T17:27:22.315496+00:00,2026-09-02,,,2026-09-02 17:29:00,False
2026-09-04,2026-09,8,2.050804436015497e-07,-10.101954074799746,0,2,False,False,,,2026-07,m0399,ideal_weather_proxy,awaiting_actual_chm,2026-10-01T17:27:22.315496+00:00,2026-09-03,,,2026-09-03 17:30:00,False
2026-09-04,2026-09,9,0.00021497145092731074,-3.6725318153572397,0,2,False,False,,,2026-07,m0399,ideal_weather_proxy,awaiting_actual_chm,2026-10-01T17:27:22.315496+00:00,2026-09-03,,,2026-09-03 17:30:00,False
2026-09-04,2026-09,10,0.011909078144357769,0.03872195429366627,0,2,False,False,,,2026-07,m0399,ideal_weather_proxy,awaiting_actual_chm,2026-10-01T17:27:22.315496+00:00,2026-09-03,,,2026-09-03 17:30:00,False
2026-09-04,2026-09,11,0.05104154474998031,1.3841107761763292,0,2,False,False,,,2026-07,m0399,ideal_weather_proxy,awaiting_actual_chm,2026-10-01T17:27:22.315496+00:00,2026-09-03,,,2026-09-03 17:30:00,False
2026-09-04,2026-09,12,0.15747653546714238,2.4256305281810002,0,2,False,False,,,2026-07,m0399,ideal_weather_proxy,awaiting_actual_chm,2026-10-01T17:27:22.315496+00:00,2026-09-03,,,2026-09-03 17:30:00,False
2026-09-04,2026-09,13,0.12193515711661339,2.189168046867949,0,2,False,False,,,2026-07,m0399,ideal_weather_proxy,awaiting_actual_chm,2026-10-01T17:27:22.315496+00:00,2026-09-03,,,2026-09-03 17:30:00,False
2026-09-04,2026-09,14,0.2995994532511144,3.0202093307827136,0,2,True,False,,,2026-07,m0399,ideal_weather_proxy,awaiting_actual_chm,2026-10-01T17:27:22.315496+00:00,2026-09-03,,,2026-09-03 17:30:00,False
2026-09-04,2026-09,15,0.32394384443825563,3.092430875938679,0,2,True,False,,,2026-07,m0399,ideal_weather_proxy,awaiting_actual_chm,2026-10-01T17:27:22.315496+00:00,2026-09-03,,,2026-09-03 17:30:00,False
2026-09-04,2026-09,18,0.012398000452723401,0.07591650646212994,1,2,True,False,,,2026-07,m0399,ideal_weather_proxy,awaiting_actual_chm,2026-10-01T17:27:22.315496+00:00,2026-09-03,,,2026-09-03 17:30:00,False
2026-09-04,2026-09,19,0.005565567796615899,-0.6645093742074165,1,2,False,False,,,2026-07,m0399,ideal_weather_proxy,awaiting_actual_chm,2026-10-01T17:27:22.315496+00:00,2026-09-03,,,2026-09-03 17:30:00,False
2026-09-04,2026-09,20,0.010919220187385373,-0.04149855405935184,1,2,True,False,,,2026-07,m0399,ideal_weather_proxy,awaiting_actual_chm,2026-10-01T17:27:22.315496+00:00,2026-09-03,,,2026-09-03 17:30:00,False
2026-09-04,2026-09,21,0.0049964218644404845,-0.7642363044248323,1,2,False,False,,,2026-07,m0399,ideal_weather_proxy,awaiting_actual_chm,2026-10-01T17:27:22.315496+00:00,2026-09-03,,,2026-09-03 17:30:00,False
2026-09-07,2026-09,8,9.066619209894618e-05,-5.573154636003096,0,2,False,False,,,2026-07,m0399,ideal_weather_proxy,awaiting_actual_chm,2026-10-01T17:27:22.315496+00:00,2026-09-06,,,2026-09-06 17:20:00,False
2026-09-07,2026-09,9,0.01895615069332361,-0.6340936090587024,0,2,False,False,,,2026-07,m0399,ideal_weather_proxy,awaiting_actual_chm,2026-10-01T17:27:22.315496+00:00,2026-09-06,,,2026-09-06 17:20:00,False
2026-09-07,2026-09,10,0.16661704174191422,1.3752638961038337,0,2,True,False,,,2026-07,m0399,ideal_weather_proxy,awaiting_actual_chm,2026-10-01T17:27:22.315496+00:00,2026-09-06,,,2026-09-06 17:20:00,False
2026-09-07,2026-09,11,0.17512226221644478,1.4212889180440107,0,2,True,False,,,2026-07,m0399,ideal_weather_proxy,awaiting_actual_chm,2026-10-01T17:27:22.315496+00:00,2026-09-06,,,2026-09-06 17:20:00,False
2026-09-07,2026-09,12,0.09848410540544927,0.8891851822868982,0,2,False,False,,,2026-07,m0399,ideal_weather_proxy,awaiting_actual_chm,2026-10-01T17:27:22.315496+00:00,2026-09-06,,,2026-09-06 17:20:00,False
2026-09-07,2026-09,13,0.14918560150556054,1.2731057931429701,0,2,False,False,,,2026-07,m0399,ideal_weather_proxy,awaiting_actual_chm,2026-10-01T17:27:22.315496+00:00,2026-09-06,,,2026-09-06 17:20:00,False
2026-09-07,2026-09,14,0.12053966191755683,1.0760015397226383,0,2,False,False,,,2026-07,m0399,ideal_weather_proxy,awaiting_actual_chm,2026-10-01T17:27:22.315496+00:00,2026-09-06,,,2026-09-06 17:20:00,False
2026-09-07,2026-09,15,0.11279180403320865,1.014585516015135,0,2,False,False,,,2026-07,m0399,ideal_weather_proxy,awaiting_actual_chm,2026-10-01T17:27:22.315496+00:00,2026-09-06,,,2026-09-06 17:20:00,False
2026-09-07,2026-09,18,0.03822480517914035,0.014275493830434588,1,2,True,False,,,2026-07,m0399,ideal_weather_proxy,awaiting_actual_chm,2026-10-01T17:27:22.315496+00:00,2026-09-06,,,2026-09-06 17:20:00,False
2026-09-07,2026-09,19,0.03511300203379564,-0.0642225253694219,1,2,False,False,,,2026-07,m0399,ideal_weather_proxy,awaiting_actual_chm,2026-10-01T17:27:22.315496+00:00,2026-09-06,,,2026-09-06 17:20:00,False
2026-09-07,2026-09,20,0.06807978170638794,0.5478642855788303,1,2,True,False,,,2026-07,m0399,ideal_weather_proxy,awaiting_actual_chm,2026-10-01T17:27:22.315496+00:00,2026-09-06,,,2026-09-06 17:20:00,False
2026-09-07,2026-09,21,0.016795117375119285,-0.7459893233148142,1,2,False,False,,,2026-07,m0399,ideal_weather_proxy,awaiting_actual_chm,2026-10-01T17:27:22.315496+00:00,2026-09-06,,,2026-09-06 17:20:00,False
2026-09-08,2026-09,8,0.000183498855305798,-5.111200209748311,0,2,False,False,,,2026-07,m0399,ideal_weather_proxy,awaiting_actual_chm,2026-10-01T17:27:22.315496+00:00,2026-09-07,,,2026-09-07 17:28:00,False
2026-09-08,2026-09,9,0.035236991591579246,-0.25076916403475913,0,2,False,False,,,2026-07,m0399,ideal_weather_proxy,awaiting_actual_chm,2026-10-01T17:27:22.315496+00:00,2026-09-07,,,2026-09-07 17:28:00,False
2026-09-08,2026-09,10,0.1486325023569752,1.079866794289274,0,2,True,False,,,2026-07,m0399,ideal_weather_proxy,awaiting_actual_chm,2026-10-01T17:27:22.315496+00:00,2026-09-07,,,2026-09-07 17:28:00,False
2026-09-08,2026-09,11,0.15227741268851122,1.1022635574609927,0,2,True,False,,,2026-07,m0399,ideal_weather_proxy,awaiting_actual_chm,2026-10-01T17:27:22.315496+00:00,2026-09-07,,,2026-09-07 17:28:00,False
2026-09-08,2026-09,12,0.12315756199646882,0.9060587220102608,0,2,False,False,,,2026-07,m0399,ideal_weather_proxy,awaiting_actual_chm,2026-10-01T17:27:22.315496+00:00,2026-09-07,,,2026-09-07 17:28:00,False
2026-09-08,2026-09,13,0.0890012999594287,0.6057846664138911,0,2,False,False,,,2026-07,m0399,ideal_weather_proxy,awaiting_actual_chm,2026-10-01T17:27:22.315496+00:00,2026-09-07,,,2026-09-07 17:28:00,False
2026-09-08,2026-09,14,0.062228100031434905,0.27497530982986584,0,2,False,False,,,2026-07,m0399,ideal_weather_proxy,awaiting_actual_chm,2026-10-01T17:27:22.315496+00:00,2026-09-07,,,2026-09-07 17:28:00,False
2026-09-08,2026-09,15,0.06893258826847534,0.3695672857060477,0,2,False,False,,,2026-07,m0399,ideal_weather_proxy,awaiting_actual_chm,2026-10-01T17:27:22.315496+00:00,2026-09-07,,,2026-09-07 17:28:00,False
2026-09-08,2026-09,18,0.02794252615756943,-0.46519237827323695,1,2,False,False,,,2026-07,m0399,ideal_weather_proxy,awaiting_actual_chm,2026-10-01T17:27:22.315496+00:00,2026-09-07,,,2026-09-07 17:28:00,False
2026-09-08,2026-09,19,0.09405713638778188,0.656861903114463,1,2,True,False,,,2026-07,m0399,ideal_weather_proxy,awaiting_actual_chm,2026-10-01T17:27:22.315496+00:00,2026-09-07,,,2026-09-07 17:28:00,False
2026-09-08,2026-09,20,0.15469627034109165,1.1168326271385163,1,2,True,False,,,2026-07,m0399,ideal_weather_proxy,awaiting_actual_chm,2026-10-01T17:27:22.315496+00:00,2026-09-07,,,2026-09-07 17:28:00,False
2026-09-08,2026-09,21,0.04365411136537788,-0.05275090289388055,1,2,False,False,,,2026-07,m0399,ideal_weather_proxy,awaiting_actual_chm,2026-10-01T17:27:22.315496+00:00,2026-09-07,,,2026-09-07 17:28:00,False
2026-09-09,2026-09,8,0.0001820053529782803,-4.949289275433629,0,2,False,False,,,2026-07,m0399,ideal_weather_proxy,awaiting_actual_chm,2026-10-01T17:27:22.315496+00:00,2026-09-08,,,2026-09-08 17:24:00,False
2026-09-09,2026-09,9,0.01766992284843801,-0.7193891133032898,0,2,False,False,,,2026-07,m0399,ideal_weather_proxy,awaiting_actual_chm,2026-10-01T17:27:22.315496+00:00,2026-09-08,,,2026-09-08 17:24:00,False
2026-09-09,2026-09,10,0.1869660566523312,1.4614480489484745,0,2,True,False,,,2026-07,m0399,ideal_weather_proxy,awaiting_actual_chm,2026-10-01T17:27:22.315496+00:00,2026-09-08,,,2026-09-08 17:24:00,False
2026-09-09,2026-09,11,0.1725926410504863,1.387498531197048,0,2,True,False,,,2026-07,m0399,ideal_weather_proxy,awaiting_actual_chm,2026-10-01T17:27:22.315496+00:00,2026-09-08,,,2026-09-08 17:24:00,False
2026-09-09,2026-09,12,0.09099367821413533,0.7957169797389878,0,2,False,False,,,2026-07,m0399,ideal_weather_proxy,awaiting_actual_chm,2026-10-01T17:27:22.315496+00:00,2026-09-08,,,2026-09-08 17:24:00,False
2026-09-09,2026-09,13,0.03931841925833449,0.020013378537234432,0,2,False,False,,,2026-07,m0399,ideal_weather_proxy,awaiting_actual_chm,2026-10-01T17:27:22.315496+00:00,2026-09-08,,,2026-09-08 17:24:00,False
2026-09-09,2026-09,14,0.06106382140896797,0.4269809730511467,0,2,False,False,,,2026-07,m0399,ideal_weather_proxy,awaiting_actual_chm,2026-10-01T17:27:22.315496+00:00,2026-09-08,,,2026-09-08 17:24:00,False
2026-09-09,2026-09,15,0.04562767696841347,0.1575913903352746,0,2,False,False,,,2026-07,m0399,ideal_weather_proxy,awaiting_actual_chm,2026-10-01T17:27:22.315496+00:00,2026-09-08,,,2026-09-08 17:24:00,False
2026-09-09,2026-09,18,0.02036237303285616,-0.588279086546326,1,2,False,False,,,2026-07,m0399,ideal_weather_proxy,awaiting_actual_chm,2026-10-01T17:27:22.315496+00:00,2026-09-08,,,2026-09-08 17:24:00,False
2026-09-09,2026-09,19,0.039082886050387136,0.014458893187358076,1,2,False,False,,,2026-07,m0399,ideal_weather_proxy,awaiting_actual_chm,2026-10-01T17:27:22.315496+00:00,2026-09-08,,,2026-09-08 17:24:00,False
2026-09-09,2026-09,20,0.19580898038151828,1.504169226749453,1,2,True,False,,,2026-07,m0399,ideal_weather_proxy,awaiting_actual_chm,2026-10-01T17:27:22.315496+00:00,2026-09-08,,,2026-09-08 17:24:00,False
2026-09-09,2026-09,21,0.1303315387811533,1.127864163358066,1,2,True,False,,,2026-07,m0399,ideal_weather_proxy,awaiting_actual_chm,2026-10-01T17:27:22.315496+00:00,2026-09-08,,,2026-09-08 17:24:00,False
2026-09-10,2026-09,8,0.00017673747012050164,-5.100145074639656,0,2,False,False,,,2026-07,m0399,ideal_weather_proxy,awaiting_actual_chm,2026-10-01T17:27:22.315496+00:00,2026-09-09,,,2026-09-09 17:24:00,False
2026-09-10,2026-09,9,0.017415168405945373,-0.8565183563510211,0,2,False,False,,,2026-07,m0399,ideal_weather_proxy,awaiting_actual_chm,2026-10-01T17:27:22.315496+00:00,2026-09-09,,,2026-09-09 17:24:00,False
2026-09-10,2026-09,10,0.09957193409659232,0.7552969558967622,0,2,False,False,,,2026-07,m0399,ideal_weather_proxy,awaiting_actual_chm,2026-10-01T17:27:22.315496+00:00,2026-09-09,,,2026-09-09 17:24:00,False
2026-09-10,2026-09,11,0.10884904259257819,0.8376485363147468,0,2,True,False,,,2026-07,m0399,ideal_weather_proxy,awaiting_actual_chm,2026-10-01T17:27:22.315496+00:00,2026-09-09,,,2026-09-09 17:24:00,False
2026-09-10,2026-09,12,0.08307499597389746,0.5878451574341355,0,2,False,False,,,2026-07,m0399,ideal_weather_proxy,awaiting_actual_chm,2026-10-01T17:27:22.315496+00:00,2026-09-09,,,2026-09-09 17:24:00,False
2026-09-10,2026-09,13,0.05517663892986495,0.2095562065701202,0,2,False,False,,,2026-07,m0399,ideal_weather_proxy,awaiting_actual_chm,2026-10-01T17:27:22.315496+00:00,2026-09-09,,,2026-09-09 17:24:00,False
2026-09-10,2026-09,14,0.060022300422625734,0.28737322563979645,0,2,False,False,,,2026-07,m0399,ideal_weather_proxy,awaiting_actual_chm,2026-10-01T17:27:22.315496+00:00,2026-09-09,,,2026-09-09 17:24:00,False
2026-09-10,2026-09,15,0.10202309398615621,0.777778539132497,0,2,True,False,,,2026-07,m0399,ideal_weather_proxy,awaiting_actual_chm,2026-10-01T17:27:22.315496+00:00,2026-09-09,,,2026-09-09 17:24:00,False
2026-09-10,2026-09,18,0.036350276064097485,-0.17625199136276884,1,2,False,False,,,2026-07,m0399,ideal_weather_proxy,awaiting_actual_chm,2026-10-01T17:27:22.315496+00:00,2026-09-09,,,2026-09-09 17:24:00,False
2026-09-10,2026-09,19,0.06296326632815645,0.33159460759520293,1,2,False,False,,,2026-07,m0399,ideal_weather_proxy,awaiting_actual_chm,2026-10-01T17:27:22.315496+00:00,2026-09-09,,,2026-09-09 17:24:00,False
2026-09-10,2026-09,20,0.2391599208271839,1.565348675826018,1,2,True,False,,,2026-07,m0399,ideal_weather_proxy,awaiting_actual_chm,2026-10-01T17:27:22.315496+00:00,2026-09-09,,,2026-09-09 17:24:00,False
2026-09-10,2026-09,21,0.13521662490278144,1.0381767641821518,1,2,True,False,,,2026-07,m0399,ideal_weather_proxy,awaiting_actual_chm,2026-10-01T17:27:22.315496+00:00,2026-09-09,,,2026-09-09 17:24:00,False
2026-09-11,2026-09,8,5.4364914075445594e-05,-6.11152918096313,0,2,False,False,,,2026-07,m0399,ideal_weather_proxy,awaiting_actual_chm,2026-10-01T17:27:22.315496+00:00,2026-09-10,,,2026-09-10 17:27:00,False
2026-09-11,2026-09,9,0.0050785609441790745,-1.917237801313819,0,2,False,False,,,2026-07,m0399,ideal_weather_proxy,awaiting_actual_chm,2026-10-01T17:27:22.315496+00:00,2026-09-10,,,2026-09-10 17:27:00,False
2026-09-11,2026-09,10,0.06960783326272167,0.5028342124460257,0,2,False,False,,,2026-07,m0399,ideal_weather_proxy,awaiting_actual_chm,2026-10-01T17:27:22.315496+00:00,2026-09-10,,,2026-09-10 17:27:00,False
2026-09-11,2026-09,11,0.08720468229439235,0.7111877182336012,0,2,False,False,,,2026-07,m0399,ideal_weather_proxy,awaiting_actual_chm,2026-10-01T17:27:22.315496+00:00,2026-09-10,,,2026-09-10 17:27:00,False
2026-09-11,2026-09,12,0.061943314902381606,0.39499020317746547,0,2,False,False,,,2026-07,m0399,ideal_weather_proxy,awaiting_actual_chm,2026-10-01T17:27:22.315496+00:00,2026-09-10,,,2026-09-10 17:27:00,False
2026-09-11,2026-09,13,0.06979556004706214,0.5053240259806293,0,2,False,False,,,2026-07,m0399,ideal_weather_proxy,awaiting_actual_chm,2026-10-01T17:27:22.315496+00:00,2026-09-10,,,2026-09-10 17:27:00,False
2026-09-11,2026-09,14,0.14335387015686454,1.1706933952306273,0,2,True,False,,,2026-07,m0399,ideal_weather_proxy,awaiting_actual_chm,2026-10-01T17:27:22.315496+00:00,2026-09-10,,,2026-09-10 17:27:00,False
2026-09-11,2026-09,15,0.19789159415988403,1.468739187716007,0,2,True,False,,,2026-07,m0399,ideal_weather_proxy,awaiting_actual_chm,2026-10-01T17:27:22.315496+00:00,2026-09-10,,,2026-09-10 17:27:00,False
2026-09-11,2026-09,18,0.061253174651696655,0.3846326485465519,1,2,False,False,,,2026-07,m0399,ideal_weather_proxy,awaiting_actual_chm,2026-10-01T17:27:22.315496+00:00,2026-09-10,,,2026-09-10 17:27:00,False
2026-09-11,2026-09,19,0.07683036725825164,0.5940986124374831,1,2,True,False,,,2026-07,m0399,ideal_weather_proxy,awaiting_actual_chm,2026-10-01T17:27:22.315496+00:00,2026-09-10,,,2026-09-10 17:27:00,False
2026-09-11,2026-09,20,0.15947519549370812,1.2692141262102599,1,2,True,False,,,2026-07,m0399,ideal_weather_proxy,awaiting_actual_chm,2026-10-01T17:27:22.315496+00:00,2026-09-10,,,2026-09-10 17:27:00,False
2026-09-11,2026-09,21,0.0675114819147828,0.47456504994362125,1,2,False,False,,,2026-07,m0399,ideal_weather_proxy,awaiting_actual_chm,2026-10-01T17:27:22.315496+00:00,2026-09-10,,,2026-09-10 17:27:00,False
2026-09-14,2026-09,8,3.992383076709343e-06,-7.9791140339086715,0,2,False,False,,,2026-07,m0399,ideal_weather_proxy,awaiting_actual_chm,2026-10-01T17:27:22.315496+00:00,2026-09-13,,,2026-09-13 17:24:00,False
2026-09-14,2026-09,9,0.000952462797916597,-2.9180592398543386,0,2,False,False,,,2026-07,m0399,ideal_weather_proxy,awaiting_actual_chm,2026-10-01T17:27:22.315496+00:00,2026-09-13,,,2026-09-13 17:24:00,False
2026-09-14,2026-09,10,0.039224713678616886,0.5190581626424653,0,2,False,False,,,2026-07,m0399,ideal_weather_proxy,awaiting_actual_chm,2026-10-01T17:27:22.315496+00:00,2026-09-13,,,2026-09-13 17:24:00,False
2026-09-14,2026-09,11,0.08440592936784418,1.227492931055485,0,2,False,False,,,2026-07,m0399,ideal_weather_proxy,awaiting_actual_chm,2026-10-01T17:27:22.315496+00:00,2026-09-13,,,2026-09-13 17:24:00,False
2026-09-14,2026-09,12,0.1282099927973994,1.6139426779812083,0,2,False,False,,,2026-07,m0399,ideal_weather_proxy,awaiting_actual_chm,2026-10-01T17:27:22.315496+00:00,2026-09-13,,,2026-09-13 17:24:00,False
2026-09-14,2026-09,13,0.1363189946097238,1.6706375636562991,0,2,False,False,,,2026-07,m0399,ideal_weather_proxy,awaiting_actual_chm,2026-10-01T17:27:22.315496+00:00,2026-09-13,,,2026-09-13 17:24:00,False
2026-09-14,2026-09,14,0.2286020064610939,2.1485644668123793,0,2,True,False,,,2026-07,m0399,ideal_weather_proxy,awaiting_actual_chm,2026-10-01T17:27:22.315496+00:00,2026-09-13,,,2026-09-13 17:24:00,False
2026-09-14,2026-09,15,0.2805328038086054,2.3378070101043544,0,2,True,False,,,2026-07,m0399,ideal_weather_proxy,awaiting_actual_chm,2026-10-01T17:27:22.315496+00:00,2026-09-13,,,2026-09-13 17:24:00,False
2026-09-14,2026-09,18,0.02839255735880804,0.22029428792489703,1,2,True,False,,,2026-07,m0399,ideal_weather_proxy,awaiting_actual_chm,2026-10-01T17:27:22.315496+00:00,2026-09-13,,,2026-09-13 17:24:00,False
2026-09-14,2026-09,19,0.023425671097422968,0.04252747375441704,1,2,False,False,,,2026-07,m0399,ideal_weather_proxy,awaiting_actual_chm,2026-10-01T17:27:22.315496+00:00,2026-09-13,,,2026-09-13 17:24:00,False
2026-09-14,2026-09,20,0.0364514051899084,0.45127098860094955,1,2,True,False,,,2026-07,m0399,ideal_weather_proxy,awaiting_actual_chm,2026-10-01T17:27:22.315496+00:00,2026-09-13,,,2026-09-13 17:24:00,False
2026-09-14,2026-09,21,0.013479470449583765,-0.4683836530655759,1,2,False,False,,,2026-07,m0399,ideal_weather_proxy,awaiting_actual_chm,2026-10-01T17:27:22.315496+00:00,2026-09-13,,,2026-09-13 17:24:00,False
2026-09-15,2026-09,8,1.1542605188748941e-05,-7.216712931263234,0,2,False,False,,,2026-07,m0399,ideal_weather_proxy,awaiting_actual_chm,2026-10-01T17:27:22.315496+00:00,2026-09-14,,,2026-09-14 17:23:00,False
2026-09-15,2026-09,9,0.0024202263468049226,-2.274996726473493,0,2,False,False,,,2026-07,m0399,ideal_weather_proxy,awaiting_actual_chm,2026-10-01T17:27:22.315496+00:00,2026-09-14,,,2026-09-14 17:23:00,False
2026-09-15,2026-09,10,0.07215647459802571,0.8634905467747855,0,2,False,False,,,2026-07,m0399,ideal_weather_proxy,awaiting_actual_chm,2026-10-01T17:27:22.315496+00:00,2026-09-14,,,2026-09-14 17:23:00,False
2026-09-15,2026-09,11,0.13427665618041074,1.4376346388289298,0,2,False,False,,,2026-07,m0399,ideal_weather_proxy,awaiting_actual_chm,2026-10-01T17:27:22.315496+00:00,2026-09-14,,,2026-09-14 17:23:00,False
2026-09-15,2026-09,12,0.13793775941818717,1.4625026302150457,0,2,False,False,,,2026-07,m0399,ideal_weather_proxy,awaiting_actual_chm,2026-10-01T17:27:22.315496+00:00,2026-09-14,,,2026-09-14 17:23:00,False
2026-09-15,2026-09,13,0.13468162488883528,1.4404185190146732,0,2,False,False,,,2026-07,m0399,ideal_weather_proxy,awaiting_actual_chm,2026-10-01T17:27:22.315496+00:00,2026-09-14,,,2026-09-14 17:23:00,False
2026-09-15,2026-09,14,0.15228835669436475,1.5539984953646386,0,2,True,False,,,2026-07,m0399,ideal_weather_proxy,awaiting_actual_chm,2026-10-01T17:27:22.315496+00:00,2026-09-14,,,2026-09-14 17:23:00,False
2026-09-15,2026-09,15,0.22354441891959756,1.908834339663144,0,2,True,False,,,2026-07,m0399,ideal_weather_proxy,awaiting_actual_chm,2026-10-01T17:27:22.315496+00:00,2026-09-14,,,2026-09-14 17:23:00,False
2026-09-15,2026-09,18,0.03415945924821563,0.17218877952624648,1,2,False,False,,,2026-07,m0399,ideal_weather_proxy,awaiting_actual_chm,2026-10-01T17:27:22.315496+00:00,2026-09-14,,,2026-09-14 17:23:00,False
2026-09-15,2026-09,19,0.0385312184364324,0.28351965488127284,1,2,True,False,,,2026-07,m0399,ideal_weather_proxy,awaiting_actual_chm,2026-10-01T17:27:22.315496+00:00,2026-09-14,,,2026-09-14 17:23:00,False
2026-09-15,2026-09,20,0.051412695983979066,0.5501463119690385,1,2,True,False,,,2026-07,m0399,ideal_weather_proxy,awaiting_actual_chm,2026-10-01T17:27:22.315496+00:00,2026-09-14,,,2026-09-14 17:23:00,False
2026-09-15,2026-09,21,0.01857956667995803,-0.3907804408052703,1,2,False,False,,,2026-07,m0399,ideal_weather_proxy,awaiting_actual_chm,2026-10-01T17:27:22.315496+00:00,2026-09-14,,,2026-09-14 17:23:00,False
2026-09-16,2026-09,8,4.44886196235399e-05,-6.288883597921785,0,2,False,False,,,2026-07,m0399,ideal_weather_proxy,awaiting_actual_chm,2026-10-01T17:27:22.315496+00:00,2026-09-15,,,2026-09-15 17:29:00,False
2026-09-16,2026-09,9,0.008893348362278208,-1.391306091385613,0,2,False,False,,,2026-07,m0399,ideal_weather_proxy,awaiting_actual_chm,2026-10-01T17:27:22.315496+00:00,2026-09-15,,,2026-09-15 17:29:00,False
2026-09-16,2026-09,10,0.10978430095145439,0.9320358140634881,0,2,False,False,,,2026-07,m0399,ideal_weather_proxy,awaiting_actual_chm,2026-10-01T17:27:22.315496+00:00,2026-09-15,,,2026-09-15 17:29:00,False
2026-09-16,2026-09,11,0.14129928356536936,1.1653326231929984,0,2,True,False,,,2026-07,m0399,ideal_weather_proxy,awaiting_actual_chm,2026-10-01T17:27:22.315496+00:00,2026-09-15,,,2026-09-15 17:29:00,False
2026-09-16,2026-09,12,0.11856378895734851,1.003157100851063,0,2,False,False,,,2026-07,m0399,ideal_weather_proxy,awaiting_actual_chm,2026-10-01T17:27:22.315496+00:00,2026-09-15,,,2026-09-15 17:29:00,False
2026-09-16,2026-09,13,0.10546602561783368,0.8949388431628895,0,2,False,False,,,2026-07,m0399,ideal_weather_proxy,awaiting_actual_chm,2026-10-01T17:27:22.315496+00:00,2026-09-15,,,2026-09-15 17:29:00,False
2026-09-16,2026-09,14,0.1402681257637755,1.158561536819374,0,2,False,False,,,2026-07,m0399,ideal_weather_proxy,awaiting_actual_chm,2026-10-01T17:27:22.315496+00:00,2026-09-15,,,2026-09-15 17:29:00,False
2026-09-16,2026-09,15,0.14123693913763016,1.1649246447834996,0,2,True,False,,,2026-07,m0399,ideal_weather_proxy,awaiting_actual_chm,2026-10-01T17:27:22.315496+00:00,2026-09-15,,,2026-09-15 17:29:00,False
2026-09-16,2026-09,18,0.03321833404939418,-0.17306674261181812,1,2,False,False,,,2026-07,m0399,ideal_weather_proxy,awaiting_actual_chm,2026-10-01T17:27:22.315496+00:00,2026-09-15,,,2026-09-15 17:29:00,False
2026-09-16,2026-09,19,0.06493706854049824,0.4466078500816972,1,2,True,False,,,2026-07,m0399,ideal_weather_proxy,awaiting_actual_chm,2026-10-01T17:27:22.315496+00:00,2026-09-15,,,2026-09-15 17:29:00,False
2026-09-16,2026-09,20,0.10107872131606008,0.855659646268799,1,2,True,False,,,2026-07,m0399,ideal_weather_proxy,awaiting_actual_chm,2026-10-01T17:27:22.315496+00:00,2026-09-15,,,2026-09-15 17:29:00,False
2026-09-16,2026-09,21,0.0352095751187341,-0.11924882766474122,1,2,False,False,,,2026-07,m0399,ideal_weather_proxy,awaiting_actual_chm,2026-10-01T17:27:22.315496+00:00,2026-09-15,,,2026-09-15 17:29:00,False
2026-09-17,2026-09,8,0.00010275458544449692,-5.557397007560424,0,2,False,False,,,2026-07,m0399,ideal_weather_proxy,awaiting_actual_chm,2026-10-01T17:27:22.315496+00:00,2026-09-16,,,2026-09-16 17:25:00,False
2026-09-17,2026-09,9,0.010675650782036411,-1.264824444262307,0,2,False,False,,,2026-07,m0399,ideal_weather_proxy,awaiting_actual_chm,2026-10-01T17:27:22.315496+00:00,2026-09-16,,,2026-09-16 17:25:00,False
2026-09-17,2026-09,10,0.11397166695769177,0.9242599227293492,0,2,False,False,,,2026-07,m0399,ideal_weather_proxy,awaiting_actual_chm,2026-10-01T17:27:22.315496+00:00,2026-09-16,,,2026-09-16 17:25:00,False
2026-09-17,2026-09,11,0.1525224983276768,1.1936098897464054,0,2,True,False,,,2026-07,m0399,ideal_weather_proxy,awaiting_actual_chm,2026-10-01T17:27:22.315496+00:00,2026-09-16,,,2026-09-16 17:25:00,False
2026-09-17,2026-09,12,0.12785621251613272,1.0305314360515374,0,2,True,False,,,2026-07,m0399,ideal_weather_proxy,awaiting_actual_chm,2026-10-01T17:27:22.315496+00:00,2026-09-16,,,2026-09-16 17:25:00,False
2026-09-17,2026-09,13,0.09112973716076082,0.7174920435830365,0,2,False,False,,,2026-07,m0399,ideal_weather_proxy,awaiting_actual_chm,2026-10-01T17:27:22.315496+00:00,2026-09-16,,,2026-09-16 17:25:00,False
2026-09-17,2026-09,14,0.11550181583503658,0.9365887362292576,0,2,False,False,,,2026-07,m0399,ideal_weather_proxy,awaiting_actual_chm,2026-10-01T17:27:22.315496+00:00,2026-09-16,,,2026-09-16 17:25:00,False
2026-09-17,2026-09,15,0.11901008881293314,0.9642501613316461,0,2,False,False,,,2026-07,m0399,ideal_weather_proxy,awaiting_actual_chm,2026-10-01T17:27:22.315496+00:00,2026-09-16,,,2026-09-16 17:25:00,False
2026-09-17,2026-09,18,0.034193167062904414,-0.18870828886344684,1,2,False,False,,,2026-07,m0399,ideal_weather_proxy,awaiting_actual_chm,2026-10-01T17:27:22.315496+00:00,2026-09-16,,,2026-09-16 17:25:00,False
2026-09-17,2026-09,19,0.0764822527118649,0.555504784786848,1,2,True,False,,,2026-07,m0399,ideal_weather_proxy,awaiting_actual_chm,2026-10-01T17:27:22.315496+00:00,2026-09-16,,,2026-09-16 17:25:00,False
2026-09-17,2026-09,20,0.11208816498631305,0.9088547563255195,1,2,True,False,,,2026-07,m0399,ideal_weather_proxy,awaiting_actual_chm,2026-10-01T17:27:22.315496+00:00,2026-09-16,,,2026-09-16 17:25:00,False
2026-09-17,2026-09,21,0.04646599026120492,0.09481589797995194,1,2,False,False,,,2026-07,m0399,ideal_weather_proxy,awaiting_actual_chm,2026-10-01T17:27:22.315496+00:00,2026-09-16,,,2026-09-16 17:25:00,False
2026-09-18,2026-09,8,0.000615933962280402,-4.063080818441777,0,2,False,False,,,2026-07,m0399,ideal_weather_proxy,awaiting_actual_chm,2026-10-01T17:27:22.315496+00:00,2026-09-17,,,2026-09-17 17:19:00,False
2026-09-18,2026-09,9,0.03735913644429715,-0.2680330056679504,0,2,False,False,,,2026-07,m0399,ideal_weather_proxy,awaiting_actual_chm,2026-10-01T17:27:22.315496+00:00,2026-09-17,,,2026-09-17 17:19:00,False
2026-09-18,2026-09,10,0.1119784335046858,0.7467629472669433,0,2,True,False,,,2026-07,m0399,ideal_weather_proxy,awaiting_actual_chm,2026-10-01T17:27:22.315496+00:00,2026-09-17,,,2026-09-17 17:19:00,False
2026-09-18,2026-09,11,0.0634292625380381,0.22132285138304278,0,2,False,False,,,2026-07,m0399,ideal_weather_proxy,awaiting_actual_chm,2026-10-01T17:27:22.315496+00:00,2026-09-17,,,2026-09-17 17:19:00,False
2026-09-18,2026-09,12,0.0629228514433374,0.21391253603116187,0,2,False,False,,,2026-07,m0399,ideal_weather_proxy,awaiting_actual_chm,2026-10-01T17:27:22.315496+00:00,2026-09-17,,,2026-09-17 17:19:00,False
2026-09-18,2026-09,13,0.07867997263964166,0.42050804425842975,0,2,False,False,,,2026-07,m0399,ideal_weather_proxy,awaiting_actual_chm,2026-10-01T17:27:22.315496+00:00,2026-09-17,,,2026-09-17 17:19:00,False
2026-09-18,2026-09,14,0.07999108693254194,0.4357860398314372,0,2,False,False,,,2026-07,m0399,ideal_weather_proxy,awaiting_actual_chm,2026-10-01T17:27:22.315496+00:00,2026-09-17,,,2026-09-17 17:19:00,False
2026-09-18,2026-09,15,0.08672848843906913,0.5105437656566593,0,2,True,False,,,2026-07,m0399,ideal_weather_proxy,awaiting_actual_chm,2026-10-01T17:27:22.315496+00:00,2026-09-17,,,2026-09-17 17:19:00,False
2026-09-18,2026-09,18,0.08816404823227841,0.5257203286353258,1,2,False,False,,,2026-07,m0399,ideal_weather_proxy,awaiting_actual_chm,2026-10-01T17:27:22.315496+00:00,2026-09-17,,,2026-09-17 17:19:00,False
2026-09-18,2026-09,19,0.1750254649675708,1.1596458282352962,1,2,True,False,,,2026-07,m0399,ideal_weather_proxy,awaiting_actual_chm,2026-10-01T17:27:22.315496+00:00,2026-09-17,,,2026-09-17 17:19:00,False
2026-09-18,2026-09,20,0.11390564818788908,0.7625379220074674,1,2,True,False,,,2026-07,m0399,ideal_weather_proxy,awaiting_actual_chm,2026-10-01T17:27:22.315496+00:00,2026-09-17,,,2026-09-17 17:19:00,False
2026-09-18,2026-09,21,0.10119967270837021,0.6531985967629872,1,2,False,False,,,2026-07,m0399,ideal_weather_proxy,awaiting_actual_chm,2026-10-01T17:27:22.315496+00:00,2026-09-17,,,2026-09-17 17:19:00,False
2026-09-21,2026-09,8,7.214208113663317e-05,-5.838274838447855,0,2,False,False,,,2026-07,m0399,ideal_weather_proxy,awaiting_actual_chm,2026-10-01T17:27:22.315496+00:00,2026-09-20,,,2026-09-20 17:23:00,False
2026-09-21,2026-09,9,0.0071216707575124044,-1.5929576060377695,0,2,False,False,,,2026-07,m0399,ideal_weather_proxy,awaiting_actual_chm,2026-10-01T17:27:22.315496+00:00,2026-09-20,,,2026-09-20 17:23:00,False
2026-09-21,2026-09,10,0.076361086959492,0.6001449008193612,0,2,False,False,,,2026-07,m0399,ideal_weather_proxy,awaiting_actual_chm,2026-10-01T17:27:22.315496+00:00,2026-09-20,,,2026-09-20 17:23:00,False
2026-09-21,2026-09,11,0.08725503696957829,0.7234315226942445,0,2,True,False,,,2026-07,m0399,ideal_weather_proxy,awaiting_actual_chm,2026-10-01T17:27:22.315496+00:00,2026-09-20,,,2026-09-20 17:23:00,False
2026-09-21,2026-09,12,0.05475558541304416,0.29267834127186465,0,2,False,False,,,2026-07,m0399,ideal_weather_proxy,awaiting_actual_chm,2026-10-01T17:27:22.315496+00:00,2026-09-20,,,2026-09-20 17:23:00,False
2026-09-21,2026-09,13,0.053855017187841164,0.27734742842098137,0,2,False,False,,,2026-07,m0399,ideal_weather_proxy,awaiting_actual_chm,2026-10-01T17:27:22.315496+00:00,2026-09-20,,,2026-09-20 17:23:00,False
2026-09-21,2026-09,14,0.08318499846013322,0.6792721253089495,0,2,True,False,,,2026-07,m0399,ideal_weather_proxy,awaiting_actual_chm,2026-10-01T17:27:22.315496+00:00,2026-09-20,,,2026-09-20 17:23:00,False
2026-09-21,2026-09,15,0.08282617811423638,0.6752758621942925,0,2,False,False,,,2026-07,m0399,ideal_weather_proxy,awaiting_actual_chm,2026-10-01T17:27:22.315496+00:00,2026-09-20,,,2026-09-20 17:23:00,False
2026-09-21,2026-09,18,0.06037129961642605,0.382936549725889,1,2,False,False,,,2026-07,m0399,ideal_weather_proxy,awaiting_actual_chm,2026-10-01T17:27:22.315496+00:00,2026-09-20,,,2026-09-20 17:23:00,False
2026-09-21,2026-09,19,0.21229718927860836,1.5454084002940522,1,2,True,False,,,2026-07,m0399,ideal_weather_proxy,awaiting_actual_chm,2026-10-01T17:27:22.315496+00:00,2026-09-20,,,2026-09-20 17:23:00,False
2026-09-21,2026-09,20,0.23366074165380593,1.6340475928510836,1,2,True,False,,,2026-07,m0399,ideal_weather_proxy,awaiting_actual_chm,2026-10-01T17:27:22.315496+00:00,2026-09-20,,,2026-09-20 17:23:00,False
2026-09-21,2026-09,21,0.04823905350818537,0.17554080173830963,1,2,False,False,,,2026-07,m0399,ideal_weather_proxy,awaiting_actual_chm,2026-10-01T17:27:22.315496+00:00,2026-09-20,,,2026-09-20 17:23:00,False
2026-09-22,2026-09,8,3.301498557958793e-05,-6.486943830192829,0,2,False,False,,,2026-07,m0399,ideal_weather_proxy,awaiting_actual_chm,2026-10-01T17:27:22.315496+00:00,2026-09-21,,,2026-09-21 17:17:00,False
2026-09-22,2026-09,9,0.003273915648905884,-2.237447788748714,0,2,False,False,,,2026-07,m0399,ideal_weather_proxy,awaiting_actual_chm,2026-10-01T17:27:22.315496+00:00,2026-09-21,,,2026-09-21 17:17:00,False
2026-09-22,2026-09,10,0.0670343933750613,0.5536708751722691,0,2,False,False,,,2026-07,m0399,ideal_weather_proxy,awaiting_actual_chm,2026-10-01T17:27:22.315496+00:00,2026-09-21,,,2026-09-21 17:17:00,False
2026-09-22,2026-09,11,0.07942493805720154,0.7104637644478063,0,2,False,False,,,2026-07,m0399,ideal_weather_proxy,awaiting_actual_chm,2026-10-01T17:27:22.315496+00:00,2026-09-21,,,2026-09-21 17:17:00,False
2026-09-22,2026-09,12,0.08213498798632762,0.7414806401869437,0,2,False,False,,,2026-07,m0399,ideal_weather_proxy,awaiting_actual_chm,2026-10-01T17:27:22.315496+00:00,2026-09-21,,,2026-09-21 17:17:00,False
2026-09-22,2026-09,13,0.10242183343423951,0.9455399814878996,0,2,False,False,,,2026-07,m0399,ideal_weather_proxy,awaiting_actual_chm,2026-10-01T17:27:22.315496+00:00,2026-09-21,,,2026-09-21 17:17:00,False
2026-09-22,2026-09,14,0.14942057740383677,1.2946726689819945,0,2,True,False,,,2026-07,m0399,ideal_weather_proxy,awaiting_actual_chm,2026-10-01T17:27:22.315496+00:00,2026-09-21,,,2026-09-21 17:17:00,False
2026-09-22,2026-09,15,0.17134334396732392,1.4212340179278966,0,2,True,False,,,2026-07,m0399,ideal_weather_proxy,awaiting_actual_chm,2026-10-01T17:27:22.315496+00:00,2026-09-21,,,2026-09-21 17:17:00,False
2026-09-22,2026-09,18,0.04963798518390321,0.27592022519870485,1,2,False,False,,,2026-07,m0399,ideal_weather_proxy,awaiting_actual_chm,2026-10-01T17:27:22.315496+00:00,2026-09-21,,,2026-09-21 17:17:00,False
2026-09-22,2026-09,19,0.16050311751782087,1.3608155959870163,1,2,True,False,,,2026-07,m0399,ideal_weather_proxy,awaiting_actual_chm,2026-10-01T17:27:22.315496+00:00,2026-09-21,,,2026-09-21 17:17:00,False
2026-09-22,2026-09,20,0.10844541639005525,0.9983696149319748,1,2,True,False,,,2026-07,m0399,ideal_weather_proxy,awaiting_actual_chm,2026-10-01T17:27:22.315496+00:00,2026-09-21,,,2026-09-21 17:17:00,False
2026-09-22,2026-09,21,0.026326476049744498,-0.310348953819449,1,2,False,False,,,2026-07,m0399,ideal_weather_proxy,awaiting_actual_chm,2026-10-01T17:27:22.315496+00:00,2026-09-21,,,2026-09-21 17:17:00,False
2026-09-23,2026-09,8,7.120787237992494e-06,-7.588108817416372,0,2,False,False,,,2026-07,m0399,ideal_weather_proxy,awaiting_actual_chm,2026-10-01T17:27:22.315496+00:00,2026-09-22,,,2026-09-22 17:27:00,False
2026-09-23,2026-09,9,0.0007041016024193111,-3.3412715380843774,0,2,False,False,,,2026-07,m0399,ideal_weather_proxy,awaiting_actual_chm,2026-10-01T17:27:22.315496+00:00,2026-09-22,,,2026-09-22 17:27:00,False
2026-09-23,2026-09,10,0.03012774697892758,0.1312226962219914,0,2,False,False,,,2026-07,m0399,ideal_weather_proxy,awaiting_actual_chm,2026-10-01T17:27:22.315496+00:00,2026-09-22,,,2026-09-22 17:27:00,False
2026-09-23,2026-09,11,0.04839495833754394,0.5693651571365889,0,2,False,False,,,2026-07,m0399,ideal_weather_proxy,awaiting_actual_chm,2026-10-01T17:27:22.315496+00:00,2026-09-22,,,2026-09-22 17:27:00,False
2026-09-23,2026-09,12,0.0650168025158075,0.8423092600764696,0,2,False,False,,,2026-07,m0399,ideal_weather_proxy,awaiting_actual_chm,2026-10-01T17:27:22.315496+00:00,2026-09-22,,,2026-09-22 17:27:00,False
2026-09-23,2026-09,13,0.10114868617678986,1.250866318379129,0,2,False,False,,,2026-07,m0399,ideal_weather_proxy,awaiting_actual_chm,2026-10-01T17:27:22.315496+00:00,2026-09-22,,,2026-09-22 17:27:00,False
2026-09-23,2026-09,14,0.21795142423072328,1.9605490815706927,0,2,True,False,,,2026-07,m0399,ideal_weather_proxy,awaiting_actual_chm,2026-10-01T17:27:22.315496+00:00,2026-09-22,,,2026-09-22 17:27:00,False
2026-09-23,2026-09,15,0.26343749630707025,2.1357730571654576,0,2,True,False,,,2026-07,m0399,ideal_weather_proxy,awaiting_actual_chm,2026-10-01T17:27:22.315496+00:00,2026-09-22,,,2026-09-22 17:27:00,False
2026-09-23,2026-09,18,0.03987453928627628,0.3903382567112648,1,2,False,False,,,2026-07,m0399,ideal_weather_proxy,awaiting_actual_chm,2026-10-01T17:27:22.315496+00:00,2026-09-22,,,2026-09-22 17:27:00,False
2026-09-23,2026-09,19,0.10714380884547825,1.3040965168639165,1,2,True,False,,,2026-07,m0399,ideal_weather_proxy,awaiting_actual_chm,2026-10-01T17:27:22.315496+00:00,2026-09-22,,,2026-09-22 17:27:00,False
2026-09-23,2026-09,20,0.09685257486071197,1.2107436876574842,1,2,True,False,,,2026-07,m0399,ideal_weather_proxy,awaiting_actual_chm,2026-10-01T17:27:22.315496+00:00,2026-09-22,,,2026-09-22 17:27:00,False
2026-09-23,2026-09,21,0.02934074007101376,0.10675288178893919,1,2,False,False,,,2026-07,m0399,ideal_weather_proxy,awaiting_actual_chm,2026-10-01T17:27:22.315496+00:00,2026-09-22,,,2026-09-22 17:27:00,False
2026-09-24,2026-09,8,1.1252231786066384e-05,-7.433918161089319,0,2,False,False,,,2026-07,m0399,ideal_weather_proxy,awaiting_actual_chm,2026-10-01T17:27:22.315496+00:00,2026-09-23,,,2026-09-23 17:25:00,False
2026-09-24,2026-09,9,0.0023465567503273923,-2.497224983984069,0,2,False,False,,,2026-07,m0399,ideal_weather_proxy,awaiting_actual_chm,2026-10-01T17:27:22.315496+00:00,2026-09-23,,,2026-09-23 17:25:00,False
2026-09-24,2026-09,10,0.0743889217195725,0.6980069445381252,0,2,False,False,,,2026-07,m0399,ideal_weather_proxy,awaiting_actual_chm,2026-10-01T17:27:22.315496+00:00,2026-09-23,,,2026-09-23 17:25:00,False
2026-09-24,2026-09,11,0.12104755444990827,1.1481001315298225,0,2,False,False,,,2026-07,m0399,ideal_weather_proxy,awaiting_actual_chm,2026-10-01T17:27:22.315496+00:00,2026-09-23,,,2026-09-23 17:25:00,False
2026-09-24,2026-09,12,0.1514461516139203,1.3552201696918602,0,2,False,False,,,2026-07,m0399,ideal_weather_proxy,awaiting_actual_chm,2026-10-01T17:27:22.315496+00:00,2026-09-23,,,2026-09-23 17:25:00,False
2026-09-24,2026-09,13,0.12317521739866726,1.1642081206591257,0,2,False,False,,,2026-07,m0399,ideal_weather_proxy,awaiting_actual_chm,2026-10-01T17:27:22.315496+00:00,2026-09-23,,,2026-09-23 17:25:00,False
2026-09-24,2026-09,14,0.21333794620115645,1.6719807203701436,0,2,True,False,,,2026-07,m0399,ideal_weather_proxy,awaiting_actual_chm,2026-10-01T17:27:22.315496+00:00,2026-09-23,,,2026-09-23 17:25:00,False
2026-09-24,2026-09,15,0.17834666009405628,1.5063669584204673,0,2,True,False,,,2026-07,m0399,ideal_weather_proxy,awaiting_actual_chm,2026-10-01T17:27:22.315496+00:00,2026-09-23,,,2026-09-23 17:25:00,False
2026-09-24,2026-09,18,0.023427457208360578,-0.3701016200171454,1,2,False,False,,,2026-07,m0399,ideal_weather_proxy,awaiting_actual_chm,2026-10-01T17:27:22.315496+00:00,2026-09-23,,,2026-09-23 17:25:00,False
2026-09-24,2026-09,19,0.037312530602255575,0.06015659423436677,1,2,True,False,,,2026-07,m0399,ideal_weather_proxy,awaiting_actual_chm,2026-10-01T17:27:22.315496+00:00,2026-09-23,,,2026-09-23 17:25:00,False
2026-09-24,2026-09,20,0.048822386560474086,0.3087041173892244,1,2,True,False,,,2026-07,m0399,ideal_weather_proxy,awaiting_actual_chm,2026-10-01T17:27:22.315496+00:00,2026-09-23,,,2026-09-23 17:25:00,False
2026-09-24,2026-09,21,0.026337365169515313,-0.2618670086709973,1,2,False,False,,,2026-07,m0399,ideal_weather_proxy,awaiting_actual_chm,2026-10-01T17:27:22.315496+00:00,2026-09-23,,,2026-09-23 17:25:00,False
2026-09-25,2026-09,8,9.919215918337862e-05,-5.462911271731546,0,2,False,False,,,2026-07,m0399,ideal_weather_proxy,awaiting_actual_chm,2026-10-01T17:27:22.315496+00:00,2026-09-24,,,2026-09-24 17:29:00,False
2026-09-25,2026-09,9,0.012036698853296668,-1.0267907633033935,0,2,False,False,,,2026-07,m0399,ideal_weather_proxy,awaiting_actual_chm,2026-10-01T17:27:22.315496+00:00,2026-09-24,,,2026-09-24 17:29:00,False
2026-09-25,2026-09,10,0.16081739913383505,1.3696709401761642,0,2,True,False,,,2026-07,m0399,ideal_weather_proxy,awaiting_actual_chm,2026-10-01T17:27:22.315496+00:00,2026-09-24,,,2026-09-24 17:29:00,False
2026-09-25,2026-09,11,0.13772950150600013,1.2264015155576042,0,2,True,False,,,2026-07,m0399,ideal_weather_proxy,awaiting_actual_chm,2026-10-01T17:27:22.315496+00:00,2026-09-24,,,2026-09-24 17:29:00,False
2026-09-25,2026-09,12,0.09452118470068797,0.8783758098268459,0,2,False,False,,,2026-07,m0399,ideal_weather_proxy,awaiting_actual_chm,2026-10-01T17:27:22.315496+00:00,2026-09-24,,,2026-09-24 17:29:00,False
2026-09-25,2026-09,13,0.05653716158099245,0.40327680412971606,0,2,False,False,,,2026-07,m0399,ideal_weather_proxy,awaiting_actual_chm,2026-10-01T17:27:22.315496+00:00,2026-09-24,,,2026-09-24 17:29:00,False
2026-09-25,2026-09,14,0.060086771429147465,0.45956803726369294,0,2,False,False,,,2026-07,m0399,ideal_weather_proxy,awaiting_actual_chm,2026-10-01T17:27:22.315496+00:00,2026-09-24,,,2026-09-24 17:29:00,False
2026-09-25,2026-09,15,0.0686870892332299,0.583233210198385,0,2,False,False,,,2026-07,m0399,ideal_weather_proxy,awaiting_actual_chm,2026-10-01T17:27:22.315496+00:00,2026-09-24,,,2026-09-24 17:29:00,False
2026-09-25,2026-09,18,0.03839664487435708,0.045580953225176045,1,2,False,False,,,2026-07,m0399,ideal_weather_proxy,awaiting_actual_chm,2026-10-01T17:27:22.315496+00:00,2026-09-24,,,2026-09-24 17:29:00,False
2026-09-25,2026-09,19,0.1433279792054118,1.2632352640575322,1,2,True,False,,,2026-07,m0399,ideal_weather_proxy,awaiting_actual_chm,2026-10-01T17:27:22.315496+00:00,2026-09-24,,,2026-09-24 17:29:00,False
2026-09-25,2026-09,20,0.17387152267980113,1.441821618983698,1,2,True,False,,,2026-07,m0399,ideal_weather_proxy,awaiting_actual_chm,2026-10-01T17:27:22.315496+00:00,2026-09-24,,,2026-09-24 17:29:00,False
2026-09-25,2026-09,21,0.05388885464405703,0.3589267796991795,1,2,False,False,,,2026-07,m0399,ideal_weather_proxy,awaiting_actual_chm,2026-10-01T17:27:22.315496+00:00,2026-09-24,,,2026-09-24 17:29:00,False
2026-09-28,2026-09,8,0.0011818727960509034,-3.254633219180943,0,2,False,False,,,2026-07,m0399,ideal_weather_proxy,awaiting_actual_chm,2026-10-01T17:27:22.315496+00:00,2026-09-27,,,2026-09-27 17:28:00,False
2026-09-28,2026-09,9,0.03806530249709482,-0.044753475880617156,0,2,False,False,,,2026-07,m0399,ideal_weather_proxy,awaiting_actual_chm,2026-10-01T17:27:22.315496+00:00,2026-09-27,,,2026-09-27 17:28:00,False
2026-09-28,2026-09,10,0.11577628804652933,0.9835651636049528,0,2,True,False,,,2026-07,m0399,ideal_weather_proxy,awaiting_actual_chm,2026-10-01T17:27:22.315496+00:00,2026-09-27,,,2026-09-27 17:28:00,False
2026-09-28,2026-09,11,0.0635505148193259,0.4290569289696909,0,2,True,False,,,2026-07,m0399,ideal_weather_proxy,awaiting_actual_chm,2026-10-01T17:27:22.315496+00:00,2026-09-27,,,2026-09-27 17:28:00,False
2026-09-28,2026-09,12,0.03704282339602045,-0.06992491293939075,0,2,False,False,,,2026-07,m0399,ideal_weather_proxy,awaiting_actual_chm,2026-10-01T17:27:22.315496+00:00,2026-09-27,,,2026-09-27 17:28:00,False
2026-09-28,2026-09,13,0.023245500198951954,-0.500684703664051,0,2,False,False,,,2026-07,m0399,ideal_weather_proxy,awaiting_actual_chm,2026-10-01T17:27:22.315496+00:00,2026-09-27,,,2026-09-27 17:28:00,False
2026-09-28,2026-09,14,0.028516673496857173,-0.3117479312026783,0,2,False,False,,,2026-07,m0399,ideal_weather_proxy,awaiting_actual_chm,2026-10-01T17:27:22.315496+00:00,2026-09-27,,,2026-09-27 17:28:00,False
2026-09-28,2026-09,15,0.04435089598398501,0.09653005582689873,0,2,False,False,,,2026-07,m0399,ideal_weather_proxy,awaiting_actual_chm,2026-10-01T17:27:22.315496+00:00,2026-09-27,,,2026-09-27 17:28:00,False
2026-09-28,2026-09,18,0.07197772980100864,0.5441710458327609,1,2,False,False,,,2026-07,m0399,ideal_weather_proxy,awaiting_actual_chm,2026-10-01T17:27:22.315496+00:00,2026-09-27,,,2026-09-27 17:28:00,False
2026-09-28,2026-09,19,0.39482219578604216,2.1176586384426965,1,2,True,False,,,2026-07,m0399,ideal_weather_proxy,awaiting_actual_chm,2026-10-01T17:27:22.315496+00:00,2026-09-27,,,2026-09-27 17:28:00,False
2026-09-28,2026-09,20,0.14429440082067885,1.1871253632491334,1,2,True,False,,,2026-07,m0399,ideal_weather_proxy,awaiting_actual_chm,2026-10-01T17:27:22.315496+00:00,2026-09-27,,,2026-09-27 17:28:00,False
2026-09-28,2026-09,21,0.037175802357454775,-0.06661219729881701,1,2,False,False,,,2026-07,m0399,ideal_weather_proxy,awaiting_actual_chm,2026-10-01T17:27:22.315496+00:00,2026-09-27,,,2026-09-27 17:28:00,False
2026-09-29,2026-09,8,0.00015402998819242613,-4.985142364347852,0,2,False,False,,,2026-07,m0399,ideal_weather_proxy,awaiting_actual_chm,2026-10-01T17:27:22.315496+00:00,2026-09-28,,,2026-09-28 17:29:00,False
2026-09-29,2026-09,9,0.020615083220084717,-0.4584493332493345,0,2,False,False,,,2026-07,m0399,ideal_weather_proxy,awaiting_actual_chm,2026-10-01T17:27:22.315496+00:00,2026-09-28,,,2026-09-28 17:29:00,False
2026-09-29,2026-09,10,0.15271139715676624,1.3927876426950205,0,2,True,False,,,2026-07,m0399,ideal_weather_proxy,awaiting_actual_chm,2026-10-01T17:27:22.315496+00:00,2026-09-28,,,2026-09-28 17:29:00,False
2026-09-29,2026-09,11,0.0906120280150804,0.9102587855194899,0,2,True,False,,,2026-07,m0399,ideal_weather_proxy,awaiting_actual_chm,2026-10-01T17:27:22.315496+00:00,2026-09-28,,,2026-09-28 17:29:00,False
2026-09-29,2026-09,12,0.035961330230371506,0.055934530687765424,0,2,False,False,,,2026-07,m0399,ideal_weather_proxy,awaiting_actual_chm,2026-10-01T17:27:22.315496+00:00,2026-09-28,,,2026-09-28 17:29:00,False
2026-09-29,2026-09,13,0.022204045668336662,-0.3898074896266786,0,2,False,False,,,2026-07,m0399,ideal_weather_proxy,awaiting_actual_chm,2026-10-01T17:27:22.315496+00:00,2026-09-28,,,2026-09-28 17:29:00,False
2026-09-29,2026-09,14,0.044037414906418194,0.24322396263947438,0,2,False,False,,,2026-07,m0399,ideal_weather_proxy,awaiting_actual_chm,2026-10-01T17:27:22.315496+00:00,2026-09-28,,,2026-09-28 17:29:00,False
2026-09-29,2026-09,15,0.04404803529264925,0.24344688303247736,0,2,False,False,,,2026-07,m0399,ideal_weather_proxy,awaiting_actual_chm,2026-10-01T17:27:22.315496+00:00,2026-09-28,,,2026-09-28 17:29:00,False
2026-09-29,2026-09,18,0.03418768460697118,0.009177006047545427,1,2,False,False,,,2026-07,m0399,ideal_weather_proxy,awaiting_actual_chm,2026-10-01T17:27:22.315496+00:00,2026-09-28,,,2026-09-28 17:29:00,False
2026-09-29,2026-09,19,0.21351213897374677,1.7026115397882209,1,2,True,False,,,2026-07,m0399,ideal_weather_proxy,awaiting_actual_chm,2026-10-01T17:27:22.315496+00:00,2026-09-28,,,2026-09-28 17:29:00,False
2026-09-29,2026-09,20,0.26294588671389574,1.895132583734171,1,2,True,False,,,2026-07,m0399,ideal_weather_proxy,awaiting_actual_chm,2026-10-01T17:27:22.315496+00:00,2026-09-28,,,2026-09-28 17:29:00,False
2026-09-29,2026-09,21,0.07901092522748691,0.7836083003175898,1,2,False,False,,,2026-07,m0399,ideal_weather_proxy,awaiting_actual_chm,2026-10-01T17:27:22.315496+00:00,2026-09-28,,,2026-09-28 17:29:00,False
2026-09-30,2026-09,8,0.0001942787655866094,-4.925056653575514,0,2,False,False,,,2026-07,m0399,ideal_weather_proxy,awaiting_actual_chm,2026-10-01T17:27:22.315496+00:00,2026-09-29,,,2026-09-29 17:27:00,False
2026-09-30,2026-09,9,0.02470900912302757,-0.44551229590582425,0,2,False,False,,,2026-07,m0399,ideal_weather_proxy,awaiting_actual_chm,2026-10-01T17:27:22.315496+00:00,2026-09-29,,,2026-09-29 17:27:00,False
2026-09-30,2026-09,10,0.14511264247294275,1.191081619837128,0,2,True,False,,,2026-07,m0399,ideal_weather_proxy,awaiting_actual_chm,2026-10-01T17:27:22.315496+00:00,2026-09-29,,,2026-09-29 17:27:00,False
2026-09-30,2026-09,11,0.12369635492327972,1.043464923503191,0,2,True,False,,,2026-07,m0399,ideal_weather_proxy,awaiting_actual_chm,2026-10-01T17:27:22.315496+00:00,2026-09-29,,,2026-09-29 17:27:00,False
2026-09-30,2026-09,12,0.06343961637667098,0.4261711505912834,0,2,False,False,,,2026-07,m0399,ideal_weather_proxy,awaiting_actual_chm,2026-10-01T17:27:22.315496+00:00,2026-09-29,,,2026-09-29 17:27:00,False
2026-09-30,2026-09,13,0.0459285520616086,0.1275721939665468,0,2,False,False,,,2026-07,m0399,ideal_weather_proxy,awaiting_actual_chm,2026-10-01T17:27:22.315496+00:00,2026-09-29,,,2026-09-29 17:27:00,False
2026-09-30,2026-09,14,0.04896856356777738,0.18682166921260993,0,2,False,False,,,2026-07,m0399,ideal_weather_proxy,awaiting_actual_chm,2026-10-01T17:27:22.315496+00:00,2026-09-29,,,2026-09-29 17:27:00,False
2026-09-30,2026-09,15,0.060552760740523126,0.38311628501678513,0,2,False,False,,,2026-07,m0399,ideal_weather_proxy,awaiting_actual_chm,2026-10-01T17:27:22.315496+00:00,2026-09-29,,,2026-09-29 17:27:00,False
2026-09-30,2026-09,18,0.07664553402971046,0.6009873400046425,1,2,False,False,,,2026-07,m0399,ideal_weather_proxy,awaiting_actual_chm,2026-10-01T17:27:22.315496+00:00,2026-09-29,,,2026-09-29 17:27:00,False
2026-09-30,2026-09,19,0.16019210023471034,1.2824759743929928,1,2,True,False,,,2026-07,m0399,ideal_weather_proxy,awaiting_actual_chm,2026-10-01T17:27:22.315496+00:00,2026-09-29,,,2026-09-29 17:27:00,False
2026-09-30,2026-09,20,0.20868623297676997,1.5269544245238222,1,2,True,False,,,2026-07,m0399,ideal_weather_proxy,awaiting_actual_chm,2026-10-01T17:27:22.315496+00:00,2026-09-29,,,2026-09-29 17:27:00,False
2026-09-30,2026-09,21,0.041874354727392475,0.042140585583812375,1,2,False,False,,,2026-07,m0399,ideal_weather_proxy,awaiting_actual_chm,2026-10-01T17:27:22.315496+00:00,2026-09-29,,,2026-09-29 17:27:00,False
